company_number,company_name,company_status,company_type,date_of_creation,address_line_1,address_line_2,locality,postal_code,country,sic_codes,name_norm,outward_postcode,match_key,accounts_type,last_accounts_made_up_to,next_accounts_due,has_recent_accounts,accounts_overdue,sic_codes_ch,is_group_like,parent_name,parent_postcode,parent_match_key,parent_in_esos,covered_by_group,age_years,primary_sic,sector,esos_score,in_esos_direct,company_status_lower
01088052,CORFU VILLAS LIMITED,active,ltd,1972-12-21,96 Great Suffolk Street,,London,SE1 0BE,England,['79120'],CORFUVILLAS,SE1,CORFUVILLAS|SE1,full,2024-12-31,2026-09-30,True,False,79120,False,,,,False,False,53.034907597535934,79120,Other,5,False,active
01230309,M.J. FEWS LIMITED,active,ltd,1975-10-17,Station Yard,Charfield,Wotton Under Edge,GL12 8SR,,"['45111', '45200']",MJFEWS,GL12,MJFEWS|GL12,total-exemption-full,2024-11-30,2026-08-31,True,False,45111;45200,True,,,,False,False,50.21492128678987,45111,Other,5,False,active
01232328,ST. DAVIDS APARTMENTS LIMITED,active,ltd,1975-11-04,92 Radbourne Road,Shirley,Solihull,B90 3RR,England,"['68201', '98000']",STDAVIDSAPARTMENTS,B90,STDAVIDSAPARTMENTS|B90,dormant,2024-12-31,2026-09-30,True,False,68201;98000,True,,,,False,False,50.16563997262149,68201,Buildings,5,False,active
01346622,BAKER AND JOINER LIMITED,active,ltd,1978-01-03,Unit 28 Rumer Hill Business Park,Rumer Hill Road,Cannock,WS11 0ET,England,['41201'],BAKERANDJOINER,WS11,BAKERANDJOINER|WS11,total-exemption-full,2025-03-31,2026-12-31,True,False,41201,False,,,,False,False,48.0,41201,Buildings,5,False,active
02166459,DE SMITH FEINER LTD,active,ltd,1987-09-17,118 Piccadilly,,London,W1J 7NW,United Kingdom,['68209'],DESMITHFEINER,W1J,DESMITHFEINER|W1J,total-exemption-full,2024-08-31,2026-05-30,True,False,68209,False,,,,False,False,38.29705681040383,68209,Buildings,5,False,active
02257018,NOVA DESIGN AND MANAGEMENT LIMITED,active,ltd,1988-05-12,"Watt House, Innovation Centre",Pensnett Trading Estate,Kingswinford,DY6 7YD,,"['64209', '71129']",NOVADESIGNANDMANAGEMENT,DY6,NOVADESIGNANDMANAGEMENT|DY6,total-exemption-full,2025-05-31,2027-02-28,True,False,64209;71129,True,,,,False,False,37.64544832306639,64209,Other,5,False,active
02991776,KOREA INVESTMENT & SECURITIES EUROPE LTD.,active,ltd,1994-11-14,The Old Rectory,29 Martin Lane,London,EC4R 0DJ,England,['64999'],KOREAINVESTMENTANDSECURITIESEUROPE,EC4R,KOREAINVESTMENTANDSECURITIESEUROPE|EC4R,full,2024-12-31,2026-09-30,True,False,64999,False,,,,False,False,31.137577002053387,64999,Other,5,False,active
03055016,B & S DRY LINING LIMITED,active,ltd,1995-05-10,4 Meadow Close,Clophill,Bedford,MK45 4SS,United Kingdom,['41202'],BANDSDRYLINING,MK45,BANDSDRYLINING|MK45,total-exemption-full,2024-10-31,2026-07-31,True,False,41202,False,,,,False,False,30.652977412731005,41202,Buildings,5,False,active
03533092,TOPOAK LIMITED,active,ltd,1998-03-23,1st Floor Sackville House,143-149 Fenchurch Street,London,EC3M 6BN,England,"['41100', '68201']",TOPOAK,EC3M,TOPOAK|EC3M,dormant,2025-03-31,2026-12-31,True,False,41100;68201,True,,,,False,False,27.783709787816566,41100,Buildings,5,False,active
03872416,MEDIA INSURANCE BROKERS INTERNATIONAL LIMITED,active,ltd,1999-11-05,One,Creechurch Place,London,EC3A 5AF,United Kingdom,"['65110', '65201']",MEDIAINSURANCEBROKERS,EC3A,MEDIAINSURANCEBROKERS|EC3A,small,2024-09-30,2026-09-30,True,False,65110;65201,True,,,,False,False,26.16290212183436,65110,Other,5,False,active
04041629,MENZIES AVIATION (SANTO DOMINGO) LIMITED,active,ltd,2000-07-27,Mw1 Building 557 Shoreham Road,Heathrow Airport,London,TW6 3RT,United Kingdom,['82990'],MENZIESAVIATIONSANTODOMINGO,TW6,MENZIESAVIATIONSANTODOMINGO|TW6,full,2024-12-31,2026-09-30,True,False,82990,False,,,,False,False,25.437371663244353,82990,Buildings,5,False,active
04314407,THEORY WIZARD LIMITED,active,ltd,2001-10-31,11 Moray Avenue,,Birchington,CT7 9UN,England,"['85520', '90020']",THEORYWIZARD,CT7,THEORYWIZARD|CT7,micro-entity,2024-10-31,2026-07-31,True,False,85520;90020,True,,,,False,False,24.175222450376456,85520,Other,5,False,active
04437153,G.M.S. ELECTRICAL LTD,active,ltd,2002-05-13,109 South Eden Park Road,,Beckenham,BR3 3AX,England,['43210'],GMSELECTRICAL,BR3,GMSELECTRICAL|BR3,total-exemption-full,2025-03-31,2026-12-31,True,False,43210,False,,,,False,False,23.644079397672826,43210,Buildings,5,False,active
04701044,PEMBROKESHIRE RESOURCE CENTRE LIMITED,active,ltd,2003-03-18,Vision Court Caxton Place,Pentwyn,Cardiff,CF23 8HA,Wales,['87200'],PEMBROKESHIRERESOURCECENTRE,CF23,PEMBROKESHIRERESOURCECENTRE|CF23,full,2024-08-31,2026-05-31,True,False,87200,False,,,,False,False,22.798083504449007,87200,Other,5,False,active
04760670,ASKEW HAWKINS LIMITED,active,ltd,2003-05-12,The Old Farm House Bank Green,Bellingdon,Chesham,HP5 2UT,England,['68310'],ASKEWHAWKINS,HP5,ASKEWHAWKINS|HP5,total-exemption-full,2024-05-31,2026-02-28,True,False,68310,False,,,,False,False,22.647501711156742,68310,Buildings,5,False,active
05439456,E.J.R. SYNDICATE LIMITED,active,ltd,2005-04-28,109 Stonehanger Cottages,Abbotts Ann Down,Andover,SP11 7BY,,"['01490', '01700']",EJRSYNDICATE,SP11,EJRSYNDICATE|SP11,total-exemption-full,2025-03-31,2026-12-31,True,False,01490;01700,True,,,,False,False,20.684462696783026,01490,Other,5,False,active
05449087,THE GLASS CENTRE (BASINGSTOKE) LIMITED,active,ltd,2005-05-11,Unit 3 Bear Court Amrstrong Road,Daneshill East,Basingstoke,RG24 8QT,,"['23120', '43342']",THEGLASSCENTREBASINGSTOKE,RG24,THEGLASSCENTREBASINGSTOKE|RG24,micro-entity,2025-03-31,2026-12-31,True,False,23120;43342,True,,,,False,False,20.648870636550306,23120,Industrial,5,False,active
05697156,INFINITY GLOBAL LIMITED,active,ltd,2006-02-03,Unit 82a James Carter Road,,Milden Hall,IP28 7DE,,"['68100', '68209']",INFINITYGLOBAL,IP28,INFINITYGLOBAL|IP28,micro-entity,2025-03-31,2026-12-31,True,False,68100;68209,True,,,,False,False,19.915126625598905,68100,Buildings,5,False,active
05734062,WIN TAI PRINTING (UK) LTD,active,ltd,2006-03-08,Cc Cheerful Links Ltd Unit 1,276 Victoria Road,Stoke-On-Trent,ST4 2HS,England,['18129'],WINTAIPRINTINGUK,ST4,WINTAIPRINTINGUK|ST4,group,2024-07-31,2026-04-30,True,False,18129,True,,,,False,False,19.824777549623544,18129,Industrial,5,False,active
05800245,GLOSS SERVICES LIMITED,active,ltd,2006-04-28,11b Boundary Road,Buckingham Road Industrial,"Estate, Brackley",NN13 7ES,,"['43341', '69201']",GLOSS,NN13,GLOSS|NN13,micro-entity,2025-03-31,2026-12-31,True,False,43341;69201,True,,,,False,False,19.685147159479808,43341,Buildings,5,False,active
05810674,OPUS BUILDING SERVICES LIMITED,active,ltd,2006-05-09,Unit 7 Boldon Court,,Boldon,NE35 9LZ,,['43210'],OPUSBUILDING,NE35,OPUSBUILDING|NE35,full,2024-04-30,2026-01-31,True,False,43210,False,,,,False,False,19.655030800821354,43210,Buildings,5,False,active
06057189,PROPERTYLINE LETTINGS LTD,active,ltd,2007-01-18,75 Broadway,,Peterborough,PE1 1SY,United Kingdom,['68209'],PROPERTYLINELETTINGS,PE1,PROPERTYLINELETTINGS|PE1,total-exemption-full,2024-12-31,2026-09-30,True,False,68209,False,,,,False,False,18.9596167008898,68209,Buildings,5,False,active
06221901,ACCOUNTING & LICENCE SOLUTIONS LIMITED,active,ltd,2007-04-23,1 Cricklade Court Cricklade Street,Old Town,Swindon,SN1 3EY,,"['62020', '69202']",ACCOUNTINGANDLICENCESOLUTIONS,SN1,ACCOUNTINGANDLICENCESOLUTIONS|SN1,total-exemption-full,2024-04-30,2026-01-31,True,False,62020;69202,True,,,,False,False,18.699520876112253,62020,Other,5,False,active
06233184,COPPS REMOVALS & STORAGE LTD,active,ltd,2007-05-01,"Berrys, Chartered Accountants",12 High Street,Torrington,EX38 8HN,England,"['49410', '49420']",COPPSREMOVALSANDSTORAGE,EX38,COPPSREMOVALSANDSTORAGE|EX38,micro-entity,2024-05-31,2026-02-28,True,False,49410;49420,True,,,,False,False,18.677618069815196,49410,Transport,5,False,active
06580001,DESIGN DENIM LIMITED,active,ltd,2008-04-29,Villa Cross Pointe 243 Lozells Road,,Birmingham,B19 1RJ,England,"['46130', '46160']",DESIGNDENIM,B19,DESIGNDENIM|B19,dormant,2024-06-30,2026-03-31,True,False,46130;46160,True,,,,False,False,17.68104038329911,46130,Other,5,False,active
06589345,CHENAVARI FINANCIAL GROUP LIMITED,active,ltd,2008-05-09,80 Victoria Street,,London,SW1E 5JL,England,['82990'],CHENAVARIFINANCIAL,SW1E,CHENAVARIFINANCIAL|SW1E,group,2024-12-31,2026-09-30,True,False,82990,True,,,,False,False,17.65366187542779,82990,Buildings,5,False,active
06589967,1K SOLUTIONS LTD,active,ltd,2008-05-12,20-22 Wenlock Road,,London,N1 7GU,England,"['62012', '62020']",1KSOLUTIONS,N1,1KSOLUTIONS|N1,dormant,2024-05-31,2026-02-28,True,False,62012;62020,True,,,,False,False,17.645448323066393,62012,Other,5,False,active
06590249,SAFE ROUTERS LIMITED,active,ltd,2008-05-12,Shearstones,Wavering Lane East,Gillingham,SP8 4NX,England,"['85320', '85590', '85600']",SAFEROUTERS,SP8,SAFEROUTERS|SP8,micro-entity,2024-10-31,2026-07-31,True,False,85320;85590;85600,True,,,,False,False,17.645448323066393,85320,Other,5,False,active
06683169,PLATINUM PRODUCTS LIMITED,active,ltd,2008-08-28,Bradbury House,Mission Court,Newport,NP20 2DW,United Kingdom,['23630'],PLATINUMPRODUCTS,NP20,PLATINUMPRODUCTS|NP20,total-exemption-full,2024-08-31,2026-05-31,True,False,23630,False,,,,False,False,17.349760438056126,23630,Industrial,5,False,active
06894880,BEHAVIOURAL MEASURES UK LIMITED,active,ltd,2009-05-05,Arms Evertyne House,Quay Road,Blyth,NE24 2AS,England,"['74909', '85320']",BEHAVIOURALMEASURES,NE24,BEHAVIOURALMEASURES|NE24,total-exemption-full,2024-05-31,2026-02-28,True,False,74909;85320,True,,,,False,False,16.6652977412731,74909,Other,5,False,active
07112358,THERMO FISHER SCIENTIFIC HOLDINGS EUROPE LIMITED,active,ltd,2009-12-23,"3rd Floor, 1 Ashley Road",,Altrincham,WA14 2DT,,['70100'],THERMOFISHERSCIENTIFICHOLDINGSEUROPE,WA14,THERMOFISHERSCIENTIFICHOLDINGSEUROPE|WA14,full,2024-12-31,2026-09-30,True,False,70100,True,,,,False,False,16.030116358658454,70100,Other,5,False,active
07149444,ACMS (MORAY) LIMITED,active,ltd,2010-02-08,26 Bolingbroke Road,,Norwich,NR3 2SH,United Kingdom,"['74909', '81221', '81300']",ACMSMORAY,NR3,ACMSMORAY|NR3,micro-entity,2025-02-28,2026-11-30,True,False,74909;81221;81300,True,,,,False,False,15.901437371663244,74909,Other,5,False,active
07253374,I2I ENTERPRISES LIMITED,active,ltd,2010-05-13,4th Floor 399-401 Strand,,London,WC2R 0LT,United Kingdom,['68209'],I2IENTERPRISES,WC2R,I2IENTERPRISES|WC2R,total-exemption-full,2025-05-31,2027-02-28,True,False,68209,False,,,,False,False,15.644079397672828,68209,Buildings,5,False,active
07393722,MASLAK DESIGN LIMITED,active,ltd,2010-10-01,Horley Green House,Horley Green Road,Halifax,HX3 6AS,England,['82990'],MASLAKDESIGN,HX3,MASLAKDESIGN|HX3,total-exemption-full,2024-05-31,2026-02-28,True,False,82990,False,,,,False,False,15.2580424366872,82990,Buildings,5,False,active
07395983,LONGHURST COMMUNICATIONS (HOLDINGS) LIMITED,active,ltd,2010-10-04,Church Court,Stourbridge Road,Halesowen,B63 3TT,,['70100'],LONGHURSTCOMMUNICATIONSHOLDINGS,B63,LONGHURSTCOMMUNICATIONSHOLDINGS|B63,total-exemption-full,2024-12-31,2026-09-30,True,False,70100,True,,,,False,False,15.249828884325805,70100,Other,5,False,active
07503922,SPENCER HOLDINGS LIMITED,active,ltd,2011-01-24,13 Hyde Road,,Paignton,TQ4 5BW,United Kingdom,['70229'],SPENCER,TQ4,SPENCER|TQ4,dormant,2024-10-31,2026-07-31,True,False,70229,True,,,,False,False,14.94318959616701,70229,Other,5,False,active
07616589,KILTUIR BUILDING SERVICES LTD,active,ltd,2011-04-27,C/O Archer Associates Churchill House,120 Bunns Lane,London,NW7 2AS,United Kingdom,['43999'],KILTUIRBUILDING,NW7,KILTUIRBUILDING|NW7,total-exemption-full,2024-04-30,2026-01-29,True,False,43999,False,,,,False,False,14.688569472963723,43999,Buildings,5,False,active
07628707,PETERSON-WILLIS PROPERTIES LTD,active,ltd,2011-05-10,Box Cottage Lower Lane,Kinsham,Tewkesbury,GL20 8HT,England,['68209'],PETERSONWILLISPROPERTIES,GL20,PETERSONWILLISPROPERTIES|GL20,total-exemption-full,2024-04-30,2026-01-31,True,False,68209,False,,,,False,False,14.652977412731007,68209,Buildings,5,False,active
07766869,TOSYNS LIMITED,active,ltd,2011-09-08,2 Glendevon Close,Off Tayside Drive,Edgware,HA8 8RG,,"['41100', '62020', '68100']",TOSYNS,HA8,TOSYNS|HA8,micro-entity,2024-09-30,2026-06-30,True,False,41100;62020;68100,True,,,,False,False,14.321697467488022,41100,Buildings,5,False,active
07773622,EU CABLING LIMITED,active,ltd,2011-09-14,Aloe House 1freesia Road,Barnet,London,EN5 2GD,England,['43999'],EUCABLING,EN5,EUCABLING|EN5,total-exemption-full,2024-12-31,2026-09-30,True,False,43999,False,,,,False,False,14.30527036276523,43999,Buildings,5,False,active
07827136,PLUMB TOOLS DIRECT LIMITED,active,ltd,2011-10-28,Unit 2 Capital Business Centre,Garnett Close,Watford,WD24 7GN,United Kingdom,"['46740', '47910']",PLUMBTOOLSDIRECT,WD24,PLUMBTOOLSDIRECT|WD24,micro-entity,2025-02-27,2026-11-27,True,False,46740;47910,True,,,,False,False,14.184804928131417,46740,Other,5,False,active
08024400,ATHENA LAW SERVICES LTD,active,ltd,2012-04-10,5 Coxwold View,Coxwold View,Wetherby,LS22 7PU,England,"['78300', '82990', '85600']",ATHENALAW,LS22,ATHENALAW|LS22,micro-entity,2024-04-30,2026-01-31,True,False,78300;82990;85600,True,,,,False,False,13.73305954825462,78300,Other,5,False,active
08065601,ADVANCED METALCRAFT LIMITED,active,ltd,2012-05-11,"Units 14/15 Francis Way Francis Way, Bowthorpe Employment Area",,Norwich,NR5 9JA,England,['25110'],ADVANCEDMETALCRAFT,NR5,ADVANCEDMETALCRAFT|NR5,total-exemption-full,2025-05-31,2027-02-28,True,False,25110,False,,,,False,False,13.648186173853524,25110,Industrial,5,False,active
08091094,THE TERRAPIN GROUP LTD,active,ltd,2012-05-31,Bankton Cottage Bankton Cottage,Turners Hill Road,Crawley Down,RH10 4EY,United Kingdom,['70210'],THETERRAPIN,RH10,THETERRAPIN|RH10,total-exemption-full,2024-05-31,2026-02-28,True,False,70210,True,,,,False,False,13.593429158110883,70210,Other,5,False,active
08119616,RELISH SCHOOL FOOD LIMITED,active,ltd,2012-06-26,Monarch House - Suite Efg Chrysalis Way,Eastwood,Nottingham,NG16 3RY,England,"['10890', '99999']",RELISHSCHOOLFOOD,NG16,RELISHSCHOOLFOOD|NG16,dormant,2024-06-30,2026-03-31,True,False,10890;99999,True,,,,False,False,13.522245037645447,10890,Industrial,5,False,active
08322014,KAMPMANN UK LTD,active,ltd,2012-12-06,6th Floor 9 Appold Street,,London,EC2A 2AP,United Kingdom,"['25210', '35300']",KAMPMANN,EC2A,KAMPMANN|EC2A,small,2024-12-31,2026-09-30,True,False,25210;35300,True,,,,False,False,13.075975359342916,25210,Industrial,5,False,active
08367091,FORCES RECRUITING LIMITED,active,ltd,2013-01-21,1 The Forum,Minerva Business Park,"Lynch Wood, Peterborough",PE2 6FT,England,['82990'],FORCESRECRUITING,PE2,FORCESRECRUITING|PE2,total-exemption-full,2024-06-30,2026-03-31,True,False,82990,False,,,,False,False,12.950034223134839,82990,Buildings,5,False,active
08377806,BUBBLE RESOURCES LIMITED,active,ltd,2013-01-28,Gor-Ray House,758 - 760 Great Cambridge Road,Enfield,EN1 3GN,England,"['42990', '72110']",BUBBLERESOURCES,EN1,BUBBLERESOURCES|EN1,total-exemption-full,2025-01-31,2026-10-31,True,False,42990;72110,True,,,,False,False,12.930869267624914,42990,Buildings,5,False,active
08509391,SUSSEX CONSERVATION CONSORTIUM LTD,active,ltd,2013-04-30,Barttelot Court,Barttelot Road,Horsham,RH12 1DQ,,"['91011', '91012', '91020']",SUSSEXCONSERVATIONCONSORTIUM,RH12,SUSSEXCONSERVATIONCONSORTIUM|RH12,total-exemption-full,2024-04-30,2026-01-31,True,False,91011;91012;91020,True,,,,False,False,12.678986995208762,91011,Other,5,False,active
08647366,PURLEY PLASTICS LIMITED,active,ltd,2013-08-12,41 Haviland Road,Ferndown Industrial Estate,Wimborne,BH21 7RY,England,['22290'],PURLEYPLASTICS,BH21,PURLEYPLASTICS|BH21,total-exemption-full,2024-08-31,2026-05-31,True,False,22290,False,,,,False,False,12.394250513347023,22290,Industrial,5,False,active
08800582,RADHA KRISHNA AGS LTD,active,ltd,2013-12-03,Rex House,354 Ballards Lane,London,N12 0DD,England,"['41202', '43999', '69202', '70229']",RADHAKRISHNAAGS,N12,RADHAKRISHNAAGS|N12,micro-entity,2024-12-31,2026-09-30,True,False,41202;43999;69202;70229,True,,,,False,False,12.084873374401095,41202,Buildings,5,False,active
09004099,ARTYPO LIMITED,active,ltd,2014-04-22,"Linen Hall, Room 252-254 162-168 Regent Street",,London,W1B 5TB,United Kingdom,"['70229', '90040']",ARTYPO,W1B,ARTYPO|W1B,total-exemption-full,2024-10-31,2026-07-31,True,False,70229;90040,True,,,,False,False,11.7015742642026,70229,Other,5,False,active
09019555,MELIOR HOLDINGS NOTTINGHAM LIMITED,active,ltd,2014-04-30,Edgefield House Vicarage Lane,North Muskham,Newark,NG23 6ES,England,['64209'],MELIORHOLDINGSNOTTINGHAM,NG23,MELIORHOLDINGSNOTTINGHAM|NG23,micro-entity,2024-04-30,2026-01-31,True,False,64209,True,,,,False,False,11.679671457905544,64209,Other,5,False,active
09021459,BLUE STAR CLOTHING LIMITED,active,ltd,2014-05-01,496 Moseley Road,,Birmingham,B12 9AH,England,"['46420', '47710', '47910', '82990']",BLUESTARCLOTHING,B12,BLUESTARCLOTHING|B12,micro-entity,2024-05-31,2026-02-28,True,False,46420;47710;47910;82990,True,,,,False,False,11.676933607118412,46420,Other,5,False,active
09045694,DUTYPOINT LIMITED,active,ltd,2014-05-19,"Quedgeley West Business Park, Bristol Road",Hardwicke,Gloucester,GL2 4PA,England,['28131'],DUTYPOINT,GL2,DUTYPOINT|GL2,full,2024-12-31,2026-09-30,True,False,28131,False,,,,False,False,11.627652292950033,28131,Industrial,5,False,active
09070535,NGI SYSTEMS & SOLUTIONS LIMITED,active,ltd,2014-06-04,Suite 114 372 Old Street,,City Of London,EC1V 9LT,,"['27900', '62020', '62090', '70229']",NGISYSTEMSANDSOLUTIONS,EC1V,NGISYSTEMSANDSOLUTIONS|EC1V,total-exemption-full,2024-06-30,2026-03-31,True,False,27900;62020;62090;70229,True,,,,False,False,11.58384668035592,27900,Industrial,5,False,active
09186708,HOMESTYLE PROPERTY UK LTD,active,ltd,2014-08-22,8 Lime Grove,Alsager,Stoke-On-Trent,ST7 2RB,England,['43342'],HOMESTYLEPROPERTY,ST7,HOMESTYLEPROPERTY|ST7,total-exemption-full,2024-08-31,2026-05-31,True,False,43342,False,,,,False,False,11.367556468172484,43342,Buildings,5,False,active
09423868,FLAME UK BUSINESS SERVICES GROUP LTD,active,ltd,2015-02-05,White House,Wollaton Street,Nottingham,NG1 5GF,United Kingdom,['70229'],FLAMEUKBUSINESS,NG1,FLAMEUKBUSINESS|NG1,unaudited-abridged,2024-12-31,2026-09-30,True,False,70229,True,,,,False,False,10.910335386721425,70229,Other,5,False,active
09533103,CHRIS POTTER CONSULTING LTD,active,ltd,2015-04-09,Yewlett Barns,Chantry,Frome,BA11 3LJ,England,"['72110', '74909']",CHRISPOTTERCONSULTING,BA11,CHRISPOTTERCONSULTING|BA11,micro-entity,2025-03-31,2026-12-31,True,False,72110;74909,True,,,,False,False,10.737850787132102,72110,Other,5,False,active
09546764,WOOLFORD CONSTRUCTION LIMITED,active,ltd,2015-04-16,1 Cricklade Court,Old Town,Swindon,SN1 3EY,United Kingdom,"['43120', '43290', '43390']",WOOLFORDCONSTRUCTION,SN1,WOOLFORDCONSTRUCTION|SN1,total-exemption-full,2024-04-30,2026-01-31,True,False,43120;43290;43390,True,,,,False,False,10.718685831622176,43120,Buildings,5,False,active
09573467,KALEIDOSCOPE PROPERTY CONSULTING LTD,active,ltd,2015-05-05,3 Clover House,Boston Road,Sleaford,NG34 7HD,England,['68310'],KALEIDOSCOPEPROPERTYCONSULTING,NG34,KALEIDOSCOPEPROPERTYCONSULTING|NG34,total-exemption-full,2025-04-30,2027-01-31,True,False,68310,False,,,,False,False,10.666666666666666,68310,Buildings,5,False,active
09774335,ROLA LIMITED,active,ltd,2015-09-14,20-22 Wenlock Road,,London,N1 7GU,England,"['47910', '62090', '96090']",ROLA,N1,ROLA|N1,total-exemption-full,2024-09-30,2026-06-30,True,False,47910;62090;96090,True,,,,False,False,10.30527036276523,47910,Other,5,False,active
09876484,TOMZEM TRANSPORT LIMITED,active,ltd,2015-11-17,12 Beadle Place,,Erith,DA8 3FE,England,['49410'],TOMZEMTRANSPORT,DA8,TOMZEMTRANSPORT|DA8,total-exemption-full,2024-11-30,2026-08-31,True,False,49410,False,,,,False,False,10.130047912388775,49410,Transport,5,False,active
10007162,UTLEY AVIATION LTD,active,ltd,2016-02-16,70 Wright Street,,Hull,HU2 8JD,England,['33160'],UTLEYAVIATION,HU2,UTLEYAVIATION|HU2,total-exemption-full,2025-02-28,2026-11-30,True,False,33160,False,,,,False,False,9.880903490759753,33160,Industrial,5,False,active
10121993,PROPLAY LTD,active,ltd,2016-04-13,Regency House,33 Wood Street,Barnet,EN5 4BE,United Kingdom,['43999'],PROPLAY,EN5,PROPLAY|EN5,total-exemption-full,2024-10-31,2026-07-31,True,False,43999,False,,,,False,False,9.724845995893224,43999,Buildings,5,False,active
10141297,G&L SCIENTIFIC LTD,active,ltd,2016-04-22,The Old Barrel Store Brewery Courtyard,Draymans Lane,Marlow,SL7 2FF,United Kingdom,"['78200', '78300']",GANDLSCIENTIFIC,SL7,GANDLSCIENTIFIC|SL7,full,2024-12-31,2026-09-30,True,False,78200;78300,True,,,,False,False,9.700205338809035,78200,Other,5,False,active
10163471,BIRSTALL HOLDINGS LTD,active,ltd,2016-05-05,54 Shirley Street,,Leicester,LE4 5JS,England,['47730'],BIRSTALL,LE4,BIRSTALL|LE4,total-exemption-full,2024-05-31,2026-02-28,True,False,47730,True,,,,False,False,9.664613278576317,47730,Other,5,False,active
10304362,RVL SERVICES LTD,active,ltd,2016-08-01,1 Welkin Green,,Hemel Hempstead,HP2 4XE,England,['82990'],RVL,HP2,RVL|HP2,total-exemption-full,2024-08-31,2026-05-31,True,False,82990,False,,,,False,False,9.423682409308693,82990,Buildings,5,False,active
10477317,TENSILE FABRIC STRUCTURES LIMITED,active,ltd,2016-11-14,Unit 22a Beacon Business Park Norman Way,Portskewett,Caldicot,NP26 5PY,United Kingdom,['43999'],TENSILEFABRICSTRUCTURES,NP26,TENSILEFABRICSTRUCTURES|NP26,total-exemption-full,2025-01-31,2026-10-31,True,False,43999,False,,,,False,False,9.136208076659821,43999,Buildings,5,False,active
10501984,THERMO FISHER SCIENTIFIC LIFE FINANCING LIMITED,active,ltd,2016-11-29,3rd Floor 1 Ashley Road,,Altrincham,WA14 2DT,United Kingdom,['70100'],THERMOFISHERSCIENTIFICLIFEFINANCING,WA14,THERMOFISHERSCIENTIFICLIFEFINANCING|WA14,full,2024-12-31,2026-09-30,True,False,70100,False,,,,False,False,9.095140314852841,70100,Other,5,False,active
10534198,K1 TRANSPORT LTD,active,ltd,2016-12-21,69 Coltsfoot Path,,Romford,RM3 8BE,United Kingdom,"['49410', '49420', '52290']",K1TRANSPORT,RM3,K1TRANSPORT|RM3,micro-entity,2024-08-31,2026-05-31,True,False,49410;49420;52290,True,,,,False,False,9.034907597535934,49410,Transport,5,False,active
10605365,OASIS CONSULTING GROUP LIMITED,active,ltd,2017-02-07,Flat 12 Tealby Court,Georges Road,London,N7 8HY,United Kingdom,['70229'],OASISCONSULTING,N7,OASISCONSULTING|N7,micro-entity,2025-02-28,2026-11-30,True,False,70229,True,,,,False,False,8.903490759753593,70229,Other,5,False,active
10623950,WILL'S BAKERY LTD,active,ltd,2017-02-16,"Unit 3, The Farm Shop Lower Icknield Way",Wilstone Green,Tring,HP23 4NT,England,['10710'],WILLSBAKERY,HP23,WILLSBAKERY|HP23,total-exemption-full,2024-05-31,2026-02-28,True,False,10710,False,,,,False,False,8.878850102669405,10710,Industrial,5,False,active
10624782,ELEMENTO TAPLOW LIMITED,active,ltd,2017-02-17,"Swiss House, Beckingham Business Park",Beckingham Street,Maldon,CM9 8LZ,England,['41100'],ELEMENTOTAPLOW,CM9,ELEMENTOTAPLOW|CM9,total-exemption-full,2024-04-30,2026-01-31,True,False,41100,False,,,,False,False,8.876112251882272,41100,Buildings,5,False,active
10682192,LITHEND ESTATES LIMITED,active,ltd,2017-03-21,Clarke Willmott Llp Burlington House,Botleigh Grange Business Park,Hedge End,SO30 2AF,England,['68209'],LITHENDESTATES,SO30,LITHENDESTATES|SO30,total-exemption-full,2025-03-31,2026-08-31,True,False,68209,False,,,,False,False,8.788501026694044,68209,Buildings,5,False,active
10713148,25 COTSWOLD LIMITED,active,ltd,2017-04-06,14 Clifton Gardens,,London,N15 6AP,England,['68209'],25COTSWOLD,N15,25COTSWOLD|N15,total-exemption-full,2024-04-30,2026-01-28,True,False,68209,False,,,,False,False,8.744695414099931,68209,Buildings,5,False,active
10714249,CRANBERRY ESTATES LTD,active,ltd,2017-04-07,66 Station Road Marston Green,,Birmingham,B37 7BA,England,['82990'],CRANBERRYESTATES,B37,CRANBERRYESTATES|B37,total-exemption-full,2024-05-29,2026-02-28,True,False,82990,False,,,,False,False,8.7419575633128,82990,Buildings,5,False,active
10729632,FRAUD AND FINANCIAL CRIME CONSULTING LIMITED,active,ltd,2017-04-19,71 Trenoweth Road,,Falmouth,TR11 5GH,England,"['80300', '85422']",FRAUDANDFINANCIALCRIMECONSULTING,TR11,FRAUDANDFINANCIALCRIMECONSULTING|TR11,micro-entity,2024-04-30,2026-01-31,True,False,80300;85422,True,,,,False,False,8.709103353867214,80300,Other,5,False,active
10744684,CHIB LTD,active,ltd,2017-04-27,Cedar House Vine Lane,Uxbridge,London,UB10 0NF,England,"['62020', '69202', '71111', '74909']",CHIB,UB10,CHIB|UB10,micro-entity,2024-04-30,2026-01-31,True,False,62020;69202;71111;74909,True,,,,False,False,8.687200547570157,62020,Other,5,False,active
10752115,PB BUSINESS SOLUTIONS LTD,active,ltd,2017-05-03,21 Brackenwood Brackenwood,Orton Wistow,Peterborough,PE2 6YP,United Kingdom,['82990'],PBBUSINESSSOLUTIONS,PE2,PBBUSINESSSOLUTIONS|PE2,total-exemption-full,2024-05-31,2026-02-28,True,False,82990,False,,,,False,False,8.670773442847365,82990,Buildings,5,False,active
10757113,BACK 2 LIFE FRENCH POLISHERS LTD,active,ltd,2017-05-05,2 Hedges Way,,Luton,LU4 9FD,United Kingdom,['43390'],BACK2LIFEFRENCHPOLISHERS,LU4,BACK2LIFEFRENCHPOLISHERS|LU4,total-exemption-full,2024-05-31,2026-02-28,True,False,43390,False,,,,False,False,8.6652977412731,43390,Buildings,5,False,active
10759158,ALKIONI HOLDINGS LTD,active,ltd,2017-05-08,24 Balmore Crescent,,Barnet,EN4 9ND,England,"['64209', '68100', '68209', '70229']",ALKIONI,EN4,ALKIONI|EN4,micro-entity,2024-05-31,2026-02-28,True,False,64209;68100;68209;70229,True,,,,False,False,8.657084188911705,64209,Other,5,False,active
10760181,PLUSPAD LTD,active,ltd,2017-05-09,"63/66 Hatton Garden Fifth Floor, Suite 23",,London,EC1N 8LE,England,['68320'],PLUSPAD,EC1N,PLUSPAD|EC1N,total-exemption-full,2025-05-31,2027-02-28,True,False,68320,False,,,,False,False,8.654346338124572,68320,Buildings,5,False,active
10770194,LUCAS HOME DEVELOPMENTS LIMITED,active,ltd,2017-05-15,118 Wareham Road,Lytchett Matravers,Poole,BH16 6DT,England,['43999'],LUCASHOMEDEVELOPMENTS,BH16,LUCASHOMEDEVELOPMENTS|BH16,total-exemption-full,2025-05-31,2027-02-28,True,False,43999,False,,,,False,False,8.63791923340178,43999,Buildings,5,False,active
10773774,KAREER PROPERTIES LTD,active,ltd,2017-05-16,40 Parkside Gardens,,Nottingham,NG8 2PQ,United Kingdom,"['68100', '68209']",KAREERPROPERTIES,NG8,KAREERPROPERTIES|NG8,micro-entity,2024-08-31,2026-05-31,True,False,68100;68209,True,,,,False,False,8.635181382614647,68100,Buildings,5,False,active
10773962,CREED HEALTHCARE LTD,active,ltd,2017-05-16,Business Hq,15 Oak Street,Nottingham,NG5 2AT,England,"['87100', '87200', '87300', '88990']",CREEDHEALTHCARE,NG5,CREEDHEALTHCARE|NG5,total-exemption-full,2024-05-31,2026-02-28,True,False,87100;87200;87300;88990,True,,,,False,False,8.635181382614647,87100,Other,5,False,active
10779827,G&S CORPORATION LTD,active,ltd,2017-05-19,89 Fleet Street,,London,EC4Y 1DH,England,"['43290', '43390', '81299', '81300']",GANDSCORPORATION,EC4Y,GANDSCORPORATION|EC4Y,micro-entity,2025-03-31,2026-12-31,True,False,43290;43390;81299;81300,True,,,,False,False,8.626967830253252,43290,Buildings,5,False,active
10795013,TAMU APP LTD,active,ltd,2017-05-30,Pears Lodge Farm House Station Road,Whissendine,Oakham,LE15 7HG,England,"['62011', '62012']",TAMUAPP,LE15,TAMUAPP|LE15,micro-entity,2024-05-31,2026-02-28,True,False,62011;62012,True,,,,False,False,8.596851471594798,62011,Other,5,False,active
10845639,ACS BOOKKEEPING SERVICES LTD,active,ltd,2017-07-03,171 Kingston Road,,Teddington,TW11 9JP,England,"['69202', '82990', '85600', '94110']",ACSBOOKKEEPING,TW11,ACSBOOKKEEPING|TW11,total-exemption-full,2025-03-31,2026-12-31,True,False,69202;82990;85600;94110,True,,,,False,False,8.503764544832306,69202,Other,5,False,active
10903237,CAMBRIDGE PROPERTY CLEANING AND MAINTENANCE LTD,active,ltd,2017-08-07,5 Royston Road,Harston,Cambridge,CB22 7PU,England,['81210'],CAMBRIDGEPROPERTYCLEANINGANDMAINTENANCE,CB22,CAMBRIDGEPROPERTYCLEANINGANDMAINTENANCE|CB22,total-exemption-full,2024-08-31,2026-05-31,True,False,81210,False,,,,False,False,8.407939767282683,81210,Buildings,5,False,active
10937767,HAMPTON DEVELOPMENTS LTD,active,ltd,2017-08-30,Larne House,,Sevenhampton,SN6 7QA,United Kingdom,['41100'],HAMPTONDEVELOPMENTS,SN6,HAMPTONDEVELOPMENTS|SN6,total-exemption-full,2024-08-31,2026-05-31,True,False,41100,False,,,,False,False,8.344969199178644,41100,Buildings,5,False,active
10965742,VTS ELECTRICAL LTD,active,ltd,2017-09-15,300 St Mary's Road,Garston,Liverpool,L19 0NQ,England,['33140'],VTSELECTRICAL,L19,VTSELECTRICAL|L19,total-exemption-full,2024-12-31,2026-09-30,True,False,33140,False,,,,False,False,8.301163586584531,33140,Industrial,5,False,active
11026819,ROBYN SAMUELS CONSTRUCTION LTD,active,ltd,2017-10-23,International House,12 Constance Street,London,E16 2DQ,United Kingdom,"['41100', '68100', '68209']",ROBYNSAMUELSCONSTRUCTION,E16,ROBYNSAMUELSCONSTRUCTION|E16,total-exemption-full,2024-10-31,2026-07-31,True,False,41100;68100;68209,True,,,,False,False,8.19712525667351,41100,Buildings,5,False,active
11053194,WOLFOX LIMITED,active,ltd,2017-11-08,26b Eaton Road,,Hove,BN3 3PJ,England,['10832'],WOLFOX,BN3,WOLFOX|BN3,total-exemption-full,2024-02-29,2026-02-24,True,False,10832,False,,,,False,False,8.153319644079398,10832,Industrial,5,False,active
11091755,PHISHING FORENSICS LTD,active,ltd,2017-12-01,"Upper Flat, 3","Upper Flat, 3 St. Simons Road",Southsea,PO5 2PE,England,"['62012', '62020', '62030', '62090']",PHISHINGFORENSICS,PO5,PHISHINGFORENSICS|PO5,dormant,2024-05-31,2026-02-28,True,False,62012;62020;62030;62090,True,,,,False,False,8.09034907597536,62012,Other,5,False,active
11216245,MB REAL ESTATE LTD,active,ltd,2018-02-21,3 Old Nursery Gardens,Tansley,Matlock,DE4 5QN,England,"['68100', '68209']",MBREALESTATE,DE4,MBREALESTATE|DE4,total-exemption-full,2025-02-28,2026-11-30,True,False,68100;68209,True,,,,False,False,7.865845311430527,68100,Buildings,5,False,active
11359166,CONOLLY ENGINEERING LTD,active,ltd,2018-05-14,3 Tarset Walk,,Blyth,NE24 4SQ,United Kingdom,"['25620', '71129']",CONOLLYENGINEERING,NE24,CONOLLYENGINEERING|NE24,total-exemption-full,2025-05-31,2027-02-28,True,False,25620;71129,True,,,,False,False,7.641341546885695,25620,Industrial,5,False,active
11397185,ACZORALO LTD,active,ltd,2018-06-04,"13, Flat 3 Oxford Road",,Swindon,SN3 4HP,England,"['49320', '63110']",ACZORALO,SN3,ACZORALO|SN3,micro-entity,2024-06-30,2026-03-31,True,False,49320;63110,True,,,,False,False,7.58384668035592,49320,Transport,5,False,active
11494408,WREKIN CARE LTD,active,ltd,2018-08-01,63 Station Road,Donnington,Telford,TF2 8RJ,England,"['41202', '43290', '43390', '87900']",WREKINCARE,TF2,WREKINCARE|TF2,unaudited-abridged,2024-08-31,2026-05-31,True,False,41202;43290;43390;87900,True,,,,False,False,7.425051334702259,41202,Buildings,5,False,active
11588309,ADDERSTONE (209) LIMITED,active,ltd,2018-09-25,"Nelson House The Fleming, Burdon Terrace",Jesmond,Newcastle Upon Tyne,NE2 3AE,United Kingdom,"['68100', '68209']",ADDERSTONE209,NE2,ADDERSTONE209|NE2,total-exemption-full,2025-03-31,2026-12-31,True,False,68100;68209,True,,,,False,False,7.274469541409993,68100,Buildings,5,False,active
11642985,DSV AIR & SEA 2018 (UK) LIMITED,active,ltd,2018-10-25,Scandinavia House Refinery Road,Parkeston,Harwich,CO12 4QG,England,['52290'],DSVAIRANDSEA2018UK,CO12,DSVAIRANDSEA2018UK|CO12,full,2024-12-31,2026-09-30,True,False,52290,False,,,,False,False,7.19233401779603,52290,Transport,5,False,active
11685499,OLD MILL RIVERSIDE MANSION LTD,active,ltd,2018-11-19,Suite 5 Sovereign House,1 Albert Place,London,N3 1QB,United Kingdom,"['68100', '68209']",OLDMILLRIVERSIDEMANSION,N3,OLDMILLRIVERSIDEMANSION|N3,total-exemption-full,2024-11-30,2026-08-31,True,False,68100;68209,True,,,,False,False,7.123887748117728,68100,Buildings,5,False,active
11765653,"SEE IT,OWN IT. LTD",active,ltd,2019-01-14,37 South Park Road,,Liverpool,L32 2AG,United Kingdom,"['81210', '82990']",SEEITOWNIT,L32,SEEITOWNIT|L32,micro-entity,2024-03-31,2026-03-31,True,False,81210;82990,True,,,,False,False,6.97056810403833,81210,Buildings,5,False,active
11766390,WRS GROUP LTD,active,ltd,2019-01-14,9 Cockleton Lane,Gurnard,Cowes,PO31 8JE,England,"['81100', '81300']",WRS,PO31,WRS|PO31,micro-entity,2025-01-31,2026-10-31,True,False,81100;81300,True,,,,False,False,6.97056810403833,81100,Buildings,5,False,active
11887600,DA VINCI HOLDINGS LIMITED,active,ltd,2019-03-18,1 The Village Offices,Westfield Ariel Way,London,W12 7GF,United Kingdom,['64209'],DAVINCI,W12,DAVINCI|W12,full,2025-03-31,2026-12-31,True,False,64209,True,,,,False,False,6.798083504449007,64209,Other,5,False,active
11997327,SMART HEATHROW PARKING LTD,active,ltd,2019-05-15,56 Ribblesdale Avenue,,Northolt,UB5 4NQ,United Kingdom,"['45112', '49390']",SMARTHEATHROWPARKING,UB5,SMARTHEATHROWPARKING|UB5,total-exemption-full,2024-05-31,2026-02-28,True,False,45112;49390,True,,,,False,False,6.639288158795345,45112,Other,5,False,active
12002158,BUCKS FIRE SAFETY TRAINING LIMITED,active,ltd,2019-05-17,20-22 Wenlock Road,,London,N1 7GU,England,"['84250', '85590']",BUCKSFIRESAFETYTRAINING,N1,BUCKSFIRESAFETYTRAINING|N1,total-exemption-full,2025-05-31,2027-02-28,True,False,84250;85590,True,,,,False,False,6.633812457221081,84250,Other,5,False,active
12152548,JAGATI LIMITED,active,ltd,2019-08-12,9 Lyndhurst Close,,Croydon,CR0 5LU,United Kingdom,"['68100', '68209', '68320']",JAGATI,CR0,JAGATI|CR0,micro-entity,2024-08-31,2026-05-31,True,False,68100;68209;68320,True,,,,False,False,6.395619438740589,68100,Buildings,5,False,active
12163518,NAZ HOUSING LIMITED,active,ltd,2019-08-19,53 Wood End Green Road,,Hayes,UB3 2SF,England,"['68100', '68209']",NAZHOUSING,UB3,NAZHOUSING|UB3,micro-entity,2024-08-31,2026-05-31,True,False,68100;68209,True,,,,False,False,6.376454483230664,68100,Buildings,5,False,active
12368866,EPEIUS REALTY LIMITED,active,ltd,2019-12-18,"Clarendon Court Flat 7, Clarendon Court",34 Grove Street,Oxford,OX2 7JJ,England,"['41100', '68100', '68209', '68320']",EPEIUSREALTY,OX2,EPEIUSREALTY|OX2,total-exemption-full,2024-12-31,2026-09-30,True,False,41100;68100;68209;68320,True,,,,False,False,6.04517453798768,41100,Buildings,5,False,active
12384725,SILVER PROPERTY INTERNATIONAL LIMITED,active,ltd,2020-01-03,"C/O Cwa, Unit 4, 3rd Floor Pride Court",80-82 White Lion Street,London,N1 9PF,England,"['68100', '68320']",SILVERPROPERTY,N1,SILVERPROPERTY|N1,total-exemption-full,2025-01-31,2026-10-30,True,False,68100;68320,True,,,,False,False,6.0013689253935665,68100,Buildings,5,False,active
12442645,FAB CAKES LTD,active,ltd,2020-02-04,227 High Street North,,London,E6 1JG,England,"['10710', '56102']",FABCAKES,E6,FABCAKES|E6,micro-entity,2024-02-29,2026-02-28,True,False,10710;56102,True,,,,False,False,5.9137577002053385,10710,Industrial,5,False,active
12444784,MADDOX BUILDINGS LTD,active,ltd,2020-02-05,"6th Floor, Amp House",Dingwall Road,Croydon,CR0 2LX,United Kingdom,"['41201', '41202']",MADDOXBUILDINGS,CR0,MADDOXBUILDINGS|CR0,micro-entity,2024-02-29,2026-03-31,True,False,41201;41202,True,,,,False,False,5.9110198494182065,41201,Buildings,5,False,active
12458955,LEGEND HOLDINGS LIMITED,active,ltd,2020-02-12,122 North Street,,Keighley,BD21 4AL,England,['68209'],LEGEND,BD21,LEGEND|BD21,micro-entity,2025-02-28,2026-11-30,True,False,68209,True,,,,False,False,5.891854893908282,68209,Buildings,5,False,active
12579767,AVT CONSULTANCY LTD,active,ltd,2020-04-30,"Suite 1c, 61 Cranbrook House Cranbrook Road",,Ilford,IG1 4PG,England,"['82110', '82990', '85600', '96090']",AVTCONSULTANCY,IG1,AVTCONSULTANCY|IG1,unaudited-abridged,2024-04-30,2026-01-31,True,False,82110;82990;85600;96090,True,,,,False,False,5.678302532511978,82110,Buildings,5,False,active
12595760,SUPER YACHT CAPTAIN LTD,active,ltd,2020-05-11,Buck House 8 Baines Way,Framlingham,Woodbridge,IP13 9FT,England,"['33150', '47640', '63990']",SUPERYACHTCAPTAIN,IP13,SUPERYACHTCAPTAIN|IP13,micro-entity,2024-05-31,2026-02-28,True,False,33150;47640;63990,True,,,,False,False,5.648186173853525,33150,Industrial,5,False,active
12598540,WOOLFOOT PROPERTIES LIMITED,active,ltd,2020-05-12,3 Oakdale Drive,Pool In Wharfedale,Otley,LS21 1LJ,United Kingdom,"['68100', '68209', '68320']",WOOLFOOTPROPERTIES,LS21,WOOLFOOTPROPERTIES|LS21,total-exemption-full,2024-05-31,2026-02-28,True,False,68100;68209;68320,True,,,,False,False,5.645448323066393,68100,Buildings,5,False,active
12811148,ROSECROFT INVESTMENTS LIMITED,active,ltd,2020-08-13,1st Floor 507 Centennial Avenue,Elstree,Borehawood,WD6 3FG,United Kingdom,"['68209', '82990']",ROSECROFTINVESTMENTS,WD6,ROSECROFTINVESTMENTS|WD6,micro-entity,2025-08-31,2027-05-31,True,False,68209;82990,True,,,,False,False,5.390828199863107,68209,Buildings,5,False,active
12832125,PEOPLE PROPERTY SERVICES LIMITED,active,ltd,2020-08-24,35 Barrowgate Road,,London,W4 4QX,England,"['41202', '97000']",PEOPLEPROPERTY,W4,PEOPLEPROPERTY|W4,micro-entity,2024-08-31,2026-05-31,True,False,41202;97000,True,,,,False,False,5.360711841204655,41202,Buildings,5,False,active
12890506,LITTLE KARMA CO. LTD,active,ltd,2020-09-18,12 Swan Hill Aylesbury Road,Cuddington,Aylesbury,HP18 0BE,England,"['32990', '96090']",LITTLEKARMACO,HP18,LITTLEKARMACO|HP18,micro-entity,2024-09-30,2026-06-30,True,False,32990;96090,True,,,,False,False,5.292265571526352,32990,Industrial,5,False,active
13055757,JFRAIL CONSULTING LTD,active,ltd,2020-12-02,18 Langton Place,,Bury St Edmunds,IP33 1NE,England,"['49100', '49311', '52212', '70229']",JFRAILCONSULTING,IP33,JFRAILCONSULTING|IP33,micro-entity,2024-12-31,2026-09-30,True,False,49100;49311;52212;70229,True,,,,False,False,5.086926762491444,49100,Transport,5,False,active
13059168,SQUARED CAPITAL LTD,active,ltd,2020-12-03,369 Hagley Road West,,Birmingham,B32 2AL,England,"['68209', '68320']",SQUAREDCAPITAL,B32,SQUAREDCAPITAL|B32,micro-entity,2024-12-31,2026-09-30,True,False,68209;68320,True,,,,False,False,5.084188911704312,68209,Buildings,5,False,active
NI046467,P.A. MCKEEVER LIMITED,active,ltd,2003-05-12,16 Mount Charles,Belfast,,BT7 1NZ,,['47730'],PAMCKEEVER,BT7,PAMCKEEVER|BT7,group,2024-07-31,2026-04-30,True,False,47730,True,,,,False,False,22.647501711156742,47730,Other,5,False,active
NI631093,SAMUEL STEVENSON TRACTORS LTD,active,ltd,2015-05-05,46 Drumarkin Road Rathfriland,,Newry,BT34 5ND,United Kingdom,['33120'],SAMUELSTEVENSONTRACTORS,BT34,SAMUELSTEVENSONTRACTORS|BT34,total-exemption-full,2024-05-31,2026-02-28,True,False,33120,False,,,,False,False,10.666666666666666,33120,Industrial,5,False,active
SC124173,R & P PROPERTY AND DEVELOPMENT LIMITED,active,ltd,1990-04-04,16 Hornock Road,,Coatbridge,ML5 2QJ,Scotland,['68209'],RANDPPROPERTYANDDEVELOPMENT,ML5,RANDPPROPERTYANDDEVELOPMENT|ML5,total-exemption-full,2024-05-31,2026-03-01,True,False,68209,False,,,,False,False,35.75085557837098,68209,Buildings,5,False,active
SC194991,STRATHCROSS LIMITED,active,ltd,1999-04-06,6 Glasgow Road,,Edinburgh,EH12 8HL,,"['49320', '99999']",STRATHCROSS,EH12,STRATHCROSS|EH12,dormant,2025-08-31,2027-05-31,True,False,49320;99999,True,,,,False,False,26.746064339493497,49320,Transport,5,False,active
SC323477,MCM FISHING LIMITED,active,ltd,2007-05-11,23 Corn Road,Inverallochy,Fraserburgh,AB43 8WR,Scotland,['82990'],MCMFISHING,AB43,MCMFISHING|AB43,total-exemption-full,2024-09-30,2026-06-24,True,False,82990,False,,,,False,False,18.650239561943874,82990,Buildings,5,False,active
SC346466,GORDON SAWMILLS LIMITED,active,ltd,2008-08-01,Gordon Sawmills Bridgend,Longside,Peterhead,AB42 4XE,Scotland,['16100'],GORDONSAWMILLS,AB42,GORDONSAWMILLS|AB42,total-exemption-full,2024-12-31,2026-09-30,True,False,16100,False,,,,False,False,17.423682409308693,16100,Industrial,5,False,active
SC364977,ROSS RECRUITMENT LTD,active,ltd,2009-09-02,C/O Rennie Smith & Co,64 Murray Place,Stirling,FK8 2BX,Scotland,"['46719', '52290', '64999', '78109']",ROSSRECRUITMENT,FK8,ROSSRECRUITMENT|FK8,total-exemption-full,2024-09-30,2026-06-28,True,False,46719;52290;64999;78109,True,,,,False,False,16.33675564681725,46719,Other,5,False,active
SC513202,GARY BAKER LTD,active,ltd,2015-08-17,40 Moray Road,,Port Glasgow,PA14 5QQ,Scotland,"['43999', '96090']",GARYBAKER,PA14,GARYBAKER|PA14,micro-entity,2024-08-31,2026-05-31,True,False,43999;96090,True,,,,False,False,10.381930184804927,43999,Buildings,5,False,active
SC515312,ENDISON VENTILATION LTD,active,ltd,2015-09-10,31 Sighthill Avenue Sighthill Avenue,,Edinburgh,EH11 4QT,Scotland,['43220'],ENDISONVENTILATION,EH11,ENDISONVENTILATION|EH11,total-exemption-full,2025-03-31,2026-12-31,True,False,43220,False,,,,False,False,10.316221765913758,43220,Buildings,5,False,active
SC620716,MAKORLS PVT LTD,active,ltd,2019-02-08,33 Ashley Terrace,,Edinburgh,EH11 1RE,United Kingdom,"['47910', '47990']",MAKORLSPVT,EH11,MAKORLSPVT|EH11,total-exemption-full,2025-02-28,2026-11-30,True,False,47910;47990,True,,,,False,False,6.9021218343600275,47910,Other,5,False,active
00334980,J.ROBARTS & SON LIMITED,active,ltd,1937-12-22,80 High Street,Codicote,Hitchin,SG4 8XQ,England,['47110'],JROBARTSANDSON,SG4,JROBARTSANDSON|SG4,total-exemption-full,2025-01-31,2026-10-31,True,False,47110,False,,,,False,False,88.03285420944559,47110,Other,4,False,active
00558626,PROFESSIONAL SERVICES (MIDLANDS) LIMITED,active,ltd,1955-12-14,The Greenhouse,106-108 Ashbourne Road,Derby,DE22 3AG,,['68209'],PROFESSIONALSERVICESMIDLANDS,DE22,PROFESSIONALSERVICESMIDLANDS|DE22,total-exemption-full,2024-06-30,2026-03-31,True,False,68209,False,,,,False,False,70.0561259411362,68209,Buildings,4,False,active
00840500,TUNLEY PROPERTIES LIMITED,active,ltd,1965-03-10,40 Fleet Street,,Swindon,SN1 1RE,England,"['68100', '68209']",TUNLEYPROPERTIES,SN1,TUNLEYPROPERTIES|SN1,total-exemption-full,2021-03-31,2022-12-31,True,True,68100;68209,True,,,,False,False,60.818617385352496,68100,Buildings,4,False,active
00841651,FERRY MOTORS (HARWICH) LIMITED,active,ltd,1965-03-18,66 West Street,Harwich,Essex,CO12 3DB,,"['45112', '45200']",FERRYMOTORSHARWICH,CO12,FERRYMOTORSHARWICH|CO12,micro-entity,2025-03-31,2026-12-31,True,False,45112;45200,True,,,,False,False,60.79671457905544,45112,Other,4,False,active
01021665,JOE DAVIES (MANCHESTER) LIMITED,active,ltd,1971-08-20,149 Broadstone Road,Reddish Stockport,Cheshire,SK5 7GA,,['46499'],JOEDAVIESMANCHESTER,SK5,JOEDAVIESMANCHESTER|SK5,full,2025-01-31,2026-10-31,True,False,46499,False,,,,False,False,54.37371663244353,46499,Other,4,False,active
01450039,SIGNWAY SUPPLIES (DATCHET) LIMITED,active,ltd,1979-09-21,Signway House,Stroudley Road,Basingstoke,RG24 8UG,,['32990'],SIGNWAYSUPPLIESDATCHET,RG24,SIGNWAYSUPPLIESDATCHET|RG24,total-exemption-full,2024-09-30,2026-06-30,True,False,32990,False,,,,False,False,46.286105407255306,32990,Industrial,4,False,active
02051559,BOW STRADA TRADING LIMITED,active,ltd,1986-09-02,The Dairy Manor Courtyard,Aston Sandford,Haddenham,HP17 8JB,England,['66120'],BOWSTRADATRADING,HP17,BOWSTRADATRADING|HP17,total-exemption-full,2024-08-31,2026-05-31,True,False,66120,False,,,,False,False,39.337440109514034,66120,Other,4,False,active
02500688,HENRY BEAUMONT LIMITED,active,ltd,1990-05-10,Beaumont House,Millstone Lane,Leicester,LE1 5JN,England,['46900'],HENRYBEAUMONT,LE1,HENRYBEAUMONT|LE1,total-exemption-full,2024-08-31,2026-05-31,True,False,46900,False,,,,False,False,35.65229295003422,46900,Other,4,False,active
02844266,WATERMANS CLEANING & HYGIENE SUPPLIES LIMITED,active,ltd,1993-08-11,477 Hackney Road,London,,E2 9ED,,"['46750', '46900']",WATERMANSCLEANINGANDHYGIENESUPPLIES,E2,WATERMANSCLEANINGANDHYGIENESUPPLIES|E2,unaudited-abridged,2024-12-31,2026-09-30,True,False,46750;46900,True,,,,False,False,32.39698836413415,46750,Other,4,False,active
02945372,P. G. ASHTON & SONS (SURVEYORS) LIMITED,active,ltd,1994-07-04,Executive Suite 6 & 7 The Business Centre The Old Brickworks,Church Road,Romford,RM3 0JA,England,['71111'],PGASHTONANDSONSSURVEYORS,RM3,PGASHTONANDSONSSURVEYORS|RM3,total-exemption-full,2024-12-31,2026-09-30,True,False,71111,False,,,,False,False,31.50171115674196,71111,Other,4,False,active
03033512,AGE CONCERN TYNESIDE SOUTH TRADING LIMITED,active,ltd,1995-03-15,29 Beach Road,,South Shields,NE33 2QU,,"['86900', '88100', '94990']",AGECONCERNTYNESIDESOUTHTRADING,NE33,AGECONCERNTYNESIDESOUTHTRADING|NE33,dormant,2024-08-31,2026-05-31,True,False,86900;88100;94990,True,,,,False,False,30.806297056810404,86900,Other,4,False,active
03088618,STALLION BUILDING SERVICES LIMITED,active,ltd,1995-08-08,48 Elmbourne Drive,,Belvedere,DA17 6JF,,['82990'],STALLIONBUILDING,DA17,STALLIONBUILDING|DA17,total-exemption-full,2024-08-31,2026-05-31,True,False,82990,False,,,,False,False,30.406570841889117,82990,Buildings,4,False,active
03305673,SHIRE BEDS LTD,active,ltd,1997-01-22,3 Branch Mills,Netherfield Road,Dewsbury,WF13 3JY,,['32990'],SHIREBEDS,WF13,SHIREBEDS|WF13,total-exemption-full,2025-03-31,2026-12-31,True,False,32990,False,,,,False,False,28.947296372347708,32990,Industrial,4,False,active
03369943,MEARS ASH LIMITED,active,ltd,1997-05-13,28 Ashington Road,,London,SW6 3QJ,,"['62012', '68209', '73110', '74100']",MEARSASH,SW6,MEARSASH|SW6,micro-entity,2024-05-31,2026-02-28,True,False,62012;68209;73110;74100,True,,,,False,False,28.643394934976044,62012,Other,4,False,active
03472499,ALL SEASONS FLOWERS LIMITED,active,ltd,1997-11-27,Falcon House,Central Way,Feltham,TW14 0UQ,England,['46220'],ALLSEASONSFLOWERS,TW14,ALLSEASONSFLOWERS|TW14,total-exemption-full,2024-08-31,2026-05-31,True,False,46220,False,,,,False,False,28.10130047912389,46220,Other,4,False,active
03507481,THE PROPERTY AND COMMODITY COMPANY LIMITED,active,ltd,1998-02-10,1 Abinger Road,London,,W4 1EY,,['68209'],THEPROPERTYANDCOMMODITYCOMPANY,W4,THEPROPERTYANDCOMMODITYCOMPANY|W4,total-exemption-full,2025-02-28,2026-11-30,True,False,68209,False,,,,False,False,27.89596167008898,68209,Buildings,4,False,active
03793101,J.M.A. TRANSPORT LIMITED,active,ltd,1999-06-22,Unit 12a,Lyon Road Industrial Estate,Lyon Road Kearsley,BL4 8HS,,['49410'],JMATRANSPORT,BL4,JMATRANSPORT|BL4,total-exemption-full,2024-06-30,2026-03-31,True,False,49410,False,,,,False,False,26.535249828884325,49410,Transport,4,False,active
03926059,UKOS LTD,active,ltd,2000-02-10,Unit 6 Grovelands,Boundary Way,Hemel Hempstead,HP2 7TE,England,['46900'],UKOS,HP2,UKOS|HP2,total-exemption-full,2024-12-31,2026-09-30,True,False,46900,False,,,,False,False,25.897330595482547,46900,Other,4,False,active
04436637,BEARS AND PEARS PROPERTY LIMITED,active,ltd,2002-05-13,696 Yardley Wood Road,Billesley,Birmingham,B13 0HY,,['68201'],BEARSANDPEARSPROPERTY,B13,BEARSANDPEARSPROPERTY|B13,total-exemption-full,2024-06-30,2026-03-31,True,False,68201,False,,,,False,False,23.644079397672826,68201,Buildings,4,False,active
04565420,SGG PROPERTY DEVELOPMENTS LIMITED,active,ltd,2002-10-17,The Skiff Inn Clasper Way,Swalwell,Newcastle Upon Tyne,NE16 3BE,England,['56101'],SGGPROPERTYDEVELOPMENTS,NE16,SGGPROPERTYDEVELOPMENTS|NE16,total-exemption-full,2024-12-31,2026-09-30,True,False,56101,False,,,,False,False,23.21423682409309,56101,Other,4,False,active
04729784,THE GARDENER LIMITED,active,ltd,2003-04-10,205 Outgang Lane,Dinnington,Sheffield,S25 3QY,,['81300'],THEGARDENER,S25,THEGARDENER|S25,total-exemption-full,2025-06-30,2027-03-31,True,False,81300,False,,,,False,False,22.73511293634497,81300,Buildings,4,False,active
04749464,PROBROD ESTATES LIMITED,active,ltd,2003-04-30,C/O Rpgcc,40 Gracechurch Street,London,EC3V 0BT,England,['96090'],PROBRODESTATES,EC3V,PROBRODESTATES|EC3V,total-exemption-full,2024-09-30,2026-06-30,True,False,96090,False,,,,False,False,22.680355920602327,96090,Other,4,False,active
04750190,DOUG GREEN: EDUCATIONAL CONSULTANT LIMITED,active,ltd,2003-05-01,17 Queens Lane,,Newcastle Upon Tyne,NE1 1RN,United Kingdom,['85590'],DOUGGREENEDUCATIONALCONSULTANT,NE1,DOUGGREENEDUCATIONALCONSULTANT|NE1,total-exemption-full,2025-03-31,2026-09-30,True,False,85590,False,,,,False,False,22.677618069815196,85590,Other,4,False,active
04764044,N.W. PLANT HIRE LIMITED,active,ltd,2003-05-14,11 Windsor Road,Harrow Weald,Middlesex,HA3 5PT,,['43290'],NWPLANTHIRE,HA3,NWPLANTHIRE|HA3,total-exemption-full,2024-05-31,2026-02-28,True,False,43290,False,,,,False,False,22.642026009582477,43290,Buildings,4,False,active
05048135,SJL DESIGN CONSULTANTS LIMITED,active,ltd,2004-02-18,Granary Biggar Village,Walney,Barrow-In-Furness,LA14 3YG,England,['74100'],SJLDESIGNCONSULTANTS,LA14,SJLDESIGNCONSULTANTS|LA14,total-exemption-full,2025-03-31,2026-12-31,True,False,74100,False,,,,False,False,21.87542778918549,74100,Other,4,False,active
05128130,OG PROPERTIES LIMITED,active,ltd,2004-05-14,32 Highland Drive,Fleet,Hampshire,GU51 2TH,,['68100'],OGPROPERTIES,GU51,OGPROPERTIES|GU51,total-exemption-full,2024-05-31,2026-02-28,True,False,68100,False,,,,False,False,21.639972621492127,68100,Buildings,4,False,active
05204869,TREGENNA HOMES LIMITED,active,ltd,2004-08-12,Tregenna Castle Hotel,Trelyon Avenue,St Ives,TR26 2DE,United Kingdom,['68209'],TREGENNAHOMES,TR26,TREGENNAHOMES|TR26,small,2024-10-31,2026-07-31,True,False,68209,False,,,,False,False,21.39356605065024,68209,Buildings,4,False,active
05446118,ARDEN PARK GARAGE SERVICES LIMITED,active,ltd,2005-05-06,2 Manor Farm Court Old Wolverton Road,Old Wolverton,Milton Keynes,MK12 5NN,England,['45200'],ARDENPARKGARAGE,MK12,ARDENPARKGARAGE|MK12,total-exemption-full,2024-05-31,2026-02-28,True,False,45200,False,,,,False,False,20.66255989048597,45200,Other,4,False,active
05452374,SPRING FURNITURE COMPANY LIMITED,active,ltd,2005-05-13,"Spring Furniture Company Ltd.,",152-156 Abbey Street,"Derby, Derby",DE22 3SS,,['31090'],SPRINGFURNITURECOMPANY,DE22,SPRINGFURNITURECOMPANY|DE22,total-exemption-full,2025-05-31,2027-02-28,True,False,31090,False,,,,False,False,20.643394934976044,31090,Industrial,4,False,active
05923457,P BAMSEY LIMITED,active,ltd,2006-09-04,26 The Banks,Wellingborough,Northamptonshire,NN9 5YX,,['41100'],PBAMSEY,NN9,PBAMSEY|NN9,total-exemption-full,2025-03-31,2026-12-31,True,False,41100,False,,,,False,False,19.33196440793977,41100,Buildings,4,False,active
06227355,DIXCART INTERNATIONAL LIMITED,active,ltd,2007-04-25,Dixcart House Addlestone Road,Bourne Business Park,Addlestone,KT15 2LE,,"['69201', '69203']",DIXCART,KT15,DIXCART|KT15,small,2024-12-31,2026-09-30,True,False,69201;69203,True,,,,False,False,18.694045174537987,69201,Other,4,False,active
06577062,GRESHAM'S SCHOOL ENTERPRISES LIMITED,active,ltd,2008-04-25,Enterprises Ltd Gresham's School,Cromer Road,Holt,NR25 6EA,,"['47710', '55209', '56102', '93110']",GRESHAMSSCHOOLENTERPRISES,NR25,GRESHAMSSCHOOLENTERPRISES|NR25,small,2024-08-31,2026-05-31,True,False,47710;55209;56102;93110,True,,,,False,False,17.691991786447637,47710,Other,4,False,active
06590119,MAGIC MEZZANINE FLOORS LTD.,active,ltd,2008-05-12,1 Tower House,Tower Centre,Hoddesdon,EN11 8UR,,['43330'],MAGICMEZZANINEFLOORS,EN11,MAGICMEZZANINEFLOORS|EN11,total-exemption-full,2024-05-31,2026-02-28,True,False,43330,False,,,,False,False,17.645448323066393,43330,Buildings,4,False,active
06885283,A C L WINDOWS LIMITED,active,ltd,2009-04-23,1 Cricklade Court,Old Town,Swindon,SN1 3EY,,['43342'],ACLWINDOWS,SN1,ACLWINDOWS|SN1,total-exemption-full,2025-03-31,2026-12-31,True,False,43342,False,,,,False,False,16.698151950718685,43342,Buildings,4,False,active
06889801,MSS ACCOUNTANCY SERVICES LTD,active,ltd,2009-04-28,341 Garratt Lane,,London,SW18 4DX,England,['69201'],MSSACCOUNTANCY,SW18,MSSACCOUNTANCY|SW18,total-exemption-full,2024-04-30,2026-01-31,True,False,69201,False,,,,False,False,16.684462696783026,69201,Other,4,False,active
07005883,SMART ANSWERS (UK) LIMITED,active,ltd,2009-09-01,Quiet Waters,51 Red Rose,Binfield,RG42 5LJ,,['82990'],SMARTANSWERSUK,RG42,SMARTANSWERSUK|RG42,total-exemption-full,2024-09-30,2026-06-30,True,False,82990,False,,,,False,False,16.33949349760438,82990,Buildings,4,False,active
07092442,A WORLD OF WEDDINGS LTD,active,ltd,2009-12-01,128 New Road,,Littleborough,OL15 8NL,,"['96090', '99999']",AWORLDOFWEDDINGS,OL15,AWORLDOFWEDDINGS|OL15,total-exemption-small,2013-12-31,,True,,96090;99999,True,,,,False,False,16.09034907597536,96090,Other,4,False,active
07248994,360 COMMERCIAL ENVIRONMENTS LIMITED,active,ltd,2010-05-11,Units 2-3 Blounts Farm,"Blounts Court Road, Sonning Common",Reading,RG4 9PA,,['43390'],360COMMERCIALENVIRONMENTS,RG4,360COMMERCIALENVIRONMENTS|RG4,total-exemption-full,2024-06-30,2026-03-31,True,False,43390,False,,,,False,False,15.649555099247092,43390,Buildings,4,False,active
07550132,ENERGETIC BRISTOL LIMITED,active,ltd,2011-03-03,"C/O Pje Chartered Accountants, 2 Oakfield Road",Clifton,Bristol,BS8 2AL,England,['99999'],ENERGETICBRISTOL,BS8,ENERGETICBRISTOL|BS8,total-exemption-full,2024-03-31,2026-03-31,True,False,99999,False,,,,False,False,14.839151266255989,99999,Other,4,False,active
07630633,HOUGHTON HOSTING & WEB SERVICES LIMITED,active,ltd,2011-05-11,36 Anlaby Road,,Teddington,TW11 0PU,England,['62090'],HOUGHTONHOSTINGANDWEB,TW11,HOUGHTONHOSTINGANDWEB|TW11,total-exemption-full,2024-05-31,2026-02-28,True,False,62090,False,,,,False,False,14.650239561943874,62090,Other,4,False,active
07857004,RYKEL AUTOMOTIVE GROUP LIMITED,active,ltd,2011-11-22,Rykel House,Purfleet Road,Aveley,RM15 4DT,,['45200'],RYKELAUTOMOTIVE,RM15,RYKELAUTOMOTIVE|RM15,micro-entity,2024-11-30,2026-08-31,True,False,45200,True,,,,False,False,14.116358658453114,45200,Other,4,False,active
07880450,SLICKSHOOT LIMITED,active,ltd,2011-12-13,18a Bridge Street,,Morpeth,NE61 1NB,,"['59111', '59120']",SLICKSHOOT,NE61,SLICKSHOOT|NE61,micro-entity,2024-12-31,2026-09-30,True,False,59111;59120,True,,,,False,False,14.05886379192334,59111,Other,4,False,active
07891421,TECHNOCAP LTD,active,ltd,2011-12-23,3 Chartwell Drive,,Orpington,BR6 7LL,England,['74909'],TECHNOCAP,BR6,TECHNOCAP|BR6,total-exemption-full,2024-12-31,2026-09-30,True,False,74909,False,,,,False,False,14.03148528405202,74909,Other,4,False,active
08238466,BUILDING ESTIMATING AND SURVEYING LTD,active,ltd,2012-10-03,63 Chase Hill,,Arlesey,SG15 6UD,,['43999'],BUILDINGESTIMATINGANDSURVEYING,SG15,BUILDINGESTIMATINGANDSURVEYING|SG15,total-exemption-full,2025-03-31,2026-12-31,True,False,43999,False,,,,False,False,13.25119780971937,43999,Buildings,4,False,active
08524411,BINGHAM AND JONES LIMITED,active,ltd,2013-05-10,"Ground Floor, Seneca House Links Point",Amy Johnson Way,Blackpool,FY4 2FF,England,['56290'],BINGHAMANDJONES,FY4,BINGHAMANDJONES|FY4,total-exemption-full,2025-05-31,2027-02-28,True,False,56290,False,,,,False,False,12.65160848733744,56290,Other,4,False,active
08527854,OMAR KHAN SURGICAL SERVICES LIMITED,active,ltd,2013-05-14,8 Manor Park Church Road,Great Barton,Bury St. Edmunds,IP31 2QR,England,['86220'],OMARKHANSURGICAL,IP31,OMARKHANSURGICAL|IP31,total-exemption-full,2024-10-29,2026-07-29,True,False,86220,False,,,,False,False,12.640657084188911,86220,Other,4,False,active
08666566,SQUARE POINT LIMITED,active,ltd,2013-08-28,29 The Green,Winchmore Hill,London,N21 1HS,,['41100'],SQUAREPOINT,N21,SQUAREPOINT|N21,total-exemption-full,2024-06-30,2026-03-31,True,False,41100,False,,,,False,False,12.350444900752908,41100,Buildings,4,False,active
08708400,ALERTA LTD,active,ltd,2013-09-27,"Fleet House,","Unit 3, 1 Armstrong Road",Benfleet,SS7 4FH,England,['62090'],ALERTA,SS7,ALERTA|SS7,total-exemption-full,2024-09-30,2026-06-30,True,False,62090,False,,,,False,False,12.268309377138946,62090,Other,4,False,active
08814008,VP RECRUITMENT LTD,active,ltd,2013-12-13,Owlscombe,Bickington,Newton Abbot,TQ12 6LB,England,['78109'],VPRECRUITMENT,TQ12,VPRECRUITMENT|TQ12,total-exemption-full,2024-12-31,2026-09-30,True,False,78109,False,,,,False,False,12.057494866529774,78109,Other,4,False,active
08888254,STEAD ENGINEERING LIMITED,active,ltd,2014-02-12,151 Wincolmlee,Wincolmlee,Hull,HU2 0HD,,['25110'],STEADENGINEERING,HU2,STEADENGINEERING|HU2,total-exemption-full,2025-02-28,2026-11-30,True,False,25110,False,,,,False,False,11.890485968514716,25110,Industrial,4,False,active
08943959,EXFED LIFE COMMUNITY INTEREST COMPANY,active,ltd,2014-03-18,Unit 4 199 Eade Road,,London,N4 1DN,,['68320'],EXFEDLIFECOMMUNITYINTERESTCOMPANY,N4,EXFEDLIFECOMMUNITYINTERESTCOMPANY|N4,total-exemption-full,2025-04-30,2027-01-31,True,False,68320,False,,,,False,False,11.797399041752225,68320,Buildings,4,False,active
08949508,NWACHIS LIMITED,active,ltd,2014-03-20,2nd Floor 6 Greenwich Quay,Clarence Road,London,SE8 3EY,United Kingdom,['86900'],NWACHIS,SE8,NWACHIS|SE8,total-exemption-full,2025-03-31,2026-12-31,True,False,86900,False,,,,False,False,11.791923340177961,86900,Other,4,False,active
09010732,AURA INVESTMENT LIMITED,active,ltd,2014-04-25,1 Place Farm Avenue,,Orpington,BR6 8DG,,['68209'],AURAINVESTMENT,BR6,AURAINVESTMENT|BR6,total-exemption-full,2024-04-30,2026-01-31,True,False,68209,False,,,,False,False,11.693360711841205,68209,Buildings,4,False,active
09037776,GOLBY & LUCK LTD,active,ltd,2014-05-13,207 Leicester Road,,Ibstock,LE67 6HP,England,['71112'],GOLBYANDLUCK,LE67,GOLBYANDLUCK|LE67,total-exemption-full,2025-03-31,2026-12-31,True,False,71112,False,,,,False,False,11.644079397672828,71112,Other,4,False,active
09134411,AYUTHAYA RESTAURANTS LTD,active,ltd,2014-07-16,Masri & Co Accountants,Rainford Square,Liverpool,L2 6PX,England,['96090'],AYUTHAYARESTAURANTS,L2,AYUTHAYARESTAURANTS|L2,total-exemption-full,2024-07-31,2026-04-30,True,False,96090,False,,,,False,False,11.468856947296372,96090,Other,4,False,active
09209237,REVILL DESIGN LTD,active,ltd,2014-09-09,Netil House,1 Westgate Street,London,E8 3RL,,['32990'],REVILLDESIGN,E8,REVILLDESIGN|E8,total-exemption-full,2024-09-30,2026-06-30,True,False,32990,False,,,,False,False,11.318275154004107,32990,Industrial,4,False,active
09283816,HARTREE PARTNERS SUPPLY (UK) LIMITED,active,ltd,2014-10-28,"2nd Floor, Cardinal Place",100 Victoria Street,London,SW1E 5JL,England,['35140'],HARTREEPARTNERSSUPPLYUK,SW1E,HARTREEPARTNERSSUPPLYUK|SW1E,audit-exemption-subsidiary,2024-12-31,2026-09-30,True,False,35140,False,,,,False,False,11.184120465434633,35140,Industrial,4,False,active
09290044,FIDUCIAM GLOBAL LIMITED,active,ltd,2014-10-31,"Gable House, 134 Blackpond Lane Farnham Common",Slough,United Kingdom,SL2 3EN,United Kingdom,['70229'],FIDUCIAMGLOBAL,SL2,FIDUCIAMGLOBAL|SL2,total-exemption-full,2024-12-31,2026-09-30,True,False,70229,False,,,,False,False,11.175906913073238,70229,Other,4,False,active
09303736,BLOBFISH LIMITED,active,ltd,2014-11-10,6th Floor 2 London Wall Place,,London,EC2Y 5AU,England,['96090'],BLOBFISH,EC2Y,BLOBFISH|EC2Y,total-exemption-full,2024-12-31,2026-09-30,True,False,96090,False,,,,False,False,11.148528405201917,96090,Other,4,False,active
09427285,TRAVALEUR LIMITED,active,ltd,2015-02-06,2nd Floor Nucleus House,2 Lower Mortlake Road,Richmond,TW9 2JA,United Kingdom,['79120'],TRAVALEUR,TW9,TRAVALEUR|TW9,total-exemption-full,2024-02-29,2026-02-28,True,False,79120,False,,,,False,False,10.907597535934292,79120,Other,4,False,active
09588029,BRACE GROVE UK LIMITED,active,ltd,2015-05-13,Hamilton House Mabledon Place,Bloomsbury,London,WC1H 9BB,England,['96090'],BRACEGROVE,WC1H,BRACEGROVE|WC1H,total-exemption-full,2025-05-31,2027-02-28,True,False,96090,False,,,,False,False,10.64476386036961,96090,Other,4,False,active
09602391,OPEN CONSENT GROUP LTD,active,ltd,2015-05-21,20-22 Wenlock Road,,London,N1 7GU,,['62012'],OPENCONSENT,N1,OPENCONSENT|N1,micro-entity,2024-05-31,2026-02-28,True,False,62012,True,,,,False,False,10.622861054072553,62012,Other,4,False,active
09752057,BELTON FALCONRY LIMITED,active,ltd,2015-08-27,64 Hall Gate,,Doncaster,DN1 3PB,England,['01490'],BELTONFALCONRY,DN1,BELTONFALCONRY|DN1,total-exemption-full,2024-08-31,2026-05-31,True,False,01490,False,,,,False,False,10.354551676933607,01490,Other,4,False,active
09817101,ODYSSEA EVENTS LTD,active,ltd,2015-10-09,Harben House Harben Parade,Finchley Road,London,NW3 6LH,,['82302'],ODYSSEAEVENTS,NW3,ODYSSEAEVENTS|NW3,total-exemption-full,2024-10-31,2026-07-31,True,False,82302,False,,,,False,False,10.236824093086927,82302,Buildings,4,False,active
10142581,ABALOS LIMITED,active,ltd,2016-04-22,Flat 12 Hartnup Street,,Maidstone,ME16 8PD,England,['82990'],ABALOS,ME16,ABALOS|ME16,unaudited-abridged,2024-04-30,2026-01-31,True,False,82990,False,,,,False,False,9.700205338809035,82990,Buildings,4,False,active
10144963,SELLING A FRANCHISE LIMITED,active,ltd,2016-04-25,Swatton Barn,Badbury,Swindon,SN4 0EU,United Kingdom,['70229'],SELLINGAFRANCHISE,SN4,SELLINGAFRANCHISE|SN4,total-exemption-full,2024-04-30,2026-01-31,True,False,70229,False,,,,False,False,9.69199178644764,70229,Other,4,False,active
10153671,N & W INVESTMENTS LIMITED,active,ltd,2016-04-28,2 Minster Court,Mincing Lane,London,EC3R 7PD,United Kingdom,['82990'],NANDWINVESTMENTS,EC3R,NANDWINVESTMENTS|EC3R,audit-exemption-subsidiary,2024-12-31,2026-09-30,True,False,82990,False,,,,False,False,9.683778234086242,82990,Buildings,4,False,active
10173724,DIANE'S NURSERIES LTD,active,ltd,2016-05-11,Nunns Accounting Services Ltd,50 Micklegate,Selby,YO8 4EQ,England,['85100'],DIANESNURSERIES,YO8,DIANESNURSERIES|YO8,total-exemption-full,2025-05-31,2027-02-28,True,False,85100,False,,,,False,False,9.648186173853524,85100,Other,4,False,active
10180324,CHESTER FALAFEL LIMITED,active,ltd,2016-05-13,73 Watergate Street,,Chester,CH1 2LB,United Kingdom,['56103'],CHESTERFALAFEL,CH1,CHESTERFALAFEL|CH1,total-exemption-full,2024-05-31,2026-02-28,True,False,56103,False,,,,False,False,9.64271047227926,56103,Other,4,False,active
10671929,AUROUS PIZZA LIMITED,active,ltd,2017-03-15,598 Holloway Road,,London,N19 3PH,United Kingdom,['56103'],AUROUSPIZZA,N19,AUROUSPIZZA|N19,total-exemption-full,2024-12-31,2026-09-30,True,False,56103,False,,,,False,False,8.804928131416839,56103,Other,4,False,active
10724496,ARCHICOSMOS LTD,active,ltd,2017-04-13,"Office 408, Screenworks 22 Highbury Grove",,London,N5 2ER,United Kingdom,['74100'],ARCHICOSMOS,N5,ARCHICOSMOS|N5,total-exemption-full,2025-01-31,2026-10-31,True,False,74100,False,,,,False,False,8.725530458590006,74100,Other,4,False,active
10748734,CORALCOTE LIMITED,active,ltd,2017-05-02,46-48 Station Road,Llanishen,Cardiff,CF14 5LU,Wales,['86230'],CORALCOTE,CF14,CORALCOTE|CF14,total-exemption-full,2025-03-31,2026-12-31,True,False,86230,False,,,,False,False,8.673511293634498,86230,Other,4,False,active
10758368,BB'S SALON LIMITED,active,ltd,2017-05-08,Laurel Cottage,High Street,Welford On Avon,CV37 8EF,United Kingdom,['96020'],BBSSALON,CV37,BBSSALON|CV37,total-exemption-full,2024-05-31,2026-02-28,True,False,96020,False,,,,False,False,8.657084188911705,96020,Other,4,False,active
10836028,SLR CARE LIMITED,active,ltd,2017-06-26,27 Vantage Meadow,,Northampton,NN3 5EJ,England,['86900'],SLRCARE,NN3,SLRCARE|NN3,total-exemption-full,2025-06-30,2027-03-31,True,False,86900,False,,,,False,False,8.522929500342231,86900,Other,4,False,active
10865052,HARRIS OPTICIANS (HESWALL) LIMITED,active,ltd,2017-07-13,317 India Mill Business Centre,Ashton Lane,Darwen,BB3 1AE,England,['47782'],HARRISOPTICIANSHESWALL,BB3,HARRISOPTICIANSHESWALL|BB3,total-exemption-full,2024-12-31,2026-09-30,True,False,47782,False,,,,False,False,8.476386036960985,47782,Other,4,False,active
11041401,CATCH A FIRE LTD,active,ltd,2017-11-01,"First Floor, The Old Winery Lamberhurst Vineyard",Furnace Lane,Lamberhurst,TN3 8ER,England,['73110'],CATCHAFIRE,TN3,CATCHAFIRE|TN3,total-exemption-full,2025-05-31,2027-02-28,True,False,73110,False,,,,False,False,8.172484599589323,73110,Other,4,False,active
11055610,DIRECT TO SOURCE LTD,active,ltd,2017-11-09,Hollymount Barn,Glewstone,Ross-On-Wye,HR9 6AN,United Kingdom,['46180'],DIRECTTOSOURCE,HR9,DIRECTTOSOURCE|HR9,total-exemption-full,2024-11-30,2026-08-31,True,False,46180,False,,,,False,False,8.150581793292266,46180,Other,4,False,active
11177198,RIV UK ENGINEERING LIMITED,active,ltd,2018-01-30,12 New Fetter Lane,,London,EC4A 1JP,United Kingdom,['71121'],RIVUKENGINEERING,EC4A,RIVUKENGINEERING|EC4A,full,2024-12-31,2026-09-30,True,False,71121,False,,,,False,False,7.926078028747433,71121,Other,4,False,active
11186683,SARAH NDAGIRE LTD,active,ltd,2018-02-05,16 Bargate Court,,Guildford,GU2 8EF,England,"['90010', '90030']",SARAHNDAGIRE,GU2,SARAHNDAGIRE|GU2,micro-entity,2025-03-31,2026-12-31,True,False,90010;90030,True,,,,False,False,7.909650924024641,90010,Other,4,False,active
11198961,G.ALLEN & SON LTD,active,ltd,2018-02-12,19 Scott Street,,Bognor Regis,PO21 1UH,United Kingdom,['41202'],GALLENANDSON,PO21,GALLENANDSON|PO21,total-exemption-full,2025-02-28,2026-11-30,True,False,41202,False,,,,False,False,7.8904859685147155,41202,Buildings,4,False,active
11213853,AADHVICK LTD,active,ltd,2018-02-19,1 Derwent Business Centre,Clarke Street,Derby,DE1 2BU,United Kingdom,['68209'],AADHVICK,DE1,AADHVICK|DE1,total-exemption-full,2024-02-29,2026-02-24,True,False,68209,False,,,,False,False,7.871321013004791,68209,Buildings,4,False,active
11352438,MOBRAY INVESTMENTS LTD,active,ltd,2018-05-09,Flat 23 Lampard Grove,,London,N16 6XA,United Kingdom,['68320'],MOBRAYINVESTMENTS,N16,MOBRAYINVESTMENTS|N16,total-exemption-full,2024-12-31,2026-09-29,True,False,68320,False,,,,False,False,7.655030800821355,68320,Buildings,4,False,active
11356268,CFM NORTH EAST HOLDINGS LTD,active,ltd,2018-05-11,Bedale Hall Office 7,North End,Bedale,DL8 1AA,England,['46690'],CFMNORTHEAST,DL8,CFMNORTHEAST|DL8,micro-entity,2024-06-30,2026-03-31,True,False,46690,True,,,,False,False,7.649555099247091,46690,Other,4,False,active
11454418,MY FIRST FINANCES LTD,active,ltd,2018-07-09,65 Severn Road,,Weston-Super-Mare,BS23 1DR,United Kingdom,"['59112', '59120']",MYFIRSTFINANCES,BS23,MYFIRSTFINANCES|BS23,dormant,2024-08-31,2026-05-31,True,False,59112;59120,True,,,,False,False,7.488021902806297,59112,Other,4,False,active
11457132,INDIAN BRENTWOOD SPICE LTD,active,ltd,2018-07-10,20 Hessel Street,,London,E1 2LP,England,"['56103', '56290']",INDIANBRENTWOODSPICE,E1,INDIANBRENTWOODSPICE|E1,micro-entity,2024-07-31,2026-04-30,True,False,56103;56290,True,,,,False,False,7.485284052019165,56103,Other,4,False,active
11510096,DATA SYSTEMS EVOLUTION LTD,active,ltd,2018-08-10,4th Floor Radius House,51 Clarendon Road,Watford,WD17 1HP,England,"['62020', '72190']",DATASYSTEMSEVOLUTION,WD17,DATASYSTEMSEVOLUTION|WD17,micro-entity,2024-08-31,2026-05-31,True,False,62020;72190,True,,,,False,False,7.40041067761807,62020,Other,4,False,active
11570578,ABSOLUTE ECO LTD,active,ltd,2018-09-14,32 Hawthorn Walk,,Wilmslow,SK9 5BS,England,"['71122', '74100']",ABSOLUTEECO,SK9,ABSOLUTEECO|SK9,micro-entity,2024-09-30,2026-06-30,True,False,71122;74100,True,,,,False,False,7.304585900068446,71122,Other,4,False,active
11608921,PROPERTYNUMBERTEN LIMITED,active,ltd,2018-10-08,"1st Floor, Units 3 & 4 Cranmere Court Lustleigh Close",Matford Business Park,Exeter,EX2 8PW,United Kingdom,['68209'],PROPERTYNUMBERTEN,EX2,PROPERTYNUMBERTEN|EX2,total-exemption-full,2024-06-30,2026-03-28,True,False,68209,False,,,,False,False,7.238877481177276,68209,Buildings,4,False,active
11772622,KONNECTA LTD,active,ltd,2019-01-17,8 Atkins Close,,Biggin Hill,TN16 3GB,England,"['45112', '53202']",KONNECTA,TN16,KONNECTA|TN16,micro-entity,2025-01-31,2026-10-31,True,False,45112;53202,True,,,,False,False,6.962354551676934,45112,Other,4,False,active
11798127,TIMOTHY & RACHAEL PUBLISHING LIMITED,active,ltd,2019-01-30,"Suite G04 1 Quality Court, Chancery Lane",,London,WC2A 1HR,England,"['47990', '58110']",TIMOTHYANDRACHAELPUBLISHING,WC2A,TIMOTHYANDRACHAELPUBLISHING|WC2A,dormant,2025-01-31,2026-10-31,True,False,47990;58110,True,,,,False,False,6.926762491444216,47990,Other,4,False,active
11799956,PWB INVESTMENTS LTD,active,ltd,2019-01-31,27 Winford Court,Portbury Close,London,SE15 5JE,United Kingdom,['68310'],PWBINVESTMENTS,SE15,PWBINVESTMENTS|SE15,total-exemption-full,2024-01-31,2026-01-31,True,False,68310,False,,,,False,False,6.924024640657084,68310,Buildings,4,False,active
11804301,HHS ELECTRICAL LIMITED,active,ltd,2019-02-04,102 Newthorpe Common,Newthorpe,Nottingham,NG16 2EH,England,['43210'],HHSELECTRICAL,NG16,HHSELECTRICAL|NG16,total-exemption-full,2025-03-31,2026-12-31,True,False,43210,False,,,,False,False,6.913073237508556,43210,Buildings,4,False,active
11806121,INTERNATIONAL HYGIENE GROUP LTD,active,ltd,2019-02-05,5 Queen Marys Road,,Coventry,CV6 5LN,United Kingdom,['96090'],INTERNATIONALHYGIENE,CV6,INTERNATIONALHYGIENE|CV6,dormant,2025-02-28,2026-11-30,True,False,96090,True,,,,False,False,6.910335386721424,96090,Other,4,False,active
11918405,MY BOSS ONLINE LIMITED,active,ltd,2019-04-01,26 Ludgate Close,Arnold,Nottingham,NG5 9QQ,United Kingdom,"['62012', '82990', '84130']",MYBOSSONLINE,NG5,MYBOSSONLINE|NG5,dormant,2025-04-30,2027-01-31,True,False,62012;82990;84130,True,,,,False,False,6.759753593429158,62012,Other,4,False,active
11979727,RSK ACCOUNTANTS LIMITED,active,ltd,2019-05-03,3 Court Road,Ickenham,Uxbridge,UB10 8TE,United Kingdom,"['69201', '69202', '69203']",RSKACCOUNTANTS,UB10,RSKACCOUNTANTS|UB10,micro-entity,2025-02-28,2026-11-30,True,False,69201;69202;69203,True,,,,False,False,6.672142368240931,69201,Other,4,False,active
12013160,GOODNEWS PROPERTY DEVELOPMENT LTD,active,ltd,2019-05-23,50 Southampton Way,,London,SE5 7TT,England,['68310'],GOODNEWSPROPERTYDEVELOPMENT,SE5,GOODNEWSPROPERTYDEVELOPMENT|SE5,total-exemption-full,2024-05-31,2026-02-28,True,False,68310,False,,,,False,False,6.617385352498289,68310,Buildings,4,False,active
12229168,TS MARKT LTD,active,ltd,2019-09-26,Engine House Bexley 2 Veridion Way,Veridion Park,Erith,DA18 4AL,England,"['47110', '47190']",TSMARKT,DA18,TSMARKT|DA18,micro-entity,2024-09-30,2026-06-30,True,False,47110;47190,True,,,,False,False,6.272416153319644,47110,Other,4,False,active
12583529,WOODY PAPER LTD,active,ltd,2020-05-04,18 Foxglove Walk,,Crawley,RH11 9DY,England,['17220'],WOODYPAPER,RH11,WOODYPAPER|RH11,total-exemption-full,2024-05-31,2026-02-28,True,False,17220,False,,,,False,False,5.66735112936345,17220,Industrial,4,False,active
12599590,BNM DRYLINING LTD,active,ltd,2020-05-13,12 Aspfield Row,,Hemel Hempstead,HP1 3HE,England,['41201'],BNMDRYLINING,HP1,BNMDRYLINING|HP1,total-exemption-full,2024-05-31,2026-02-28,True,False,41201,False,,,,False,False,5.642710472279261,41201,Buildings,4,False,active
12697054,547549 LTD,active,ltd,2020-06-25,547-549 Norwood Road,West Norwood,London,SE27 9DL,United Kingdom,['68209'],547549,SE27,547549|SE27,total-exemption-full,2024-12-31,2026-09-30,True,False,68209,False,,,,False,False,5.5249828884325805,68209,Buildings,4,False,active
12721742,CAR2CODE LTD,active,ltd,2020-07-06,5 Gwencole Avenue,,Leicester,LE3 2FG,England,"['45112', '45200']",CAR2CODE,LE3,CAR2CODE|LE3,micro-entity,2024-07-31,2026-04-30,True,False,45112;45200,True,,,,False,False,5.494866529774128,45112,Other,4,False,active
12752989,SAGLAM GROUP LIMITED,active,ltd,2020-07-19,Ktm Meats Building,Norfolk Road,Gravesend,DA12 2PS,England,['64209'],SAGLAM,DA12,SAGLAM|DA12,micro-entity,2025-07-31,2027-04-30,True,False,64209,True,,,,False,False,5.45927446954141,64209,Other,4,False,active
12810884,ADVANCED TREE SOLUTIONS LIMITED,active,ltd,2020-08-13,Suite 21 10 Churchill Square,Kings Hill,West Malling,ME19 4YU,United Kingdom,['81300'],ADVANCEDTREESOLUTIONS,ME19,ADVANCEDTREESOLUTIONS|ME19,total-exemption-full,2024-08-31,2026-05-31,True,False,81300,False,,,,False,False,5.390828199863107,81300,Buildings,4,False,active
NI059092,MCAULEY FREIGHT LTD,active,ltd,2006-04-26,23 Hughenden Avenue,Belfast,Co Antrim,BT15 5DB,,['50200'],MCAULEYFREIGHT,BT15,MCAULEYFREIGHT|BT15,total-exemption-full,2024-12-31,2026-09-30,True,False,50200,False,,,,False,False,19.690622861054074,50200,Transport,4,False,active
NI617849,DRINK NO LOW LIMITED,active,ltd,2013-04-12,Derry Farm,3 Ballyrusley Road,Portaferry,BT22 1JR,,['10612'],DRINKNOLOW,BT22,DRINKNOLOW|BT22,total-exemption-full,2024-09-30,2026-06-30,True,False,10612,False,,,,False,False,12.728268309377139,10612,Industrial,4,False,active
NI629817,BALLYHANNON DEVELOPMENTS LTD,active,ltd,2015-03-06,31 Church Street,,Dromore,BT25 1AA,United Kingdom,['41100'],BALLYHANNONDEVELOPMENTS,BT25,BALLYHANNONDEVELOPMENTS|BT25,unaudited-abridged,2025-03-31,2026-12-31,True,False,41100,False,,,,False,False,10.830937713894592,41100,Buildings,4,False,active
NI634958,EWETWO DEVELOPMENTS LTD,active,ltd,2015-11-20,31 Church Street,,Dromore,BT25 1AA,Northern Ireland,['68100'],EWETWODEVELOPMENTS,BT25,EWETWODEVELOPMENTS|BT25,unaudited-abridged,2024-11-30,2026-08-31,True,False,68100,False,,,,False,False,10.121834360027378,68100,Buildings,4,False,active
SC045557,TG REALISATIONS LIMITED,active,ltd,1968-03-26,C/O Kpmg Llp,191 West George Street,Glasgow,G2 2LJ,,"['3110', '4531']",TGREALISATIONS,G2,TGREALISATIONS|G2,full,2009-12-31,2011-09-30,True,True,3110;4531,True,,,,False,False,57.7741273100616,3110,Industrial,4,False,active
SC081141,WARDEN PRIVATE TRUST COMPANY LIMITED,active,ltd,1982-12-10,Caledonian Exchange,19a Canning Street,Edinburgh,EH3 8HE,Scotland,['74990'],WARDENPRIVATETRUSTCOMPANY,EH3,WARDENPRIVATETRUSTCOMPANY|EH3,total-exemption-full,2024-12-31,2026-09-30,True,False,74990,False,,,,False,False,43.06639288158795,74990,Other,4,False,active
SC132832,BUKO HOLDINGS LIMITED,active,ltd,1991-07-09,SC132832: COMPANIES HOUSE DEFAULT ADDRESS,,Edinburgh,EH7 9HR,,['2873'],BUKO,EH7,BUKO|EH7,group,2000-03-31,2002-01-31,True,True,2873,True,,,,False,False,34.48870636550308,2873,Industrial,4,False,active
SC140947,REIACH AND HALL LIMITED,active,ltd,1992-10-29,8 Darnaway Street,,Edinburgh,EH3 6BG,Scotland,['71111'],REIACHANDHALL,EH3,REIACHANDHALL|EH3,total-exemption-full,2025-07-31,2027-04-30,True,False,71111,False,,,,False,False,33.18001368925393,71111,Other,4,False,active
SC189598,AQUASKY LIMITED,active,ltd,1998-09-22,Sidhean Beag,,Kilmore,PA34 4XX,,['33190'],AQUASKY,PA34,AQUASKY|PA34,total-exemption-full,2024-09-30,2026-06-30,True,False,33190,False,,,,False,False,27.28268309377139,33190,Industrial,4,False,active
SC197917,NPL PH CLEARING COMPANY LTD,active,ltd,1999-07-08,183 St. Vincent Street,First Floor,Glasgow,G2 5QD,Scotland,['68100'],NPLPHCLEARINGCOMPANY,G2,NPLPHCLEARINGCOMPANY|G2,small,2024-03-31,2026-03-31,True,False,68100,False,,,,False,False,26.491444216290212,68100,Buildings,4,False,active
SC342721,IPC ELECTRICAL SERVICES LTD,active,ltd,2008-05-12,"Unit 5, Springfield Works Emerson Road",Bishopbriggs,Glasgow,G64 1QE,,['27120'],IPCELECTRICAL,G64,IPCELECTRICAL|G64,total-exemption-full,2025-05-11,2027-02-11,True,False,27120,False,,,,False,False,17.645448323066393,27120,Industrial,4,False,active
SC357172,GSD (SCOTLAND) LIMITED,active,ltd,2009-03-25,6 Randolph Place,,Edinburgh,EH3 7TE,Scotland,['86230'],GSDSCOTLAND,EH3,GSDSCOTLAND|EH3,total-exemption-full,2025-03-31,2026-12-31,True,False,86230,False,,,,False,False,16.777549623545518,86230,Other,4,False,active
SC368428,WISE OLD COW LTD.,active,ltd,2009-11-12,1143 Argyle Street,,Glasgow,G3 8ND,Scotland,"['68209', '96020']",WISEOLDCOW,G3,WISEOLDCOW|G3,total-exemption-full,2021-03-31,2022-12-31,True,True,68209;96020,True,,,,False,False,16.142368240930868,68209,Buildings,4,False,active
SC368808,SIM PROPERTY (CLYDEBANK) LTD.,active,ltd,2009-11-19,Whitecrook Business Centre 78 Whitecrook Street,Clydebank,Glasgow,G81 1QF,,['68209'],SIMPROPERTYCLYDEBANK,G81,SIMPROPERTYCLYDEBANK|G81,total-exemption-full,2024-12-31,2026-09-30,True,False,68209,False,,,,False,False,16.123203285420946,68209,Buildings,4,False,active
SC505481,S & C JOINERS LIMITED,active,ltd,2015-05-11,10 Jarvie Road,,Falkirk,FK2 9FD,,['43320'],SANDCJOINERS,FK2,SANDCJOINERS|FK2,total-exemption-full,2024-05-30,2026-02-28,True,False,43320,False,,,,False,False,10.650239561943874,43320,Buildings,4,False,active
SC565377,FOREST COTTAGE LIMITED,active,ltd,2017-05-08,Rothiemurchus Estate Office Dell Of Rothiemurchus,Rothiemurchus Estate,Aviemore,PH22 1QH,Scotland,['55209'],FORESTCOTTAGE,PH22,FORESTCOTTAGE|PH22,total-exemption-full,2025-03-31,2026-12-31,True,False,55209,False,,,,False,False,8.657084188911705,55209,Other,4,False,active
SC578091,KITCHEN AND BATHROOM LOUNGE LIMITED,active,ltd,2017-10-05,Unit A&B Floors Street,Industrial Estate,Johnstone,PA5 8PE,Scotland,['47599'],KITCHENANDBATHROOMLOUNGE,PA5,KITCHENANDBATHROOMLOUNGE|PA5,total-exemption-full,2021-10-31,,True,,47599,False,,,,False,False,8.24640657084189,47599,Other,4,False,active
SC604253,MANOR CONSULTANCY SERVICES LTD,active,ltd,2018-08-02,Manortoun,Manor,Peebles,EH45 9JN,United Kingdom,"['01500', '02400', '70229']",MANORCONSULTANCY,EH45,MANORCONSULTANCY|EH45,micro-entity,2024-08-31,2026-05-31,True,False,01500;02400;70229,True,,,,False,False,7.422313483915127,01500,Other,4,False,active
SC626791,ROBERT WALKER ELECTRICAL LIMITED,active,ltd,2019-04-05,1 Edgelaw Cottages,,Gorebridge,EH23 4SW,,"['43210', '43220']",ROBERTWALKERELECTRICAL,EH23,ROBERTWALKERELECTRICAL|EH23,dormant,2024-10-31,2026-07-31,True,False,43210;43220,True,,,,False,False,6.74880219028063,43210,Buildings,4,False,active
SC640540,DESSERT GROUP LTD,active,ltd,2019-09-03,29c Harbour Place,,Ardrossan,KA22 8BU,Scotland,['56102'],DESSERT,KA22,DESSERT|KA22,dormant,2024-09-30,2026-06-30,True,False,56102,True,,,,False,False,6.335386721423682,56102,Other,4,False,active
00662603,"GEO,AUSDEN LIMITED",active,ltd,1960-06-20,"253, Lower High Street,","Watford,",Hertfordshire,WD17 2HW,,['46770'],GEOAUSDEN,WD17,GEOAUSDEN|WD17,total-exemption-full,2024-12-31,2026-09-30,True,False,46770,False,,,,False,False,65.53867214236824,46770,Other,3,False,active
00989529,ALDEBURGH BOOKSHOP LIMITED,active,ltd,1970-09-17,42 High Street,Aldeburgh,Suffolk,IP15 5AB,,['47610'],ALDEBURGHBOOKSHOP,IP15,ALDEBURGHBOOKSHOP|IP15,total-exemption-full,2025-02-28,2026-11-30,True,False,47610,False,,,,False,False,55.29637234770705,47610,Other,3,False,active
02381347,IMAGEDISPLAY LIMITED,active,ltd,1989-05-09,"Morton House, 9 Beacon Court",Pitstone Green Business Park,Pitstone,LU7 9GY,,['74990'],IMAGEDISPLAY,LU7,IMAGEDISPLAY|LU7,total-exemption-full,2024-12-31,2026-09-30,True,False,74990,False,,,,False,False,36.65434633812457,74990,Other,3,False,active
02758638,SWALLOW AQUATICS (RAYLEIGH) LIMITED,active,ltd,1992-10-23,7 - 8 Britannia Business Park,Comet Way,Southend On Sea,SS2 6GE,England,['47760'],SWALLOWAQUATICSRAYLEIGH,SS2,SWALLOWAQUATICSRAYLEIGH|SS2,small,2024-01-31,2026-01-31,True,False,47760,False,,,,False,False,33.19644079397673,47760,Other,3,False,active
02948875,ADVANCED HEATING SYSTEMS LTD,active,ltd,1994-07-14,Avebury House,6 Saint Peter Street,Winchester,SO23 8BN,,['62020'],ADVANCEDHEATINGSYSTEMS,SO23,ADVANCEDHEATINGSYSTEMS|SO23,total-exemption-full,2024-04-05,2026-01-05,True,False,62020,False,,,,False,False,31.474332648870636,62020,Other,3,False,active
03379517,TREVOR JONES BRASS & WOODWIND LIMITED,active,ltd,1997-06-02,13 Christmas Steps,Bristol,,BS1 5BS,,['47591'],TREVORJONESBRASSANDWOODWIND,BS1,TREVORJONESBRASSANDWOODWIND|BS1,total-exemption-full,2024-08-31,2026-05-31,True,False,47591,False,,,,False,False,28.588637919233403,47591,Other,3,False,active
03472752,FENNER ENERKA HOLDINGS UK LIMITED,active,ltd,1997-11-28,Hesslewood Country Office Park,Ferriby Road,Hessle,HU13 0PW,,['7487'],FENNERENERKA,HU13,FENNERENERKA|HU13,full,2007-08-31,2009-06-30,True,True,7487,True,,,,False,False,28.098562628336754,7487,Other,3,False,active
03869864,LISCR (UK) LIMITED,active,ltd,1999-11-02,The Courtyard Shoreham Road,Upper Beeding,Steyning,BN44 3TN,United Kingdom,['99000'],LISCRUK,BN44,LISCRUK|BN44,small,2024-12-31,2026-09-30,True,False,99000,False,,,,False,False,26.171115674195757,99000,Other,3,False,active
04004773,JONES & SONS CARPETS & BLINDS LTD,active,ltd,2000-05-31,6 Carlton Road,Romford,Essex,RM2 5AA,,['47530'],JONESANDSONSCARPETSANDBLINDS,RM2,JONESANDSONSCARPETSANDBLINDS|RM2,total-exemption-full,2024-05-31,2026-02-28,True,False,47530,False,,,,False,False,25.593429158110883,47530,Other,3,False,active
04469516,KORDIS LIMITED,active,ltd,2002-06-25,1 Brassey Road,Old Potts Way,Shrewsbury,SY3 7FA,,['82990'],KORDIS,SY3,KORDIS|SY3,small,2024-12-31,2026-09-30,True,False,82990,False,,,,False,False,23.526351813826146,82990,Buildings,3,False,active
04503691,JONATHAN PEARSON ENGINEERING LIMITED,active,ltd,2002-08-05,27 Windsor Road,Newark,Nottinghamshire,NG24 4HX,,['71122'],JONATHANPEARSONENGINEERING,NG24,JONATHANPEARSONENGINEERING|NG24,total-exemption-full,2024-08-31,2026-05-31,True,False,71122,False,,,,False,False,23.41409993155373,71122,Other,3,False,active
04987476,MICHAEL MCKELL LIMITED,active,ltd,2003-12-08,"Chapel Cottage, 5/7 Head Street",Goldhanger,Maldon,CM9 8AY,,['90010'],MICHAELMCKELL,CM9,MICHAELMCKELL|CM9,total-exemption-full,2024-12-31,2026-09-30,True,False,90010,False,,,,False,False,22.072553045859,90010,Other,3,False,active
05131135,REGIONAL ENVIRONMENTAL SERVICES LIMITED,active,ltd,2004-05-18,St Marys House,Netherhampton,Salisbury,SP2 8PU,,['96090'],REGIONALENVIRONMENTAL,SP2,REGIONALENVIRONMENTAL|SP2,total-exemption-full,2024-03-31,2026-03-31,True,False,96090,False,,,,False,False,21.6290212183436,96090,Other,3,False,active
06201601,ROTHERHAM TAYLOR LIMITED,active,ltd,2007-04-03,21 Navigation Business Village,Navigation Way Ashton-On-Ribble,Preston,PR2 2YP,,['69201'],ROTHERHAMTAYLOR,PR2,ROTHERHAMTAYLOR|PR2,total-exemption-full,2024-08-31,2026-05-31,True,False,69201,False,,,,False,False,18.754277891854894,69201,Other,3,False,active
06212184,P K FINANCIAL LIMITED,active,ltd,2007-04-13,253 Gray's Inn Road,London,,WC1X 8QT,,['64999'],PKFINANCIAL,WC1X,PKFINANCIAL|WC1X,total-exemption-full,2024-12-31,2026-09-30,True,False,64999,False,,,,False,False,18.72689938398357,64999,Other,3,False,active
06592173,RESORT SOLUTIONS HOLDINGS LIMITED,active,ltd,,Hallswelle House,1 Hallswelle Road,London,NW11 0DH,England,['70100'],RESORTSOLUTIONS,NW11,RESORTSOLUTIONS|NW11,,,,False,,,True,,,,False,False,,,Other,3,False,active
07062982,AAROGYA LIMITED,active,ltd,2009-10-31,"6th Floor, 2 London Wall Place",,London,EC2Y 5AU,England,['47730'],AAROGYA,EC2Y,AAROGYA|EC2Y,audit-exemption-subsidiary,2024-10-31,2026-07-31,True,False,47730,False,,,,False,False,16.175222450376456,47730,Other,3,False,active
07159800,STYLITO ARTS LTD,active,ltd,2010-02-17,40 Delamere Road,,Hayes,UB4 0NN,,['46499'],STYLITOARTS,UB4,STYLITOARTS|UB4,total-exemption-full,2025-01-31,2026-10-31,True,False,46499,False,,,,False,False,15.876796714579056,46499,Other,3,False,active
07164959,SUSSEX REFURBISHMENTS LTD,active,ltd,2010-02-22,5 Clinch Green Avenue,,Bexhill-On-Sea,TN39 5HN,England,"['43220', '43330', '43341', '43390']",SUSSEXREFURBISHMENTS,TN39,SUSSEXREFURBISHMENTS|TN39,micro-entity,2022-02-28,2024-02-29,True,True,43220;43330;43341;43390,True,,,,False,False,15.863107460643395,43220,Buildings,3,False,active
08381718,PEAK FACTOR CONSULTING LTD,active,ltd,2013-01-30,129 Station Road,,London,NW4 4NJ,,['96090'],PEAKFACTORCONSULTING,NW4,PEAKFACTORCONSULTING|NW4,total-exemption-full,2025-01-31,2026-10-31,True,False,96090,False,,,,False,False,12.92539356605065,96090,Other,3,False,active
08955629,RENFUL SYSTEMS LIMITED,active,ltd,2014-03-24,5 North End Road,,London,NW11 7RJ,,['99999'],RENFULSYSTEMS,NW11,RENFULSYSTEMS|NW11,total-exemption-full,2024-12-31,2026-10-07,True,False,99999,False,,,,False,False,11.780971937029431,99999,Other,3,False,active
09014719,RAIL EURO CONSULTING LTD,active,ltd,2014-04-28,82 Green Hills,,Harlow,CM20 3SY,England,"['43290', '43390']",RAILEUROCONSULTING,CM20,RAILEUROCONSULTING|CM20,micro-entity,2020-04-30,2022-01-31,True,True,43290;43390,True,,,,False,False,11.685147159479808,43290,Buildings,3,False,active
09068458,WHISKYINVESTDIRECT LTD,active,ltd,2014-06-03,"7th Floor, 3 Shortlands Shortlands",,London,W6 8DA,England,['62090'],WHISKYINVESTDIRECT,W6,WHISKYINVESTDIRECT|W6,small,2024-10-31,2026-07-31,True,False,62090,False,,,,False,False,11.586584531143053,62090,Other,3,False,active
09382629,M2C1 LIMITED,active,ltd,2015-01-12,1 Derwent Business Centre,Clarke Street,Derby,DE1 2BU,,['59120'],M2C1,DE1,M2C1|DE1,total-exemption-full,2025-01-31,2026-10-31,True,False,59120,False,,,,False,False,10.976043805612594,59120,Other,3,False,active
09983225,ARC TRANSPORT SERVICES LIMITED,active,ltd,2016-02-02,12f Longney Place,Patchway,Bristol,BS34 5LQ,England,"['43999', '49410']",ARCTRANSPORT,BS34,ARCTRANSPORT|BS34,micro-entity,2023-03-31,2024-12-31,True,True,43999;49410,True,,,,False,False,9.919233401779604,43999,Buildings,3,False,active
10027000,ZAMAN CONSTRUCTIONS LTD,active,ltd,2016-02-25,"2-3 Office 4 Roebuck House, 2-3 Cromwell Centre",Hainault Business Park,Ilford,IG6 3UT,England,"['43330', '43341', '43390']",ZAMANCONSTRUCTIONS,IG6,ZAMANCONSTRUCTIONS|IG6,micro-entity,2022-02-28,2024-02-29,True,True,43330;43341;43390,True,,,,False,False,9.856262833675565,43330,Buildings,3,False,active
10170735,IMPACT FOR CHANGE LTD,active,ltd,2016-05-09,Canns Down Press,Beaford,Winkleigh,EX19 8LZ,England,['87900'],IMPACTFORCHANGE,EX19,IMPACTFORCHANGE|EX19,unaudited-abridged,2025-03-30,2026-12-30,True,False,87900,False,,,,False,False,9.653661875427789,87900,Other,3,False,active
10348113,1 OF 1 WORLD LIMITED,active,ltd,2016-08-26,"Suite 123, 8 Duncan Street",,London,N1 8BW,England,"['59112', '63990', '82990', '96090']",1OF1WORLD,N1,1OF1WORLD|N1,total-exemption-full,2023-03-31,2024-12-30,True,True,59112;63990;82990;96090,True,,,,False,False,9.35523613963039,59112,Other,3,False,active
10633409,NUNUDE LIMITED,active,ltd,2017-02-22,26 Dunster Drive 26 Dunster Drive,,London,NW9 8EJ,England,"['14190', '47190']",NUNUDE,NW9,NUNUDE|NW9,dormant,2024-02-28,2025-11-30,True,True,14190;47190,True,,,,False,False,8.862422997946611,14190,Industrial,3,False,active
10682763,PRECIOUS HAIR AND BEAUTY SALON LIMITED,active,ltd,2017-03-21,35 Church Street,Waddon,Croydon,CR0 1RH,England,"['82990', '96020']",PRECIOUSHAIRANDBEAUTYSALON,CR0,PRECIOUSHAIRANDBEAUTYSALON|CR0,micro-entity,2021-03-31,2022-12-31,True,True,82990;96020,True,,,,False,False,8.788501026694044,82990,Buildings,3,False,active
10701504,FABULOUS PROPERTY MANAGEMENT LTD,active,ltd,2017-03-31,171 Culverley Road,,London,SE6 2JZ,United Kingdom,"['74100', '98000']",FABULOUSPROPERTYMANAGEMENT,SE6,FABULOUSPROPERTYMANAGEMENT|SE6,total-exemption-full,2018-03-31,2019-12-31,True,True,74100;98000,True,,,,False,False,8.761122518822724,74100,Other,3,False,active
10703058,BEAUTIFUL ESTATES GROUP LTD,active,ltd,,50 Princes Street,,Ipswich,IP1 1RJ,England,"['68209', '68310', '68320']",BEAUTIFULESTATES,IP1,BEAUTIFULESTATES|IP1,,,,False,,,True,,,,False,False,,,Other,3,False,active
10733978,DEMO GROUP LIMITED,active,ltd,2017-04-21,Providence Yard,Wormald Street,Liversedge,WF15 6AR,England,"['41100', '42990', '43110', '43120']",DEMO,WF15,DEMO|WF15,micro-entity,2022-04-30,2024-01-31,True,True,41100;42990;43110;43120,True,,,,False,False,8.70362765229295,41100,Buildings,3,False,active
10743679,INTEQ LIMITED,active,ltd,2017-04-27,8 Deben Mill Business Centre,Old Maltings Approach,Woodbridge,IP12 1BL,United Kingdom,['74100'],INTEQ,IP12,INTEQ|IP12,unaudited-abridged,2024-09-30,2026-06-30,True,False,74100,False,,,,False,False,8.687200547570157,74100,Other,3,False,active
10938999,TREW HOLDINGS LTD,active,ltd,2017-08-30,4 Low Moor Road,,Lincoln,LN6 3JY,United Kingdom,['68100'],TREW,LN6,TREW|LN6,,,2019-05-30,False,True,68100,True,,,,False,False,8.344969199178644,68100,Buildings,3,False,active
10991503,SERGIU'S SOLUTIONS LTD,active,ltd,2017-10-02,63 Southgate Way,,Dudley,DY1 3HN,England,"['41201', '49410', '52103']",SERGIUSSOLUTIONS,DY1,SERGIUSSOLUTIONS|DY1,unaudited-abridged,2020-10-31,2022-07-31,True,True,41201;49410;52103,True,,,,False,False,8.254620123203285,41201,Buildings,3,False,active
11415320,SECURACAR LTD,active,ltd,2018-06-14,5a Church Road South,Woolton Village,Liverpool,L25 7RJ,England,['45320'],SECURACAR,L25,SECURACAR|L25,total-exemption-full,2024-05-31,2026-02-28,True,False,45320,False,,,,False,False,7.5564681724846,45320,Other,3,False,active
11424852,TYREWISE NORTHWICH LTD,active,ltd,2018-06-20,Unit 1 Canal Walk,Rudheath,Northwich,CW9 7XP,United Kingdom,['47190'],TYREWISENORTHWICH,CW9,TYREWISENORTHWICH|CW9,total-exemption-full,2025-04-30,2027-01-31,True,False,47190,False,,,,False,False,7.540041067761807,47190,Other,3,False,active
11439429,INDIGO RENOVATIONS LIMITED,active,ltd,2018-06-28,85 Great Portland Street,,London,W1W 7LT,England,"['43310', '43341', '95290', '98000']",INDIGORENOVATIONS,W1W,INDIGORENOVATIONS|W1W,total-exemption-full,2020-06-30,2022-03-31,True,True,43310;43341;95290;98000,True,,,,False,False,7.51813826146475,43310,Buildings,3,False,active
11721839,LIBERTY HOUSING GROUP LTD,active,ltd,,37 George Close,,Canvey Island,SS8 9PU,United Kingdom,"['68100', '68209', '68320']",LIBERTYHOUSING,SS8,LIBERTYHOUSING|SS8,,,,False,,,True,,,,False,False,,,Other,3,False,active
11931041,ROWSE HOLDING COMPANY LIMITED,active,ltd,2019-04-08,Varfell Park,,Long Rock,TR20 8LD,United Kingdom,['64209'],ROWSEHOLDINGCOMPANY,TR20,ROWSEHOLDINGCOMPANY|TR20,total-exemption-full,2024-04-30,2026-01-31,True,False,64209,False,,,,False,False,6.740588637919234,64209,Other,3,False,active
11965192,UNCORKED COMMUNICATIONS LTD,active,ltd,2019-04-26,5th Floor 30-31 Furnival Street,,London,EC4A 1JQ,United Kingdom,['70210'],UNCORKEDCOMMUNICATIONS,EC4A,UNCORKEDCOMMUNICATIONS|EC4A,total-exemption-full,2024-04-30,2026-01-31,True,False,70210,False,,,,False,False,6.691307323750856,70210,Other,3,False,active
11990369,FOSTEC SYSTEMS LIMITED,active,ltd,2019-05-10,Dunelm Doncaster Road,Brayton,Selby,YO8 9EG,England,['80200'],FOSTECSYSTEMS,YO8,FOSTECSYSTEMS|YO8,total-exemption-full,2024-05-31,2026-02-28,True,False,80200,False,,,,False,False,6.652977412731006,80200,Other,3,False,active
11996581,BLUE MORPHO CONSULTING LTD,active,ltd,2019-05-15,First Floor,44 High Street,Newport Pagnell,MK16 8AQ,,['82990'],BLUEMORPHOCONSULTING,MK16,BLUEMORPHOCONSULTING|MK16,total-exemption-full,2024-05-31,2026-02-28,True,False,82990,False,,,,False,False,6.639288158795345,82990,Buildings,3,False,active
12040463,PEAR TREE RESIDENTIAL CARE LIMITED,active,ltd,2019-06-10,1-10 Sitwell Street,Cleveland Street,Kingston Upon Hull,HU8 7BE,United Kingdom,['87300'],PEARTREERESIDENTIALCARE,HU8,PEARTREERESIDENTIALCARE|HU8,total-exemption-full,2024-10-31,2026-07-30,True,False,87300,False,,,,False,False,6.568104038329911,87300,Other,3,False,active
12099832,ADDERSTONE (212) LIMITED,active,ltd,2019-07-12,"Nelson House The Fleming, Burdon Terrace",Jesmond,Newcastle Upon Tyne,NE2 3AE,England,"['68100', '68209']",ADDERSTONE212,NE2,ADDERSTONE212|NE2,total-exemption-full,2024-03-31,2025-12-31,True,True,68100;68209,True,,,,False,False,6.480492813141684,68100,Buildings,3,False,active
12171781,TILSTON BUSINESS SOLUTIONS LTD,active,ltd,2019-08-23,Hop Cottage Sadlers Hill,Goodnestone,Canterbury,CT3 1PF,England,['74909'],TILSTONBUSINESSSOLUTIONS,CT3,TILSTONBUSINESSSOLUTIONS|CT3,total-exemption-full,2024-08-31,2026-05-31,True,False,74909,False,,,,False,False,6.365503080082136,74909,Other,3,False,active
12195976,PRODUCTS SOURCING LTD,active,ltd,2019-09-09,"Level 3, Redcar Beacon",Esplanade,Redcar,TS10 3AA,England,['47990'],PRODUCTSSOURCING,TS10,PRODUCTSSOURCING|TS10,total-exemption-full,2024-09-30,2026-06-30,True,False,47990,False,,,,False,False,6.31895961670089,47990,Other,3,False,active
12293966,TECREA ANIMAL HEALTH LIMITED,active,ltd,2019-11-01,London Bioscience Innovation Centre,Royal College Street,London,NW1 0NH,England,['72110'],TECREAANIMALHEALTH,NW1,TECREAANIMALHEALTH|NW1,total-exemption-full,2024-11-30,2026-08-31,True,False,72110,False,,,,False,False,6.1738535249828885,72110,Other,3,False,active
12387679,TOP SHEET CLADDING LIMITED,active,ltd,2020-01-06,Equitable House 55,Pellon Lane,Halifax,HX1 5SP,United Kingdom,"['43330', '43390']",TOPSHEETCLADDING,HX1,TOPSHEETCLADDING|HX1,total-exemption-full,2022-01-31,2024-01-31,True,True,43330;43390,True,,,,False,False,5.993155373032169,43330,Buildings,3,False,active
12439146,STAY SAFE SCAFFOLDING LTD,active,ltd,2020-02-03,5 Beauchamp Court,Victors Way,Barnet,EN5 5TZ,England,"['43991', '43999']",STAYSAFESCAFFOLDING,EN5,STAYSAFESCAFFOLDING|EN5,total-exemption-full,2023-02-26,2024-11-26,True,True,43991;43999,True,,,,False,False,5.916495550992471,43991,Buildings,3,False,active
12442652,DCWORKS LIMITED,active,ltd,2020-02-04,Unit 331-332 Hartlebury Trading Estate,Hartlebury,Kidderminster,DY10 4JB,England,['74100'],DCWORKS,DY10,DCWORKS|DY10,total-exemption-full,2025-02-28,2026-11-30,True,False,74100,False,,,,False,False,5.9137577002053385,74100,Other,3,False,active
12478749,ADIS GROUP LTD,active,ltd,,4 St. Edmunds Drive,,Stanmore,HA7 2AU,England,"['41201', '41202']",ADIS,HA7,ADIS|HA7,,,,False,,,True,,,,False,False,,,Other,3,False,active
12560278,CHESHIRE COLOURS LTD,active,ltd,2020-04-16,Suite 4102 Charlotte House Queens Dock Business Centre,Norfolk Street,Liverpool,L1 0BG,,['43341'],CHESHIRECOLOURS,L1,CHESHIRECOLOURS|L1,total-exemption-full,2024-04-30,2026-01-31,True,False,43341,False,,,,False,False,5.716632443531828,43341,Buildings,3,False,active
12560582,RH FLOORING LIMITED,active,ltd,2020-04-16,20 Hawthorn Way,Hartshill,Nuneaton,CV10 0XQ,United Kingdom,['43330'],RHFLOORING,CV10,RHFLOORING|CV10,unaudited-abridged,2024-04-30,2026-01-31,True,False,43330,False,,,,False,False,5.716632443531828,43330,Buildings,3,False,active
12586126,L PRIMERO LTD,active,ltd,2020-05-05,7 First Floor Front Flat,Caledonia Place,Bristol,BS8 4DH,United Kingdom,['47990'],LPRIMERO,BS8,LPRIMERO|BS8,total-exemption-full,2025-05-31,2027-02-28,True,False,47990,False,,,,False,False,5.664613278576318,47990,Other,3,False,active
12586457,MUMMA SUE'S LIMITED,active,ltd,2020-05-05,5 Minton Place,Victoria Road,Bicester,OX26 6QB,England,['56103'],MUMMASUES,OX26,MUMMASUES|OX26,total-exemption-full,2024-05-31,2026-02-28,True,False,56103,False,,,,False,False,5.664613278576318,56103,Other,3,False,active
12817509,MIROXNICH CLOTHING LTD,active,ltd,2020-08-17,27 The Dashes,,Harlow,CM20 3RP,England,['47910'],MIROXNICHCLOTHING,CM20,MIROXNICHCLOTHING|CM20,total-exemption-full,2024-08-31,2026-05-31,True,False,47910,False,,,,False,False,5.379876796714579,47910,Other,3,False,active
12825526,SANCTUARY REVIEWS & STORAGE LTD,active,ltd,2020-08-19,41a Lawton Road,,Alsager,ST7 2AA,United Kingdom,['96090'],SANCTUARYREVIEWSANDSTORAGE,ST7,SANCTUARYREVIEWSANDSTORAGE|ST7,total-exemption-full,2024-08-31,2026-05-31,True,False,96090,False,,,,False,False,5.374401095140315,96090,Other,3,False,active
12841935,ALAKA LTD,active,ltd,2020-08-27,7b King Street,Mildenhall,Bury St. Edmunds,IP28 7EZ,England,['56102'],ALAKA,IP28,ALAKA|IP28,total-exemption-full,2024-07-31,2026-04-30,True,False,56102,False,,,,False,False,5.352498288843258,56102,Other,3,False,active
NI036654,A C W DEVELOPMENTS LTD,active,ltd,1999-08-02,19 Knockan Terrace Broughshane,,Ballymena,BT43 7HA,Northern Ireland,"['01420', '01450', '68100']",ACWDEVELOPMENTS,BT43,ACWDEVELOPMENTS|BT43,total-exemption-full,2020-03-30,2021-12-30,True,True,01420;01450;68100,True,,,,False,False,26.42299794661191,01420,Other,3,False,active
NI607563,RESOURCE (NO.1) LIMITED,active,ltd,2011-05-24,Edgewater Business Park,8 Edgewater Road,Belfast,BT3 9JQ,,['70100'],RESOURCENO1,BT3,RESOURCENO1|BT3,group,2012-09-30,2014-06-30,True,True,70100,True,,,,False,False,14.614647501711156,70100,Other,3,False,active
NI620386,BRANNOCK TRADING LIMITED,active,ltd,2013-09-12,6 Brannock Meadows,Poyntzpass,Newry,BT35 6UD,Northern Ireland,"['43120', '46900', '77320']",BRANNOCKTRADING,BT35,BRANNOCKTRADING|BT35,unaudited-abridged,2019-09-30,2021-06-30,True,True,43120;46900;77320,True,,,,False,False,12.309377138945928,43120,Buildings,3,False,active
NI620823,KERR FARMS LIMITED,active,ltd,2013-10-09,38 Gortin Road,,Omagh,BT79 7HX,Northern Ireland,['01460'],KERRFARMS,BT79,KERRFARMS|BT79,unaudited-abridged,2024-10-31,2026-07-31,True,False,01460,False,,,,False,False,12.235455167693361,01460,Other,3,False,active
NI652344,BARROS D'SA & LEYBURN LIMITED,active,ltd,2018-04-12,10 Mallview Terrace Mall West,,Armagh,BT61 9AN,United Kingdom,['90030'],BARROSDSAANDLEYBURN,BT61,BARROSDSAANDLEYBURN|BT61,total-exemption-full,2024-04-30,2026-01-31,True,False,90030,False,,,,False,False,7.728952772073922,90030,Other,3,False,active
NI652931,DMR MECHANICAL LTD,active,ltd,2018-05-10,115 Aughrim Road,Castledawson,Magherafelt,BT45 8HB,Northern Ireland,['43220'],DMRMECHANICAL,BT45,DMRMECHANICAL|BT45,unaudited-abridged,2025-05-31,2027-02-28,True,False,43220,False,,,,False,False,7.652292950034223,43220,Buildings,3,False,active
SC006657,SUNARIAN HOLDINGS LIMITED (81/7),active,ltd,1917-12-01,7 West George Street,,Glasgow,G2 1BA,,,SUNARIANHOLDINGSLIMITED817,G2,SUNARIANHOLDINGSLIMITED817|G2,null,,,False,,,True,,,,False,False,108.09034907597535,,Other,3,False,active
SC032630,GRAHAM MCGRATH LIMITED,active,ltd,1957-10-28,27-29 Eastgate,Peebles,Scottish Borders,EH45 8AB,,['47710'],GRAHAMMCGRATH,EH45,GRAHAMMCGRATH|EH45,total-exemption-full,2024-10-31,2026-07-31,True,False,47710,False,,,,False,False,68.18343600273785,47710,Other,3,False,active
SC054039,EXECUTIVE BENEFIT SERVICES (U.K.) LIMITED,active,ltd,1973-09-18,Ebs House,25 Hope Street,Lanark,ML11 7NE,,['66290'],EXECUTIVEBENEFITSERVICESUK,ML11,EXECUTIVEBENEFITSERVICESUK|ML11,total-exemption-full,2024-12-31,2026-09-30,True,False,66290,False,,,,False,False,52.29295003422313,66290,Other,3,False,active
SC114687,CROSSMATCH RECRUITMENT LIMITED,active,ltd,1988-11-24,C/O Rel Group Ltd Block 15,Dubbs Road,Port Glasgow,PA14 5LG,Scotland,"['78109', '78200']",CROSSMATCHRECRUITMENT,PA14,CROSSMATCHRECRUITMENT|PA14,total-exemption-full,2019-05-31,2021-05-31,True,True,78109;78200,True,,,,False,False,37.1088295687885,78109,Other,3,False,active
SC203352,DEBI GLIORI LIMITED,active,ltd,2000-01-27,17 Letham Mains Holdings,Haddington,East Lothian,EH41 4NW,,['90030'],DEBIGLIORI,EH41,DEBIGLIORI|EH41,total-exemption-full,2025-01-31,2026-10-31,True,False,90030,False,,,,False,False,25.935660506502394,90030,Other,3,False,active
SC277836,FWM DEVELOPMENTS LIMITED,active,ltd,2004-12-23,28 Forest Road,,Aberdeen,AB15 4BS,,"['68100', '68209']",FWMDEVELOPMENTS,AB15,FWMDEVELOPMENTS|AB15,total-exemption-full,2023-12-31,2025-09-30,True,True,68100;68209,True,,,,False,False,21.02943189596167,68100,Buildings,3,False,active
SC301883,HAYES OF SYMINGTON LIMITED,active,ltd,2006-05-05,Hayes Garden Land,"Tarbolten Road, Symington",Kilmarnock,KA1 5PD,,['56290'],HAYESOFSYMINGTON,KA1,HAYESOFSYMINGTON|KA1,total-exemption-full,2024-12-31,2026-09-30,True,False,56290,False,,,,False,False,19.665982203969882,56290,Other,3,False,active
SC355425,CAREVIEW HOMES LIMITED,active,ltd,2009-02-23,68 Mill Street,,Alloa,FK10 1DY,Scotland,['86900'],CAREVIEWHOMES,FK10,CAREVIEWHOMES|FK10,unaudited-abridged,2025-02-28,2026-11-30,True,False,86900,False,,,,False,False,16.859685147159478,86900,Other,3,False,active
SC442091,SLM  WELL SERVICES LIMITED,active,ltd,2013-02-06,16 Tayview Drive,Liff,Dundee,DD2 5PF,,"['06100', '06200']",SLMWELL,DD2,SLMWELL|DD2,total-exemption-full,2020-01-31,2021-10-31,True,True,06100;06200,True,,,,False,False,12.906228610540726,06100,Industrial,3,False,active
SC508684,SCOTT MCDADE LTD,active,ltd,2015-06-18,9 9 Mansel Street,,Glasgow,G21 4JJ,Scotland,"['33170', '43210']",SCOTTMCDADE,G21,SCOTTMCDADE|G21,micro-entity,2019-06-30,2021-06-30,True,True,33170;43210,True,,,,False,False,10.546201232032855,33170,Industrial,3,False,active
SC551780,NTG LIMITED,active,ltd,2016-12-05,17 Troon Troon Terrace,,Dundee,DD2 3FX,Scotland,"['41100', '41201', '42110', '42120']",NTG,DD2,NTG|DD2,dormant,2020-12-31,2022-09-30,True,True,41100;41201;42110;42120,True,,,,False,False,9.078713210130047,41100,Buildings,3,False,active
SC555304,AVITEC ENGINEERING LIMITED,active,ltd,2017-01-23,1 Alder Green,,Irvine,KA11 1LB,Scotland,"['33160', '33170']",AVITECENGINEERING,KA11,AVITECENGINEERING|KA11,micro-entity,2020-01-31,2021-10-31,True,True,33160;33170,True,,,,False,False,8.944558521560575,33160,Industrial,3,False,active
SC556818,SHOPCOM LIMITED,active,ltd,2017-02-07,21 Crown Terrace,,Aberdeen,AB11 6HD,Scotland,"['56302', '68100', '68209', '68320']",SHOPCOM,AB11,SHOPCOM|AB11,total-exemption-full,2023-02-28,2024-11-30,True,True,56302;68100;68209;68320,True,,,,False,False,8.903490759753593,56302,Other,3,False,active
SC570932,CASHLEY CATERING LTD,active,ltd,2017-07-11,Active Health 302 Queen Street,Broughty Ferry,Dundee,DD5 2HQ,Scotland,"['56101', '56102', '56210']",CASHLEYCATERING,DD5,CASHLEYCATERING|DD5,total-exemption-full,2022-07-31,2024-04-30,True,True,56101;56102;56210,True,,,,False,False,8.48186173853525,56101,Other,3,False,active
SC571039,CONCEPT SERVICES LE GROUPE LIMITED,active,ltd,2017-07-12,88 Machrie Way 88 Machrie Way,,Kilmanorck,KA1 2FH,Scotland,['96090'],CONCEPTSERVICESLEGROUPE,KA1,CONCEPTSERVICESLEGROUPE|KA1,total-exemption-full,2021-07-31,2023-04-30,True,True,96090,True,,,,False,False,8.479123887748118,96090,Other,3,False,active
SC591910,SPEYBURN CONSTRUCTION LTD,active,ltd,2018-03-20,17 Wellgate Street,,Larkhall,ML9 2AG,Scotland,"['43320', '43390']",SPEYBURNCONSTRUCTION,ML9,SPEYBURNCONSTRUCTION|ML9,total-exemption-full,2022-03-31,2023-12-31,True,True,43320;43390,True,,,,False,False,7.79192334017796,43320,Buildings,3,False,active
SC593054,PEPPERSTAWN LTD,active,ltd,2018-04-03,268 Birkhall Parade,,Aberdeen,AB16 5RA,Scotland,"['84120', '87200']",PEPPERSTAWN,AB16,PEPPERSTAWN|AB16,full,2021-04-30,2023-01-31,True,True,84120;87200,True,,,,False,False,7.753593429158111,84120,Other,3,False,active
SC598964,PAISLEY DRINKS CO. LTD,active,ltd,2018-06-04,New Alloa Brewery,Kelliebank,Alloa,FK10 1NT,Scotland,"['11070', '46341']",PAISLEYDRINKSCO,FK10,PAISLEYDRINKSCO|FK10,total-exemption-full,2021-06-30,2023-06-30,True,True,11070;46341,True,,,,False,False,7.58384668035592,11070,Industrial,3,False,active
SC647160,MR GEORGE GROUP LIMITED,active,ltd,,3 Byres Road,,Glasgow,G11 5RG,Scotland,"['47910', '56290', '61100']",MRGEORGE,G11,MRGEORGE|G11,,,,False,,,True,,,,False,False,,,Other,3,False,active
SC658348,DCI WHOLESALE LIMITED,active,ltd,2020-03-26,5 Tarbet Street,,Gourock,PA19 1UF,Scotland,['46380'],DCIWHOLESALE,PA19,DCIWHOLESALE|PA19,total-exemption-full,2025-03-31,2026-12-31,True,False,46380,False,,,,False,False,5.774127310061601,46380,Other,3,False,active
00523009,PREPARED FOODS GROUP LIMITED,active,ltd,1953-08-25,The Innovation Centre,Warwick Technology Park,Gallows Hill,CV34 6UW,,['10890'],PREPAREDFOODS,CV34,PREPAREDFOODS|CV34,dormant,2012-03-31,2013-12-31,True,True,10890,True,,,,False,False,72.3586584531143,10890,Industrial,2,False,active
03997800,BLACKPOOL VISIONPLUS LIMITED,active,ltd,2000-05-19,Unit 3 26 Victoria Street,,Blackpool,FY1 4RW,,['47782'],BLACKPOOLVISIONPLUS,FY1,BLACKPOOLVISIONPLUS|FY1,audit-exemption-subsidiary,2025-02-28,2026-11-30,True,False,47782,False,,,,False,False,25.626283367556468,47782,Other,2,False,active
04366491,ORIGINAL WINDOWS LIMITED,active,ltd,2002-02-04,32 Raleigh Road,Enfield,Middlesex,EN2 6UB,,"['43320', '43342', '43999']",ORIGINALWINDOWS,EN2,ORIGINALWINDOWS|EN2,dormant,2024-03-31,2025-12-31,True,True,43320;43342;43999,True,,,,False,False,23.912388774811774,43320,Buildings,2,False,active
05846276,HASMAR RETAIL LIMITED,active,ltd,2006-06-14,"Suite 3, 91 Mayflower Street",,Plymouth,PL1 1SB,England,"['47210', '47250']",HASMARRETAIL,PL1,HASMARRETAIL|PL1,micro-entity,2022-06-30,2024-03-31,True,True,47210;47250,True,,,,False,False,19.5564681724846,47210,Other,2,False,active
06766593,VERTIGOWOOD LTD,active,ltd,2008-12-05,Kings Suite 4th Floor Amba House,15 College Road,Harrow,HA1 1BA,,"['41100', '43330', '68100', '68209']",VERTIGOWOOD,HA1,VERTIGOWOOD|HA1,micro-entity,2023-05-19,2025-02-19,True,True,41100;43330;68100;68209,True,,,,False,False,17.078713210130047,41100,Buildings,2,False,active
06912268,GLOBCON LIMITED,active,ltd,2009-05-21,112 Princes Gardens,,London,W3 0LJ,,"['68100', '68209']",GLOBCON,W3,GLOBCON|W3,micro-entity,2018-05-31,2020-02-29,True,True,68100;68209,True,,,,False,False,16.621492128678987,68100,Buildings,2,False,active
06963132,PETRO-CHEM TECHNOLOGIES LIMITED,active,ltd,2009-07-15,47 Bury New Road,Prestwich,Manchester,M25 9JY,,"['19209', '20590', '72200', '74909']",PETROCHEMTECHNOLOGIES,M25,PETROCHEMTECHNOLOGIES|M25,total-exemption-small,2013-07-31,2015-04-30,True,True,19209;20590;72200;74909,True,,,,False,False,16.470910335386723,19209,Industrial,2,False,active
07159986,CCP (LONDON) LIMITED,active,ltd,2010-02-17,7 St. Petersgate,,Stockport,SK1 1EB,England,['52219'],CCPLONDON,SK1,CCPLONDON|SK1,total-exemption-full,2022-02-28,2024-02-29,True,True,52219,False,,,,False,False,15.876796714579056,52219,Transport,2,False,active
07228222,CELANDINE CAPITAL UK LTD,active,ltd,2010-04-20,Flat 504 21 New Village Avenue,,London,E14 0GL,United Kingdom,"['64303', '70229']",CELANDINECAPITAL,E14,CELANDINECAPITAL|E14,micro-entity,2022-04-30,2024-01-31,True,True,64303;70229,True,,,,False,False,15.707049965776864,64303,Other,2,False,active
07297976,A & S INTERIORS LIMITED,active,ltd,2010-06-29,Broadway House,Broadway,Cardiff,CF24 1PU,,"['31090', '41100']",AANDSINTERIORS,CF24,AANDSINTERIORS|CF24,micro-entity,2023-10-31,2025-07-31,True,True,31090;41100,True,,,,False,False,15.515400410677618,31090,Industrial,2,False,active
07308007,GRAHAM ALLEN PROPERTIES LIMITED,active,ltd,2010-07-08,306 Fawcett Road,Fawcett Road,Southsea,PO4 0LG,,"['68100', '81100']",GRAHAMALLENPROPERTIES,PO4,GRAHAMALLENPROPERTIES|PO4,dormant,2017-03-31,2018-12-31,True,True,68100;81100,True,,,,False,False,15.490759753593428,68100,Buildings,2,False,active
07473386,C MORTON HAULAGE LTD,active,ltd,2010-12-20,29 Briarfields Lane,Worrall,Sheffield,S35 0AA,England,['49410'],CMORTONHAULAGE,S35,CMORTONHAULAGE|S35,total-exemption-full,2022-12-31,2024-09-30,True,True,49410,False,,,,False,False,15.039014373716633,49410,Transport,2,False,active
07605672,BLUECLOUD PHOTOGRAPHY LIMITED,active,ltd,2011-04-15,50 Edington Close,Bishops Waltham,Southampton,SO32 1LX,England,"['74201', '74202']",BLUECLOUDPHOTOGRAPHY,SO32,BLUECLOUDPHOTOGRAPHY|SO32,dormant,2020-04-30,2022-01-31,True,True,74201;74202,True,,,,False,False,14.72142368240931,74201,Other,2,False,active
07620490,THOMAS'S BUILDING CONTRACTORS LTD,active,ltd,2011-05-03,4 Lon Cae Fynnon,New Road,Llandeilo,SA19 6DX,Wales,['43390'],THOMASSBUILDINGCONTRACTORS,SA19,THOMASSBUILDINGCONTRACTORS|SA19,total-exemption-full,2022-05-31,2024-02-29,True,True,43390,False,,,,False,False,14.67214236824093,43390,Buildings,2,False,active
07622483,IT INFRASTRUCTURE CONSULTANTS LTD,active,ltd,2011-05-05,6 Haley Street,,Manchester,M8 0PR,,['62020'],ITINFRASTRUCTURECONSULTANTS,M8,ITINFRASTRUCTURECONSULTANTS|M8,unaudited-abridged,2024-05-31,2026-02-28,True,False,62020,False,,,,False,False,14.666666666666666,62020,Other,2,False,active
07706501,MTG COMMS LIMITED,active,ltd,2011-07-15,2 Woodland Park View,,Mansfield,NG18 5FD,England,['42990'],MTGCOMMS,NG18,MTGCOMMS|NG18,total-exemption-full,2022-04-30,2024-01-31,True,True,42990,False,,,,False,False,14.472279260780287,42990,Buildings,2,False,active
07825473,THOR BUILDING SERVICES LIMITED,active,ltd,2011-10-27,6-8 Freeman Street,,Grimsby,DN32 7AA,England,['41201'],THORBUILDING,DN32,THORBUILDING|DN32,total-exemption-full,2021-11-30,2024-02-29,True,True,41201,False,,,,False,False,14.18754277891855,41201,Buildings,2,False,active
08353026,TEMPLETON EVENTS LIMITED,active,ltd,2013-01-09,187 Woods House 7 Gatliff Road,,London,SW1W 8DF,England,"['79909', '90020', '93199']",TEMPLETONEVENTS,SW1W,TEMPLETONEVENTS|SW1W,micro-entity,2023-01-31,2024-10-31,True,True,79909;90020;93199,True,,,,False,False,12.982888432580424,79909,Other,2,False,active
08380307,DORU HAULAGE LTD,active,ltd,2013-01-29,14 Kettlebaston Road,,London,E10 7PF,United Kingdom,['49410'],DORUHAULAGE,E10,DORUHAULAGE|E10,total-exemption-full,2022-01-31,2024-01-31,True,True,49410,False,,,,False,False,12.928131416837783,49410,Transport,2,False,active
08434906,PHOENIX CORPORATION LTD,active,ltd,2013-03-07,3 Hartley Down,60 Christchurch Road,Bournemouth,BH1 3PJ,England,"['47910', '58190', '63120']",PHOENIXCORPORATION,BH1,PHOENIXCORPORATION|BH1,micro-entity,2022-05-31,2024-02-29,True,True,47910;58190;63120,True,,,,False,False,12.826830937713895,47910,Other,2,False,active
08488551,TOP AFRICAN FOOD STORE LTD,active,ltd,2013-04-15,155 Hylton Road,,Sunderland,SR4 7YF,,"['47110', '47290']",TOPAFRICANFOODSTORE,SR4,TOPAFRICANFOODSTORE|SR4,total-exemption-full,2023-04-30,2025-01-31,True,True,47110;47290,True,,,,False,False,12.720054757015742,47110,Other,2,False,active
09155711,WORKR UMBRELLA LIMITED,active,ltd,2014-07-31,4th Floor Radius House,51 Clarendon Road,Watford,WD17 1HP,England,['69201'],WORKRUMBRELLA,WD17,WORKRUMBRELLA|WD17,full,2021-03-30,2023-06-29,True,True,69201,False,,,,False,False,11.427789185489392,69201,Other,2,False,active
09423788,ROLAND HIVART SERVICES LIMITED,active,ltd,2015-02-05,5 Ailsa Close,,Crawley,RH11 9DW,England,['41100'],ROLANDHIVART,RH11,ROLANDHIVART|RH11,total-exemption-full,2023-02-28,2024-11-30,True,True,41100,False,,,,False,False,10.910335386721425,41100,Buildings,2,False,active
09670409,ASSIGN US CONSULTING LIMITED,active,ltd,2015-07-03,65 Denecroft Crescent,,Uxbridge,UB10 9HY,England,"['70229', '74909']",ASSIGNUSCONSULTING,UB10,ASSIGNUSCONSULTING|UB10,micro-entity,2023-07-31,2025-04-30,True,True,70229;74909,True,,,,False,False,10.505133470225873,70229,Other,2,False,active
09972299,KINGDOM PROPERTY SERVICES LTD,active,ltd,2016-01-27,1 Church Street,,Slough,SL1 1PQ,England,"['46110', '46130', '68310', '68320']",KINGDOMPROPERTY,SL1,KINGDOMPROPERTY|SL1,micro-entity,2020-01-31,2022-01-31,True,True,46110;46130;68310;68320,True,,,,False,False,9.935660506502396,46110,Other,2,False,active
09973949,H2H FLOORING LIMITED,active,ltd,2016-01-27,39 Grove Road,,Rushden,NN10 0JX,England,['43330'],H2HFLOORING,NN10,H2HFLOORING|NN10,total-exemption-full,2022-03-31,2024-03-22,True,True,43330,False,,,,False,False,9.935660506502396,43330,Buildings,2,False,active
09978818,TROPICS TRADING LIMITED,active,ltd,2016-02-01,4 Creekside 4 Creekside,Deptford,London,SE8 4SA,United Kingdom,"['56301', '56302', '90040']",TROPICSTRADING,SE8,TROPICSTRADING|SE8,micro-entity,2024-02-29,2025-11-30,True,True,56301;56302;90040,True,,,,False,False,9.921971252566735,56301,Other,2,False,active
10099967,M B LOGISTIK LTD,active,ltd,2016-04-04,102 Cheyneys Avenue,,Edgware,HA8 6SD,England,['49410'],MBLOGISTIK,HA8,MBLOGISTIK|HA8,total-exemption-full,2022-04-30,2024-01-31,True,True,49410,False,,,,False,False,9.749486652977414,49410,Transport,2,False,active
10180741,LA CULTURA GROUP LTD,active,ltd,2016-05-16,4 Yeomanry Close,,Sutton Coldfield,B75 7HN,England,['70210'],LACULTURA,B75,LACULTURA|B75,micro-entity,2022-05-31,2024-02-29,True,True,70210,True,,,,False,False,9.634496919917865,70210,Other,2,False,active
10207222,CALIBRE CONSULTING GROUP LIMITED,active,ltd,2016-05-31,Flat 103 Rossmore Court Park Road,,London,NW1 6XZ,United Kingdom,['70229'],CALIBRECONSULTING,NW1,CALIBRECONSULTING|NW1,micro-entity,2017-06-30,2019-03-31,True,True,70229,True,,,,False,False,9.593429158110883,70229,Other,2,False,active
10358975,ALL ROUND BUILDING LIMITED,active,ltd,2016-09-05,198 Halfway Street,,Sidcup,DA15 8DJ,England,['41202'],ALLROUNDBUILDING,DA15,ALLROUNDBUILDING|DA15,total-exemption-full,2019-09-30,2021-06-30,True,True,41202,False,,,,False,False,9.32785763175907,41202,Buildings,2,False,active
10526266,MIDLAND TECHNOLOGY LIMITED,active,ltd,2016-12-15,34 Livingstone Road,,Hounslow,TW3 1XZ,England,"['62020', '62090']",MIDLANDTECHNOLOGY,TW3,MIDLANDTECHNOLOGY|TW3,micro-entity,2019-12-31,2021-09-30,True,True,62020;62090,True,,,,False,False,9.051334702258726,62020,Other,2,False,active
10553746,DISTINCTIVE AVIATION LTD,active,ltd,2017-01-09,C/O Tc Group 6th Floor Kings House,9-10 Haymarket,London,SW1Y 4BP,United Kingdom,['82990'],DISTINCTIVEAVIATION,SW1Y,DISTINCTIVEAVIATION|SW1Y,total-exemption-full,2023-01-31,2024-10-31,True,True,82990,False,,,,False,False,8.982888432580424,82990,Buildings,2,False,active
10567587,LA SCAFOLDING LTD,active,ltd,2017-01-17,62 Cross Waters Close,Wootton,Northampton,NN4 6AL,England,['43991'],LASCAFOLDING,NN4,LASCAFOLDING|NN4,total-exemption-full,2023-01-31,2024-10-31,True,True,43991,False,,,,False,False,8.960985626283367,43991,Buildings,2,False,active
10568996,IBEN+MILO LIMITED,active,ltd,2017-01-17,03 Roseacre Gardens,Bearsted,Maidstone,ME14 4JF,England,"['46420', '74901']",IBENMILO,ME14,IBENMILO|ME14,micro-entity,2024-01-31,2025-10-31,True,True,46420;74901,True,,,,False,False,8.960985626283367,46420,Other,2,False,active
10583020,CPF ELECTRICAL SERVICES LIMITED,active,ltd,2017-01-25,31 St. Georges Walk,Allhallows,Rochester,ME3 9PP,England,['43210'],CPFELECTRICAL,ME3,CPFELECTRICAL|ME3,total-exemption-full,2023-01-31,2025-01-31,True,True,43210,False,,,,False,False,8.93908281998631,43210,Buildings,2,False,active
10649484,S JACKSON AND SONS BOAT BUILDERS LIMITED,active,ltd,2017-03-02,"The Offices, 161 Manchester Road",,Accrington,BB5 2NY,England,['30110'],SJACKSONANDSONSBOATBUILDERS,BB5,SJACKSONANDSONSBOATBUILDERS|BB5,total-exemption-full,2022-03-31,2023-12-31,True,True,30110,False,,,,False,False,8.840520191649555,30110,Industrial,2,False,active
10738825,CROSBY WINDOW SYSTEMS LIMITED,active,ltd,2017-04-25,"Level One , Basecamp Liverpool",Jamaica Street,Liverpool,L1 0AH,England,['43342'],CROSBYWINDOWSYSTEMS,L1,CROSBYWINDOWSYSTEMS|L1,total-exemption-full,2022-04-30,2024-01-31,True,True,43342,False,,,,False,False,8.692676249144421,43342,Buildings,2,False,active
10760924,SKY VAPE LONDON LIMITED,active,ltd,2017-05-09,29 High Holborn,,London,WC1V 6AZ,England,"['56301', '56302', '96090']",SKYVAPELONDON,WC1V,SKYVAPELONDON|WC1V,micro-entity,2022-05-31,2024-02-29,True,True,56301;56302;96090,True,,,,False,False,8.654346338124572,56301,Other,2,False,active
10768167,EURO ASIA BUSINESS LTD,active,ltd,2017-05-12,"C/O Shafi & Co Accountants, Nida House, Ground Floor","60 Sutton Street, Shadwell",London,E1 0AX,United Kingdom,"['46410', '46420', '82990']",EUROASIABUSINESS,E1,EUROASIABUSINESS|E1,micro-entity,2023-05-31,2025-02-28,True,True,46410;46420;82990,True,,,,False,False,8.646132785763175,46410,Other,2,False,active
10770867,BEST BUSINESS (LONDON) LTD,active,ltd,2017-05-15,98 Commercial Road,,London,E1 1NU,England,"['47220', '47230']",BESTBUSINESSLONDON,E1,BESTBUSINESSLONDON|E1,micro-entity,2022-05-31,2024-02-29,True,True,47220;47230,True,,,,False,False,8.63791923340178,47220,Other,2,False,active
10782210,E-LUKS LTD,active,ltd,2017-05-22,11 Fairfield Road,,Bexleyheath,DA7 4PD,England,['41202'],ELUKS,DA7,ELUKS|DA7,total-exemption-full,2023-05-31,2025-02-28,True,True,41202,False,,,,False,False,8.618754277891854,41202,Buildings,2,False,active
10993373,EIGHT FORTY ONE LTD,active,ltd,2017-10-03,20 Monument Road,,Weybridge,KT13 8QX,United Kingdom,['82301'],EIGHTFORTYONE,KT13,EIGHTFORTYONE|KT13,total-exemption-full,2022-04-30,2024-01-31,True,True,82301,False,,,,False,False,8.251882272416154,82301,Buildings,2,False,active
11199515,INTER SPECTRUM LTD,active,ltd,2018-02-12,128 City Road,,London,EC1V 2NX,United Kingdom,"['41202', '42120', '42220', '43210']",INTERSPECTRUM,EC1V,INTERSPECTRUM|EC1V,micro-entity,2023-02-28,2024-11-30,True,True,41202;42120;42220;43210,True,,,,False,False,7.8904859685147155,41202,Buildings,2,False,active
11319927,EQUICOBS LIMITED,active,ltd,2018-04-19,3 High Street,Birstall,Batley,WF17 9ES,England,"['47510', '47640', '47990']",EQUICOBS,WF17,EQUICOBS|WF17,total-exemption-full,2022-04-30,2024-01-31,True,True,47510;47640;47990,True,,,,False,False,7.709787816563997,47510,Other,2,False,active
11320227,HRH BUILDING CONTRACTORS LTD,active,ltd,2018-04-20,Unit 10 Newton Road,The Bell Centre,Crawley,RH10 9FZ,United Kingdom,"['43210', '43220', '43390', '43910']",HRHBUILDINGCONTRACTORS,RH10,HRHBUILDINGCONTRACTORS|RH10,micro-entity,2022-04-30,2024-04-30,True,True,43210;43220;43390;43910,True,,,,False,False,7.707049965776865,43210,Buildings,2,False,active
11335682,NORTHFIELD RENTS LIMITED,active,ltd,2018-04-30,Northfield Stonehill,Hatfield Woodhouse,Doncaster,DN7 6NP,United Kingdom,"['41201', '41202', '43120', '68209']",NORTHFIELDRENTS,DN7,NORTHFIELDRENTS|DN7,micro-entity,2021-04-30,2023-01-31,True,True,41201;41202;43120;68209,True,,,,False,False,7.6796714579055445,41201,Buildings,2,False,active
11338402,SAFE ORTHOPAEDICS LTD,active,ltd,2018-05-01,23 Copenhagen Street,,London,N1 0JB,England,['86900'],SAFEORTHOPAEDICS,N1,SAFEORTHOPAEDICS|N1,small,2024-12-31,2026-09-30,True,False,86900,False,,,,False,False,7.676933607118412,86900,Other,2,False,active
11341005,KINGS LYNN DOMICILIARY SPECSAVERS LIMITED,active,ltd,2018-05-02,"Forum 6, Parkway","Solent Business Park, Whiteley",Fareham,PO15 7PA,England,['47782'],KINGSLYNNDOMICILIARYSPECSAVERS,PO15,KINGSLYNNDOMICILIARYSPECSAVERS|PO15,audit-exemption-subsidiary,2025-02-28,2026-11-30,True,False,47782,False,,,,False,False,7.67419575633128,47782,Other,2,False,active
11348042,PRANGLE & WREN CONSTRUCTION LTD,active,ltd,2018-05-07,33 33 Sunbeam Drive,Patterdown,Chippenham,SN15 2FR,United Kingdom,"['43320', '43330', '43390']",PRANGLEANDWRENCONSTRUCTION,SN15,PRANGLEANDWRENCONSTRUCTION|SN15,micro-entity,2022-05-31,2024-02-29,True,True,43320;43330;43390,True,,,,False,False,7.660506502395619,43320,Buildings,2,False,active
11350155,THOMAS BALLARD CONSTRUCTION LTD,active,ltd,2018-05-08,84a St. Faiths Road,,Alcester,B49 6AQ,England,"['41100', '41202']",THOMASBALLARDCONSTRUCTION,B49,THOMASBALLARDCONSTRUCTION|B49,unaudited-abridged,2022-05-31,2024-02-29,True,True,41100;41202,True,,,,False,False,7.657768651608487,41100,Buildings,2,False,active
11693210,MALIK (OLDHAM) LTD,active,ltd,2018-11-23,285 Lee Street,,Oldham,OL8 1JG,England,"['10520', '49320', '56103']",MALIKOLDHAM,OL8,MALIKOLDHAM|OL8,micro-entity,2022-11-28,2024-08-28,True,True,10520;49320;56103,True,,,,False,False,7.112936344969199,10520,Industrial,2,False,active
11759722,JURBAN LTD,active,ltd,2019-01-10,46 Morris Road,Ribbleton,Preston,PR2 6BQ,United Kingdom,"['47791', '47799', '95110', '96020']",JURBAN,PR2,JURBAN|PR2,total-exemption-full,2023-01-31,2024-10-31,True,True,47791;47799;95110;96020,True,,,,False,False,6.981519507186858,47791,Other,2,False,active
11787455,CSIGHT MARKETING CONSULTANCY LTD,active,ltd,2019-01-25,4 Willowbourne,,Fleet,GU51 5AB,England,['70229'],CSIGHTMARKETINGCONSULTANCY,GU51,CSIGHTMARKETINGCONSULTANCY|GU51,unaudited-abridged,2025-04-30,2027-01-31,True,False,70229,False,,,,False,False,6.940451745379876,70229,Other,2,False,active
11820174,HERON ON THE FORD LTD,active,ltd,2019-02-11,Heron On The Ford,Lands End Lane,Charvil,RG10 0UE,England,['56302'],HERONONTHEFORD,RG10,HERONONTHEFORD|RG10,unaudited-abridged,2025-02-28,2026-11-30,True,False,56302,False,,,,False,False,6.893908281998631,56302,Other,2,False,active
11927450,LOVE FREEDOM GROUP LTD,active,ltd,,11927450 - COMPANIES HOUSE DEFAULT ADDRESS,,Cardiff,CF14 8LH,,"['68209', '68310', '68320', '98000']",LOVEFREEDOM,CF14,LOVEFREEDOM|CF14,,,,False,,,True,,,,False,False,,,Other,2,False,active
11933165,CHIBBY CONSTRUCTION LTD,active,ltd,2019-04-08,Flat 1 51 Morland Road,,London,CR0 6HA,England,"['41201', '41202', '43110', '43290']",CHIBBYCONSTRUCTION,CR0,CHIBBYCONSTRUCTION|CR0,dormant,2021-04-30,2023-01-31,True,True,41201;41202;43110;43290,True,,,,False,False,6.740588637919234,41201,Buildings,2,False,active
11934003,BAUHAUS CRAFTS LTD,active,ltd,2019-04-09,"Office 10, 15a Market Street",Oakengates,Telford,TF2 6EL,England,"['16230', '31010', '31090', '41202']",BAUHAUSCRAFTS,TF2,BAUHAUSCRAFTS|TF2,micro-entity,2022-04-30,2024-01-31,True,True,16230;31010;31090;41202,True,,,,False,False,6.737850787132102,16230,Industrial,2,False,active
11941994,ENGAGE GLOBAL 2019 LIMITED,active,ltd,2019-04-12,18 Sovereign Avenue,,Gosport,PO12 4GT,United Kingdom,['46370'],ENGAGEGLOBAL2019,PO12,ENGAGEGLOBAL2019|PO12,unaudited-abridged,2024-04-30,2026-01-31,True,False,46370,False,,,,False,False,6.729637234770705,46370,Other,2,False,active
11955815,EGG & BUN LTD,active,ltd,2019-04-20,119 Walton Road,,East Molesey,KT8 0DT,England,['56103'],EGGANDBUN,KT8,EGGANDBUN|KT8,unaudited-abridged,2024-12-31,2026-09-30,True,False,56103,False,,,,False,False,6.707734428473648,56103,Other,2,False,active
11955919,BEYOURFOOD LTD,active,ltd,2019-04-20,Landlords Flat The Crown Inn,Upton,Andover,SP11 0JS,England,"['55100', '56302']",BEYOURFOOD,SP11,BEYOURFOOD|SP11,total-exemption-full,2022-04-30,2024-01-31,True,True,55100;56302,True,,,,False,False,6.707734428473648,55100,Other,2,False,active
11984302,KARTA SERVICES LTD,active,ltd,2019-05-08,129 Sandstone Road,,London,SE12 0UT,United Kingdom,"['41201', '41202']",KARTA,SE12,KARTA|SE12,micro-entity,2022-05-31,2024-02-29,True,True,41201;41202,True,,,,False,False,6.658453114305271,41201,Buildings,2,False,active
12017611,MBC280 ESTATES LIMITED,active,ltd,2019-05-25,10-11 Gray's Inn Square,,London,WC1R 5JD,England,"['68100', '68209', '68320']",MBC280ESTATES,WC1R,MBC280ESTATES|WC1R,dormant,2022-05-31,2024-02-29,True,True,68100;68209;68320,True,,,,False,False,6.611909650924025,68100,Buildings,2,False,active
12020456,FIT PERFECT LTD,active,ltd,2019-05-28,20 Wavell Road,,Southampton,SO18 4SA,England,"['46720', '53202', '77110', '78200']",FITPERFECT,SO18,FITPERFECT|SO18,total-exemption-full,2022-05-31,2024-02-29,True,True,46720;53202;77110;78200,True,,,,False,False,6.6036960985626285,46720,Other,2,False,active
12142361,PROPERTY INVEZ LIMITED,active,ltd,2019-08-06,"Office G29, Amber Court William Armstrong Drive",Newcastle Business Park,Newcastle Upon Tyne,NE4 7YA,England,"['68100', '68209']",PROPERTYINVEZ,NE4,PROPERTYINVEZ|NE4,micro-entity,2021-08-31,2023-05-31,True,True,68100;68209,True,,,,False,False,6.412046543463381,68100,Buildings,2,False,active
12204452,SEREN SUPPORT GROUP LTD,active,ltd,2019-09-12,320 Garratt Lane,,London,SW18 4EJ,United Kingdom,['25110'],SERENSUPPORT,SW18,SERENSUPPORT|SW18,unaudited-abridged,2021-09-30,2023-06-30,True,True,25110,True,,,,False,False,6.310746064339494,25110,Industrial,2,False,active
12243353,SO SWEET EXETER LIMITED,active,ltd,2019-10-04,Lifford Hall Tunnel Lane,Kings Norton,Birmingham,B30 3JN,United Kingdom,['47240'],SOSWEETEXETER,B30,SOSWEETEXETER|B30,unaudited-abridged,2024-12-31,2026-09-30,True,False,47240,False,,,,False,False,6.250513347022587,47240,Other,2,False,active
12332552,SWISS COTTAGE DRY CLEANING LTD,active,ltd,2019-11-25,11 Fairhazel Gardens,,London,NW6 3QE,England,['96010'],SWISSCOTTAGEDRYCLEANING,NW6,SWISSCOTTAGEDRYCLEANING|NW6,unaudited-abridged,2024-11-30,2026-08-31,True,False,96010,False,,,,False,False,6.108145106091718,96010,Other,2,False,active
12348141,FCM TRANS LTD,active,ltd,2019-12-04,71 Ash Grove,,Hounslow,TW5 9DU,United Kingdom,"['49320', '49410']",FCMTRANS,TW5,FCMTRANS|TW5,micro-entity,2020-12-31,2022-09-30,True,True,49320;49410,True,,,,False,False,6.083504449007529,49320,Transport,2,False,active
12404694,GUILDACE LTD,active,ltd,2020-01-15,Flat 8 Cranbrook Lane,Everlast House,London,N11 1PF,England,"['41100', '41201', '41202']",GUILDACE,N11,GUILDACE|N11,micro-entity,2022-01-31,2024-01-31,True,True,41100;41201;41202,True,,,,False,False,5.968514715947981,41100,Buildings,2,False,active
12409820,EXPERT PROPERTY HOLDINGS LTD,active,ltd,2020-01-17,Unit 7 Overton Road,Holles House,London,SW9 7AP,England,['68100'],EXPERTPROPERTY,SW9,EXPERTPROPERTY|SW9,micro-entity,2022-01-31,2024-01-31,True,True,68100,True,,,,False,False,5.963039014373717,68100,Buildings,2,False,active
12429524,AADO SERVICES LIMITED,active,ltd,2020-01-28,Flat 2 33 Campshill Road,,London,SE13 6QU,England,"['41202', '43341', '81222']",AADO,SE13,AADO|SE13,micro-entity,2023-01-31,2024-10-31,True,True,41202;43341;81222,True,,,,False,False,5.932922655715264,41202,Buildings,2,False,active
12442066,FUTUREGODDS LIMITED,active,ltd,2020-02-04,2 Frederick Street,Kings Cross,London,WC1X 0ND,United Kingdom,"['13300', '14131', '14132', '46420']",FUTUREGODDS,WC1X,FUTUREGODDS|WC1X,,,2021-11-04,False,True,13300;14131;14132;46420,True,,,,False,False,5.9137577002053385,13300,Industrial,2,False,active
12442892,EPK PROPERTY REFURBISHMENT LTD,active,ltd,2020-02-05,125 Noak Hill Rd,,Billericay,CM12 9UJ,England,"['16230', '43390']",EPKPROPERTYREFURBISHMENT,CM12,EPKPROPERTYREFURBISHMENT|CM12,micro-entity,2020-12-31,2022-09-30,True,True,16230;43390,True,,,,False,False,5.9110198494182065,16230,Industrial,2,False,active
12449884,SINAI ENTERPRISE LTD,active,ltd,2020-02-07,301c Amhurst Road,,London,N16 7UX,United Kingdom,"['43390', '82190']",SINAIENTERPRISE,N16,SINAIENTERPRISE|N16,dormant,2022-02-28,2023-11-30,True,True,43390;82190,True,,,,False,False,5.905544147843942,43390,Buildings,2,False,active
12457947,MUNCHBOX 1066 LIMITED,active,ltd,2020-02-12,75 Pinders Road,,Hastings,TN35 5HE,England,"['56103', '56290']",MUNCHBOX1066,TN35,MUNCHBOX1066|TN35,total-exemption-full,2024-02-29,2025-11-30,True,True,56103;56290,True,,,,False,False,5.891854893908282,56103,Other,2,False,active
12469687,CLEAN & CHEAP SOLUTIONS LIMITED,active,ltd,2020-02-18,89 Sixth Avenue,,London,W10 4HH,England,"['53201', '56103', '81222']",CLEANANDCHEAPSOLUTIONS,W10,CLEANANDCHEAPSOLUTIONS|W10,,,2021-11-18,False,True,53201;56103;81222,True,,,,False,False,5.87542778918549,53201,Transport,2,False,active
12470326,GATEWAY 2 CONSTRUCTION LTD,active,ltd,2020-02-18,Unit 214 95 Spencer Street,Birmingham,Birmingham,B18 6DA,United Kingdom,"['41100', '46130']",GATEWAY2CONSTRUCTION,B18,GATEWAY2CONSTRUCTION|B18,,,2021-11-18,False,True,41100;46130,True,,,,False,False,5.87542778918549,41100,Buildings,2,False,active
12476574,ABUILD (PORTSMOUTH) LIMITED,active,ltd,2020-02-21,59 Park Road,,Southbourne,PO10 8NY,United Kingdom,"['41100', '41201', '41202']",ABUILDPORTSMOUTH,PO10,ABUILDPORTSMOUTH|PO10,,,2021-11-21,False,True,41100;41201;41202,True,,,,False,False,5.867214236824093,41100,Buildings,2,False,active
12576700,PARRY JOINERY DEVELOPMENTS LTD,active,ltd,2020-04-28,36 Bow Fell Road,Mirehouse,Whitehaven,CA28 8HQ,England,"['41100', '43320', '43999']",PARRYJOINERYDEVELOPMENTS,CA28,PARRYJOINERYDEVELOPMENTS|CA28,micro-entity,2021-04-30,2023-01-31,True,True,41100;43320;43999,True,,,,False,False,5.683778234086242,41100,Buildings,2,False,active
12586369,TWIGGY COMMS LIMITED,active,ltd,2020-05-05,9a Munster Road,,Teddington,TW11 9LR,England,['70210'],TWIGGYCOMMS,TW11,TWIGGYCOMMS|TW11,unaudited-abridged,2025-05-31,2027-02-28,True,False,70210,False,,,,False,False,5.664613278576318,70210,Other,2,False,active
12708800,SUBURB BUILDERS LTD,active,ltd,2020-06-30,Apartment 5 4a Maida Vale,,London,W9 1SP,United Kingdom,"['41201', '41202']",SUBURBBUILDERS,W9,SUBURBBUILDERS|W9,,,2022-03-31,False,True,41201;41202,True,,,,False,False,5.51129363449692,41201,Buildings,2,False,active
12772461,JET SET GO SAFARIS PLYMOUTH LTD,active,ltd,2020-07-28,Boathouse 9 Commercial Wharf,Madeira Road,Plymouth,PL1 2NX,England,"['50100', '79901', '82990', '93199']",JETSETGOSAFARISPLYMOUTH,PL1,JETSETGOSAFARISPLYMOUTH|PL1,,,2022-04-28,False,True,50100;79901;82990;93199,True,,,,False,False,5.434633812457221,50100,Transport,2,False,active
NI629243,MEGA MANE LIMITED,active,ltd,2015-02-10,2 Edenderry Road,Scarva,Craigavon,BT63 6NT,Northern Ireland,"['46450', '47750']",MEGAMANE,BT63,MEGAMANE|BT63,micro-entity,2021-02-28,2022-11-30,True,True,46450;47750,True,,,,False,False,10.896646132785763,46450,Other,2,False,active
NI631739,NTH HAULAGE LTD,active,ltd,2015-06-05,21 Outleckan Road,Belleeks,Newry,BT35 7QU,Northern Ireland,['49410'],NTHHAULAGE,BT35,NTHHAULAGE|BT35,total-exemption-full,2020-06-30,2022-06-30,True,True,49410,False,,,,False,False,10.581793292265571,49410,Transport,2,False,active
NI640713,INSTADETECT LTD.,active,ltd,2016-09-08,5 Castlereagh Street,,Belfast,BT5 4NE,Northern Ireland,"['46690', '47990']",INSTADETECT,BT5,INSTADETECT|BT5,dormant,2019-09-30,2021-06-30,True,True,46690;47990,True,,,,False,False,9.319644079397673,46690,Other,2,False,active
NI650039,DIESEL ENGINEERING NI LTD,active,ltd,2018-01-03,89 Burren Road,,Ballynahinch,BT24 8LF,Northern Ireland,['33120'],DIESELENGINEERINGNI,BT24,DIESELENGINEERINGNI|BT24,total-exemption-full,2020-01-31,2021-10-31,True,True,33120,False,,,,False,False,8.0,33120,Industrial,2,False,active
NI654903,HIVEUAV LIMITED,active,ltd,2018-08-09,137 York Road,Legal & Financial House,Belfast,BT15 3GZ,Northern Ireland,"['33140', '47430', '47799']",HIVEUAV,BT15,HIVEUAV|BT15,micro-entity,2019-08-31,2021-05-31,True,True,33140;47430;47799,True,,,,False,False,7.403148528405202,33140,Industrial,2,False,active
NI655780,SKYVAC.1 LTD,active,ltd,2018-09-18,14 Pennyburn Industrial Estate,,Londonderry,BT48 0LU,Northern Ireland,"['43991', '81210', '81222']",SKYVAC1,BT48,SKYVAC1|BT48,micro-entity,2019-09-30,2021-06-30,True,True,43991;81210;81222,True,,,,False,False,7.293634496919918,43991,Buildings,2,False,active
NI661763,JW ELECTRICS LTD,active,ltd,2019-05-28,6 Dorchester Park,,Londonderry,BT47 5NZ,Northern Ireland,"['33140', '43210']",JWELECTRICS,BT47,JWELECTRICS|BT47,unaudited-abridged,2021-03-31,2023-03-31,True,True,33140;43210,True,,,,False,False,6.6036960985626285,33140,Industrial,2,False,active
SC357455,SPECIALIZED TRAINING LTD,active,ltd,2009-03-30,3 Queen Street,,Edinburgh,EH2 1JE,Scotland,['82990'],SPECIALIZEDTRAINING,EH2,SPECIALIZEDTRAINING|EH2,total-exemption-full,2020-03-31,2021-12-31,True,True,82990,False,,,,False,False,16.763860369609855,82990,Buildings,2,False,active
SC372089,DENALI INSPECTION LTD,active,ltd,2010-02-01,28-30 North Street,,Dalry,KA24 5DW,Scotland,['82990'],DENALIINSPECTION,KA24,DENALIINSPECTION|KA24,total-exemption-full,2020-08-31,2022-05-31,True,True,82990,False,,,,False,False,15.92060232717317,82990,Buildings,2,False,active
SC374137,CLYDE SIGNS & GRAPHICS LIMITED,active,ltd,2010-03-04,Unit 8 58 Kelvin Avenue,Hillington Park,Glasgow,G52 4GA,Scotland,['32990'],CLYDESIGNSANDGRAPHICS,G52,CLYDESIGNSANDGRAPHICS|G52,total-exemption-full,2019-03-31,2021-03-31,True,True,32990,False,,,,False,False,15.835728952772074,32990,Industrial,2,False,active
SC419947,ART-B LIMITED,active,ltd,2012-03-20,104d Fintryside,,Dundee,DD4 9ER,Scotland,"['46900', '81210']",ARTB,DD4,ARTB|DD4,micro-entity,2023-03-31,2024-12-31,True,True,46900;81210,True,,,,False,False,13.790554414784394,46900,Other,2,False,active
SC426605,TRADESTON HOLDINGS LTD,active,ltd,2012-06-20,132 Nelson Street,,Glasgow,G5 8EJ,,['77400'],TRADESTON,G5,TRADESTON|G5,total-exemption-full,2020-06-30,2022-03-31,True,True,77400,True,,,,False,False,13.538672142368242,77400,Other,2,False,active
SC482956,M&M PARCEL LIMITED,active,ltd,2014-07-28,105 Skylark Wynd,,Motherwell,ML1 1AP,Scotland,['82990'],MANDMPARCEL,ML1,MANDMPARCEL|ML1,total-exemption-full,2019-10-31,2021-07-31,True,True,82990,False,,,,False,False,11.436002737850787,82990,Buildings,2,False,active
SC497546,BOLEX LIMITED,active,ltd,2015-02-11,Summit House,4-5 Mitchell Street,Edinburgh,EH6 7BD,Scotland,['43390'],BOLEX,EH6,BOLEX|EH6,total-exemption-full,2020-03-31,2021-12-31,True,True,43390,False,,,,False,False,10.89390828199863,43390,Buildings,2,False,active
SC505578,ASUK TRADE LTD,active,ltd,2015-05-11,109 Den Walk,Methil,Leven,KY8 3LL,Scotland,"['46120', '46520', '46900']",ASUKTRADE,KY8,ASUKTRADE|KY8,micro-entity,2019-05-31,2021-05-31,True,True,46120;46520;46900,True,,,,False,False,10.650239561943874,46120,Other,2,False,active
SC514913,CREATIVE KITCHEN SOLUTIONS LIMITED,active,ltd,2015-09-07,"Radleigh House, 1 Golf Road",Clarkston,Glasgow,G76 7HU,Scotland,['31020'],CREATIVEKITCHENSOLUTIONS,G76,CREATIVEKITCHENSOLUTIONS|G76,total-exemption-full,2021-08-08,2023-05-08,True,True,31020,False,,,,False,False,10.324435318275153,31020,Industrial,2,False,active
SC520902,WIN WIN UNIVERSAL LIMITED,active,ltd,2015-11-23,1948 Dumbarton Road,,Glasgow,G14 0HH,Scotland,"['47910', '69202']",WINWINUNIVERSAL,G14,WINWINUNIVERSAL|G14,micro-entity,2018-11-30,2020-11-30,True,True,47910;69202,True,,,,False,False,10.113620807665983,47910,Other,2,False,active
SC526516,A.S.R CONTRACTS LIMITED,active,ltd,2016-02-10,20 Nairn Drive,,Bishopton,PA7 5GE,Scotland,['43390'],ASRCONTRACTS,PA7,ASRCONTRACTS|PA7,total-exemption-full,2022-02-28,2023-11-30,True,True,43390,False,,,,False,False,9.897330595482547,43390,Buildings,2,False,active
SC530016,WIRE IN ELECTRICAL SERVICES LIMITED,active,ltd,2016-03-17,69 Nethan Avenue,,Wishaw,ML2 0BG,Scotland,['43210'],WIREINELECTRICAL,ML2,WIREINELECTRICAL|ML2,total-exemption-full,2021-11-30,2023-08-31,True,True,43210,False,,,,False,False,9.79876796714579,43210,Buildings,2,False,active
SC530446,FLANAGAN HAULAGE LIMITED,active,ltd,2016-03-23,16 Esk Road,,Kilmarnock,KA1 3TQ,Scotland,['49410'],FLANAGANHAULAGE,KA1,FLANAGANHAULAGE|KA1,total-exemption-full,2019-03-31,2021-03-31,True,True,49410,False,,,,False,False,9.782340862422998,49410,Transport,2,False,active
SC539327,FOSCROT TRAVEL LTD.,active,ltd,2016-07-01,5 South Charlotte Street,,Edinburgh,EH2 4AN,Scotland,"['79110', '79120', '79901', '79909']",FOSCROTTRAVEL,EH2,FOSCROTTRAVEL|EH2,micro-entity,2021-07-31,2023-07-31,True,True,79110;79120;79901;79909,True,,,,False,False,9.508555783709788,79110,Other,2,False,active
SC544249,VIP DUCTING LTD,active,ltd,2016-08-31,3 Lauderdale Place,,Dundee,DD3 9AU,Scotland,['43220'],VIPDUCTING,DD3,VIPDUCTING|DD3,total-exemption-full,2020-08-31,2022-05-31,True,True,43220,False,,,,False,False,9.34154688569473,43220,Buildings,2,False,active
SC547331,MAN WITH VAN LTD,active,ltd,2016-10-10,117 Sutherland Way,,Livingston,EH54 8HY,Scotland,['82990'],MANWITHVAN,EH54,MANWITHVAN|EH54,total-exemption-full,2020-10-31,2022-07-31,True,True,82990,False,,,,False,False,9.232032854209445,82990,Buildings,2,False,active
SC548639,BHAILE CRAFT BAKERY LTD,active,ltd,2016-10-26,10 Inverkar Road,,Ayr,KA7 2JT,Scotland,['10710'],BHAILECRAFTBAKERY,KA7,BHAILECRAFTBAKERY|KA7,total-exemption-full,2020-12-31,2022-09-30,True,True,10710,False,,,,False,False,9.188227241615332,10710,Industrial,2,False,active
SC549174,ROX GEAR LTD.,active,ltd,2016-11-02,39 Hillside Crescent,,Westhill,AB32 6PA,Scotland,"['47640', '47710']",ROXGEAR,AB32,ROXGEAR|AB32,micro-entity,2023-11-30,2025-08-31,True,True,47640;47710,True,,,,False,False,9.169062286105408,47640,Other,2,False,active
SC551626,DIVERSE DECORATION LTD,active,ltd,2016-12-01,1a Golden Acre,Johnshaven,Montrose,DD10 0EX,Scotland,['43341'],DIVERSEDECORATION,DD10,DIVERSEDECORATION|DD10,total-exemption-full,2021-12-31,2023-09-30,True,True,43341,False,,,,False,False,9.089664613278575,43341,Buildings,2,False,active
SC554890,DT PLASTERING SERVICES LTD,active,ltd,2017-01-18,50 Captains Drive,,Edinburgh,EH16 6QJ,Scotland,['43310'],DTPLASTERING,EH16,DTPLASTERING|EH16,total-exemption-full,2020-01-31,2021-10-31,True,True,43310,False,,,,False,False,8.958247775496236,43310,Buildings,2,False,active
SC555160,SMITHS DIRECT BUTCHERS LTD,active,ltd,2017-01-20,"William Duncan, 2nd Floor,",18 Bothwell Street,Glasgow,G2 6NU,,"['10130', '46320']",SMITHSDIRECTBUTCHERS,G2,SMITHSDIRECTBUTCHERS|G2,unaudited-abridged,2019-01-31,2021-01-31,True,True,10130;46320,True,,,,False,False,8.952772073921972,10130,Industrial,2,False,active
SC555202,JWF FABRICATIONS LIMITED,active,ltd,2017-01-20,52 Ralston Drive,,Kirkcaldy,KY2 6XS,Scotland,['33110'],JWFFABRICATIONS,KY2,JWFFABRICATIONS|KY2,total-exemption-full,2020-03-31,2022-03-31,True,True,33110,False,,,,False,False,8.952772073921972,33110,Industrial,2,False,active
SC555335,SJ CONTRACTS PLUMBING & HEATING LTD,active,ltd,2017-01-23,Gallone & Co,14 Newton Place,Glasgow,G3 7PY,Scotland,['43220'],SJCONTRACTSPLUMBINGANDHEATING,G3,SJCONTRACTSPLUMBINGANDHEATING|G3,total-exemption-full,2022-01-31,2024-01-31,True,True,43220,False,,,,False,False,8.944558521560575,43220,Buildings,2,False,active
SC562686,BYDAND ACCESS LTD,active,ltd,2017-04-06,12 Carron Place,"Kelvin Industrial Estate, East Kilbride",Glasgow,G75 0YL,United Kingdom,['09100'],BYDANDACCESS,G75,BYDANDACCESS|G75,total-exemption-full,2020-04-30,2022-01-31,True,True,09100,False,,,,False,False,8.744695414099931,09100,Industrial,2,False,active
SC570633,NU-INNOVATIONS CONSTRUCTION LTD,active,ltd,2017-07-06,Unit 22 26 Dumbryden Road,Dumbryden Industrial Estate,Edinburgh,EH14 2AB,Scotland,['43320'],NUINNOVATIONSCONSTRUCTION,EH14,NUINNOVATIONSCONSTRUCTION|EH14,total-exemption-full,2020-07-31,2022-04-30,True,True,43320,False,,,,False,False,8.49555099247091,43320,Buildings,2,False,active
SC573351,SUITE APARTMENTS ABERDEEN LTD,active,ltd,2017-08-10,247 Queens Road,,Aberdeen,AB15 8DL,Scotland,"['55100', '55209']",SUITEAPARTMENTSABERDEEN,AB15,SUITEAPARTMENTSABERDEEN|AB15,micro-entity,2019-08-31,2021-05-31,True,True,55100;55209,True,,,,False,False,8.399726214921287,55100,Other,2,False,active
SC574706,METAL FABRICATION (GLASGOW) LIMITED,active,ltd,2017-08-25,1 Rigby Street,,Glasgow,G32 6DS,United Kingdom,['25110'],METALFABRICATIONGLASGOW,G32,METALFABRICATIONGLASGOW|G32,total-exemption-full,2022-08-31,2024-05-31,True,True,25110,False,,,,False,False,8.358658453114305,25110,Industrial,2,False,active
SC576798,CKKB CONSTRUCTION LTD,active,ltd,2017-09-20,48 Castlehill Avenue,,Port Glasgow,PA14 6NY,United Kingdom,['42990'],CKKBCONSTRUCTION,PA14,CKKBCONSTRUCTION|PA14,total-exemption-full,2020-09-30,2022-06-30,True,True,42990,False,,,,False,False,8.28747433264887,42990,Buildings,2,False,active
SC577430,W AMJID CONSULTANCY LIMITED,active,ltd,2017-09-28,4d Auchingramont Road,,Hamilton,ML3 6JT,Scotland,"['62020', '70221']",WAMJIDCONSULTANCY,ML3,WAMJIDCONSULTANCY|ML3,dormant,2020-09-30,2022-06-30,True,True,62020;70221,True,,,,False,False,8.265571526351813,62020,Other,2,False,active
SC580473,ARCHER SCOT LTD,active,ltd,2017-11-01,6e Tullos Circle,,Aberdeen,AB11 8HD,Scotland,"['47260', '47620']",ARCHERSCOT,AB11,ARCHERSCOT|AB11,micro-entity,2021-11-30,2023-08-31,True,True,47260;47620,True,,,,False,False,8.172484599589323,47260,Other,2,False,active
SC582294,DRIVEBUY TRUCKERS LIMITED,active,ltd,2017-11-23,"Academy House, Suite 15",1346 Shettleston Road,Glasgow,G32 9AT,Scotland,['49410'],DRIVEBUYTRUCKERS,G32,DRIVEBUYTRUCKERS|G32,total-exemption-full,2019-11-30,2021-08-31,True,True,49410,False,,,,False,False,8.112251882272416,49410,Transport,2,False,active
SC598391,SMC CARE SERVICES LTD,active,ltd,2018-05-29,29 Canal View,,Winchburgh,EH52 6FE,Scotland,['86102'],SMCCARE,EH52,SMCCARE|EH52,unaudited-abridged,2025-05-31,2027-02-28,True,False,86102,False,,,,False,False,7.600273785078714,86102,Other,2,False,active
SC599371,J&V RENDERING LTD,active,ltd,2018-06-07,Wrights Accountants,Princes Street,Edinburgh,EH2 2EQ,Scotland,"['41201', '41202']",JANDVRENDERING,EH2,JANDVRENDERING|EH2,micro-entity,2021-06-30,2023-03-31,True,True,41201;41202,True,,,,False,False,7.575633127994524,41201,Buildings,2,False,active
SC601103,ARABSCO LIMITED,active,ltd,2018-06-27,53 Kilnside Road,Renfrewshire,Paisley,PA1 1RJ,Scotland,"['46120', '46180']",ARABSCO,PA1,ARABSCO|PA1,total-exemption-full,2019-06-30,2021-06-30,True,True,46120;46180,True,,,,False,False,7.520876112251882,46120,Other,2,False,active
SC606054,DAZZLE HOME & LIFE ORGANISERS LTD,active,ltd,2018-08-22,4 Cedar Drive,Milton Of Campsie,Glasgow,G66 8AY,United Kingdom,"['97000', '98100', '98200']",DAZZLEHOMEANDLIFEORGANISERS,G66,DAZZLEHOMEANDLIFEORGANISERS|G66,total-exemption-full,2019-08-31,2021-05-31,True,True,97000;98100;98200,True,,,,False,False,7.367556468172484,97000,Other,2,False,active
SC606937,MCMILLAN'S PROPERTY MAINTENANCE LTD,active,ltd,2018-08-31,60 Main Street,,Ayr,KA8 8EF,Scotland,"['43290', '43320', '43341']",MCMILLANSPROPERTYMAINTENANCE,KA8,MCMILLANSPROPERTYMAINTENANCE|KA8,micro-entity,2022-08-31,2024-05-31,True,True,43290;43320;43341,True,,,,False,False,7.342915811088296,43290,Buildings,2,False,active
SC613616,VERIFIED GROUP GLASGOW LTD,active,ltd,2018-11-14,70 Hutcheson Street,Second Floor,Glasgow,G1 1SH,Scotland,['73110'],VERIFIEDGROUPGLASGOW,G1,VERIFIEDGROUPGLASGOW|G1,total-exemption-full,2020-11-30,2022-08-31,True,True,73110,True,,,,False,False,7.137577002053388,73110,Other,2,False,active
SC616152,M SCAFFOLDING CONTRACTOR LTD.,active,ltd,2018-12-13,52 Stewart Terrace,,Aberdeen,AB16 5ST,Scotland,"['43991', '68209']",MSCAFFOLDINGCONTRACTOR,AB16,MSCAFFOLDINGCONTRACTOR|AB16,micro-entity,2021-12-31,2023-09-30,True,True,43991;68209,True,,,,False,False,7.058179329226557,43991,Buildings,2,False,active
SC621641,HOT BUFFET HOLDINGS LTD,active,ltd,2019-02-19,237 Kilmarnock Road,,Glasgow,G41 3JF,,['68209'],HOTBUFFET,G41,HOTBUFFET|G41,total-exemption-full,2021-02-28,2022-11-30,True,True,68209,True,,,,False,False,6.872005475701574,68209,Buildings,2,False,active
SC623609,BON ACCORD ELECTRICAL & PLUMBING LIMITED,active,ltd,2019-03-08,19 Rosemount Place,,Aberdeen,AB25 2XA,Scotland,"['43210', '43220']",BONACCORDELECTRICALANDPLUMBING,AB25,BONACCORDELECTRICALANDPLUMBING|AB25,,,2021-03-08,False,True,43210;43220,True,,,,False,False,6.825462012320329,43210,Buildings,2,False,active
SC637064,SUPREME INNOVATIVE SOLUTIONS LIMITED,active,ltd,2019-07-25,24 Alness Crescent Glasgow,Alness Crescent,Glasgow,G52 1PJ,Scotland,"['43210', '43220', '43310', '43320']",SUPREMEINNOVATIVESOLUTIONS,G52,SUPREMEINNOVATIVESOLUTIONS|G52,,,2021-04-25,False,True,43210;43220;43310;43320,True,,,,False,False,6.444900752908967,43210,Buildings,2,False,active
SC640706,PURE 'N' SIMPLE (SCOTLAND) LIMITED,active,ltd,2019-09-04,3 Heathland Park,Kinellar,Aberdeen,AB21 0SG,Scotland,"['81221', '81299']",PURENSIMPLESCOTLAND,AB21,PURENSIMPLESCOTLAND|AB21,,,2021-06-04,False,True,81221;81299,True,,,,False,False,6.33264887063655,81221,Buildings,2,False,active
SC643113,J PHILLIPS SERVICES LTD,active,ltd,2019-09-30,31 Whinhill Court,,Greenock,PA15 4JD,Scotland,"['33170', '43341', '43999']",JPHILLIPS,PA15,JPHILLIPS|PA15,,,2021-06-30,False,True,33170;43341;43999,True,,,,False,False,6.261464750171116,33170,Industrial,2,False,active
SC643381,EK INSULATION SERVICES LIMITED,active,ltd,2019-10-02,55 Hamilton Crescent,Cambuslang,Glasgow,G72 8TH,United Kingdom,"['25990', '74909']",EKINSULATION,G72,EKINSULATION|G72,,,2021-07-02,False,True,25990;74909,True,,,,False,False,6.2559890485968515,25990,Industrial,2,False,active
SC647421,CENTRAL SCOTLAND GLAZIERS LTD,active,ltd,2019-11-18,68 Whirlow Road,Baillieston,Glasgow,G69 6QE,Scotland,"['43320', '43342']",CENTRALSCOTLANDGLAZIERS,G69,CENTRALSCOTLANDGLAZIERS|G69,,,2021-08-18,False,True,43320;43342,True,,,,False,False,6.1273100616016425,43320,Buildings,2,False,active
SC648746,H J S HOLDINGS LIMITED,active,ltd,2019-12-03,5 South Charlotte Street,,Edinburgh,EH2 4AN,Scotland,['93290'],HJS,EH2,HJS|EH2,total-exemption-full,2020-12-31,2022-09-30,True,True,93290,True,,,,False,False,6.0862422997946615,93290,Other,2,False,active
SC651979,MCCURRY LIMITED,active,ltd,2020-01-20,318 Killin Street,,Glasgow,G32 9TL,Scotland,"['16230', '43320']",MCCURRY,G32,MCCURRY|G32,dormant,2022-01-31,2023-10-31,True,True,16230;43320,True,,,,False,False,5.95482546201232,16230,Industrial,2,False,active
SC652867,H&H & CO CONSULTANTS LIMITED,active,ltd,2020-01-28,Summit House,4 - 5 Mitchell Street,Edinburgh,EH6 7BD,United Kingdom,"['35140', '35230']",HANDHANDCOCONSULTANTS,EH6,HANDHANDCOCONSULTANTS|EH6,,,2021-10-28,False,True,35140;35230,True,,,,False,False,5.932922655715264,35140,Industrial,2,False,active
SC655236,MORGAN CONTRACTS SCOTLAND LTD,active,ltd,2020-02-21,Unit 5 Killearn Mill Business Park,,Killearn,G63 9LQ,United Kingdom,"['41202', '43320']",MORGANCONTRACTSSCOTLAND,G63,MORGANCONTRACTSSCOTLAND|G63,,,2021-11-21,False,True,41202;43320,True,,,,False,False,5.867214236824093,41202,Buildings,2,False,active
00316909,STIRLING LINGERIE LIMITED,active,ltd,1936-07-27,"Stirling Group Ltd, Atlantic","Street, Broadheath",Altrincham,WA14 5FY,,['7499'],STIRLINGLINGERIE,WA14,STIRLINGLINGERIE|WA14,full,2008-03-31,2010-01-31,True,True,7499,False,,,,False,False,89.43737166324435,7499,Other,1,False,active
00552859,M. & J. STEINER LIMITED,active,ltd,,220 The Vale,,London,NW11 8SR,England,['68209'],MANDJSTEINER,NW11,MANDJSTEINER|NW11,,,,False,,,False,,,,False,False,,,Other,1,False,active
00700529,WINEMAKERS CHOICE LIMITED,active,ltd,1961-08-10,Sabmiller House,Church Street West,Woking,GU21 6HS,United Kingdom,['99999'],WINEMAKERSCHOICE,GU21,WINEMAKERSCHOICE|GU21,total-exemption-full,2012-03-31,2013-12-31,True,True,99999,False,,,,False,False,64.39972621492129,99999,Other,1,False,active
02441708,SHIREGLOBE COMPUTERS LIMITED,active,ltd,1989-11-09,Parc House,Parc Teifi Business Park,Cardigan,SA43 1EW,Wales,['62012'],SHIREGLOBECOMPUTERS,SA43,SHIREGLOBECOMPUTERS|SA43,total-exemption-full,2022-08-31,2024-05-31,True,True,62012,False,,,,False,False,36.15058179329227,62012,Other,1,False,active
03053913,PREMIER PLASTIC PARTS LIMITED,active,ltd,,The Old Dairy 12 Stephen Road,Headington,Oxford,OX3 9AY,England,['22290'],PREMIERPLASTICPARTS,OX3,PREMIERPLASTICPARTS|OX3,,,,False,,,False,,,,False,False,,,Other,1,False,active
04315543,INDEPENDENT CLAIMS RECOVERY UK LIMITED,active,ltd,2001-11-02,Units 1-4 Buntsford Business Park,Buntsford Park Road,Bromsgrove,B60 3DX,England,['96090'],INDEPENDENTCLAIMSRECOVERY,B60,INDEPENDENTCLAIMSRECOVERY|B60,total-exemption-full,2023-11-30,2025-11-27,True,True,96090,False,,,,False,False,24.16974674880219,96090,Other,1,False,active
04433166,ISLAND CONTRACTS LTD,active,ltd,,"Create Business Hub, Ground Floor 5 Rayleigh Road",Hutton,Brentwood,CM13 1AB,England,['43390'],ISLANDCONTRACTS,CM13,ISLANDCONTRACTS|CM13,,,,False,,,False,,,,False,False,,,Other,1,False,active
04435267,BRIDGE PHARMACY (NEWCASTLE EMLYN) LIMITED,active,ltd,,Merchants Warehouse,Castle Street,Manchester,M3 4LZ,England,['74990'],BRIDGEPHARMACYNEWCASTLEEMLYN,M3,BRIDGEPHARMACYNEWCASTLEEMLYN|M3,,,,False,,,False,,,,False,False,,,Other,1,False,active
05115190,CWS RACING LTD,active,ltd,,3 Marco Polo House,Cook Way,Taunton,TA2 6BJ,United Kingdom,['74990'],CWSRACING,TA2,CWSRACING|TA2,,,,False,,,False,,,,False,False,,,Other,1,False,active
05584621,DUCTEAM LIMITED,active,ltd,,2 Lakeview Stables,Lower St. Clere Kemsing,Sevenoaks,TN15 6NL,England,['43290'],DUCTEAM,TN15,DUCTEAM|TN15,,,,False,,,False,,,,False,False,,,Other,1,False,active
05810692,STANGRAVE MEWS MANAGEMENT LIMITED,active,ltd,,C/O Block Management Uk Limited Unit 5,Stour Valley Business Centre,Sudbury,CO10 7GB,England,['98000'],STANGRAVEMEWSMANAGEMENT,CO10,STANGRAVEMEWSMANAGEMENT|CO10,,,,False,,,False,,,,False,False,,,Other,1,False,active
05811880,GEMWAVE TECHNOLOGIES LIMITED,active,ltd,,Riverside House Kings Reach Business Park,Yew Street,Stockport,SK4 2HD,United Kingdom,['68209'],GEMWAVETECHNOLOGIES,SK4,GEMWAVETECHNOLOGIES|SK4,,,,False,,,False,,,,False,False,,,Other,1,False,active
05826020,MINI ELECTRIC EUROPE LTD.,active,ltd,,The Old Palace,Christ's Hospital Terrace,Lincoln,LN2 1LY,United Kingdom,['82990'],MINIELECTRICEUROPE,LN2,MINIELECTRICEUROPE|LN2,,,,False,,,False,,,,False,False,,,Other,1,False,active
06228235,SIGMA ( WALES ) LTD,active,ltd,2007-04-26,Citibase,101 Lockhurst Lane,Coventry,CV6 5SF,,['82990'],SIGMAWALES,CV6,SIGMAWALES|CV6,total-exemption-full,2019-12-31,2021-09-30,True,True,82990,False,,,,False,False,18.691307323750856,82990,Buildings,1,False,active
06239725,FOUR SEASONS CLEANING LTD,active,ltd,,36 Park Road,,Ryde,PO33 1HH,England,['81210'],FOURSEASONSCLEANING,PO33,FOURSEASONSCLEANING|PO33,,,,False,,,False,,,,False,False,,,Other,1,False,active
06367119,TGI SPORT LTD,active,ltd,,5-6 Henrietta Street,,London,WC2E 8PS,England,['77390'],TGISPORT,WC2E,TGISPORT|WC2E,,,,False,,,False,,,,False,False,,,Other,1,False,active
06548230,T.P. ELECTRICAL SERVICES LIMITED,active,ltd,,Flat 2 39 Longden Coleman,,Shrewsbury,SY3 7DQ,United Kingdom,['99999'],TPELECTRICAL,SY3,TPELECTRICAL|SY3,,,,False,,,False,,,,False,False,,,Other,1,False,active
06560959,THE SHELVING STORE LIMITED,active,ltd,2008-04-09,Unit 3 Enterprise Court,Station Road,Sandbach,CW11 3SB,England,['46900'],THESHELVINGSTORE,CW11,THESHELVINGSTORE|CW11,total-exemption-full,2022-04-30,2024-01-31,True,True,46900,False,,,,False,False,17.73579739904175,46900,Other,1,False,active
06642149,GOULDEN SMITH GROUP LIMITED,active,ltd,2008-07-09,Atlantic Business Centre Atlantic Street,Broadheath,Altrincham,WA14 5NQ,,['70100'],GOULDENSMITH,WA14,GOULDENSMITH|WA14,total-exemption-small,2014-07-31,2016-04-30,True,True,70100,True,,,,False,False,17.48665297741273,70100,Other,1,False,active
06670576,FLYING-SPIRITS LTD,active,ltd,2008-08-12,Suite 22 5 Bridge Street,,Maidenhead,SL6 1JN,United Kingdom,['70229'],FLYINGSPIRITS,SL6,FLYINGSPIRITS|SL6,total-exemption-full,2019-08-31,2021-05-31,True,True,70229,False,,,,False,False,17.39356605065024,70229,Other,1,False,active
06675033,MILLGRANGE DEVELOPMENTS LIMITED,active,ltd,2008-08-18,Pattisson House,Addison Road,Chesham,HP5 2BD,,['41100'],MILLGRANGEDEVELOPMENTS,HP5,MILLGRANGEDEVELOPMENTS|HP5,total-exemption-full,2016-12-31,2018-09-30,True,True,41100,False,,,,False,False,17.377138945927445,41100,Buildings,1,False,active
06831366,TAP-IN SUPPLIES LIMITED,active,ltd,,Clara House,Valley Road,Keighley,BD21 4LN,England,['47789'],TAPINSUPPLIES,BD21,TAPINSUPPLIES|BD21,,,,False,,,False,,,,False,False,,,Other,1,False,active
07092153,PROGRESS LODGE LIMITED,active,ltd,,124 City Road,,London,EC1V 2NX,England,['87200'],PROGRESSLODGE,EC1V,PROGRESSLODGE|EC1V,,,,False,,,False,,,,False,False,,,Other,1,False,active
07194051,POMULO LIMITED,active,ltd,,3 Allens Orchard,Brampton,Huntingdon,PE28 4NW,England,['46900'],POMULO,PE28,POMULO|PE28,,,,False,,,False,,,,False,False,,,Other,1,False,active
07218566,HOLMLODGE LIMITED,active,ltd,2010-04-09,15 Station Road,,St. Ives,PE27 5BH,,['82990'],HOLMLODGE,PE27,HOLMLODGE|PE27,total-exemption-full,2022-04-30,2024-01-27,True,True,82990,False,,,,False,False,15.737166324435318,82990,Buildings,1,False,active
07242406,MM FENCING AND ARENAS LTD,active,ltd,2010-05-04,69 Hurstbrook,Coppull,Chorley,PR7 4QX,,['43290'],MMFENCINGANDARENAS,PR7,MMFENCINGANDARENAS|PR7,total-exemption-full,2023-08-31,2025-08-31,True,True,43290,False,,,,False,False,15.668720054757015,43290,Buildings,1,False,active
07244595,MARGATE HAND CAR WASH LTD,active,ltd,,"Flat 1, 31-32 Fort Crescent Fort Crescent",,Margate,CT9 1HX,England,['96090'],MARGATEHANDCARWASH,CT9,MARGATEHANDCARWASH|CT9,,,,False,,,False,,,,False,False,,,Other,1,False,active
07386216,HOPEFULEARL LTD,active,ltd,,Painshill Farm Stables,Dunsfold Road,Cranleigh,GU6 8LF,England,['93199'],HOPEFULEARL,GU6,HOPEFULEARL|GU6,,,,False,,,False,,,,False,False,,,Other,1,False,active
07617653,MIRRORTECH LIMITED,active,ltd,,C/O Seftons,135-143 Union Street,Oldham,OL1 1TE,United Kingdom,['46499'],MIRRORTECH,OL1,MIRRORTECH|OL1,,,,False,,,False,,,,False,False,,,Other,1,False,active
07617761,CARDS 4U LIMITED,active,ltd,,Gable End Cottage,Park Road,Darwen,BB3 2LE,England,['82110'],CARDS4U,BB3,CARDS4U|BB3,,,,False,,,False,,,,False,False,,,Other,1,False,active
07618965,HOME SAFE (UK) LTD,active,ltd,,81 London Road,River,Dover,CT17 0SQ,England,['41202'],HOMESAFEUK,CT17,HOMESAFEUK|CT17,,,,False,,,False,,,,False,False,,,Other,1,False,active
07789330,ELITE ELECTRICAL CONNECT LIMITED,active,ltd,2011-09-27,3 Kensworth Gate,200-204 High Street South,Dunstable,LU6 3HS,,['43210'],ELITEELECTRICALCONNECT,LU6,ELITEELECTRICALCONNECT|LU6,total-exemption-full,2023-09-30,2025-06-30,True,True,43210,False,,,,False,False,14.269678302532512,43210,Buildings,1,False,active
07822646,777 PLUMBING LIMITED,active,ltd,,1453 High Road,,London,N20 9PH,England,['43220'],777PLUMBING,N20,777PLUMBING|N20,,,,False,,,False,,,,False,False,,,Other,1,False,active
08019903,MASSACRE SOUNDS LIMITED,active,ltd,2012-04-04,221 Harefield Road,,Uxbridge,UB8 1PP,England,['90010'],MASSACRESOUNDS,UB8,MASSACRESOUNDS|UB8,total-exemption-full,2022-04-30,2024-01-31,True,True,90010,False,,,,False,False,13.749486652977414,90010,Other,1,False,active
08042999,MVC CONTRACTOR LTD,active,ltd,,6 The Drive (Flat B Basement),,Hove,BN3 3JA,England,['62020'],MVCCONTRACTOR,BN3,MVCCONTRACTOR|BN3,,,,False,,,False,,,,False,False,,,Other,1,False,active
08246792,HARRIS TRAVEL LIMITED,active,ltd,,Unit 5b Duttons Way,Shadsworth Business Park,Blackburn,BB1 2QR,England,['49319'],HARRISTRAVEL,BB1,HARRISTRAVEL|BB1,,,,False,,,False,,,,False,False,,,Other,1,False,active
08355302,RAIN-SCAPE LTD,active,ltd,,18 Vale View,Charvil,Reading,RG10 9SJ,England,['43910'],RAINSCAPE,RG10,RAINSCAPE|RG10,,,,False,,,False,,,,False,False,,,Other,1,False,active
08364047,LJM SOFTWARE SOLUTIONS LIMITED,active,ltd,,2 Otter Court,,Buxton,SK17 6XD,England,['62020'],LJMSOFTWARESOLUTIONS,SK17,LJMSOFTWARESOLUTIONS|SK17,,,,False,,,False,,,,False,False,,,Other,1,False,active
08364929,SYNC WORLD LTD,active,ltd,2013-01-17,69 Whernside Close 69 Whernside Close,,London,SE28 8HB,,"['62020', '70229']",SYNCWORLD,SE28,SYNCWORLD|SE28,micro-entity,2022-01-31,2023-10-31,True,True,62020;70229,True,,,,False,False,12.960985626283367,62020,Other,1,False,active
08449561,ROBERTS CONTRACTING LTD,active,ltd,2013-03-18,18 St. Marys Crescent,Ruddington,Nottingham,NG11 6FQ,,['43210'],ROBERTSCONTRACTING,NG11,ROBERTSCONTRACTING|NG11,total-exemption-full,2024-03-31,2025-12-31,True,True,43210,False,,,,False,False,12.796714579055442,43210,Buildings,1,False,active
08483591,PENDRAGON  WINGS LIMITED,active,ltd,,8 Dennis Road,Kempston,Bedford,MK42 7HF,England,['32990'],PENDRAGONWINGS,MK42,PENDRAGONWINGS|MK42,,,,False,,,False,,,,False,False,,,Other,1,False,active
08517153,REXVILLE SOLUTIONS LIMITED,active,ltd,,Unit 30 Maybrook Industrial Estate,Maybrook Road,Walsall,WS8 7DG,United Kingdom,['52103'],REXVILLESOLUTIONS,WS8,REXVILLESOLUTIONS|WS8,,,,False,,,False,,,,False,False,,,Other,1,False,active
08547427,BADDESLEY ACCIDENT & HIRE SERVICES LTD,active,ltd,2013-05-29,12 Elsperth Road,,Wembley,HA0 2BW,England,['66190'],BADDESLEYACCIDENTANDHIRE,HA0,BADDESLEYACCIDENTANDHIRE|HA0,total-exemption-full,2023-05-31,2025-02-28,True,True,66190,False,,,,False,False,12.59958932238193,66190,Other,1,False,active
08850678,CELUPLAS LIMITED,active,ltd,,6 Martins Court,Hindley,Wigan,WN2 4AZ,England,['46740'],CELUPLAS,WN2,CELUPLAS|WN2,,,,False,,,False,,,,False,False,,,Other,1,False,active
08861018,QUEEN OF HEARTS COUTURE CAKES LTD.,active,ltd,,21 St. Christopher Road,,Uxbridge,UB8 3SG,England,['90030'],QUEENOFHEARTSCOUTURECAKES,UB8,QUEENOFHEARTSCOUTURECAKES|UB8,,,,False,,,False,,,,False,False,,,Other,1,False,active
08877152,CHILTERN DAVIES IT SERVICES LIMITED,active,ltd,,2a The Crescent,,Blackpool,FY4 1EQ,England,['62020'],CHILTERNDAVIESIT,FY4,CHILTERNDAVIESIT|FY4,,,,False,,,False,,,,False,False,,,Other,1,False,active
08893005,SILVER LINING FILM PRODUCTIONS LTD,active,ltd,2014-02-13,61 West Hill Road,East Putney,London,SW18 1LE,England,['59112'],SILVERLININGFILMPRODUCTIONS,SW18,SILVERLININGFILMPRODUCTIONS|SW18,total-exemption-full,2023-02-28,2024-11-30,True,True,59112,False,,,,False,False,11.887748117727584,59112,Other,1,False,active
09016299,VANWALL PROPERTY DEVELOPMENT LIMITED,active,ltd,,"The Old Barrel Store, Brewery Courtyard",Draymans Lane,Marlow,SL7 2FF,England,['68209'],VANWALLPROPERTYDEVELOPMENT,SL7,VANWALLPROPERTYDEVELOPMENT|SL7,,,,False,,,False,,,,False,False,,,Other,1,False,active
09042451,WOODGATE CAPITAL MANAGEMENT LIMITED,active,ltd,,58 Marlborough Park Avenue,,Sidcup,DA15 9DP,England,['96090'],WOODGATECAPITALMANAGEMENT,DA15,WOODGATECAPITALMANAGEMENT|DA15,,,,False,,,False,,,,False,False,,,Other,1,False,active
09061695,BEULAH SCANNERS LTD.,active,ltd,,4 Dunster Grove,,Cheltenham,GL51 0PE,England,['86101'],BEULAHSCANNERS,GL51,BEULAHSCANNERS|GL51,,,,False,,,False,,,,False,False,,,Other,1,False,active
09240504,HDI (T/A SAMBUCA HARTLEPOOL) LIMITED,active,ltd,2014-09-30,20-21 Church Street,,Hartlepool,TS24 7DH,England,['56101'],HDITASAMBUCAHARTLEPOOL,TS24,HDITASAMBUCAHARTLEPOOL|TS24,total-exemption-full,2023-09-30,2025-09-30,True,True,56101,False,,,,False,False,11.260780287474333,56101,Other,1,False,active
09241217,STEF-PAL LTD,active,ltd,,107a Ripple Road,,Barking,IG11 7NY,England,['71129'],STEFPAL,IG11,STEFPAL|IG11,,,,False,,,False,,,,False,False,,,Other,1,False,active
09277317,WEC (WARRINGTON) LIMITED,active,ltd,2014-10-23,1st Floor 264 Manchester Road,,Warrington,WA1 3RB,United Kingdom,['47260'],WECWARRINGTON,WA1,WECWARRINGTON|WA1,total-exemption-full,2022-02-28,2024-02-29,True,True,47260,False,,,,False,False,11.197809719370294,47260,Other,1,False,active
09393905,PAWO LIMITED,active,ltd,,10 Stubley Drive,,Wolverhampton,WV10 9YB,England,['49410'],PAWO,WV10,PAWO|WV10,,,,False,,,False,,,,False,False,,,Other,1,False,active
09517046,QUICKROOMS.LONDON LTD,active,ltd,,27 Baker Close,,Crawley,RH10 6HA,England,['68209'],QUICKROOMSLONDON,RH10,QUICKROOMSLONDON|RH10,,,,False,,,False,,,,False,False,,,Other,1,False,active
09573685,HASSBELL GLOBAL RESOURCE LIMITED,active,ltd,,16 St. Helens Court,,Rainham,RM13 9YU,England,['43999'],HASSBELLGLOBALRESOURCE,RM13,HASSBELLGLOBALRESOURCE|RM13,,,,False,,,False,,,,False,False,,,Other,1,False,active
09581816,ORANGEPACK LTD,active,ltd,,19 Pages Walk,,Corby,NN17 1XE,England,"['46342', '52290', '56290']",ORANGEPACK,NN17,ORANGEPACK|NN17,,,,False,,,False,,,,False,False,,,Other,1,False,active
09586937,SEEGEETEE LTD,active,ltd,,"Suite 4, Second Floor Honeycomb",Edmund Street,Liverpool,L3 9NG,England,['70229'],SEEGEETEE,L3,SEEGEETEE|L3,,,,False,,,False,,,,False,False,,,Other,1,False,active
09606473,MI & PHO LIMITED,active,ltd,,384 Palatine Road Northenden,,Manchester,M22 4FZ,England,['56102'],MIANDPHO,M22,MIANDPHO|M22,,,,False,,,False,,,,False,False,,,Other,1,False,active
09660450,MESTRE DELIVERY COMPANY LIMITED,active,ltd,,87 Godman Road,St Mary,Grays,RM16 4TD,England,['49410'],MESTREDELIVERYCOMPANY,RM16,MESTREDELIVERYCOMPANY|RM16,,,,False,,,False,,,,False,False,,,Other,1,False,active
09740079,GEM BOX (BIRMINGHAM) LIMITED,active,ltd,2015-08-19,9-11 Stratford Road,Shirley,Solihull,B90 3LU,England,['47770'],GEMBOXBIRMINGHAM,B90,GEMBOXBIRMINGHAM|B90,total-exemption-full,2022-02-28,2024-02-29,True,True,47770,False,,,,False,False,10.376454483230663,47770,Other,1,False,active
09747789,PLAN MY PROPERTY LIMITED,active,ltd,,5 Carlton Close,,Newport Pagnell,MK16 9AX,England,['71111'],PLANMYPROPERTY,MK16,PLANMYPROPERTY|MK16,,,,False,,,False,,,,False,False,,,Other,1,False,active
09758135,GRASSHOPPERS CROP CARE LTD,active,ltd,2015-09-02,45 High Street,,Haverfordwest,SA61 2BP,Wales,['01630'],GRASSHOPPERSCROPCARE,SA61,GRASSHOPPERSCROPCARE|SA61,total-exemption-full,2022-05-31,2024-02-29,True,True,01630,False,,,,False,False,10.338124572210814,01630,Other,1,False,active
09893082,Q SPORTS ONLINE LTD,active,ltd,2015-11-27,158 Turves Road,Cheadle Hulme,Cheadle,SK8 6AW,England,['47910'],QSPORTSONLINE,SK8,QSPORTSONLINE|SK8,total-exemption-full,2022-11-30,2024-08-25,True,True,47910,False,,,,False,False,10.102669404517453,47910,Other,1,False,active
09901667,ELLA TYRES LTD,active,ltd,,2 Cawley Hatch,,Harlow,CM19 5AN,United Kingdom,"['22110', '45200']",ELLATYRES,CM19,ELLATYRES|CM19,,,,False,,,False,,,,False,False,,,Other,1,False,active
09909828,GAS VENTURES (UK) LIMITED,active,ltd,,21 Central Way,,Carshalton,SM5 3NF,England,['72190'],GASVENTURESUK,SM5,GASVENTURESUK|SM5,,,,False,,,False,,,,False,False,,,Other,1,False,active
09951072,1ST 4 FUN LTD,active,ltd,,"Flat 2, 94 Victoria Road",Aston,Birmingham,B6 5HG,United Kingdom,['59200'],1ST4FUN,B6,1ST4FUN|B6,,,,False,,,False,,,,False,False,,,Other,1,False,active
09961577,REMEDIX GROUP LTD,active,ltd,2016-01-20,Kemp House 152-160 City Road,,London,EC1V 2NX,,['96020'],REMEDIX,EC1V,REMEDIX|EC1V,unaudited-abridged,2023-01-31,2024-10-31,True,True,96020,True,,,,False,False,9.95482546201232,96020,Other,1,False,active
09973875,SMART ITC LIMITED,active,ltd,,Flat 6 199 Watling Street,,Radlett,WD7 7NQ,England,"['33140', '47410', '47421']",SMARTITC,WD7,SMARTITC|WD7,,,,False,,,False,,,,False,False,,,Other,1,False,active
09974257,VIET MEMORIES LIMITED,active,ltd,,3 Brook Street,,Hull,HU2 8LA,England,['56101'],VIETMEMORIES,HU2,VIETMEMORIES|HU2,,,,False,,,False,,,,False,False,,,Other,1,False,active
09976003,173 HIGH STREET RICKMANSWORTH (FREEHOLD) LIMITED,active,ltd,2016-01-28,Langley House Park Road,East Finchley,London,N2 8EY,United Kingdom,['64209'],173HIGHSTREETRICKMANSWORTHFREEHOLD,N2,173HIGHSTREETRICKMANSWORTHFREEHOLD|N2,total-exemption-full,2021-01-31,2023-01-31,True,True,64209,False,,,,False,False,9.932922655715263,64209,Other,1,False,active
09983396,INCONSTRUCT SERVICES LTD,active,ltd,,Flat 1 High Street,34b Lincoln House,Harpenden,AL5 2SX,England,['43290'],INCONSTRUCT,AL5,INCONSTRUCT|AL5,,,,False,,,False,,,,False,False,,,Other,1,False,active
09984948,ZARCOM LTD,active,ltd,,69 Sheldrick Close,,Colliers Wood,SW19 2UQ,England,['96090'],ZARCOM,SW19,ZARCOM|SW19,,,,False,,,False,,,,False,False,,,Other,1,False,active
10076162,SANTAFERENO RESTAURANT LIMITED,active,ltd,,54-61 Brixton Village,Coldharbour Lane,London,SW9 8PS,England,['56101'],SANTAFERENORESTAURANT,SW9,SANTAFERENORESTAURANT|SW9,,,,False,,,False,,,,False,False,,,Other,1,False,active
10096262,ARBITER LIMITED,active,ltd,2016-04-01,"First Floor, Unit 4 Kettlestring Lane",Clifton Moor,York,YO30 4XF,England,['74909'],ARBITER,YO30,ARBITER|YO30,total-exemption-full,2022-04-30,2024-01-31,True,True,74909,False,,,,False,False,9.757700205338809,74909,Other,1,False,active
10113689,WINNERS (CHEN) LTD,active,ltd,,15 Church Street,Little Shelford,Cambridge,CB22 5HG,United Kingdom,['56103'],WINNERSCHEN,CB22,WINNERSCHEN|CB22,,,,False,,,False,,,,False,False,,,Other,1,False,active
10135646,MIDBURY LTD,active,ltd,,Unit 2c Martinbridge Estate,,Enfield,EN1 1SP,England,['47910'],MIDBURY,EN1,MIDBURY|EN1,,,,False,,,False,,,,False,False,,,Other,1,False,active
10149602,GAEA TRIAL ACCELERATION LIMITED,active,ltd,,1 Broadcar Road,,Macclesfield,SK11 0AQ,England,['70229'],GAEATRIALACCELERATION,SK11,GAEATRIALACCELERATION|SK11,,,,False,,,False,,,,False,False,,,Other,1,False,active
10151623,ISLAM BROTHERS LTD,active,ltd,,34 Queslett Road Great Barr,,Birmingham,B43 6PL,England,['56101'],ISLAMBROTHERS,B43,ISLAMBROTHERS|B43,,,,False,,,False,,,,False,False,,,Other,1,False,active
10161440,PRYOR'S WINDOW CLEANING LIMITED,active,ltd,,The Cottage,2 Castlefield Road,Reigate,RH2 0AP,United Kingdom,['81221'],PRYORSWINDOWCLEANING,RH2,PRYORSWINDOWCLEANING|RH2,,,,False,,,False,,,,False,False,,,Other,1,False,active
10180383,FAITHDEAN SPECIAL WORKS LTD,active,ltd,,"Unit 12, The Oaks Revenge Road",Lordswood,Chatham,ME5 8LF,England,"['43290', '43999']",FAITHDEANSPECIALWORKS,ME5,FAITHDEANSPECIALWORKS|ME5,,,,False,,,False,,,,False,False,,,Other,1,False,active
10183886,BEN'S BROTHERS LIMITED,active,ltd,,38 Oakdale Avenue,,Northwood,HA6 1PG,England,['42990'],BENSBROTHERS,HA6,BENSBROTHERS|HA6,,,,False,,,False,,,,False,False,,,Other,1,False,active
10236844,C&E AMERY LIMITED,active,ltd,2016-06-17,77 Hampton Crescent East,Cyncoed,Cardiff,CF23 6RG,Wales,['96090'],CANDEAMERY,CF23,CANDEAMERY|CF23,total-exemption-full,2023-07-31,2025-04-30,True,True,96090,False,,,,False,False,9.546885694729637,96090,Other,1,False,active
10280760,BURGS HUT LTD,active,ltd,2016-07-15,Demar House 14 Church Road,East Wittering,Chichester,PO20 8PS,England,['56210'],BURGSHUT,PO20,BURGSHUT|PO20,total-exemption-full,2022-01-31,2024-01-31,True,True,56210,False,,,,False,False,9.470225872689939,56210,Other,1,False,active
10301103,LOUGHMAN PLANT OPERATIONS LTD,active,ltd,,1st Floor Enterprise House,202-206 Linthorpe Road,Middlesbrough,TS1 3QW,England,['43999'],LOUGHMANPLANTOPERATIONS,TS1,LOUGHMANPLANTOPERATIONS|TS1,,,,False,,,False,,,,False,False,,,Other,1,False,active
10317189,ZUBRA CONSTRUCTION LTD,active,ltd,,84 Ashurst Drive,,Ilford,IG2 6SB,United Kingdom,['41100'],ZUBRACONSTRUCTION,IG2,ZUBRACONSTRUCTION|IG2,,,,False,,,False,,,,False,False,,,Other,1,False,active
10345530,KAZIM-TYLOR CONSULTING LIMITED,active,ltd,,"Lower Farmhouse, Stud Lane",Crawley,Hampshire,SO21 2QG,England,['63990'],KAZIMTYLORCONSULTING,SO21,KAZIMTYLORCONSULTING|SO21,,,,False,,,False,,,,False,False,,,Other,1,False,active
10379849,NEW LOCAL MINIMARKET LTD,active,ltd,2016-09-16,Unit 2 274-276 Highbury New Park,,London,N5 2LH,United Kingdom,['47110'],NEWLOCALMINIMARKET,N5,NEWLOCALMINIMARKET|N5,total-exemption-full,2023-09-30,2025-06-30,True,True,47110,False,,,,False,False,9.297741273100616,47110,Other,1,False,active
10492363,SUPERIOR VAPOUR LTD,active,ltd,,92 Western Avenue,,Newport,NP20 3QZ,Wales,['47789'],SUPERIORVAPOUR,NP20,SUPERIORVAPOUR|NP20,,,,False,,,False,,,,False,False,,,Other,1,False,active
10500389,A&E MEDICAL CONSULTANCY LIMITED,active,ltd,,63 - 66 63 - 66 Hatton Garden,,London,EC1N 8LE,England,['86900'],AANDEMEDICALCONSULTANCY,EC1N,AANDEMEDICALCONSULTANCY|EC1N,,,,False,,,False,,,,False,False,,,Other,1,False,active
10534377,BOLTON SHAWARMA LIMITED,active,ltd,2016-12-21,136 Debrby Street,,Bolton,BL3 6JR,United Kingdom,['56103'],BOLTONSHAWARMA,BL3,BOLTONSHAWARMA|BL3,total-exemption-full,2023-12-31,2025-09-30,True,True,56103,False,,,,False,False,9.034907597535934,56103,Other,1,False,active
10573639,DJTHOMAS LIMITED,active,ltd,,121 Watermoor Road,,Cirencester,GL7 1LF,England,['41202'],DJTHOMAS,GL7,DJTHOMAS|GL7,,,,False,,,False,,,,False,False,,,Other,1,False,active
10586026,MCMEIKEN HARRIS LTD,active,ltd,,102 Charles Street,,Boldon Colliery,NE35 9BZ,England,['96020'],MCMEIKENHARRIS,NE35,MCMEIKENHARRIS|NE35,,,,False,,,False,,,,False,False,,,Other,1,False,active
10601760,LIFFEY BLUE LIMITED,active,ltd,2017-02-06,Unit 6 7-9 Lever Street,Little Lever,Bolton,BL3 1BA,England,['70229'],LIFFEYBLUE,BL3,LIFFEYBLUE|BL3,total-exemption-full,2024-02-28,2025-11-30,True,True,70229,False,,,,False,False,8.906228610540726,70229,Other,1,False,active
10609675,DIAMOR LIMITED,active,ltd,,85 Grantully Road,85 Ashworth Mansions,London,W9 1LN,England,['32120'],DIAMOR,W9,DIAMOR|W9,,,,False,,,False,,,,False,False,,,Other,1,False,active
10626831,RESOLUTIONS PRINT LIMITED,active,ltd,,17a Electric Lane,,London,SW9 8LA,England,['18129'],RESOLUTIONSPRINT,SW9,RESOLUTIONSPRINT|SW9,,,,False,,,False,,,,False,False,,,Other,1,False,active
10643043,LTV LIGHTING LTD,active,ltd,,121 Carr Head Lane,,Poulton-Le-Fylde,FY6 8EG,England,['43210'],LTVLIGHTING,FY6,LTVLIGHTING|FY6,,,,False,,,False,,,,False,False,,,Other,1,False,active
10653633,EVIALEX LTD,active,ltd,,318 Old Street,,London,EC1V 9DR,England,['96090'],EVIALEX,EC1V,EVIALEX|EC1V,,,,False,,,False,,,,False,False,,,Other,1,False,active
10674358,WESTWOODXCROSS LIMITED,active,ltd,,156 Northdown Road,Cliftonville,Margate,CT9 2QN,England,['82990'],WESTWOODXCROSS,CT9,WESTWOODXCROSS|CT9,,,,False,,,False,,,,False,False,,,Other,1,False,active
10691458,ALBERTO COMPANY (LONDON) LIMITED,active,ltd,,Flat 3 Balcombe House,Streatham Hill,London,SW2 4AP,United Kingdom,['43999'],ALBERTOCOMPANYLONDON,SW2,ALBERTOCOMPANYLONDON|SW2,,,,False,,,False,,,,False,False,,,Other,1,False,active
10698789,CODE CONSULTING LIMITED,active,ltd,,19 Trinity Square,,Llandudno,LL30 2RD,United Kingdom,"['58190', '62012']",CODECONSULTING,LL30,CODECONSULTING|LL30,,,,False,,,False,,,,False,False,,,Other,1,False,active
10714387,I&R EXPRESS LTD,active,ltd,,58 Firmley Drive Frimley Drive,,Bradford,BD5 9EP,England,['49410'],IANDREXPRESS,BD5,IANDREXPRESS|BD5,,,,False,,,False,,,,False,False,,,Other,1,False,active
10718325,TINONINO LTD.,active,ltd,,45 Stockbreach Road,,London,AL10 0BB,England,"['41201', '41202', '74100']",TINONINO,AL10,TINONINO|AL10,,,,False,,,False,,,,False,False,,,Other,1,False,active
10721565,INNOVATIVE FITNESS FOR ALL LTD,active,ltd,2017-04-11,6 Hansel Road,,London,NW6 5DQ,England,['96090'],INNOVATIVEFITNESSFORALL,NW6,INNOVATIVEFITNESSFORALL|NW6,total-exemption-full,2023-04-30,2025-01-31,True,True,96090,False,,,,False,False,8.731006160164272,96090,Other,1,False,active
10723142,CHESHIRE RETREAT LTD,active,ltd,,2 Old Market Place,,Altrincham,WA14 4NP,England,"['96020', '96090']",CHESHIRERETREAT,WA14,CHESHIRERETREAT|WA14,,,,False,,,False,,,,False,False,,,Other,1,False,active
10723972,BLUE SOLE LIMITED,active,ltd,,"Unit 25, Cp House",Otterspool Way,Watford,WD25 8HR,England,['46420'],BLUESOLE,WD25,BLUESOLE|WD25,,,,False,,,False,,,,False,False,,,Other,1,False,active
10729847,DSB TOOLS LIMITED,active,ltd,2017-04-19,"Suite 0323, Unit D3 Mod Village Baron Way",Kingmoor Business Park,Carlisle,CA6 4BU,England,['47990'],DSBTOOLS,CA6,DSBTOOLS|CA6,total-exemption-full,2022-04-30,2024-01-31,True,True,47990,False,,,,False,False,8.709103353867214,47990,Other,1,False,active
10752069,DMD GROUNDWORKS LIMITED,active,ltd,2017-05-03,54-56 Ormskirk Street,,St Helens,WA10 2TF,England,['43120'],DMDGROUNDWORKS,WA10,DMDGROUNDWORKS|WA10,unaudited-abridged,2019-03-31,2021-03-31,True,True,43120,False,,,,False,False,8.670773442847365,43120,Buildings,1,False,active
10759168,FIFI ONE LIMITED,active,ltd,,21 Shelly Row,,Cambridge,CB3 0BS,England,"['86101', '86102', '87200', '87300']",FIFIONE,CB3,FIFIONE|CB3,,,,False,,,False,,,,False,False,,,Other,1,False,active
10764952,SPOTLIGHT SALES AND LETTINGS LTD,active,ltd,,31 High Street,,Lyndhurst,SO43 7BE,England,"['68310', '68320']",SPOTLIGHTSALESANDLETTINGS,SO43,SPOTLIGHTSALESANDLETTINGS|SO43,,,,False,,,False,,,,False,False,,,Other,1,False,active
10784441,ATKINSON HOME AND BUILD LIMITED,active,ltd,,"Winghams House, 9 Freeport Office Village",Century Drive,Braintree,CM77 8YG,England,['82990'],ATKINSONHOMEANDBUILD,CM77,ATKINSONHOMEANDBUILD|CM77,,,,False,,,False,,,,False,False,,,Other,1,False,active
10795841,PUPPERCUTS LTD,active,ltd,,31 Madison Walk,Ackworth,Pontefract,WF7 7ER,England,['96090'],PUPPERCUTS,WF7,PUPPERCUTS|WF7,,,,False,,,False,,,,False,False,,,Other,1,False,active
10822298,ENERGY BY NATURE UK LTD,active,ltd,,5 Hextall Drive,,Ibstock,LE67 6RE,England,"['43220', '46740']",ENERGYBYNATURE,LE67,ENERGYBYNATURE|LE67,,,,False,,,False,,,,False,False,,,Other,1,False,active
10835823,DR N AL-SUDANI (MRCGP) LTD,active,ltd,,18 Rutland Crescent,,Luton,LU2 0RF,England,['86210'],DRNALSUDANIMRCGP,LU2,DRNALSUDANIMRCGP|LU2,,,,False,,,False,,,,False,False,,,Other,1,False,active
10843051,RHEMA ESTATE MANAGEMENT LTD,active,ltd,,16 Derby Road,,Enfield,EN3 4AN,England,"['68209', '68310']",RHEMAESTATEMANAGEMENT,EN3,RHEMAESTATEMANAGEMENT|EN3,,,,False,,,False,,,,False,False,,,Other,1,False,active
10850966,PLANETWORKS UK LTD,active,ltd,,239-241 Kennington Lane,,London,SE11 5QU,England,"['46180', '73120']",PLANETWORKS,SE11,PLANETWORKS|SE11,,,,False,,,False,,,,False,False,,,Other,1,False,active
10900029,H SAMS LTD.,active,ltd,,273 London Road,,Croydon,CR0 2RL,United Kingdom,['82990'],HSAMS,CR0,HSAMS|CR0,,,,False,,,False,,,,False,False,,,Other,1,False,active
11059589,1ST FOR BUY TO LET HOMES LTD,active,ltd,,Onward Chambers,34 Market Street,Hyde,SK14 1AH,United Kingdom,['68100'],1STFORBUYTOLETHOMES,SK14,1STFORBUYTOLETHOMES|SK14,,,,False,,,False,,,,False,False,,,Other,1,False,active
11107836,EAST BAY CARDIFF LIMITED,active,ltd,,43 Palace Street,,London,SW1E 5HL,United Kingdom,['41202'],EASTBAYCARDIFF,SW1E,EASTBAYCARDIFF|SW1E,,,,False,,,False,,,,False,False,,,Other,1,False,active
11124366,JASSAL CATERING AND EVENTS LIMITED,active,ltd,2017-12-22,1st Floor 33a Grove Lane,,Birmingham,B21 9ES,United Kingdom,['56210'],JASSALCATERINGANDEVENTS,B21,JASSALCATERINGANDEVENTS|B21,total-exemption-full,2020-12-31,2022-12-31,True,True,56210,False,,,,False,False,8.032854209445585,56210,Other,1,False,active
11141476,PONTE VECHIO LTD,active,ltd,,51 St. James Gardens,,Trowbridge,BA14 8TH,England,['56101'],PONTEVECHIO,BA14,PONTEVECHIO|BA14,,,,False,,,False,,,,False,False,,,Other,1,False,active
11141477,NEXUS APEX LTD,active,ltd,2018-01-09,80a Thanet Street,Clay Cross,Chesterfield,S45 9JU,England,"['47890', '47910', '78109']",NEXUSAPEX,S45,NEXUSAPEX|S45,micro-entity,2022-01-31,2024-01-31,True,True,47890;47910;78109,True,,,,False,False,7.983572895277208,47890,Other,1,False,active
11164375,KK&L TRANSPORT LTD,active,ltd,2018-01-23,15 Sycamore Fold,,Leeds,LS11 6BD,England,['49410'],KKANDLTRANSPORT,LS11,KKANDLTRANSPORT|LS11,total-exemption-full,2023-01-31,2024-10-31,True,True,49410,False,,,,False,False,7.945242984257358,49410,Transport,1,False,active
11173072,KARL M WARD LIMITED,active,ltd,2018-01-26,Grafton House,81 Chorley Old Road,Bolton,BL1 3AJ,United Kingdom,['49410'],KARLMWARD,BL1,KARLMWARD|BL1,total-exemption-full,2022-04-30,2024-04-08,True,True,49410,False,,,,False,False,7.9370294318959616,49410,Transport,1,False,active
11176281,LOBY LIMITED,active,ltd,2018-01-30,Suite 112 Ajp Business Centre,152-154 Coles Green Road,London,NW2 7HD,England,['82990'],LOBY,NW2,LOBY|NW2,total-exemption-full,2023-01-31,2024-10-31,True,True,82990,False,,,,False,False,7.926078028747433,82990,Buildings,1,False,active
11201147,JADE LABOUR SERVICES LIMITED,active,ltd,,1 Epworth Road,,Isleworth,TW7 5BL,United Kingdom,"['43310', '43999']",JADELABOUR,TW7,JADELABOUR|TW7,,,,False,,,False,,,,False,False,,,Other,1,False,active
11219154,PORK PEDDLER LTD,active,ltd,2018-02-22,15 Cromwell Road,,Malvern,WR14 1NA,England,"['47290', '47990', '56103', '56210']",PORKPEDDLER,WR14,PORKPEDDLER|WR14,micro-entity,2021-02-28,2022-11-30,True,True,47290;47990;56103;56210,True,,,,False,False,7.863107460643395,47290,Other,1,False,active
11237355,GLUTEYWEAR LTD,active,ltd,,41 Robinia Close Robinia Close,Laindon,Basildon,SS15 4HD,England,"['47910', '82990']",GLUTEYWEAR,SS15,GLUTEYWEAR|SS15,,,,False,,,False,,,,False,False,,,Other,1,False,active
11241818,BURNAP + ABEL (DOVER) LTD,active,ltd,2018-03-08,Unit 11 The Charlton Centre,High Street,Dover,CT16 1TT,United Kingdom,['68310'],BURNAPABELDOVER,CT16,BURNAPABELDOVER|CT16,total-exemption-full,2024-03-31,2025-12-31,True,True,68310,False,,,,False,False,7.824777549623546,68310,Buildings,1,False,active
11292426,CASTLE DIY LTD,active,ltd,,C/O Bfs Accountants Ltd The Willows Southwell Road West,Rainworth,Mansfield,NG21 0HJ,England,['47190'],CASTLEDIY,NG21,CASTLEDIY|NG21,,,,False,,,False,,,,False,False,,,Other,1,False,active
11309264,AK EXPORTS LTD,active,ltd,,6 Rosewood Place,,Kettering,NN16 9PY,United Kingdom,['46900'],AKEXPORTS,NN16,AKEXPORTS|NN16,,,,False,,,False,,,,False,False,,,Other,1,False,active
11310806,AJ GROUP OF COMPANIES LTD,active,ltd,2018-04-16,1 Kings Avenue,,London,N21 3NA,United Kingdom,['64209'],AJGROUPOFCOMPANIES,N21,AJGROUPOFCOMPANIES|N21,micro-entity,2022-04-30,2024-01-31,True,True,64209,True,,,,False,False,7.7180013689253935,64209,Other,1,False,active
11315600,VINDYARD LTD,active,ltd,,"Unit 19 Atlas Business Centre,",Oxgate Lane,London,NW2 7HJ,England,['68209'],VINDYARD,NW2,VINDYARD|NW2,,,,False,,,False,,,,False,False,,,Other,1,False,active
11323619,R&D JOL INVESTMENTS LIMITED,active,ltd,,5 Daleside,,Gerrards Cross,SL9 7JF,England,['64301'],RANDDJOLINVESTMENTS,SL9,RANDDJOLINVESTMENTS|SL9,,,,False,,,False,,,,False,False,,,Other,1,False,active
11344781,SF TRADING ONLINE LTD,active,ltd,2018-05-03,Unit 7 Sherwood Network Centre,Sherwood Energy Village,Ollerton,NG22 9FD,England,"['47910', '52103']",SFTRADINGONLINE,NG22,SFTRADINGONLINE|NG22,unaudited-abridged,2022-05-31,2024-02-29,True,True,47910;52103,True,,,,False,False,7.671457905544147,47910,Other,1,False,active
11357763,AD PUB LEISURE LIMITED,active,ltd,,Starting Gate,West Dyke Road,Redcar,TS10 4PS,United Kingdom,['56302'],ADPUBLEISURE,TS10,ADPUBLEISURE|TS10,,,,False,,,False,,,,False,False,,,Other,1,False,active
11358305,OOPS INSURANCE SERVICES LIMITED,active,ltd,,10 Guildhall Street,,Grantham,NG31 6NJ,England,['66220'],OOPSINSURANCE,NG31,OOPSINSURANCE|NG31,,,,False,,,False,,,,False,False,,,Other,1,False,active
11387140,LEX HOMES CAPITAL LIMITED,active,ltd,2018-05-29,Miller House,Rosslyn Crescent,Harrow,HA1 2RZ,United Kingdom,"['64301', '64304', '64306', '68100']",LEXHOMESCAPITAL,HA1,LEXHOMESCAPITAL|HA1,micro-entity,2023-05-31,2025-02-28,True,True,64301;64304;64306;68100,True,,,,False,False,7.600273785078714,64301,Other,1,False,active
11432756,UK LUXURY VAPE LTD,active,ltd,,140 Church Street,,London,NW8 8EX,England,"['46350', '46520']",UKLUXURYVAPE,NW8,UKLUXURYVAPE|NW8,,,,False,,,False,,,,False,False,,,Other,1,False,active
11439185,SOPHIE KARL PRODUCTION LTD,active,ltd,,230 Shirley Road,,Southampton,SO15 3HR,England,['59113'],SOPHIEKARLPRODUCTION,SO15,SOPHIEKARLPRODUCTION|SO15,,,,False,,,False,,,,False,False,,,Other,1,False,active
11440021,SPRING INFO-TECH LTD,active,ltd,,"G3, Regus - Milton Keynes Atterbury Lakes Fairbourne Drive",Atterbury,Milton Keynes,MK10 9RG,England,['62020'],SPRINGINFOTECH,MK10,SPRINGINFOTECH|MK10,,,,False,,,False,,,,False,False,,,Other,1,False,active
11461823,GWRH LTD,active,ltd,,48 - 52 Penny Lane Mossley Hill,,Liverpool,L18 1DG,United Kingdom,['56302'],GWRH,L18,GWRH|L18,,,,False,,,False,,,,False,False,,,Other,1,False,active
11462174,GSP BRICKWORK LTD,active,ltd,2018-07-12,6-8 Freeman Street,,Grimsby,DN32 7AA,England,['41202'],GSPBRICKWORK,DN32,GSPBRICKWORK|DN32,total-exemption-full,2022-07-31,2024-04-30,True,True,41202,False,,,,False,False,7.479808350444901,41202,Buildings,1,False,active
11464308,SDCY SERVICES LIMITED,active,ltd,2018-07-13,137 Gilbourne Road,,London,SE18 2NX,United Kingdom,"['86900', '87200']",SDCY,SE18,SDCY|SE18,micro-entity,2021-07-31,2023-04-30,True,True,86900;87200,True,,,,False,False,7.477070499657769,86900,Other,1,False,active
11466848,GTECH SELECTION LTD,active,ltd,2018-07-16,71 High Storrs Drive,,Sheffield,S11 7LN,England,"['78109', '78200']",GTECHSELECTION,S11,GTECHSELECTION|S11,unaudited-abridged,2023-07-31,2025-04-30,True,True,78109;78200,True,,,,False,False,7.468856947296373,78109,Other,1,False,active
11530841,B W DATACOMS LIMITED,active,ltd,,24 Saleby Close Lower Earley,,Reading,RG6 3BE,England,['61100'],BWDATACOMS,RG6,BWDATACOMS|RG6,,,,False,,,False,,,,False,False,,,Other,1,False,active
11550186,TEMDEM LIMITED,active,ltd,,"1st Floor North Westgate House, The High,",,"Harlow,",CM20 1YS,England,"['68100', '68209']",TEMDEM,CM20,TEMDEM|CM20,,,,False,,,False,,,,False,False,,,Other,1,False,active
11577456,ADDERSTONE (208) LIMITED,active,ltd,,"Nelson House The Fleming, Burdon Terrace",Jesmond,Newcastle Upon Tyne,NE2 3AE,United Kingdom,"['68100', '68209']",ADDERSTONE208,NE2,ADDERSTONE208|NE2,,,,False,,,False,,,,False,False,,,Other,1,False,active
11579423,TECHLAWYER CONSULTANCY LIMITED,active,ltd,,22 Groveside Court Lombard Road,,London,SW11 3RQ,England,['70229'],TECHLAWYERCONSULTANCY,SW11,TECHLAWYERCONSULTANCY|SW11,,,,False,,,False,,,,False,False,,,Other,1,False,active
11609957,LIKE HOLDINGS LTD,active,ltd,2018-10-08,"C/O Like Media Group, No 1 Business Centre",Alvin Street,Gloucester,GL1 3EJ,England,['60100'],LIKE,GL1,LIKE|GL1,micro-entity,2022-10-31,2024-07-31,True,True,60100,True,,,,False,False,7.238877481177276,60100,Other,1,False,active
11621190,RMP CONSULTANTS LTD,active,ltd,,"A6 Kingfisher House, Kingsway",Team Valley Trading Estate,Gateshead,NE11 0JQ,England,['70229'],RMPCONSULTANTS,NE11,RMPCONSULTANTS|NE11,,,,False,,,False,,,,False,False,,,Other,1,False,active
11631718,REGENCY ASSOCIATES LTD,active,ltd,,117 Promenade,,Cheltenham,GL50 1NW,United Kingdom,['68320'],REGENCYASSOCIATES,GL50,REGENCYASSOCIATES|GL50,,,,False,,,False,,,,False,False,,,Other,1,False,active
11641822,MD PLASTERING LTD,active,ltd,2018-10-25,44 Edinburgh Road,,Widnes,WA8 8BE,United Kingdom,['43310'],MDPLASTERING,WA8,MDPLASTERING|WA8,total-exemption-full,2019-10-31,2021-07-31,True,True,43310,False,,,,False,False,7.19233401779603,43310,Buildings,1,False,active
11657124,J D PAVING SOLUTIONS LTD,active,ltd,,252 Salmon Street,,London,NW9 8XY,England,['42110'],JDPAVINGSOLUTIONS,NW9,JDPAVINGSOLUTIONS|NW9,,,,False,,,False,,,,False,False,,,Other,1,False,active
11672925,SPENCER & SONS SURFACING LTD,active,ltd,2018-11-12,43a Market Place,Bawtry,Doncaster,DN10 6JL,England,['42110'],SPENCERANDSONSSURFACING,DN10,SPENCERANDSONSSURFACING|DN10,total-exemption-full,2023-11-30,2025-08-31,True,True,42110,False,,,,False,False,7.143052703627652,42110,Buildings,1,False,active
11708736,TETOZLIVING CARE SERVICES LTD,active,ltd,2018-12-03,10 Young Road,,London,E16 3RP,United Kingdom,"['55900', '87900']",TETOZLIVINGCARE,E16,TETOZLIVINGCARE|E16,dormant,2022-12-31,2024-09-30,True,True,55900;87900,True,,,,False,False,7.085557837097878,55900,Other,1,False,active
11749800,JYM FREAKS LIMITED,active,ltd,,59 Bevan Avenue,,Barking,IG11 9NW,England,"['46420', '47820']",JYMFREAKS,IG11,JYMFREAKS|IG11,,,,False,,,False,,,,False,False,,,Other,1,False,active
11752370,DESIGNER DISMANTLES LTD,active,ltd,2019-01-07,11752370 - COMPANIES HOUSE DEFAULT ADDRESS,,Cardiff,CF14 8LH,,"['43320', '49420']",DESIGNERDISMANTLES,CF14,DESIGNERDISMANTLES|CF14,micro-entity,2022-01-31,2023-10-31,True,True,43320;49420,True,,,,False,False,6.9897330595482545,43320,Buildings,1,False,active
11757819,KESRESROB PROP CO LTD.,active,ltd,,5-7 Station Road,,Longfield,DA3 7QD,England,['47990'],KESRESROBPROPCO,DA3,KESRESROBPROPCO|DA3,,,,False,,,False,,,,False,False,,,Other,1,False,active
11761334,ARK - ITUK LTD,active,ltd,,12 Adrian Court,,Crawley,RH11 9LQ,United Kingdom,['62090'],ARKITUK,RH11,ARKITUK|RH11,,,,False,,,False,,,,False,False,,,Other,1,False,active
11768102,SERVICES4U LIMITED,active,ltd,,"Office 7, Crown Commercial Centre 71-73 Nathan Way",Crown Commercial Centre,London,SE28 0BQ,England,"['47910', '52242', '53100', '56290']",SERVICES4U,SE28,SERVICES4U|SE28,,,,False,,,False,,,,False,False,,,Other,1,False,active
11768206,BILL AGENCY LTD,active,ltd,2019-01-15,189 Holdenhurst Road,Flat 2,Bournemouth,,United Kingdom,"['70221', '96090']",BILLAGENCY,,BILLAGENCY|,null,,2021-01-15,False,True,70221;96090,True,,,,False,False,6.967830253251198,70221,Other,1,False,active
11780928,DANI'S AUTOHAUS LTD,active,ltd,2019-01-22,"Suite 2, 780a Hagley Road West",,Oldbury,B68 0PJ,England,"['45112', '45310', '82990']",DANISAUTOHAUS,B68,DANISAUTOHAUS|B68,micro-entity,2023-01-31,2024-10-31,True,True,45112;45310;82990,True,,,,False,False,6.9486652977412735,45112,Other,1,False,active
11795488,GOLDEN TECH CITY LIMITED,active,ltd,,Abercorn House,Bute Gardens,London,W6 7DS,England,"['46510', '62020', '63990']",GOLDENTECHCITY,W6,GOLDENTECHCITY|W6,,,,False,,,False,,,,False,False,,,Other,1,False,active
11818190,INGLEBY SERVICES CONSULTANCY LIMITED,active,ltd,,11 Colin Park Road,,London,NW9 6HT,England,['68209'],INGLEBYSERVICESCONSULTANCY,NW9,INGLEBYSERVICESCONSULTANCY|NW9,,,,False,,,False,,,,False,False,,,Other,1,False,active
11824179,H&H AUTOS LIMITED,active,ltd,2019-02-13,23-27 Bolton Street,,Chorley,PR7 3AA,United Kingdom,"['45112', '45200', '45320', '49410']",HANDHAUTOS,PR7,HANDHAUTOS|PR7,dormant,2024-02-28,2025-11-30,True,True,45112;45200;45320;49410,True,,,,False,False,6.888432580424367,45112,Other,1,False,active
11850376,RENEWABLES CONSULTANTS LIMITED,active,ltd,,27 Range View,Whitburn,Sunderland,SR6 7FA,England,['71122'],RENEWABLESCONSULTANTS,SR6,RENEWABLESCONSULTANTS|SR6,,,,False,,,False,,,,False,False,,,Other,1,False,active
11851642,SOLAS COLLECTION LTD,active,ltd,,9 Lickey Rock,Marlbrook,Bromsgrove,B60 1HF,England,['82990'],SOLASCOLLECTION,B60,SOLASCOLLECTION|B60,,,,False,,,False,,,,False,False,,,Other,1,False,active
11852129,W CARWASH LTD,active,ltd,2019-02-28,Unit 1 Finway,,Luton,LU1 1TR,England,"['45112', '81299']",WCARWASH,LU1,WCARWASH|LU1,micro-entity,2023-02-28,2024-11-30,True,True,45112;81299,True,,,,False,False,6.847364818617385,45112,Other,1,False,active
11861305,SOUTHCITY FOOD LTD,active,ltd,,262 Park Barn Parade,Southway,Guildford,GU2 8DY,England,"['46320', '46380', '47220', '47230']",SOUTHCITYFOOD,GU2,SOUTHCITYFOOD|GU2,,,,False,,,False,,,,False,False,,,Other,1,False,active
11878456,ITALO BALCANIC LIMITED,active,ltd,2019-03-13,4 East Laith Gate,,Doncaster,DN1 1HZ,United Kingdom,"['56101', '56103']",ITALOBALCANIC,DN1,ITALOBALCANIC|DN1,micro-entity,2022-02-28,2024-02-29,True,True,56101;56103,True,,,,False,False,6.811772758384668,56101,Other,1,False,active
11878503,TRANCCLUB.ORG LTD,active,ltd,,Flat 1 11 North Crescent,,London,N3 3LL,England,['45112'],TRANCCLUBORG,N3,TRANCCLUBORG|N3,,,,False,,,False,,,,False,False,,,Other,1,False,active
11894514,ID NETWORK LTD,active,ltd,2019-03-20,10 Cliff Parade,,Wakefield,WF1 2TA,England,"['62030', '62090', '63110', '63120']",IDNETWORK,WF1,IDNETWORK|WF1,micro-entity,2023-06-30,2025-06-28,True,True,62030;62090;63110;63120,True,,,,False,False,6.792607802874743,62030,Other,1,False,active
11919197,ZAWY LTD,active,ltd,,307 Wellington Road,Handsworth,Birmingham,B20 2QH,United Kingdom,['49410'],ZAWY,B20,ZAWY|B20,,,,False,,,False,,,,False,False,,,Other,1,False,active
11920046,PERSONALISE THAT LIMITED,active,ltd,2019-04-02,43 King Edwards Drive,,Harrogate,HG1 4HA,United Kingdom,['82990'],PERSONALISETHAT,HG1,PERSONALISETHAT|HG1,total-exemption-full,2024-03-31,2025-12-31,True,True,82990,False,,,,False,False,6.757015742642026,82990,Buildings,1,False,active
11935762,OTIS MANAGEMENT CONSULTANTS LTD,active,ltd,,"Jubilee House, Townsend Lane",,London,NW9 8TZ,England,['70229'],OTISMANAGEMENTCONSULTANTS,NW9,OTISMANAGEMENTCONSULTANTS|NW9,,,,False,,,False,,,,False,False,,,Other,1,False,active
11937620,DITS CATERING LTD,active,ltd,,"First Floor, 24e Norwich Street",,Dereham,NR19 1BX,United Kingdom,['56103'],DITSCATERING,NR19,DITSCATERING|NR19,,,,False,,,False,,,,False,False,,,Other,1,False,active
11950661,ZAGY HAULIERS LIMITED,active,ltd,,16 Five Fields Close,,Watford,WD19 5BZ,England,['52103'],ZAGYHAULIERS,WD19,ZAGYHAULIERS|WD19,,,,False,,,False,,,,False,False,,,Other,1,False,active
11954590,LC CONVEYANCING SERVICES LTD,active,ltd,2019-04-18,Ivy Business Centre Lc Conveyancing Services Ltd,"Ivy Business Centre, Regal Suite 1.2, Crown Street",Manchester,M35 9BG,United Kingdom,['82990'],LCCONVEYANCING,M35,LCCONVEYANCING|M35,total-exemption-full,2021-04-30,2023-04-30,True,True,82990,False,,,,False,False,6.713210130047912,82990,Buildings,1,False,active
11960023,SAFE MAINTENANCE BUILDING CONTRACTOR LTD,active,ltd,2019-04-24,124 Ashville Road,,London,E11 4DU,,"['41201', '81210', '81229']",SAFEMAINTENANCEBUILDINGCONTRACTOR,E11,SAFEMAINTENANCEBUILDINGCONTRACTOR|E11,micro-entity,2022-04-30,2024-04-28,True,True,41201;81210;81229,True,,,,False,False,6.69678302532512,41201,Buildings,1,False,active
11972130,BURNHAM SPICE LTD,active,ltd,,Flat At The Queen Adelaide High Street,Blagdon,Bristol,BS40 7RA,England,['56101'],BURNHAMSPICE,BS40,BURNHAMSPICE|BS40,,,,False,,,False,,,,False,False,,,Other,1,False,active
11972499,EAST LONDON COMPUTER SOLUTION LTD,active,ltd,2019-05-01,6 Storey House,Cottage Street,London,E14 0HE,England,"['74909', '82990']",EASTLONDONCOMPUTERSOLUTION,E14,EASTLONDONCOMPUTERSOLUTION|E14,micro-entity,2022-05-31,2024-02-29,True,True,74909;82990,True,,,,False,False,6.677618069815195,74909,Other,1,False,active
11980360,CHANIK LIMITED,active,ltd,,73 Old Place Road,,Norwich,NR2 4JW,England,['86900'],CHANIK,NR2,CHANIK|NR2,,,,False,,,False,,,,False,False,,,Other,1,False,active
11985145,STRATEGIC SHERPAS LTD,active,ltd,,27 Knowles Wharf 38 St Pancras Way,,London,NW1 0QW,United Kingdom,['70229'],STRATEGICSHERPAS,NW1,STRATEGICSHERPAS|NW1,,,,False,,,False,,,,False,False,,,Other,1,False,active
11989135,AK JEWELERS AND WATCHES LTD,active,ltd,2019-05-10,61 Cranbrook Road Cranbrook House Suit 9,2nd Floor,Ilford,IG1 4PG,England,"['46480', '46720']",AKJEWELERSANDWATCHES,IG1,AKJEWELERSANDWATCHES|IG1,micro-entity,2022-05-31,2024-02-29,True,True,46480;46720,True,,,,False,False,6.652977412731006,46480,Other,1,False,active
11992064,EXACT CLICK LIMITED,active,ltd,,365 High Road High Road,,London,N17 6QN,England,['47410'],EXACTCLICK,N17,EXACTCLICK|N17,,,,False,,,False,,,,False,False,,,Other,1,False,active
11992623,J.E.L TRANSPORTATION LTD,active,ltd,,5 Copper Beech Close,Much Hoole,Preston,PR4 4GF,United Kingdom,['49410'],JELTRANSPORTATION,PR4,JELTRANSPORTATION|PR4,,,,False,,,False,,,,False,False,,,Other,1,False,active
12014147,VC2 LIMITED,active,ltd,,2 Leman Street,,London,E1W 9US,United Kingdom,['82990'],VC2,E1W,VC2|E1W,,,,False,,,False,,,,False,False,,,Other,1,False,active
12017442,SMART REPAIR CAR CLINIC LTD,active,ltd,,Unit 15 Tal Y Sarn,Tremarl Industrial Estate,Llandudno Junction,LL31 9PW,Wales,['45200'],SMARTREPAIRCARCLINIC,LL31,SMARTREPAIRCARCLINIC|LL31,,,,False,,,False,,,,False,False,,,Other,1,False,active
12021035,BUD GREMLIN LTD,active,ltd,,4 Willow Park,,Denby,DE5 8RE,United Kingdom,['96090'],BUDGREMLIN,DE5,BUDGREMLIN|DE5,,,,False,,,False,,,,False,False,,,Other,1,False,active
12136209,HARVI ESTATES LIMITED,active,ltd,,"1110 Elliott Court Herald Avenue, Coventry Business Park",,Coventry,CV5 6UB,United Kingdom,['68209'],HARVIESTATES,CV5,HARVIESTATES|CV5,,,,False,,,False,,,,False,False,,,Other,1,False,active
12142282,CASTLE RICH (UK) LIMITED,active,ltd,,"Ground Floor, Finchale House",Belmont Business Park,Durham,DH1 1TW,England,['68209'],CASTLERICHUK,DH1,CASTLERICHUK|DH1,,,,False,,,False,,,,False,False,,,Other,1,False,active
12162141,COMMA PAYMENTS LTD,active,ltd,,128 City Road,,London,EC1V 2NX,United Kingdom,['58290'],COMMAPAYMENTS,EC1V,COMMAPAYMENTS|EC1V,,,,False,,,False,,,,False,False,,,Other,1,False,active
12191365,CHARLOTTE TOMS LONDON LTD,active,ltd,,124 Cleveland Street,,London,W1T 6PG,United Kingdom,['96020'],CHARLOTTETOMSLONDON,W1T,CHARLOTTETOMSLONDON|W1T,,,,False,,,False,,,,False,False,,,Other,1,False,active
12240318,CHELSEA CLUBS LIMITED,active,ltd,2019-10-02,2 Leman Street,,London,E1W 9US,United Kingdom,['82990'],CHELSEACLUBS,E1W,CHELSEACLUBS|E1W,total-exemption-full,2021-12-31,2023-09-28,True,True,82990,False,,,,False,False,6.2559890485968515,82990,Buildings,1,False,active
12242490,BITSECURE LTD,active,ltd,2019-10-03,Courtyard Business Ctr,Southwold Drive,Nottingham,NG8 1PA,England,"['62012', '62020', '63110', '63120']",BITSECURE,NG8,BITSECURE|NG8,dormant,2022-12-31,2024-09-30,True,True,62012;62020;63110;63120,True,,,,False,False,6.253251197809719,62012,Other,1,False,active
12243865,PORTUGA LTD,active,ltd,,Flat 2 49 Marine Parade,,Great Yarmouth,NR30 2EJ,England,['53202'],PORTUGA,NR30,PORTUGA|NR30,,,,False,,,False,,,,False,False,,,Other,1,False,active
12250009,PREVNT LIMITED,active,ltd,2019-10-08,154 Leicester Road Oadby,,Leicester,LE2 4AA,United Kingdom,"['63120', '74909']",PREVNT,LE2,PREVNT|LE2,micro-entity,2021-10-31,2023-07-31,True,True,63120;74909,True,,,,False,False,6.239561943874059,63120,Other,1,False,active
12252531,UK HEALTH AND VITALITY CO LTD,active,ltd,2019-10-09,124 City Road,,London,EC1V 2NX,England,"['47910', '63110']",UKHEALTHANDVITALITYCO,EC1V,UKHEALTHANDVITALITYCO|EC1V,dormant,2021-12-31,2023-09-30,True,True,47910;63110,True,,,,False,False,6.236824093086927,47910,Other,1,False,active
12258410,SHEPHERD PROPERTY SOURCING LTD,active,ltd,,102 Garrard House Garrard Street,,Reading,RG1 1NR,England,['68310'],SHEPHERDPROPERTYSOURCING,RG1,SHEPHERDPROPERTYSOURCING|RG1,,,,False,,,False,,,,False,False,,,Other,1,False,active
12261072,PRESTIGE HOMES HAYLING ISLAND LTD,active,ltd,,71-75 Shelton Street,,London,WC2H 9JQ,United Kingdom,['41202'],PRESTIGEHOMESHAYLINGISLAND,WC2H,PRESTIGEHOMESHAYLINGISLAND|WC2H,,,,False,,,False,,,,False,False,,,Other,1,False,active
12285658,L&JT LIMITED,active,ltd,,36 Abbey Meadows,,Morpeth,NE61 2YD,United Kingdom,['82990'],LANDJT,NE61,LANDJT|NE61,,,,False,,,False,,,,False,False,,,Other,1,False,active
12296274,UKKEN LIMITED,active,ltd,,7 Thomas Lane Street,,Coventry,CV6 7FE,England,['68209'],UKKEN,CV6,UKKEN|CV6,,,,False,,,False,,,,False,False,,,Other,1,False,active
12326630,CONTINENTAL BUSINESS AND SERVICES LTD,active,ltd,2019-11-21,30 Lonsdale Road,,Nottingham,NG7 3DU,England,['81299'],CONTINENTALBUSINESSAND,NG7,CONTINENTALBUSINESSAND|NG7,total-exemption-full,2020-11-30,2022-08-31,True,True,81299,False,,,,False,False,6.119096509240246,81299,Buildings,1,False,active
12331907,TPM INTERNATIONAL LTD,active,ltd,2019-11-25,Unit10a- 2nd Floor - Domestos House,20-22 Mary Street,Manchester,M3 1DZ,England,"['46900', '47910']",TPM,M3,TPM|M3,micro-entity,2023-11-30,2025-08-31,True,True,46900;47910,True,,,,False,False,6.108145106091718,46900,Other,1,False,active
12334237,UK CODERS LTD,active,ltd,2019-11-26,181 Thornley Lane South,,Stockport,SK5 6QG,England,"['58290', '62012', '62020']",UKCODERS,SK5,UKCODERS|SK5,micro-entity,2021-11-30,2023-08-31,True,True,58290;62012;62020,True,,,,False,False,6.105407255304586,58290,Other,1,False,active
12335681,COOL WHIP LTD,active,ltd,2019-11-27,14 Queens Road,,Hounslow,TW3 1LH,United Kingdom,"['56290', '82990']",COOLWHIP,TW3,COOLWHIP|TW3,micro-entity,2021-11-30,2023-08-31,True,True,56290;82990,True,,,,False,False,6.102669404517454,56290,Other,1,False,active
12338555,PMT CONTRACTING LIMITED,active,ltd,2019-11-28,37 Mcdermott Close,,London,SW11 2LY,England,"['62020', '68209', '82990', '94110']",PMTCONTRACTING,SW11,PMTCONTRACTING|SW11,micro-entity,2022-11-30,2024-11-30,True,True,62020;68209;82990;94110,True,,,,False,False,6.099931553730322,62020,Other,1,False,active
12338982,CHESTNUT COMMUNICATIONS GROUP LIMITED,active,ltd,2019-11-28,51 Cloth Fair,,London,EC1A 7JQ,England,"['70210', '70229']",CHESTNUTCOMMUNICATIONS,EC1A,CHESTNUTCOMMUNICATIONS|EC1A,,,2021-08-28,False,True,70210;70229,True,,,,False,False,6.099931553730322,70210,Other,1,False,active
12339161,NVM BUILDERS LTD,active,ltd,2019-11-28,93 5th Avenue,,Hull,HU6 8BU,England,['43390'],NVMBUILDERS,HU6,NVMBUILDERS|HU6,total-exemption-full,2021-11-30,2023-08-31,True,True,43390,False,,,,False,False,6.099931553730322,43390,Buildings,1,False,active
12343119,SPOTLESS POINT LIMITED,active,ltd,2019-12-02,120 Oxford Road Oxford Road,,Smethwick,B66 2DJ,England,"['56210', '81299', '86101']",SPOTLESSPOINT,B66,SPOTLESSPOINT|B66,micro-entity,2020-12-31,2022-09-30,True,True,56210;81299;86101,True,,,,False,False,6.0889801505817935,56210,Other,1,False,active
12343421,AAPLUMBING&HEATING LTD,active,ltd,2019-12-02,15 Woodbridge Court Vicarage Road,,Woodford Green,IG8 8NL,United Kingdom,['43220'],AAPLUMBINGANDHEATING,IG8,AAPLUMBINGANDHEATING|IG8,total-exemption-full,2020-12-31,2022-09-30,True,True,43220,False,,,,False,False,6.0889801505817935,43220,Buildings,1,False,active
12345170,K T WINDOW SOLUTIONS LIMITED,active,ltd,2019-12-03,Rosemount Orange Tree Hill,Havering-Atte-Bower,Romford,RM4 1PB,England,['43342'],KTWINDOWSOLUTIONS,RM4,KTWINDOWSOLUTIONS|RM4,total-exemption-full,2020-12-31,2022-09-30,True,True,43342,False,,,,False,False,6.0862422997946615,43342,Buildings,1,False,active
12346679,VETTED TRADES LIMITED,active,ltd,2019-12-03,23 Montague Road,,Uxbridge,UB8 1QL,United Kingdom,"['63120', '63990']",VETTEDTRADES,UB8,VETTEDTRADES|UB8,micro-entity,2021-12-31,2023-09-30,True,True,63120;63990,True,,,,False,False,6.0862422997946615,63120,Other,1,False,active
12351075,LUCIANCLEAN LTD,active,ltd,2019-12-05,15 Marston Avenue,,Wednesbury,WS10 8TT,England,['81210'],LUCIANCLEAN,WS10,LUCIANCLEAN|WS10,total-exemption-full,2020-12-31,2022-09-30,True,True,81210,False,,,,False,False,6.080766598220397,81210,Buildings,1,False,active
12351400,CHRYS SOLUTIONS LTD,active,ltd,,7 Conway Road,,London,SE18 1AQ,England,['43999'],CHRYSSOLUTIONS,SE18,CHRYSSOLUTIONS|SE18,,,,False,,,False,,,,False,False,,,Other,1,False,active
12354812,FR NETWORK SOLUTIONS LTD,active,ltd,,5 Duncombe Close,,Luton,LU3 2HR,England,['62030'],FRNETWORKSOLUTIONS,LU3,FRNETWORKSOLUTIONS|LU3,,,,False,,,False,,,,False,False,,,Other,1,False,active
12356550,PRO SHIELD HOME IMPROVEMENTS LTD,active,ltd,,Office 3 3 Skinnergate,,Darlington,DL3 7NB,England,['43910'],PROSHIELDHOMEIMPROVEMENTS,DL3,PROSHIELDHOMEIMPROVEMENTS|DL3,,,,False,,,False,,,,False,False,,,Other,1,False,active
12402299,HARLEY-JAMES ELECTRICAL SERVICES LTD,active,ltd,,103 Hurst Street,,Oxford,OX4 1HE,England,['43210'],HARLEYJAMESELECTRICAL,OX4,HARLEYJAMESELECTRICAL|OX4,,,,False,,,False,,,,False,False,,,Other,1,False,active
12403200,TASTE OF CARIBBEAN LTD,active,ltd,,207 Rye Lane,Peckham,London,SE15 4TP,United Kingdom,['56101'],TASTEOFCARIBBEAN,SE15,TASTEOFCARIBBEAN|SE15,,,,False,,,False,,,,False,False,,,Other,1,False,active
12405958,PERFECT !MPERFECTIONS LTD,active,ltd,,23 Pick Wick Mews,,Edmonton,N18 1PD,England,['96020'],PERFECTMPERFECTIONS,N18,PERFECTMPERFECTIONS|N18,,,,False,,,False,,,,False,False,,,Other,1,False,active
12414898,DREAMSCAPE AND MAINTENANCE LTD,active,ltd,2020-01-20,40 Oakmere Lane,,Potters Bar,EN6 5LT,England,['81300'],DREAMSCAPEANDMAINTENANCE,EN6,DREAMSCAPEANDMAINTENANCE|EN6,total-exemption-full,2023-01-31,2024-10-31,True,True,81300,False,,,,False,False,5.95482546201232,81300,Buildings,1,False,active
12418487,MB TELECOMS AND SECURITY LTD,active,ltd,2020-01-22,5 Clydesdale Gardens,,Bognor Regis,PO22 9BE,England,['42220'],MBTELECOMSANDSECURITY,PO22,MBTELECOMSANDSECURITY|PO22,total-exemption-full,2023-01-31,2024-10-31,True,True,42220,False,,,,False,False,5.949349760438056,42220,Buildings,1,False,active
12426993,WE CAN DESIGN GROUP LTD,active,ltd,2020-01-27,37 Rose Hill,,Oxford,OX4 4JP,England,"['63120', '74100']",WECANDESIGN,OX4,WECANDESIGN|OX4,unaudited-abridged,2023-01-31,2024-10-31,True,True,63120;74100,True,,,,False,False,5.935660506502396,63120,Other,1,False,active
12428718,ZENITH INDUSTRIES LTD,active,ltd,,2 Frederick Street,Kings Cross,London,WC1X 0ND,United Kingdom,"['68100', '68209']",ZENITHINDUSTRIES,WC1X,ZENITHINDUSTRIES|WC1X,,,,False,,,False,,,,False,False,,,Other,1,False,active
12441609,HIRE A LTD,active,ltd,2020-02-04,16 Brook Close,,Storrington,RH20 3NT,England,"['77210', '77390', '93290']",HIREA,RH20,HIREA|RH20,micro-entity,2023-02-28,2024-11-30,True,True,77210;77390;93290,True,,,,False,False,5.9137577002053385,77210,Other,1,False,active
12458549,CARINADRIVE LTD,active,ltd,2020-02-12,Sunnyfields Jacobs Gutter Lane,Totton,Southampton,SO40 9FX,United Kingdom,['49410'],CARINADRIVE,SO40,CARINADRIVE|SO40,total-exemption-full,2021-02-28,2022-11-30,True,True,49410,False,,,,False,False,5.891854893908282,49410,Transport,1,False,active
12458831,BUILD MASTER NW LTD,active,ltd,2020-02-12,Unit 11 Bingswood Trading Estate,Whaley Bridge,High Peak,SK23 7LY,England,['43390'],BUILDMASTERNW,SK23,BUILDMASTERNW|SK23,total-exemption-full,2021-02-28,2023-05-31,True,True,43390,False,,,,False,False,5.891854893908282,43390,Buildings,1,False,active
12459591,POLLY PUB LTD,active,ltd,2020-02-12,165a Mill Road,,Wellingborough,NN8 1PR,United Kingdom,"['55100', '56101']",POLLYPUB,NN8,POLLYPUB|NN8,dormant,2021-02-28,2022-11-30,True,True,55100;56101,True,,,,False,False,5.891854893908282,55100,Other,1,False,active
12460499,NELU&TRANSPORT LIMITED,active,ltd,,2 Palace Garden,,Peterborough,PE2 8DG,England,['49410'],NELUANDTRANSPORT,PE2,NELUANDTRANSPORT|PE2,,,,False,,,False,,,,False,False,,,Other,1,False,active
12461098,PLUTO CREATIVE LABS LTD,active,ltd,,Flat 25 Seagull Lane,The Grainstore,London,E16 1AZ,England,['73120'],PLUTOCREATIVELABS,E16,PLUTOCREATIVELABS|E16,,,,False,,,False,,,,False,False,,,Other,1,False,active
12464100,FUEL TANK SUPPLIES LTD,active,ltd,,Old Methodist Church,Dickson Street,Colne,BB8 9LU,England,['46719'],FUELTANKSUPPLIES,BB8,FUELTANKSUPPLIES|BB8,,,,False,,,False,,,,False,False,,,Other,1,False,active
12464881,SIMON HOLLOWAY BUILDING SOLUTIONS LTD,active,ltd,2020-02-14,15 Bideford Road,,Enfield,EN3 6EH,England,['43390'],SIMONHOLLOWAYBUILDINGSOLUTIONS,EN3,SIMONHOLLOWAYBUILDINGSOLUTIONS|EN3,total-exemption-full,2021-08-14,2023-05-14,True,True,43390,False,,,,False,False,5.886379192334018,43390,Buildings,1,False,active
12466194,OPTICAL FACILITIES LTD,active,ltd,2020-02-17,3 Atherstone Close,,Canvey Island,SS8 7DG,England,['43290'],OPTICALFACILITIES,SS8,OPTICALFACILITIES|SS8,total-exemption-full,2021-02-28,2022-11-30,True,True,43290,False,,,,False,False,5.878165639972622,43290,Buildings,1,False,active
12468009,HOME TANK LIMITED,active,ltd,,55 Regent Place,,Birmingham,B1 3NJ,United Kingdom,"['47190', '47789', '68310']",HOMETANK,B1,HOMETANK|B1,,,,False,,,False,,,,False,False,,,Other,1,False,active
12469414,MO’S CAR WASH LIMITED,active,ltd,,5 Primo Place,,Leeds,LS8 3LB,England,['81299'],MOSCARWASH,LS8,MOSCARWASH|LS8,,,,False,,,False,,,,False,False,,,Other,1,False,active
12471736,TREE DEGREES LTD,active,ltd,2020-02-19,14 Dome Hill Peak,,Caterham,CR3 6EH,England,['81300'],TREEDEGREES,CR3,TREEDEGREES|CR3,total-exemption-full,2022-02-28,2023-11-30,True,True,81300,False,,,,False,False,5.8726899383983575,81300,Buildings,1,False,active
12474458,GREEN EARTH GARDEN AND HOME IMPROVEMENTS LTD,active,ltd,,193 Haydons Road,,London,SW19 8UA,England,"['81300', '95220']",GREENEARTHGARDENANDHOMEIMPROVEMENTS,SW19,GREENEARTHGARDENANDHOMEIMPROVEMENTS|SW19,,,,False,,,False,,,,False,False,,,Other,1,False,active
12478208,AK MJ FOOD SERVICES LTD,active,ltd,,39 Caldmore Green,,Walsall,WS1 3RW,England,['56103'],AKMJFOOD,WS1,AKMJFOOD|WS1,,,,False,,,False,,,,False,False,,,Other,1,False,active
12478698,APEX RENEWABLE ENERGY LTD,active,ltd,,20 Nooking Close,Armthorpe,Doncaster,DN3 3ER,England,['74909'],APEXRENEWABLEENERGY,DN3,APEXRENEWABLEENERGY|DN3,,,,False,,,False,,,,False,False,,,Other,1,False,active
12479021,DIVINE SUPPORT 247 HEALTHCARE LTD,active,ltd,,30 Wye Road,,Walsall,WS3 1NT,England,['87300'],DIVINESUPPORT247HEALTHCARE,WS3,DIVINESUPPORT247HEALTHCARE|WS3,,,,False,,,False,,,,False,False,,,Other,1,False,active
12479750,TWINS FD LTD,active,ltd,,6 Watson Road,,Worksop,S80 2BB,England,"['56103', '56290']",TWINSFD,S80,TWINSFD|S80,,,,False,,,False,,,,False,False,,,Other,1,False,active
12482448,WASTE TYRE DISPOSAL GROUP LTD,active,ltd,2020-02-25,12482448: COMPANIES HOUSE DEFAULT ADDRESS,,Cardiff,CF14 8LH,,"['38110', '38210']",WASTETYREDISPOSAL,CF14,WASTETYREDISPOSAL|CF14,,,2021-11-25,False,True,38110;38210,True,,,,False,False,5.856262833675565,38110,Industrial,1,False,active
12483313,S C GROUNDS MAINTENANCE LTD,active,ltd,,40 St. Thomas Way,Hawksyard,Rugeley,WS15 1GZ,England,['96090'],SCGROUNDSMAINTENANCE,WS15,SCGROUNDSMAINTENANCE|WS15,,,,False,,,False,,,,False,False,,,Other,1,False,active
12485127,T&T PLUMBING AND HEATING SOLUTIONS LTD,active,ltd,2020-02-26,12 Wasdale Avenue,,Blackburn,BB1 1XD,England,['43220'],TANDTPLUMBINGANDHEATINGSOLUTIONS,BB1,TANDTPLUMBINGANDHEATINGSOLUTIONS|BB1,total-exemption-full,2022-02-28,2023-11-30,True,True,43220,False,,,,False,False,5.853524982888432,43220,Buildings,1,False,active
12487090,RVR AUTO GROUP LIMITED T/A RANDYS VEHICLE RECOVERY LTD,active,ltd,2020-02-27,483 Green Lanes,,London,N13 4BS,United Kingdom,['45200'],RVRAUTOGROUPLIMITEDTARANDYSVEHICLERECOVERY,N13,RVRAUTOGROUPLIMITEDTARANDYSVEHICLERECOVERY|N13,micro-entity,2023-04-30,2025-01-31,True,True,45200,True,,,,False,False,5.8507871321013,45200,Other,1,False,active
12489326,FORTE WORLDWIDE LIMITED,active,ltd,2020-02-28,Unit 7c Boyton Hall Lane,Roxwell,Chelmsford,CM1 4LN,England,['43999'],FORTEWORLDWIDE,CM1,FORTEWORLDWIDE|CM1,total-exemption-full,2021-12-31,2023-09-30,True,True,43999,False,,,,False,False,5.848049281314168,43999,Buildings,1,False,active
12493196,LIFEWORX JOURNEY LTD LTD,active,ltd,,Ty Marlin Pendwll Road,Moss,Wrexham,LL11 6EU,Wales,['96040'],LIFEWORXJOURNEY,LL11,LIFEWORXJOURNEY|LL11,,,,False,,,False,,,,False,False,,,Other,1,False,active
12494949,JOSHUA GARRETT TRADE LIMITED,active,ltd,,Flat 12 Gastigny House,Lever Street,London,EC1V 3SU,England,['74901'],JOSHUAGARRETTTRADE,EC1V,JOSHUAGARRETTTRADE|EC1V,,,,False,,,False,,,,False,False,,,Other,1,False,active
12499767,LEGACY MUSIC GROUP LTD,active,ltd,2020-03-05,203-205 The Vale,,London,W3 7QS,England,['59200'],LEGACYMUSIC,W3,LEGACYMUSIC|W3,,,2021-12-05,False,True,59200,True,,,,False,False,5.831622176591376,59200,Other,1,False,active
12587822,XCLUSIVE HOME IMPROVEMENTS LTD,active,ltd,,89 Church Lane,Whitwick,Coalville,LE67 5DN,England,"['43220', '43341', '43390']",XCLUSIVEHOMEIMPROVEMENTS,LE67,XCLUSIVEHOMEIMPROVEMENTS|LE67,,,,False,,,False,,,,False,False,,,Other,1,False,active
12594642,44-MEDIA LTD,active,ltd,,"Suite 23, 63-66 Hatton Garden, London Hatton Garden",,London,EC1N 8LE,England,['47789'],44MEDIA,EC1N,44MEDIA|EC1N,,,,False,,,False,,,,False,False,,,Other,1,False,active
12598554,RDR PROPERTY INVESTMENTS LTD,active,ltd,,19/21 Swan Street,,West Malling,ME19 6JU,United Kingdom,['68209'],RDRPROPERTYINVESTMENTS,ME19,RDRPROPERTYINVESTMENTS|ME19,,,,False,,,False,,,,False,False,,,Other,1,False,active
12634916,THE STATION BARBERS COLCHESTER LTD,active,ltd,,Suite 19 North Colchester Business Centre,340 The Crescent,Colchester,CO4 9AD,England,['96020'],THESTATIONBARBERSCOLCHESTER,CO4,THESTATIONBARBERSCOLCHESTER|CO4,,,,False,,,False,,,,False,False,,,Other,1,False,active
12677468,OREGANO LEAF PIZZERIA (TW) LTD,active,ltd,,Liberty House,30 Whitchurch Lane,Edgware,HA8 6LE,England,['56103'],OREGANOLEAFPIZZERIATW,HA8,OREGANOLEAFPIZZERIATW|HA8,,,,False,,,False,,,,False,False,,,Other,1,False,active
12707794,AUSTIN WILKINSON PROPERTY LIMITED,active,ltd,,Unit 10 Austin Park Coal Pit Lane,Atherton,Manchester,M46 0FY,England,"['52219', '74990']",AUSTINWILKINSONPROPERTY,M46,AUSTINWILKINSONPROPERTY|M46,,,,False,,,False,,,,False,False,,,Other,1,False,active
12719983,TOM'S CONSULTING LIMITED,active,ltd,,Flat D,47 Perham Road,London,W14 9SP,United Kingdom,"['41100', '62020', '74100']",TOMSCONSULTING,W14,TOMSCONSULTING|W14,,,,False,,,False,,,,False,False,,,Other,1,False,active
12773065,HARVEST SOURDOUGH LTD,active,ltd,,485 Cambridge Heath Road,,London,E2 9BU,England,['10710'],HARVESTSOURDOUGH,E2,HARVESTSOURDOUGH|E2,,,,False,,,False,,,,False,False,,,Other,1,False,active
12790920,LUMINARY VENTURES LTD,active,ltd,2020-08-04,421 High Road,,London,N12 0AP,England,"['64205', '64991']",LUMINARYVENTURES,N12,LUMINARYVENTURES|N12,micro-entity,2021-08-31,2023-05-31,True,True,64205;64991,True,,,,False,False,5.415468856947296,64205,Other,1,False,active
12830342,URGENT FREIGHT LTD,active,ltd,,80 Plumer Road,,High Wycombe,HP11 2SR,England,"['41201', '43341', '49410', '62090']",URGENTFREIGHT,HP11,URGENTFREIGHT|HP11,,,,False,,,False,,,,False,False,,,Other,1,False,active
NI003804,THOMAS HUTCHINSON AND SONS LIMITED,active,ltd,,Druminard Mills,4 Ballygillen Road,Cookstown,BT80 0AL,Northern Ireland,['10910'],THOMASHUTCHINSONANDSONS,BT80,THOMASHUTCHINSONANDSONS|BT80,,,,False,,,False,,,,False,False,,,Other,1,False,active
NI013707,J.D. COULSON & CO LIMITED,active,ltd,1979-06-29,35(A) Irish Street,Downpatrick,Co.Down,BT30 6BW,,,JDCOULSONANDCO,BT30,JDCOULSONANDCO|BT30,full,1999-07-31,2001-05-31,True,True,,False,,,,False,False,46.5160848733744,,Other,1,False,active
NI063033,DRUMLEE PROPERTIES LIMITED,active,ltd,2007-02-07,Fpm Chartered Accountants,1-3 Arthur Street,Belfast,BT1 4GA,,,DRUMLEEPROPERTIES,BT1,DRUMLEEPROPERTIES|BT1,full,2008-02-29,2009-12-28,True,True,,False,,,,False,False,18.90485968514716,,Other,1,False,active
NI606237,CARROWREAGH MANAGEMENT COMPANY LIMITED,active,ltd,,Thallon House Carrowreagh Business Park,Carrowreagh Road,Dundonald,BT16 1QQ,Northern Ireland,,CARROWREAGHMANAGEMENTCOMPANY,BT16,CARROWREAGHMANAGEMENTCOMPANY|BT16,,,,False,,,False,,,,False,False,,,Other,1,False,active
NI606430,PGMB LTD,active,ltd,2011-03-03,539 Lisburn Road Lisburn Road,,Belfast,BT9 7GQ,Northern Ireland,['47110'],PGMB,BT9,PGMB|BT9,total-exemption-full,2020-01-31,2021-10-31,True,True,47110,False,,,,False,False,14.839151266255989,47110,Other,1,False,active
NI626220,JOHN O'BOYLE (CONTRACTS) LIMITED,active,ltd,2014-08-18,31 Ballylesson Road,,Ballymena,BT42 3HW,Northern Ireland,['41202'],JOHNOBOYLECONTRACTS,BT42,JOHNOBOYLECONTRACTS|BT42,unaudited-abridged,2021-08-31,2023-05-31,True,True,41202,False,,,,False,False,11.378507871321013,41202,Buildings,1,False,active
NI627290,NEW YORK NAILS (BALLYMENA) LIMITED,active,ltd,2014-10-16,7 Mill Street 7,Mill St,Ballymena,BT43 5AA,Northern Ireland,['96020'],NEWYORKNAILSBALLYMENA,BT43,NEWYORKNAILSBALLYMENA|BT43,total-exemption-full,2020-10-31,2022-07-31,True,True,96020,False,,,,False,False,11.21697467488022,96020,Other,1,False,active
NI634180,TANDERRUM CONSULTING LIMITED,active,ltd,,Linenhall Exchange,"1st Floor, 26 Linenhall Street",Belfast,BT2 8BG,Northern Ireland,['62020'],TANDERRUMCONSULTING,BT2,TANDERRUMCONSULTING|BT2,,,,False,,,False,,,,False,False,,,Other,1,False,active
NI640322,MH MARINE SERVICES LIMITED,active,ltd,,River House,Home Avenue,Newry,BT34 2DL,United Kingdom,['71129'],MHMARINE,BT34,MHMARINE|BT34,,,,False,,,False,,,,False,False,,,Other,1,False,active
NI641700,SILVERVALE DEVELOPMENTS (NI) LIMITED,active,ltd,,10 Regina Park,Jonesborough,Newry,BT35 8HX,Northern Ireland,['64999'],SILVERVALEDEVELOPMENTSNI,BT35,SILVERVALEDEVELOPMENTSNI|BT35,,,,False,,,False,,,,False,False,,,Other,1,False,active
NI648101,MINDE'S TRANSPORT LTD,active,ltd,,21 Woodlands Manor,,Portadown,BT62 4JP,United Kingdom,['49410'],MINDESTRANSPORT,BT62,MINDESTRANSPORT|BT62,,,,False,,,False,,,,False,False,,,Other,1,False,active
NI650950,CHRIS DONAGHY DESIGN LTD,active,ltd,,16 Main Street,,Limavady,BT49 0EU,Northern Ireland,['31020'],CHRISDONAGHYDESIGN,BT49,CHRISDONAGHYDESIGN|BT49,,,,False,,,False,,,,False,False,,,Other,1,False,active
NI654268,FERGUSON INTERNATIONAL LTD,active,ltd,2018-07-09,61 Springmount Road,Glarryford,Ballymena,BT44 9RB,Northern Ireland,['49410'],FERGUSON,BT44,FERGUSON|BT44,total-exemption-full,2019-07-31,2021-04-30,True,True,49410,False,,,,False,False,7.488021902806297,49410,Transport,1,False,active
NI660928,MULLIGAN ENTERTAINMENT LTD,active,ltd,,83 Church Street,,Cookstown,BT80 8HT,Northern Ireland,['56302'],MULLIGANENTERTAINMENT,BT80,MULLIGANENTERTAINMENT|BT80,,,,False,,,False,,,,False,False,,,Other,1,False,active
NI664721,LAZE N RELAX LTD,active,ltd,,44 Claragh Hill Drive,Kilrea,Coleraine,BT51 5YR,Northern Ireland,['93290'],LAZENRELAX,BT51,LAZENRELAX|BT51,,,,False,,,False,,,,False,False,,,Other,1,False,active
NI667091,PEERLESS HOMES LTD,active,ltd,,29 Tullagh Drive,,Cookstown,BT80 8ED,Northern Ireland,['41100'],PEERLESSHOMES,BT80,PEERLESSHOMES|BT80,,,,False,,,False,,,,False,False,,,Other,1,False,active
NI671744,MAIDEN DETAIL TYRES LTD,active,ltd,,99 Clooney Road,Campsie,Eglinton,BT47 3PB,Northern Ireland,"['45200', '45320']",MAIDENDETAILTYRES,BT47,MAIDENDETAILTYRES|BT47,,,,False,,,False,,,,False,False,,,Other,1,False,active
SC024842,JOHN BOYD ENGINEERS (ANNAN) LIMITED,active,ltd,1946-12-14,Carntyne Works,300 Myreside Street,Glasgow,G32 6FG,,,JOHNBOYDENGINEERSANNAN,G32,JOHNBOYDENGINEERSANNAN|G32,null,,,False,,,False,,,,False,False,79.05544147843942,,Other,1,False,active
SC038468,REEMA LIMITED (81/75),active,ltd,1959-03-23,,Angusfield Lane,Aberdeen,AB15 6AQ,,,REEMALIMITED8175,AB15,REEMALIMITED8175|AB15,null,,,False,,,False,,,,False,False,66.78439425051334,,Other,1,False,active
SC046207,W.B. BLACK & SONS (HOLDINGS) LIMITED,active,ltd,1968-12-31,78 Carlton Place,Glasgow,,G5 9TH,,['4521'],WBBLACKANDSONSHOLDINGS,G5,WBBLACKANDSONSHOLDINGS|G5,no-accounts-type-available,,1999-10-31,False,True,4521,True,,,,False,False,57.007529089664615,4521,Other,1,False,active
SC182268,BAR BLISS LIMITED,active,ltd,,"Suite 341 4th Floor, 93 Hope Street",,Glasgow,G2 6LD,Scotland,['82990'],BARBLISS,G2,BARBLISS|G2,,,,False,,,False,,,,False,False,,,Other,1,False,active
SC202649,ATLANTIC BULK LOGISTICS LIMITED,active,ltd,1999-12-24,Suite 15 Dunnswood House,Dunnswood Road,Cumbernauld,G67 3EN,,['82110'],ATLANTICBULKLOGISTICS,G67,ATLANTICBULKLOGISTICS|G67,total-exemption-full,2018-03-31,2019-12-31,True,True,82110,False,,,,False,False,26.028747433264886,82110,Buildings,1,False,active
SC206976,B R L LIMITED,active,ltd,2000-05-09,Bishop's Court,29 Albyn Place,Aberdeen,AB10 1YL,,['78200'],BRL,AB10,BRL|AB10,full,2018-05-31,2020-02-29,True,True,78200,False,,,,False,False,25.65366187542779,78200,Other,1,False,active
SC225367,ICE FACTOR (KINLOCHLEVEN) LIMITED,active,ltd,2001-11-15,"Suite 341, Floor 4, 93 Hope Street",,Glasgow,G2 6LD,Scotland,['93110'],ICEFACTORKINLOCHLEVEN,G2,ICEFACTORKINLOCHLEVEN|G2,total-exemption-full,2021-11-30,2023-08-31,True,True,93110,False,,,,False,False,24.134154688569474,93110,Other,1,False,active
SC238130,CRYSTALS LIMITED,active,ltd,2002-10-14,36/6 Mayfield Industrial Estate Mayfield,,Dalkeith,EH22 4AD,United Kingdom,['46760'],CRYSTALS,EH22,CRYSTALS|EH22,total-exemption-full,2019-06-30,2021-06-30,True,True,46760,False,,,,False,False,23.222450376454482,46760,Other,1,False,active
SC275515,WRIGHT STREET CONVENIENCE STORE LIMITED,active,ltd,2004-11-02,3 Wright Street,Renfrew,,PA4 8BJ,,"['47110', '53100']",WRIGHTSTREETCONVENIENCESTORE,PA4,WRIGHTSTREETCONVENIENCESTORE|PA4,micro-entity,2021-11-30,2023-08-31,True,True,47110;53100,True,,,,False,False,21.169062286105408,47110,Other,1,False,active
SC322120,KINGDOM METAL FINISHING LIMITED,active,ltd,2007-04-24,Park House Manse Road,Crossgates,Cowdenbeath,KY4 8DB,,['25610'],KINGDOMMETALFINISHING,KY4,KINGDOMMETALFINISHING|KY4,total-exemption-full,2022-04-30,2024-01-31,True,True,25610,False,,,,False,False,18.69678302532512,25610,Industrial,1,False,active
SC323327,HORSE HAVEN RIDING SCHOOL LIMITED,active,ltd,2007-05-09,16 Moidart Gardens,Kirkintilloch,Glasgow,G66 3ST,Scotland,['93120'],HORSEHAVENRIDINGSCHOOL,G66,HORSEHAVENRIDINGSCHOOL|G66,total-exemption-full,2019-05-31,2021-05-31,True,True,93120,False,,,,False,False,18.65571526351814,93120,Other,1,False,active
SC332485,AIRAL LTD,active,ltd,2007-10-16,74 Loch Road,Kirkintilloch,Glasgow,G66 3EB,Scotland,['33160'],AIRAL,G66,AIRAL|G66,unaudited-abridged,2020-11-30,2022-08-31,True,True,33160,False,,,,False,False,18.217659137577,33160,Industrial,1,False,active
SC356648,SC356648 LIMITED,active,ltd,2009-03-16,14-18 Hill Street,,Edinburgh,EH2 3JX,,['43910'],SC356648,EH2,SC356648|EH2,total-exemption-full,2020-03-31,2021-12-31,True,True,43910,False,,,,False,False,16.802190280629706,43910,Buildings,1,False,active
SC386356,WHITELAW ELECTRICAL SERVICES LIMITED,active,ltd,2010-10-01,28 Linndale Oval,Castlemilk,Glasgow,G45 9QT,,['43210'],WHITELAWELECTRICAL,G45,WHITELAWELECTRICAL|G45,total-exemption-full,2021-10-31,2023-07-31,True,True,43210,False,,,,False,False,15.2580424366872,43210,Buildings,1,False,active
SC413867,S BIRNIE TRAINING AND DEVELOPMENT LTD,active,ltd,,"Unit 4b Gateway Business Park, Beancross Road",,Grangemouth,FK3 8WX,Scotland,['70229'],SBIRNIETRAININGANDDEVELOPMENT,FK3,SBIRNIETRAININGANDDEVELOPMENT|FK3,,,,False,,,False,,,,False,False,,,Other,1,False,active
SC418416,RABC CLOCK TRADING LIMITED,active,ltd,,1 Main Street,Clarkston,Glasgow,G76 8DS,Scotland,['56302'],RABCCLOCKTRADING,G76,RABCCLOCKTRADING|G76,,,,False,,,False,,,,False,False,,,Other,1,False,active
SC426612,EPLETTINGS LIMITED,active,ltd,2012-06-20,73 Dalry Road,,Edinburgh,EH11 2AA,,['68209'],EPLETTINGS,EH11,EPLETTINGS|EH11,total-exemption-full,2022-12-31,2024-09-30,True,True,68209,False,,,,False,False,13.538672142368242,68209,Buildings,1,False,active
SC429101,OT FIRE SPRINKLER SYSTEMS LIMITED,active,ltd,2012-07-26,4th Floor 115 George Street,,Edinburgh,EH2 4JN,,['82990'],OTFIRESPRINKLERSYSTEMS,EH2,OTFIRESPRINKLERSYSTEMS|EH2,total-exemption-full,2020-07-31,2022-04-30,True,True,82990,False,,,,False,False,13.440109514031485,82990,Buildings,1,False,active
SC449423,PIVOTAL SCOTLAND LTD,active,ltd,2013-05-07,C/O Prmier Accounting 15 Townhead,Kirkintilloch,Glasgow,G66 1NG,Scotland,['85590'],PIVOTALSCOTLAND,G66,PIVOTALSCOTLAND|G66,total-exemption-full,2021-05-31,2023-02-28,True,True,85590,False,,,,False,False,12.659822039698836,85590,Other,1,False,active
SC453114,MYO WEALTH LTD,active,ltd,,73 Dunnikier Road,,Kirkcaldy,KY1 2RL,Scotland,['47110'],MYOWEALTH,KY1,MYOWEALTH|KY1,,,,False,,,False,,,,False,False,,,Other,1,False,active
SC455938,"A,T & B LTD.",active,ltd,2013-08-02,2b Kingston Estate,Ardgowan Street,Port Glasgow,PA14 5DG,Scotland,['47990'],ATANDB,PA14,ATANDB|PA14,total-exemption-full,2021-08-31,2023-05-31,True,True,47990,False,,,,False,False,12.421629021218344,47990,Other,1,False,active
SC457589,A J BUILD  & DESIGN LIMITED,active,ltd,2013-08-27,60 Sutton Park Crescent,Stenhousemuir,Larbert,FK5 4DB,Scotland,['52219'],AJBUILDANDDESIGN,FK5,AJBUILDANDDESIGN|FK5,unaudited-abridged,2020-08-31,2022-05-31,True,True,52219,False,,,,False,False,12.353182751540041,52219,Transport,1,False,active
SC463161,HOFFMAN SECURITY SYSTEMS LIMITED,active,ltd,2013-11-06,67 Wellgate Street,,Larkhall,ML9 2AQ,Scotland,['74909'],HOFFMANSECURITYSYSTEMS,ML9,HOFFMANSECURITYSYSTEMS|ML9,total-exemption-full,2021-03-31,2022-12-31,True,True,74909,False,,,,False,False,12.158795345653662,74909,Other,1,False,active
SC463588,"SCIENCE, TECHNOLOGY AND RESEARCH SPECIALISTS LTD",active,ltd,,6 Mayfield Grove,,Dundee,DD4 7GZ,Scotland,['62011'],SCIENCETECHNOLOGYANDRESEARCHSPECIALISTS,DD4,SCIENCETECHNOLOGYANDRESEARCHSPECIALISTS|DD4,,,,False,,,False,,,,False,False,,,Other,1,False,active
SC464974,FINNMAR LTD,active,ltd,2013-12-02,2 Armour Place,,Ardrossan,KA22 7JB,,['33190'],FINNMAR,KA22,FINNMAR|KA22,total-exemption-full,2020-12-31,2022-09-30,True,True,33190,False,,,,False,False,12.087611225188228,33190,Industrial,1,False,active
SC468338,WE ARE TINGLE LTD,active,ltd,,63 Dunnock Road,,Dunfermline,KY11 8QE,Scotland,['56302'],WEARETINGLE,KY11,WEARETINGLE|KY11,,,,False,,,False,,,,False,False,,,Other,1,False,active
SC480575,JAMES SWANSON LIMITED,active,ltd,2014-06-23,42 Bruce Avenue,,Dingwall,IV15 9RG,Scotland,['43120'],JAMESSWANSON,IV15,JAMESSWANSON|IV15,unaudited-abridged,2021-06-30,2023-03-31,True,True,43120,False,,,,False,False,11.53182751540041,43120,Buildings,1,False,active
SC483935,PLUS FITNESS LIMITED,active,ltd,2014-08-08,73 Chapel Street,,Aberdeen,AB10 1SS,Scotland,['93130'],PLUSFITNESS,AB10,PLUSFITNESS|AB10,total-exemption-full,2018-10-31,2020-10-31,True,True,93130,False,,,,False,False,11.405886379192333,93130,Other,1,False,active
SC485297,PERFECTION BEAUTY SCHOOL LTD.,active,ltd,2014-08-28,141-143 High Street,Lochee,Dundee,DD2 3DB,Scotland,['96020'],PERFECTIONBEAUTYSCHOOL,DD2,PERFECTIONBEAUTYSCHOOL|DD2,total-exemption-full,2019-08-31,2021-05-31,True,True,96020,False,,,,False,False,11.351129363449692,96020,Other,1,False,active
SC490891,OBAN FISH COMPANY LTD,active,ltd,2014-11-10,Smoke House,Kilmore,Oban,PA34 4XT,,['10200'],OBANFISHCOMPANY,PA34,OBANFISHCOMPANY|PA34,total-exemption-full,2019-11-30,2021-08-31,True,True,10200,False,,,,False,False,11.148528405201917,10200,Industrial,1,False,active
SC491968,TIGER FITNESS LTD,active,ltd,,12 Cartmore Road,,Lochgelly,KY5 9NX,Scotland,['93199'],TIGERFITNESS,KY5,TIGERFITNESS|KY5,,,,False,,,False,,,,False,False,,,Other,1,False,active
SC503198,R CAMPBELL COMMERCIALS LIMITED,active,ltd,,Unit 4 Block 2,Vale Of Leven Industrial Estate,Dumbarton,G82 3PD,Scotland,['38310'],RCAMPBELLCOMMERCIALS,G82,RCAMPBELLCOMMERCIALS|G82,,,,False,,,False,,,,False,False,,,Other,1,False,active
SC509174,BMCP PIPELINE LTD,active,ltd,2015-06-24,57 The Maltings,,Haddington,EH41 4EF,Scotland,['71121'],BMCPPIPELINE,EH41,BMCPPIPELINE|EH41,total-exemption-full,2019-06-30,2021-06-30,True,True,71121,False,,,,False,False,10.529774127310061,71121,Other,1,False,active
SC510901,RETRO CARS LIMITED,active,ltd,,6 Blair Road,Crossford,Carluke,ML8 5RF,Scotland,['45112'],RETROCARS,ML8,RETROCARS|ML8,,,,False,,,False,,,,False,False,,,Other,1,False,active
SC513037,SCOTSWAY CONTRACTING LIMITED,active,ltd,,The Old Surgery,School Road,Tarbert,PA29 6UL,Scotland,['61200'],SCOTSWAYCONTRACTING,PA29,SCOTSWAYCONTRACTING|PA29,,,,False,,,False,,,,False,False,,,Other,1,False,active
SC513916,EVERGREEN NA LTD,active,ltd,2015-08-25,301 Leith Walk,,Edinburgh,EH6 8SA,Scotland,['56101'],EVERGREENNA,EH6,EVERGREENNA|EH6,total-exemption-full,2019-08-31,2021-05-31,True,True,56101,False,,,,False,False,10.360027378507871,56101,Other,1,False,active
SC519383,INDIGO NAILS LAB LTD,active,ltd,2015-11-03,20 Cathcart Street,,Ayr,KA7 1BJ,Scotland,['47910'],INDIGONAILSLAB,KA7,INDIGONAILSLAB|KA7,total-exemption-full,2022-03-31,2023-12-31,True,True,47910,False,,,,False,False,10.168377823408624,47910,Other,1,False,active
SC523319,ACCESS INSPECTION SERVICES LIMITED,active,ltd,2015-12-30,161 Culrain Street,,Glasgow,G32 7UD,Scotland,['74909'],ACCESSINSPECTION,G32,ACCESSINSPECTION|G32,total-exemption-full,2019-11-30,2021-08-31,True,True,74909,False,,,,False,False,10.012320328542094,74909,Other,1,False,active
SC530249,J&L ROAD SURFACING LIMITED,active,ltd,2016-03-21,11b Humbie Holdings,,Kirknewton,EH27 8DS,,['42110'],JANDLROADSURFACING,EH27,JANDLROADSURFACING|EH27,total-exemption-full,2017-03-31,2018-12-31,True,True,42110,False,,,,False,False,9.787816563997263,42110,Buildings,1,False,active
SC530341,JOHNSTONE INNS LTD,active,ltd,2016-03-22,13 High Street,,Johnstone,PA5 8JU,Scotland,['96090'],JOHNSTONEINNS,PA5,JOHNSTONEINNS|PA5,total-exemption-full,2017-03-31,2018-12-31,True,True,96090,False,,,,False,False,9.78507871321013,96090,Other,1,False,active
SC530748,CITY HARBOUR LIMITED,active,ltd,2016-03-29,Unit 3/4  City Quay,Camperdown Street,Dundee,DD1 3JA,Scotland,['56101'],CITYHARBOUR,DD1,CITYHARBOUR|DD1,total-exemption-full,2020-02-28,2021-11-30,True,True,56101,False,,,,False,False,9.765913757700206,56101,Other,1,False,active
SC533601,GOLIATH VENTURES LTD,active,ltd,,"12 Carron Place, Kelvin Industrial Estate",East Kilbride,Glasgow,G75 0YL,Scotland,['45310'],GOLIATHVENTURES,G75,GOLIATHVENTURES|G75,,,,False,,,False,,,,False,False,,,Other,1,False,active
SC534739,HECO LTD,active,ltd,2016-05-06,"22/5, 25 Dougrie Place",,Glasgow,G45 9AT,Scotland,['70229'],HECO,G45,HECO|G45,total-exemption-full,2021-05-31,2023-02-28,True,True,70229,False,,,,False,False,9.661875427789186,70229,Other,1,False,active
SC535288,G S BARBERS LTD,active,ltd,2016-05-12,13 Hope Street,,Lanark,ML11 7NL,Scotland,['96020'],GSBARBERS,ML11,GSBARBERS|ML11,total-exemption-full,2020-05-31,2022-05-31,True,True,96020,False,,,,False,False,9.645448323066393,96020,Other,1,False,active
SC535484,WEST END COMMUNICATIONS LTD,active,ltd,,65a Berkeley Street,,Glasgow,G3 7DX,Scotland,['47421'],WESTENDCOMMUNICATIONS,G3,WESTENDCOMMUNICATIONS|G3,,,,False,,,False,,,,False,False,,,Other,1,False,active
SC540023,8 BALL POOL HALL LTD,active,ltd,2016-07-11,58 Long Lane,Broughty Ferry,Dundee,DD5 1HH,Scotland,['56301'],8BALLPOOLHALL,DD5,8BALLPOOLHALL|DD5,total-exemption-full,2020-07-31,2022-04-30,True,True,56301,False,,,,False,False,9.481177275838467,56301,Other,1,False,active
SC542792,IMPRINTED CONCRETE SCOTLAND LTD,active,ltd,2016-08-15,51 Yair Drive,,Glasgow,G52 2LE,Scotland,['96090'],IMPRINTEDCONCRETESCOTLAND,G52,IMPRINTEDCONCRETESCOTLAND|G52,total-exemption-full,2020-08-31,2022-05-31,True,True,96090,False,,,,False,False,9.385352498288844,96090,Other,1,False,active
SC542816,ROSEMOUNT INDUSTRIAL LIMITED,active,ltd,,42 Dudhope Crescent Road,,Dundee,DD1 5RR,Scotland,['43210'],ROSEMOUNTINDUSTRIAL,DD1,ROSEMOUNTINDUSTRIAL|DD1,,,,False,,,False,,,,False,False,,,Other,1,False,active
SC543415,MAJESTIC DECOR LIMITED,active,ltd,,3a Langside Road,Bothwell,Glasgow,G71 8NG,Scotland,['56210'],MAJESTICDECOR,G71,MAJESTICDECOR|G71,,,,False,,,False,,,,False,False,,,Other,1,False,active
SC546690,JOHNSTONE TAKEAWAY & DELIVERY LTD,active,ltd,,4a William Street,,Johnstone,PA5 8DS,Scotland,['56103'],JOHNSTONETAKEAWAYANDDELIVERY,PA5,JOHNSTONETAKEAWAYANDDELIVERY|PA5,,,,False,,,False,,,,False,False,,,Other,1,False,active
SC548393,KITCHEN DESIGN GLASGOW LIMITED,active,ltd,,2 1-2 2 Fortingall Avenue,,Glasgow,G12 0LR,United Kingdom,['43320'],KITCHENDESIGNGLASGOW,G12,KITCHENDESIGNGLASGOW|G12,,,,False,,,False,,,,False,False,,,Other,1,False,active
SC550694,LA TOSCANA LIMITED,active,ltd,,Suite 341 4th Floor 93 Hope Street,,Glasgow,G2 6LD,Scotland,['56101'],LATOSCANA,G2,LATOSCANA|G2,,,,False,,,False,,,,False,False,,,Other,1,False,active
SC554377,WEST END RENOVATIONS LIMITED,active,ltd,,2 1-2 2 Fortingall Avenue,Kelvindale,Glasgow,G12 0LR,United Kingdom,['43390'],WESTENDRENOVATIONS,G12,WESTENDRENOVATIONS|G12,,,,False,,,False,,,,False,False,,,Other,1,False,active
SC555814,PARKE STONE CONTRACTS LTD,active,ltd,2017-01-27,Crask Cottage,Culbokie,Dingwall,IV7 8JS,Scotland,['43290'],PARKESTONECONTRACTS,IV7,PARKESTONECONTRACTS|IV7,unaudited-abridged,2020-01-31,2021-10-31,True,True,43290,False,,,,False,False,8.933607118412047,43290,Buildings,1,False,active
SC559163,RIVERSIDE CAR CENTRE LIMITED,active,ltd,2017-03-02,Townhead,Midlem,Selkirk,TD7 4QD,,"['45112', '45400']",RIVERSIDECARCENTRE,TD7,RIVERSIDECARCENTRE|TD7,micro-entity,2022-03-31,2023-12-31,True,True,45112;45400,True,,,,False,False,8.840520191649555,45112,Other,1,False,active
SC559883,Q4 SIGNS SCOTLAND LTD,active,ltd,2017-03-08,22 Backbrae Street Kilsyth,,Glasgow,G65 0NH,United Kingdom,['82990'],Q4SIGNSSCOTLAND,G65,Q4SIGNSSCOTLAND|G65,unaudited-abridged,2022-03-31,2023-12-31,True,True,82990,False,,,,False,False,8.824093086926762,82990,Buildings,1,False,active
SC562087,BENE-FIT HEALTH & FITNESS AYR LTD,active,ltd,,5b Elmbank Street,,Ayr,KA8 8DH,Scotland,['93130'],BENEFITHEALTHANDFITNESSAYR,KA8,BENEFITHEALTHANDFITNESSAYR|KA8,,,,False,,,False,,,,False,False,,,Other,1,False,active
SC563738,REGENT HOUSE GLASGOW LIMITED,active,ltd,,27 Buckingham Terrace,,Glasgow,G12 8ED,Scotland,['55100'],REGENTHOUSEGLASGOW,G12,REGENTHOUSEGLASGOW|G12,,,,False,,,False,,,,False,False,,,Other,1,False,active
SC564792,HALES (SCOTLAND) LIMITED,active,ltd,,2j Second Avenue,Heatherhouse Industrial Estate,Irvine,KA12 8HL,Scotland,"['43210', '43220', '43320', '43330']",HALESSCOTLAND,KA12,HALESSCOTLAND|KA12,,,,False,,,False,,,,False,False,,,Other,1,False,active
SC566043,ZARASON HAIR & BEAUTY LTD,active,ltd,2017-05-16,22 Tintock Place,Dullatur,Glasgow,G68 0AD,United Kingdom,['96020'],ZARASONHAIRANDBEAUTY,G68,ZARASONHAIRANDBEAUTY|G68,total-exemption-full,2019-05-31,2021-05-31,True,True,96020,False,,,,False,False,8.635181382614647,96020,Other,1,False,active
SC566327,BARRHEAD STORE LTD,active,ltd,2017-05-18,8 Benview Road,Clarkston,Glasgow,G76 7PP,Scotland,['47520'],BARRHEADSTORE,G76,BARRHEADSTORE|G76,total-exemption-full,2019-05-31,2021-05-31,True,True,47520,False,,,,False,False,8.629705681040383,47520,Other,1,False,active
SC568553,CMDZ LIMITED,active,ltd,2017-06-13,6 The Loaning,,Motherwell,ML1 3HE,Scotland,['45200'],CMDZ,ML1,CMDZ|ML1,total-exemption-full,2022-06-30,2024-03-31,True,True,45200,False,,,,False,False,8.558521560574949,45200,Other,1,False,active
SC568691,FUTURE YOU RECRUITMENT LTD,active,ltd,2017-06-14,20 Hillcrest Avenue,,Kirkcaldy,KY2 5TU,United Kingdom,['78300'],FUTUREYOURECRUITMENT,KY2,FUTUREYOURECRUITMENT|KY2,total-exemption-full,2020-06-30,2022-03-31,True,True,78300,False,,,,False,False,8.555783709787816,78300,Other,1,False,active
SC568787,HOT & SPICY GRILL LTD,active,ltd,,6 Carlibar Road,Barrhead,Glasgow,G78 1AA,Scotland,['82990'],HOTANDSPICYGRILL,G78,HOTANDSPICYGRILL|G78,,,,False,,,False,,,,False,False,,,Other,1,False,active
SC571014,DHUDDIS LIMITED,active,ltd,,6 Allison Street,,Glasgow,G42 8NN,Scotland,['90030'],DHUDDIS,G42,DHUDDIS|G42,,,,False,,,False,,,,False,False,,,Other,1,False,active
SC572811,DK AEROSPACE LIMITED,active,ltd,,14 Denny Crescent,,Saltcoats,KA21 6GU,Scotland,['33160'],DKAEROSPACE,KA21,DKAEROSPACE|KA21,,,,False,,,False,,,,False,False,,,Other,1,False,active
SC572849,ORASCULPT SCOTLAND LTD,active,ltd,,146 West Regent Street,,Glasgow,G2 2RQ,Scotland,['86230'],ORASCULPTSCOTLAND,G2,ORASCULPTSCOTLAND|G2,,,,False,,,False,,,,False,False,,,Other,1,False,active
SC573096,MARYHILL APPLIANCES LIMITED,active,ltd,,20n Cumlodden Drive,,Glasgow,G20 0JU,Scotland,['33190'],MARYHILLAPPLIANCES,G20,MARYHILLAPPLIANCES|G20,,,,False,,,False,,,,False,False,,,Other,1,False,active
SC573098,SOFTLEY DOMESTIC SERVICES LIMITED,active,ltd,2017-08-08,Flat2/1. 14 Bolivar Terrace,,Glasgow,G42 9AR,United Kingdom,['74909'],SOFTLEYDOMESTIC,G42,SOFTLEYDOMESTIC|G42,total-exemption-full,2021-08-31,2023-05-31,True,True,74909,False,,,,False,False,8.405201916495551,74909,Other,1,False,active
SC574392,REILLY DENHOLM LTD,active,ltd,2017-08-22,26 Salamander Street,,Edinburgh,EH6 7HZ,United Kingdom,['96020'],REILLYDENHOLM,EH6,REILLYDENHOLM|EH6,total-exemption-full,2018-08-31,2020-05-31,True,True,96020,False,,,,False,False,8.366872005475702,96020,Other,1,False,active
SC575433,WEANZ WORLD LTD,active,ltd,2017-09-05,41 Hallcraig Street,,Airdrie,ML6 6AH,Scotland,['93290'],WEANZWORLD,ML6,WEANZWORLD|ML6,total-exemption-full,2021-09-30,2023-09-30,True,True,93290,False,,,,False,False,8.328542094455852,93290,Other,1,False,active
SC579091,BOTHY COFFEE LTD,active,ltd,,Paisley Shopping Centre,23 High Street,Paisley,PA1 2AQ,Scotland,['47810'],BOTHYCOFFEE,PA1,BOTHYCOFFEE|PA1,,,,False,,,False,,,,False,False,,,Other,1,False,active
SC579253,TOWNSHEND BARS LIMITED,active,ltd,2017-10-18,18 Milton Street,,Dundee,DD3 6QQ,United Kingdom,['56302'],TOWNSHENDBARS,DD3,TOWNSHENDBARS|DD3,total-exemption-full,2020-10-31,2022-07-31,True,True,56302,False,,,,False,False,8.210814510609172,56302,Other,1,False,active
SC579376,DZR CONSULTING LTD,active,ltd,,223 Auldhouse Road,,Glasgow,G43 1DF,Scotland,['70229'],DZRCONSULTING,G43,DZRCONSULTING|G43,,,,False,,,False,,,,False,False,,,Other,1,False,active
SC580415,NEW TOWN RENTALS LTD,active,ltd,,30a London Street,,Edinburgh,EH3 6NA,Scotland,['68320'],NEWTOWNRENTALS,EH3,NEWTOWNRENTALS|EH3,,,,False,,,False,,,,False,False,,,Other,1,False,active
SC581202,ASPECT KITCHENS LIMITED,active,ltd,2017-11-10,R A Clement Associates,5 Argyll Square,Oban,PA34 4AZ,Scotland,['55209'],ASPECTKITCHENS,PA34,ASPECTKITCHENS|PA34,total-exemption-full,2020-11-30,2022-08-31,True,True,55209,False,,,,False,False,8.147843942505133,55209,Other,1,False,active
SC583116,ATTIC IN THE TOWN LTD,active,ltd,,38 North Castle Street,,Edinburgh,EH2 3BN,United Kingdom,['55100'],ATTICINTHETOWN,EH2,ATTICINTHETOWN|EH2,,,,False,,,False,,,,False,False,,,Other,1,False,active
SC584365,SKOTLANDREJSER LTD,active,ltd,2017-12-22,43 Dean Street,,Edinburgh,EH4 1LL,Scotland,['79901'],SKOTLANDREJSER,EH4,SKOTLANDREJSER|EH4,total-exemption-full,2020-12-31,2022-09-30,True,True,79901,False,,,,False,False,8.032854209445585,79901,Other,1,False,active
SC586657,THIRTEEN14 LIMITED,active,ltd,,Duddingston House,Milton Road West,Edinburgh,EH15 1RB,United Kingdom,"['69201', '69202', '69203']",THIRTEEN14,EH15,THIRTEEN14|EH15,,,,False,,,False,,,,False,False,,,Other,1,False,active
SC587573,INGRAM ENGINEERING SERVICES LTD,active,ltd,2018-02-02,25 North Road,Liff,Dundee,DD2 5SQ,United Kingdom,['42990'],INGRAMENGINEERING,DD2,INGRAMENGINEERING|DD2,total-exemption-full,2022-02-28,2023-11-30,True,True,42990,False,,,,False,False,7.917864476386037,42990,Buildings,1,False,active
SC588665,AEC NETWORKS LTD,active,ltd,,1 Simonsburn Road,,Kilmarnock,KA1 5LA,United Kingdom,['63990'],AECNETWORKS,KA1,AECNETWORKS|KA1,,,,False,,,False,,,,False,False,,,Other,1,False,active
SC591276,MACO PROJECT SERVICES LTD,active,ltd,2018-03-14,58 Long Lane,Broughty Ferry,Dundee,DD5 1HH,United Kingdom,['43999'],MACOPROJECT,DD5,MACOPROJECT|DD5,total-exemption-full,2020-03-31,2022-03-31,True,True,43999,False,,,,False,False,7.808350444900753,43999,Buildings,1,False,active
SC591760,MKY ALUMINIUM LTD,active,ltd,,Unit 15 Springhill Parkway,Glasgow Business Park,"Baillieston, Glasgow",G69 6GA,Scotland,['25120'],MKYALUMINIUM,G69,MKYALUMINIUM|G69,,,,False,,,False,,,,False,False,,,Other,1,False,active
SC593375,ABERDEEN CORPORATION LTD,active,ltd,,4 Queens Court,,Aberdeen,AB15 4ZZ,Scotland,['68100'],ABERDEENCORPORATION,AB15,ABERDEENCORPORATION|AB15,,,,False,,,False,,,,False,False,,,Other,1,False,active
SC596099,KW GALASHIELS LTD,active,ltd,,1 Lynedoch Place,,Edinburgh,EH3 7PX,Scotland,['56302'],KWGALASHIELS,EH3,KWGALASHIELS|EH3,,,,False,,,False,,,,False,False,,,Other,1,False,active
SC596457,CHILTON MECHANICAL SERVICES LTD,active,ltd,,33 Darochville Place,,Inverness,IV2 6FG,Scotland,['71129'],CHILTONMECHANICAL,IV2,CHILTONMECHANICAL|IV2,,,,False,,,False,,,,False,False,,,Other,1,False,active
SC599671,PERTHSHIRE SALES MANAGEMENT LTD,active,ltd,,15 Station Road,Bridge Of Earn,Perth,PH2 9EA,Scotland,['43342'],PERTHSHIRESALESMANAGEMENT,PH2,PERTHSHIRESALESMANAGEMENT|PH2,,,,False,,,False,,,,False,False,,,Other,1,False,active
SC603088,DSC GARAGE LTD,active,ltd,2018-07-20,23/5 Sailmaker Road,,Edinburgh,EH6 7JS,Scotland,"['45112', '45200']",DSCGARAGE,EH6,DSCGARAGE|EH6,,,2020-07-20,False,True,45112;45200,True,,,,False,False,7.457905544147844,45112,Other,1,False,active
SC605025,KS WHOLESALE LIMITED,active,ltd,,69a Newmains Road,,Renfrew,PA4 0EB,Scotland,['46190'],KSWHOLESALE,PA4,KSWHOLESALE|PA4,,,,False,,,False,,,,False,False,,,Other,1,False,active
SC606597,HALAL BEAUTY COMPANY LTD,active,ltd,2018-08-29,1 Holburn Road,,Aberdeen,AB10 6EY,Scotland,"['46450', '47910']",HALALBEAUTYCOMPANY,AB10,HALALBEAUTYCOMPANY|AB10,micro-entity,2022-08-31,2024-05-31,True,True,46450;47910,True,,,,False,False,7.34839151266256,46450,Other,1,False,active
SC606968,WESTACRES GROUP CAR SALES LTD,active,ltd,2018-09-03,34 Drummond Way,Newton Mearns,Glasgow,G77 6XW,United Kingdom,['45112'],WESTACRESGROUPCARSALES,G77,WESTACRESGROUPCARSALES|G77,micro-entity,2021-09-30,2023-06-30,True,True,45112,True,,,,False,False,7.3347022587268995,45112,Other,1,False,active
SC608638,AGB CONTRACTING LTD,active,ltd,,South Lodge,Castle Huntly,Longforgan,DD2 5JF,United Kingdom,['09100'],AGBCONTRACTING,DD2,AGBCONTRACTING|DD2,,,,False,,,False,,,,False,False,,,Other,1,False,active
SC610883,TILLMAN SCAFFOLDING LTD,active,ltd,2018-10-15,5 Pritchard Crescent,5 Pritchard Crescent,Beauly,IV4 7EU,United Kingdom,['43991'],TILLMANSCAFFOLDING,IV4,TILLMANSCAFFOLDING|IV4,total-exemption-full,2022-10-31,2024-07-31,True,True,43991,False,,,,False,False,7.219712525667351,43991,Buildings,1,False,active
SC612563,SEEMO LTD,active,ltd,,2/2 15 Maxwell Grove,,Glasgow,G41 5JP,Scotland,['69201'],SEEMO,G41,SEEMO|G41,,,,False,,,False,,,,False,False,,,Other,1,False,active
SC614988,AUTO DYNAMIC VS LTD,active,ltd,,Unit 8 70 Strathclyde Street,,Glasgow,G40 4JR,Scotland,"['18129', '74100']",AUTODYNAMICVS,G40,AUTODYNAMICVS|G40,,,,False,,,False,,,,False,False,,,Other,1,False,active
SC615115,EXPO EXTRA LTD,active,ltd,2018-11-30,14-18 Hill Street,,Edinburgh,EH2 3JZ,United Kingdom,"['63990', '82301', '85590']",EXPOEXTRA,EH2,EXPOEXTRA|EH2,dormant,2019-11-30,2021-08-31,True,True,63990;82301;85590,True,,,,False,False,7.093771389459275,63990,Other,1,False,active
SC615214,SOUP&THAI LTD,active,ltd,2018-12-03,28 Warrender Park Road,,Edinburgh,EH9 1JG,United Kingdom,"['56102', '56103']",SOUPANDTHAI,EH9,SOUPANDTHAI|EH9,,,2020-12-03,False,True,56102;56103,True,,,,False,False,7.085557837097878,56102,Other,1,False,active
SC615344,AYT RAIL LTD,active,ltd,,19 Langhaul Avenue,,Glasgow,G53 7RW,Scotland,['42120'],AYTRAIL,G53,AYTRAIL|G53,,,,False,,,False,,,,False,False,,,Other,1,False,active
SC617861,NAUTICAL AND NICE (SCOT) LIMITED,active,ltd,2019-01-10,15 15 Wellfield Avenue,"Giffnock, Glasgow","Giffnock, Glasgow",G46 7QL,United Kingdom,"['47770', '47890', '47910']",NAUTICALANDNICESCOT,G46,NAUTICALANDNICESCOT|G46,micro-entity,2020-01-31,2022-05-31,True,True,47770;47890;47910,True,,,,False,False,6.981519507186858,47770,Other,1,False,active
SC618290,S.A.S. PLUMBING & HEATING (SCOT) LTD,active,ltd,2019-01-15,14 Newton Place,,Glasgow,G3 7PY,Scotland,['35230'],SASPLUMBINGANDHEATINGSCOT,G3,SASPLUMBINGANDHEATINGSCOT|G3,total-exemption-full,2022-01-31,2024-01-31,True,True,35230,False,,,,False,False,6.967830253251198,35230,Industrial,1,False,active
SC619331,MOODIES MILKSHAKES LTD,active,ltd,2019-01-28,45 Brent Avenue,Thornliebank,Glasgow,G46 8JU,United Kingdom,"['47190', '47910']",MOODIESMILKSHAKES,G46,MOODIESMILKSHAKES|G46,micro-entity,2022-01-31,2023-10-31,True,True,47190;47910,True,,,,False,False,6.93223819301848,47190,Other,1,False,active
SC621741,BELLA CIAO LTD,active,ltd,2019-02-19,66 Gray Street,,Dundee,DD5 2BP,Scotland,"['56103', '56290']",BELLACIAO,DD5,BELLACIAO|DD5,micro-entity,2020-02-28,2021-11-30,True,True,56103;56290,True,,,,False,False,6.872005475701574,56103,Other,1,False,active
SC622659,BELTFREE LIMITED,active,ltd,,Summit House,4 - 5 Mitchell Street,Edinburgh,EH6 7BD,United Kingdom,"['47710', '47749']",BELTFREE,EH6,BELTFREE|EH6,,,,False,,,False,,,,False,False,,,Other,1,False,active
SC623331,C J HARROW LIMITED,active,ltd,,45 The Foregate,,Kilmarnock,KA1 1LU,Scotland,['82990'],CJHARROW,KA1,CJHARROW|KA1,,,,False,,,False,,,,False,False,,,Other,1,False,active
SC626396,SL ELECTRICS LTD,active,ltd,2019-04-02,1 Glenburn Road,East Kilbride,Glasgow,G74 5BA,Scotland,['43210'],SLELECTRICS,G74,SLELECTRICS|G74,total-exemption-full,2020-04-30,2022-04-30,True,True,43210,False,,,,False,False,6.757015742642026,43210,Buildings,1,False,active
SC626449,HOPE GROUNDWORKS AND BUILDING CONTRACTS LIMITED,active,ltd,,31 Rankin Crescent,Dennyloanhead,Bonnybridge,FK4 1RA,Scotland,['43999'],HOPEGROUNDWORKSANDBUILDINGCONTRACTS,FK4,HOPEGROUNDWORKSANDBUILDINGCONTRACTS|FK4,,,,False,,,False,,,,False,False,,,Other,1,False,active
SC628398,RYKY THERM LIMITED,active,ltd,,15 Kintyre Court,,Stranraer,DG9 0EL,Scotland,['41202'],RYKYTHERM,DG9,RYKYTHERM|DG9,,,,False,,,False,,,,False,False,,,Other,1,False,active
SC629666,ARCRYSS CONSULTING LIMITED,active,ltd,,Jsa Services Ltd,83 Princes Street,Edinburgh,EH2 2ER,United Kingdom,"['70229', '74990']",ARCRYSSCONSULTING,EH2,ARCRYSSCONSULTING|EH2,,,,False,,,False,,,,False,False,,,Other,1,False,active
SC630039,FIRAK COURIERS LTD,active,ltd,,57 Wellington Street,,Aberdeen,AB11 5BX,Scotland,['53100'],FIRAKCOURIERS,AB11,FIRAKCOURIERS|AB11,,,,False,,,False,,,,False,False,,,Other,1,False,active
SC630078,EAT TUDO AFRO CARIBBEAN FOODS LTD,active,ltd,,4 Wyndford Road,,Glasgow,G20 8ET,Scotland,['56103'],EATTUDOAFROCARIBBEANFOODS,G20,EATTUDOAFROCARIBBEANFOODS|G20,,,,False,,,False,,,,False,False,,,Other,1,False,active
SC630785,SMSSH HOUSE LIMITED,active,ltd,,9 Drip Road,,Stirling,FK8 1RA,Scotland,['56302'],SMSSHHOUSE,FK8,SMSSHHOUSE|FK8,,,,False,,,False,,,,False,False,,,Other,1,False,active
SC631278,KANE HEATING AND PLUMBING LIMITED,active,ltd,2019-05-23,9 Cockhill Way,,Bellshill,ML4 3LN,Scotland,['43220'],KANEHEATINGANDPLUMBING,ML4,KANEHEATINGANDPLUMBING|ML4,total-exemption-full,2022-05-31,2024-02-29,True,True,43220,False,,,,False,False,6.617385352498289,43220,Buildings,1,False,active
SC632600,GLENCAIRN SQUARE LTD,active,ltd,,14/16 Glencairn Square,,Kilmarnock,KA1 4AH,Scotland,['56302'],GLENCAIRNSQUARE,KA1,GLENCAIRNSQUARE|KA1,,,,False,,,False,,,,False,False,,,Other,1,False,active
SC633497,WRKF LIMITED,active,ltd,,7 Belhaven Terrace,,Edinburgh,EH10 5HZ,Scotland,['56102'],WRKF,EH10,WRKF|EH10,,,,False,,,False,,,,False,False,,,Other,1,False,active
SC633545,CENTRAL LANDSCAPING LTD,active,ltd,,30 Overtoun Road,Springside,Irvine,KA11 3BG,Scotland,['81300'],CENTRALLANDSCAPING,KA11,CENTRALLANDSCAPING|KA11,,,,False,,,False,,,,False,False,,,Other,1,False,active
SC634241,GALLUS STREETFOOD LTD,active,ltd,2019-06-24,272 Bath Street,,Glasgow,G2 4JR,Scotland,"['56101', '56102', '56210']",GALLUSSTREETFOOD,G2,GALLUSSTREETFOOD|G2,,,2021-06-24,False,True,56101;56102;56210,True,,,,False,False,6.529774127310062,56101,Other,1,False,active
SC635340,CCH TRUCKING LIMITED,active,ltd,,185 Coalburn Road,Coalburn,Lanark,ML11 0LU,Scotland,['49410'],CCHTRUCKING,ML11,CCHTRUCKING|ML11,,,,False,,,False,,,,False,False,,,Other,1,False,active
SC637339,HOME STOP GIRVAN LTD,active,ltd,,19 Dalrymple Street,,Girvan,KA26 9EU,Scotland,"['47520', '47650']",HOMESTOPGIRVAN,KA26,HOMESTOPGIRVAN|KA26,,,,False,,,False,,,,False,False,,,Other,1,False,active
SC637756,LOCHMILL LTD,active,ltd,2019-08-02,18 Greentree Drive,Baillieston,Glasgow,G69 7UW,United Kingdom,"['45112', '68100', '68209']",LOCHMILL,G69,LOCHMILL|G69,,,2021-05-02,False,True,45112;68100;68209,True,,,,False,False,6.422997946611909,45112,Other,1,False,active
SC638274,TROPICAL MARINE ABERDEEN LTD,active,ltd,,"Unit 4, Jesmond Drive",Bridge Of Don,Aberdeen,AB21 9NP,United Kingdom,['03210'],TROPICALMARINEABERDEEN,AB21,TROPICALMARINEABERDEEN|AB21,,,,False,,,False,,,,False,False,,,Other,1,False,active
SC638368,PITREAVIE ELECTRICAL SERVICES LTD,active,ltd,2019-08-08,25 Pitreavie Place,,Dundee,DD3 9ED,Scotland,['43210'],PITREAVIEELECTRICAL,DD3,PITREAVIEELECTRICAL|DD3,total-exemption-full,2021-08-31,2023-05-31,True,True,43210,False,,,,False,False,6.406570841889117,43210,Buildings,1,False,active
SC638777,ROCLAR LTD,active,ltd,,272 Bath Street,,Glasgow,G2 4JR,Scotland,['46750'],ROCLAR,G2,ROCLAR|G2,,,,False,,,False,,,,False,False,,,Other,1,False,active
SC639033,HIGHLAND MACHINERY DEALERS & PLANT HIRE LTD,active,ltd,2019-08-16,Hmd Offices Lairgandour,Daviot,Inverness,IV2 5XQ,Scotland,"['46630', '77320']",HIGHLANDMACHINERYDEALERSANDPLANTHIRE,IV2,HIGHLANDMACHINERYDEALERSANDPLANTHIRE|IV2,,,2021-05-16,False,True,46630;77320,True,,,,False,False,6.38466803559206,46630,Other,1,False,active
SC639960,TEE-CHER LIMITED,active,ltd,,Javid House,115 Bath Street,Glasgow,G2 2SZ,Scotland,['56103'],TEECHER,G2,TEECHER|G2,,,,False,,,False,,,,False,False,,,Other,1,False,active
SC640219,I ACT CONTRACTING LIMITED,active,ltd,,Flat 1 11 Citypark Way,,Edinburgh,EH5 2DE,United Kingdom,['43999'],IACTCONTRACTING,EH5,IACTCONTRACTING|EH5,,,,False,,,False,,,,False,False,,,Other,1,False,active
SC640275,SUPERNOVA HEIGHTS LTD,active,ltd,,333 The Cottage Clarkston Road,,Glasgow,G44 3EJ,Scotland,['43999'],SUPERNOVAHEIGHTS,G44,SUPERNOVAHEIGHTS|G44,,,,False,,,False,,,,False,False,,,Other,1,False,active
SC641049,CENTRAL SCOTLAND HEATING LTD,active,ltd,,1 Glenmore,Whitburn,Bathgate,EH47 8NP,Scotland,['95220'],CENTRALSCOTLANDHEATING,EH47,CENTRALSCOTLANDHEATING|EH47,,,,False,,,False,,,,False,False,,,Other,1,False,active
SC643630,CARDBOARD CRUNCH LTD,active,ltd,,5 Lombard Street,,Inverness,IV1 1QQ,Scotland,['93290'],CARDBOARDCRUNCH,IV1,CARDBOARDCRUNCH|IV1,,,,False,,,False,,,,False,False,,,Other,1,False,active
SC647612,CITY GROUP SCOTLAND LIMITED,active,ltd,2019-11-20,4 Station Crescent,,Renfrew,PA4 8RA,Scotland,['45190'],CITYGROUPSCOTLAND,PA4,CITYGROUPSCOTLAND|PA4,dormant,2021-11-30,2023-08-31,True,True,45190,True,,,,False,False,6.121834360027378,45190,Other,1,False,active
SC647688,J BRUCE LTD,active,ltd,2019-11-21,191 Cuiken Terrace,,Penicuik,EH26 9AZ,Scotland,['43390'],JBRUCE,EH26,JBRUCE|EH26,total-exemption-full,2021-12-31,2023-09-30,True,True,43390,False,,,,False,False,6.119096509240246,43390,Buildings,1,False,active
SC648369,HDF INVESTMENTS LTD,active,ltd,2019-11-28,9 Seagate,,Dundee,DD1 2EG,Scotland,['68100'],HDFINVESTMENTS,DD1,HDFINVESTMENTS|DD1,total-exemption-full,2020-11-30,2022-08-31,True,True,68100,False,,,,False,False,6.099931553730322,68100,Buildings,1,False,active
SC648470,HARDELL SERVICES LIMITED,active,ltd,2019-11-29,30 Broxwood Place,Sandbank,Dunoon,PA23 8PF,Scotland,"['55100', '56302']",HARDELL,PA23,HARDELL|PA23,micro-entity,2021-12-31,2023-09-30,True,True,55100;56302,True,,,,False,False,6.09719370294319,55100,Other,1,False,active
SC651070,ACM SELECT SERVICES LTD,active,ltd,,47a Maxwell Drive,Pollokshield,Glasgow,G41 5JF,Scotland,['41100'],ACMSELECT,G41,ACMSELECT|G41,,,,False,,,False,,,,False,False,,,Other,1,False,active
SC652186,RSL LEGAL SERVICES LIMITED,active,ltd,2020-01-21,105 Millgate,Winchburgh,Broxburn,EH52 6SN,Scotland,"['64922', '68310', '69102']",RSLLEGAL,EH52,RSLLEGAL|EH52,,,2021-10-21,False,True,64922;68310;69102,True,,,,False,False,5.952087611225188,64922,Other,1,False,active
SC652559,COCKTAIL SHAKER BARS LIMITED,active,ltd,,3 Session Street,,Dundee,DD1 5DN,Scotland,['56302'],COCKTAILSHAKERBARS,DD1,COCKTAILSHAKERBARS|DD1,,,,False,,,False,,,,False,False,,,Other,1,False,active
SC654534,WGLC LTD,active,ltd,,Garage 1 Peasiehill Road,Elliot Industrial Estate,Arbroath,DD11 2NJ,Scotland,['45200'],WGLC,DD11,WGLC|DD11,,,,False,,,False,,,,False,False,,,Other,1,False,active
SC655476,EDINBURGH SPA LTD,active,ltd,,45 Stenhouse Drive,,Edinburgh,EH11 3JS,Scotland,['96020'],EDINBURGHSPA,EH11,EDINBURGHSPA|EH11,,,,False,,,False,,,,False,False,,,Other,1,False,active
SC659013,EPIC 7 LIMITED,active,ltd,,Springfield House,Laurelhill Business Park,Stirling,FK7 9JQ,Scotland,['99999'],EPIC7,FK7,EPIC7|FK7,,,,False,,,False,,,,False,False,,,Other,1,False,active
01103246,FOUR OAKS (LEICESTER) LIMITED,active,ltd,1973-03-22,17 Stoughton Drive South,,Leicester,LE2 2RJ,England,['7020'],FOUROAKSLEICESTER,LE2,FOUROAKSLEICESTER|LE2,medium,2010-11-30,2012-08-31,True,True,7020,False,,,,False,False,52.785763175906915,7020,Other,0,False,active
01273683,MULTISERV (ASR) LIMITED,active,ltd,,Harsco House,Regent Park,299 Kingston Road Leatherhead,KT22 7SG,,['25990'],MULTISERVASR,KT22,MULTISERVASR|KT22,,,,False,,,False,,,,False,False,,,Other,0,False,active
01443500,HATFIELD CONSTRUCTION LIMITED,active,ltd,,Oakwood House Sunning Avenue,Sunningdale,Berkshire,SL5 9PN,,['99999'],HATFIELDCONSTRUCTION,SL5,HATFIELDCONSTRUCTION|SL5,,,,False,,,False,,,,False,False,,,Other,0,False,active
01640829,VERGEVIEW LIMITED,active,ltd,,Maple Lodge,Standen Close,Felbridge,RH19 2RL,,['68100'],VERGEVIEW,RH19,VERGEVIEW|RH19,,,,False,,,False,,,,False,False,,,Other,0,False,active
03192624,PRINCES MANSIONS MANAGEMENT COMPANY LIMITED,active,ltd,,19 Princes Mansions,Harefield Road,Uxbridge,UB8 1PH,,['98000'],PRINCESMANSIONSMANAGEMENTCOMPANY,UB8,PRINCESMANSIONSMANAGEMENTCOMPANY|UB8,,,,False,,,False,,,,False,False,,,Other,0,False,active
03931794,YOSANMAR LIMITED,active,ltd,2000-02-23,Rear Of Raydean House,15 Western Parade,Barnet,EN5 1AH,,['47240'],YOSANMAR,EN5,YOSANMAR|EN5,total-exemption-full,2023-03-31,2024-12-31,True,True,47240,False,,,,False,False,25.861738535249827,47240,Other,0,False,active
04428582,A W BECKINSALE & CO LTD,active,ltd,2002-04-30,1 St Peters Rd,Braintree,,CM7 9AN,,['69201'],AWBECKINSALEANDCO,CM7,AWBECKINSALEANDCO|CM7,total-exemption-full,2023-04-30,2025-01-31,True,True,69201,False,,,,False,False,23.679671457905545,69201,Other,0,False,active
04442951,J K WILLIAMSON LIMITED,active,ltd,2002-05-20,Subway Unit 1a English Gate Plaza,Botchergate,Carlisle,CA1 1RP,,['56102'],JKWILLIAMSON,CA1,JKWILLIAMSON|CA1,total-exemption-full,2022-11-30,2024-11-30,True,True,56102,False,,,,False,False,23.6249144421629,56102,Other,0,False,active
04696971,UTTOXETER REWINDS LIMITED,active,ltd,,Unit 5 Bramshall Industrial Estate,Bramshall,Uttoxeter,ST14 8TD,,['33140'],UTTOXETERREWINDS,ST14,UTTOXETERREWINDS|ST14,,,,False,,,False,,,,False,False,,,Other,0,False,active
05188261,WARGRAVE NURSERY LIMITED,active,ltd,,"Wargrave Nursery New Bath Road,",Wargrave,Reading,RG10 8AL,,['99999'],WARGRAVENURSERY,RG10,WARGRAVENURSERY|RG10,,,,False,,,False,,,,False,False,,,Other,0,False,active
05383132,REDDY FOR HIRE LIMITED,active,ltd,,6 Manchester Road,Buxton,Derbyshire,SK17 6SB,,['49320'],REDDYFORHIRE,SK17,REDDYFORHIRE|SK17,,,,False,,,False,,,,False,False,,,Other,0,False,active
05714284,APC DEVELOPMENTS (UK) LIMITED,active,ltd,2006-02-17,7 Redbridge Lane East,,Ilford,IG4 5ET,,['41100'],APCDEVELOPMENTSUK,IG4,APCDEVELOPMENTSUK|IG4,unaudited-abridged,2022-02-28,2024-02-23,True,True,41100,False,,,,False,False,19.876796714579054,41100,Buildings,0,False,active
05880613,NEIL AUGHTON LIMITED,active,ltd,,3 Crostons Brow,Marshside,Southport,PR9 9QU,,['43220'],NEILAUGHTON,PR9,NEILAUGHTON|PR9,,,,False,,,False,,,,False,False,,,Other,0,False,active
06364614,UNDERSTANDING RECRUITMENT LTD,active,ltd,,Second Floorsuite Abbeyview,38-40 The Maltings,St Albans,AL1 3HL,,['78109'],UNDERSTANDINGRECRUITMENT,AL1,UNDERSTANDINGRECRUITMENT|AL1,,,,False,,,False,,,,False,False,,,Other,0,False,active
06586743,STRESS-TECH 21 LIMITED,active,ltd,,"1st Floor, Queens Court",24 Queen Street,Manchester,M2 5HX,,['71129'],STRESSTECH21,M2,STRESSTECH21|M2,,,,False,,,False,,,,False,False,,,Other,0,False,active
06674284,FARAON LIMITED,active,ltd,2008-08-15,Unit 14 Queens Court Trading Estate,Greets Green Road,West Bromwich,B70 9EG,,['5141'],FARAON,B70,FARAON|B70,,2010-08-31,2012-05-31,True,True,5141,False,,,,False,False,17.385352498288842,5141,Transport,0,False,active
06870039,TS JOHNSON VAUXHALL SPARES LIMITED,active,ltd,2009-04-04,Callerton House,Callerton Place,Stanley,DH9 6EJ,,['45310'],TSJOHNSONVAUXHALLSPARES,DH9,TSJOHNSONVAUXHALLSPARES|DH9,total-exemption-full,2019-04-30,2021-04-30,True,True,45310,False,,,,False,False,16.750171115674195,45310,Other,0,False,active
06888134,INTUITION FINANCE LTD,active,ltd,,17 St Leonards Park,,East Grinstead,RH19 1EG,,,INTUITIONFINANCE,RH19,INTUITIONFINANCE|RH19,,,,False,,,False,,,,False,False,,,Other,0,False,active
07068315,SARDAR(UK) LIMITED,active,ltd,,21-23 Shirley Road,Acocks Green,Birmingham,B27 7XU,,['47110'],SARDARUK,B27,SARDARUK|B27,,,,False,,,False,,,,False,False,,,Other,0,False,active
07143797,I CAN PLAY TENNIS LTD.,active,ltd,2010-02-02,2 Clifton Moor Business Village James Nicolson Link,Clifton Moor,York,YO30 4XG,,['93199'],ICANPLAYTENNIS,YO30,ICANPLAYTENNIS|YO30,total-exemption-full,2022-11-30,2024-08-31,True,True,93199,False,,,,False,False,15.917864476386036,93199,Other,0,False,active
07153652,HEATON COMPUTERS LTD.,active,ltd,2010-02-10,88 Heaton Moor Road,,Stockport,SK4 4NZ,,['62090'],HEATONCOMPUTERS,SK4,HEATONCOMPUTERS|SK4,total-exemption-full,2022-05-31,2024-02-29,True,True,62090,False,,,,False,False,15.89596167008898,62090,Other,0,False,active
07256308,KENILWORTH CONSULTING LTD,active,ltd,2010-05-18,18 Kenilworth Gardens,,Loughton,IG10 3AG,,['62020'],KENILWORTHCONSULTING,IG10,KENILWORTHCONSULTING|IG10,total-exemption-full,2018-06-30,2020-06-30,True,True,62020,False,,,,False,False,15.630390143737166,62020,Other,0,False,active
07266562,DISCOVERY SERVICES LIMITED,active,ltd,,50 Tenterden  Road,,Dagenham,RM8 1PX,,['78200'],DISCOVERY,RM8,DISCOVERY|RM8,,,,False,,,False,,,,False,False,,,Other,0,False,active
07280246,07280246 LTD,active,ltd,,15 Streatleigh Parade,Streatham High Road,Streatham,SW16 1EQ,,['96010'],07280246,SW16,07280246|SW16,,,,False,,,False,,,,False,False,,,Other,0,False,active
07394977,H J WHEELER LIMITED,active,ltd,,36 Queens Road,,Newbury,RG14 7NE,,['62020'],HJWHEELER,RG14,HJWHEELER|RG14,,,,False,,,False,,,,False,False,,,Other,0,False,active
07511956,WORLD OF GOODS LTD,active,ltd,2011-02-01,18 Ashover Close,,Nottingham,NG3 3BT,,['47290'],WORLDOFGOODS,NG3,WORLDOFGOODS|NG3,total-exemption-full,2022-02-28,2024-02-29,True,True,47290,False,,,,False,False,14.921286789869953,47290,Other,0,False,active
07881994,BTB (GRP) LIMITED,active,ltd,2011-12-14,10 Church Lane,Gaddesby,Leicester,LE7 4WE,,['33200'],BTBGRP,LE7,BTBGRP|LE7,null,,2013-09-14,False,True,33200,False,,,,False,False,14.056125941136209,33200,Industrial,0,False,active
07886515,13 CO-OPERATION ROAD LIMITED,active,ltd,2011-12-19,First Floor Flat 13 Co-Operation Road,Greenbank,Bristol,BS5 6EQ,England,['98000'],13COOPERATIONROAD,BS5,13COOPERATIONROAD|BS5,null,,2013-09-19,False,True,98000,False,,,,False,False,14.042436687200547,98000,Other,0,False,active
07947245,A J DHILLON LIMITED,active,ltd,,1 Ailsa Avenue,,Twickenham,TW1 1NF,,['74990'],AJDHILLON,TW1,AJDHILLON|TW1,,,,False,,,False,,,,False,False,,,Other,0,False,active
07959995,KALREZ COMMUNICATION LTD,active,ltd,,07959995 - COMPANIES HOUSE DEFAULT ADDRESS,,Cardiff,CF14 8LH,,['61900'],KALREZCOMMUNICATION,CF14,KALREZCOMMUNICATION|CF14,,,,False,,,False,,,,False,False,,,Other,0,False,active
08039937,IN ONE CONSULTING LTD,active,ltd,,4 Gillingham Road,,Kettering,NN15 7RA,,['70229'],INONECONSULTING,NN15,INONECONSULTING|NN15,,,,False,,,False,,,,False,False,,,Other,0,False,active
08334226,BARBAQANIS LTD,active,ltd,,9 Cavell Road,,London,N17 7BJ,,['41202'],BARBAQANIS,N17,BARBAQANIS|N17,,,,False,,,False,,,,False,False,,,Other,0,False,active
08486413,SOUTHDOWNS MANOR LIMITED,active,ltd,,33 Wood Street,Barnet,Herts,EN5 4BE,,['56210'],SOUTHDOWNSMANOR,EN5,SOUTHDOWNSMANOR|EN5,,,,False,,,False,,,,False,False,,,Other,0,False,active
08532926,COUPONSHOP LIMITED,active,ltd,,Hunter House 150 Hutton Road,Shenfield,Brentwood,CM15 8NL,,['47910'],COUPONSHOP,CM15,COUPONSHOP|CM15,,,,False,,,False,,,,False,False,,,Other,0,False,active
08537670,JAQUES CLEARANCE LTD,active,ltd,2013-05-21,98 Carnation Road,Strood,Rochester,ME2 2YQ,,['74909'],JAQUESCLEARANCE,ME2,JAQUESCLEARANCE|ME2,total-exemption-full,2022-05-31,2024-02-29,True,True,74909,False,,,,False,False,12.621492128678987,74909,Other,0,False,active
08760327,EU-ROPE ACCES LIMITED,active,ltd,,3rd Floor 14,Hanover Street Hanover Square,London,W1S 1YH,,['43999'],EUROPEACCES,W1S,EUROPEACCES|W1S,,,,False,,,False,,,,False,False,,,Other,0,False,active
08853221,NUUGOLD LIMITED,active,ltd,,1 Gresham Drive,,Romford,RM6 4TL,,['96090'],NUUGOLD,RM6,NUUGOLD|RM6,,,,False,,,False,,,,False,False,,,Other,0,False,active
08860507,LATHAMS STONE RESTORATION LIMITED,active,ltd,,33 Lower House Walk,Bromley Cross,Bolton,BL7 9JT,,['43999'],LATHAMSSTONERESTORATION,BL7,LATHAMSSTONERESTORATION|BL7,,,,False,,,False,,,,False,False,,,Other,0,False,active
08978346,ZUBIKS UK LTD,active,ltd,2014-04-04,08978346 - COMPANIES HOUSE DEFAULT ADDRESS,,Cardiff,CF14 8LH,,['86102'],ZUBIKS,CF14,ZUBIKS|CF14,total-exemption-full,2022-04-30,2024-01-31,True,True,86102,False,,,,False,False,11.75085557837098,86102,Other,0,False,active
09013584,BADESIGNS (UK) LTD,active,ltd,,The Orchard Ancil Avenue,Launton,Bicester,OX26 5DJ,,['96090'],BADESIGNSUK,OX26,BADESIGNSUK|OX26,,,,False,,,False,,,,False,False,,,Other,0,False,active
09038881,0040 BLACKBURNFIT (LEASECO) LIMITED,active,ltd,,Unit A,Brook Park East,Shirebrook,NG20 8RY,,['93130'],0040BLACKBURNFITLEASECO,NG20,0040BLACKBURNFITLEASECO|NG20,,,,False,,,False,,,,False,False,,,Other,0,False,active
09500390,DAVID GOULD DESIGN LTD,active,ltd,,29 Blenheim Road,,Sidcup,DA15 9AU,,['74100'],DAVIDGOULDDESIGN,DA15,DAVIDGOULDDESIGN|DA15,,,,False,,,False,,,,False,False,,,Other,0,False,active
09822897,SUBLIMITY BATHROOMS LTD,active,ltd,2015-10-13,65a Field Street,,Boston,PE21 6TR,England,['96090'],SUBLIMITYBATHROOMS,PE21,SUBLIMITYBATHROOMS|PE21,unaudited-abridged,2019-10-31,2021-07-31,True,True,96090,False,,,,False,False,10.225872689938399,96090,Other,0,False,active
09953931,ALL SO PRO LTD,active,ltd,2016-01-15,2b Haddo Street,,Greenwich,SE10 9RN,United Kingdom,['96090'],ALLSOPRO,SE10,ALLSOPRO|SE10,unaudited-abridged,2022-05-31,2024-02-29,True,True,96090,False,,,,False,False,9.96851471594798,96090,Other,0,False,active
09963237,STICKY FILM LIMITED,active,ltd,2016-01-21,Unit 1 1 Market Street,,London,SE18 6FU,England,['59120'],STICKYFILM,SE18,STICKYFILM|SE18,,2018-07-31,2020-04-30,True,True,59120,False,,,,False,False,9.952087611225188,59120,Other,0,False,active
10207914,CAMBERWELL CREATIVE LTD,active,ltd,2016-05-31,7 Peacock House 38 St. Giles Road,Camberwell,London,SE5 7RG,,['70229'],CAMBERWELLCREATIVE,SE5,CAMBERWELLCREATIVE|SE5,total-exemption-full,2023-05-31,2025-02-28,True,True,70229,False,,,,False,False,9.593429158110883,70229,Other,0,False,active
10223264,OAK H INVESTMENTS LIMITED,active,ltd,2016-06-09,"The East Wing, The Newhall",Newhall Way,Bradford,BD5 8FF,,['68209'],OAKHINVESTMENTS,BD5,OAKHINVESTMENTS|BD5,null,,2018-03-09,False,True,68209,False,,,,False,False,9.568788501026694,68209,Buildings,0,False,active
10390441,MONOPOL NORTHAMPTON LTD,active,ltd,2016-09-22,60 Park Road,,Wellingborough,NN8 4QE,United Kingdom,['47110'],MONOPOLNORTHAMPTON,NN8,MONOPOLNORTHAMPTON|NN8,null,,2018-06-22,False,True,47110,False,,,,False,False,9.281314168377824,47110,Other,0,False,active
10514849,JB RAILWAY LIMITED,active,ltd,,10514849 - COMPANIES HOUSE DEFAULT ADDRESS,,Cardiff,CF14 8LH,,['33170'],JBRAILWAY,CF14,JBRAILWAY|CF14,,,,False,,,False,,,,False,False,,,Other,0,False,active
10548921,DARREN JORDAN MECHANICAL LABOUR SERVICES LTD,active,ltd,2017-01-05,62 Heath Road,Hillingdomn,Uxbridge,UB10 0SN,,['82990'],DARRENJORDANMECHANICALLABOUR,UB10,DARRENJORDANMECHANICALLABOUR|UB10,,2018-01-31,2019-10-31,True,True,82990,False,,,,False,False,8.993839835728952,82990,Buildings,0,False,active
10694306,KVEA SOLUTIONS LTD,active,ltd,2017-03-28,13 Johan Road,,Meopham,DA13 0LP,England,['62030'],KVEASOLUTIONS,DA13,KVEASOLUTIONS|DA13,null,,2018-12-28,False,True,62030,False,,,,False,False,8.76933607118412,62030,Other,0,False,active
10749804,INTENSEBEAM LTD,active,ltd,2017-05-02,76-80 Deansgate,,Manchester,M3 2FW,England,['90040'],INTENSEBEAM,M3,INTENSEBEAM|M3,unaudited-abridged,2022-05-31,2024-02-29,True,True,90040,False,,,,False,False,8.673511293634498,90040,Other,0,False,active
10774746,ALKA FOODS LTD,active,ltd,2017-05-17,"Office 408, Screenworks 22 Highbury Grove",,London,N5 2ER,United Kingdom,['56102'],ALKAFOODS,N5,ALKAFOODS|N5,unaudited-abridged,2022-05-31,2024-02-29,True,True,56102,False,,,,False,False,8.632443531827516,56102,Other,0,False,active
10779596,VILLECROWN SERVICES LIMITED,active,ltd,,Unit 1 The Courtyard Hawksfield,St. Breock,Wadebridge,PL27 7LR,,['68209'],VILLECROWN,PL27,VILLECROWN|PL27,,,,False,,,False,,,,False,False,,,Other,0,False,active
10883920,CELTAVINI.COM LIMITED,active,ltd,2017-07-26,Y Bwthyn,Ro-Fawr Farm,Dryslwyn,SA32 8RP,United Kingdom,['62020'],CELTAVINICOM,SA32,CELTAVINICOM|SA32,,,2019-04-26,False,True,62020,False,,,,False,False,8.44079397672827,62020,Other,0,False,active
10919691,N & Y FACILITIES LTD,active,ltd,2017-08-16,Coleridge House,5-7a Park Street,Slough,SL1 1PE,England,['47910'],NANDYFACILITIES,SL1,NANDYFACILITIES|SL1,unaudited-abridged,2020-08-31,2022-05-31,True,True,47910,False,,,,False,False,8.383299110198495,47910,Other,0,False,active
11144615,VALERIAN STEEL LTD,active,ltd,2018-01-11,36 Harrington Road,,Worcester,WR2 5HD,United Kingdom,['56103'],VALERIANSTEEL,WR2,VALERIANSTEEL|WR2,total-exemption-full,2023-01-31,2024-10-31,True,True,56103,False,,,,False,False,7.9780971937029435,56103,Other,0,False,active
11222705,WHITE'S DAUGHTERS ESTATES AND LETTINGS LIMITED,active,ltd,2018-02-23,"460b Building 4 Office 460b, Building 3, North London Business Par",Oakleigh Road South,London,N11 1GN,England,['68209'],WHITESDAUGHTERSESTATESANDLETTINGS,N11,WHITESDAUGHTERSESTATESANDLETTINGS|N11,null,,2019-11-23,False,True,68209,False,,,,False,False,7.860369609856263,68209,Buildings,0,False,active
11279833,WRIGHT WILLS ESTATE PLANNING LIMITED,active,ltd,2018-03-28,18 Roneo Corner,,Hornchurch,RM12 4TN,England,['69109'],WRIGHTWILLSESTATEPLANNING,RM12,WRIGHTWILLSESTATEPLANNING|RM12,total-exemption-full,2022-03-31,2023-12-31,True,True,69109,False,,,,False,False,7.770020533880904,69109,Other,0,False,active
11291409,ROSENBIRD LTD,active,ltd,2018-04-04,11291409 - COMPANIES HOUSE DEFAULT ADDRESS,,Cardiff,CF14 8LH,,"['45112', '49410', '82990', '96090']",ROSENBIRD,CF14,ROSENBIRD|CF14,micro-entity,2022-04-30,2024-01-31,True,True,45112;49410;82990;96090,True,,,,False,False,7.750855578370979,45112,Other,0,False,active
11303970,KAM3 LIMITED,active,ltd,2018-04-11,180 Reading Road South,Church Crookham,Fleet,GU52 6AE,England,['71129'],KAM3,GU52,KAM3|GU52,total-exemption-full,2022-04-30,2024-01-31,True,True,71129,False,,,,False,False,7.731690622861054,71129,Other,0,False,active
11304358,GARRISON TRADE CENTRE LIMITED,active,ltd,2018-04-11,2-4 Fleming Road,,Hinckley,LE10 3DU,England,['45320'],GARRISONTRADECENTRE,LE10,GARRISONTRADECENTRE|LE10,total-exemption-full,2022-04-30,2024-01-31,True,True,45320,False,,,,False,False,7.731690622861054,45320,Other,0,False,active
11317160,DENDROBIUM ADVANCED TECHNOLOGIES LIMITED,active,ltd,2018-04-18,2 Toomers Wharf,Canal Walk,Newbury,RG14 1DY,England,['96090'],DENDROBIUMADVANCEDTECHNOLOGIES,RG14,DENDROBIUMADVANCEDTECHNOLOGIES|RG14,total-exemption-full,2021-04-30,2023-04-30,True,True,96090,False,,,,False,False,7.712525667351129,96090,Other,0,False,active
11323395,LEGACY SPORTS INTERNATIONAL LTD,active,ltd,2018-04-23,47 Bellflower Lodge 63 Gubbins Lane,Harold Wood,Romford,RM3 0NQ,England,['79909'],LEGACYSPORTS,RM3,LEGACYSPORTS|RM3,total-exemption-full,2022-04-30,2024-01-31,True,True,79909,False,,,,False,False,7.698836413415469,79909,Other,0,False,active
11325941,THANKS FOR THE MEMORIES LTD,active,ltd,2018-04-24,21 Sandringham Road,,London,E8 2LR,United Kingdom,['59111'],THANKSFORTHEMEMORIES,E8,THANKSFORTHEMEMORIES|E8,total-exemption-full,2020-04-30,2022-01-31,True,True,59111,False,,,,False,False,7.696098562628337,59111,Other,0,False,active
11379475,ART OF LONDON LTD,active,ltd,2018-05-24,248 Church Lane,,Kingsbury,NW9 8SL,England,['74100'],ARTOFLONDON,NW9,ARTOFLONDON|NW9,total-exemption-full,2022-04-30,2024-01-31,True,True,74100,False,,,,False,False,7.613963039014374,74100,Other,0,False,active
11379794,SHM SECURITIES LIMITED,active,ltd,2018-05-24,23-27 King Street,,Luton,LU1 2DW,England,['96090'],SHMSECURITIES,LU1,SHMSECURITIES|LU1,total-exemption-full,2022-05-31,2024-02-29,True,True,96090,False,,,,False,False,7.613963039014374,96090,Other,0,False,active
11381911,GOLDEN LABOUR LIMITED,active,ltd,2018-05-24,912b Alum Rock Road,,Birmingham,B8 2LU,England,['69201'],GOLDENLABOUR,B8,GOLDENLABOUR|B8,total-exemption-full,2021-05-31,2023-02-28,True,True,69201,False,,,,False,False,7.613963039014374,69201,Other,0,False,active
11406349,TEAWISHES LTD,active,ltd,2018-06-08,223 Camrose Avenue,,Edgware,HA8 6AJ,England,['56102'],TEAWISHES,HA8,TEAWISHES|HA8,total-exemption-full,2023-12-31,2025-09-30,True,True,56102,False,,,,False,False,7.572895277207392,56102,Other,0,False,active
11443543,FENCO LIMITED,active,ltd,2018-07-02,Alexander House,60-61 Tenby Street North,Birmingham,B1 3EG,England,['82990'],FENCO,B1,FENCO|B1,unaudited-abridged,2021-07-31,2023-07-31,True,True,82990,False,,,,False,False,7.507186858316222,82990,Buildings,0,False,active
11459202,LEATHERHEAD (T) HAIRDRESSING LIMITED,active,ltd,2018-07-11,Berkeley House,Amery Street,Alton,GU34 1HN,England,['96020'],LEATHERHEADTHAIRDRESSING,GU34,LEATHERHEADTHAIRDRESSING|GU34,total-exemption-full,2022-08-31,2024-08-31,True,True,96020,False,,,,False,False,7.482546201232033,96020,Other,0,False,active
11487843,KINGMAKER RACEDAYS LIMITED,active,ltd,2018-07-27,8 Knowle Lane,,Darwen,BB3 0EG,England,['93191'],KINGMAKERRACEDAYS,BB3,KINGMAKERRACEDAYS|BB3,total-exemption-full,2021-10-30,2023-07-30,True,True,93191,False,,,,False,False,7.438740588637919,93191,Other,0,False,active
11575524,MINDEXCEL IT SOLUTIONS LTD,active,ltd,2018-09-18,231 Kenton Road,,Harrow,HA3 0HD,England,['63990'],MINDEXCELITSOLUTIONS,HA3,MINDEXCELITSOLUTIONS|HA3,total-exemption-full,2023-09-30,2025-06-30,True,True,63990,False,,,,False,False,7.293634496919918,63990,Other,0,False,active
11601529,I V WASTE GROUP LTD,active,ltd,2018-10-03,30 South Island Place,,London,SW9 0DX,,['96090'],IVWASTE,SW9,IVWASTE|SW9,,,2020-10-03,False,True,96090,True,,,,False,False,7.252566735112937,96090,Other,0,False,active
11761249,IL SALVATORE LIMITED,active,ltd,2019-01-11,Cumberland House,24-28 Baxter Avenue,Southend-On-Sea,SS2 6HZ,England,['56101'],ILSALVATORE,SS2,ILSALVATORE|SS2,total-exemption-full,2022-01-31,2024-01-31,True,True,56101,False,,,,False,False,6.978781656399726,56101,Other,0,False,active
11813231,ACTIVE STAFFING LIMITED,active,ltd,2019-02-07,25 St. Nicholas Place,2nd Floor,Leicester,LE1 4LD,United Kingdom,['78200'],ACTIVESTAFFING,LE1,ACTIVESTAFFING|LE1,total-exemption-full,2022-02-28,2024-03-27,True,True,78200,False,,,,False,False,6.9048596851471595,78200,Other,0,False,active
11824136,VSIXTEEN LIMITED,active,ltd,2019-02-13,Flat 9 Barley Close,Victory Close,Staines-Upon-Thames,TW19 7TR,England,['49410'],VSIXTEEN,TW19,VSIXTEEN|TW19,unaudited-abridged,2022-02-28,2024-05-27,True,True,49410,False,,,,False,False,6.888432580424367,49410,Transport,0,False,active
11867828,H.Z.E LIMITED,active,ltd,2019-03-07,24 Lexden Road,,Seaford,BN25 3BT,United Kingdom,['56103'],HZE,BN25,HZE|BN25,total-exemption-full,2022-03-31,2024-03-31,True,True,56103,False,,,,False,False,6.828199863107461,56103,Other,0,False,active
11900726,CG PERSONNEL LTD,active,ltd,2019-03-23,11900726 - COMPANIES HOUSE DEFAULT ADDRESS,,Cardiff,CF14 8LH,,"['78109', '78200']",CGPERSONNEL,CF14,CGPERSONNEL|CF14,micro-entity,2022-03-31,2023-12-31,True,True,78109;78200,True,,,,False,False,6.784394250513347,78109,Other,0,False,active
11934947,STERLING MEDIA HOLDINGS LTD,active,ltd,2019-04-09,11934947 - COMPANIES HOUSE DEFAULT ADDRESS,,Cardiff,CF14 8LH,,['59113'],STERLINGMEDIA,CF14,STERLINGMEDIA|CF14,micro-entity,2022-04-30,2024-01-31,True,True,59113,True,,,,False,False,6.737850787132102,59113,Other,0,False,active
11990071,WHITE MANSION LTD,active,ltd,2019-05-10,43 Berkeley Square,,London,W1J 5AP,,"['46900', '47990']",WHITEMANSION,W1J,WHITEMANSION|W1J,micro-entity,2022-05-31,2024-02-29,True,True,46900;47990,True,,,,False,False,6.652977412731006,46900,Other,0,False,active
11997718,PRESTINE PROFESSIONAL SERVICES LTD,active,ltd,2019-05-15,11997718 - COMPANIES HOUSE DEFAULT ADDRESS,,Cardiff,CF14 8LH,,"['78200', '81299', '85600']",PRESTINEPROFESSIONAL,CF14,PRESTINEPROFESSIONAL|CF14,micro-entity,2022-04-30,2024-01-31,True,True,78200;81299;85600,True,,,,False,False,6.639288158795345,78200,Other,0,False,active
12001570,OLJAG LTD,active,ltd,2019-05-17,1 College Street,,St. Albans,AL3 4PW,England,['85510'],OLJAG,AL3,OLJAG|AL3,total-exemption-full,2023-03-31,2024-12-31,True,True,85510,False,,,,False,False,6.633812457221081,85510,Other,0,False,active
12019760,ACE RESOURCES LTD,active,ltd,2019-05-28,Office 4 Roebuck House 2-3 Cromwell Centre,Hainault Business Park,Ilford,IG6 3UT,England,['39000'],ACERESOURCES,IG6,ACERESOURCES|IG6,,,2021-05-28,False,True,39000,False,,,,False,False,6.6036960985626285,39000,Industrial,0,False,active
12023080,GLOBAL PRIVATE EQUITY LIMITED,active,ltd,2019-05-29,Bank Chambers,St. Petersgate,Stockport,SK1 1AR,England,['70221'],GLOBALPRIVATEEQUITY,SK1,GLOBALPRIVATEEQUITY|SK1,total-exemption-full,2022-05-31,2024-02-29,True,True,70221,False,,,,False,False,6.6009582477754964,70221,Other,0,False,active
12042485,RP CONTRACTING LIMITED,active,ltd,2019-06-10,5 Moelyn Mews,,Harrow,HA1 2RD,United Kingdom,['66290'],RPCONTRACTING,HA1,RPCONTRACTING|HA1,total-exemption-full,2022-06-30,2024-03-31,True,True,66290,False,,,,False,False,6.568104038329911,66290,Other,0,False,active
12168603,GH CARS LTD,active,ltd,2019-08-21,Unit 1 Spring Street Back Road,,Barnsley,S70 1EG,,"['45112', '45200', '47910']",GHCARS,S70,GHCARS|S70,micro-entity,2023-07-31,2025-04-30,True,True,45112;45200;47910,True,,,,False,False,6.3709787816564,45112,Other,0,False,active
12258711,UNLOCK DIRECT LTD,active,ltd,2019-10-12,The Oakley,Kidderminster Road,Droitwich,WR9 9AY,England,['62020'],UNLOCKDIRECT,WR9,UNLOCKDIRECT|WR9,total-exemption-full,2021-04-30,2023-04-30,True,True,62020,False,,,,False,False,6.228610540725531,62020,Other,0,False,active
12335694,DAVID PARKSHILLS LTD,active,ltd,2019-11-27,441 Bury New Road,,Salford,M7 4LE,England,['46310'],DAVIDPARKSHILLS,M7,DAVIDPARKSHILLS|M7,total-exemption-full,2021-11-30,2023-08-29,True,True,46310,False,,,,False,False,6.102669404517454,46310,Other,0,False,active
12340270,NECESSITY SCHOOL UK LTD,active,ltd,2019-11-29,94 94,Oxord House,Aylesbury,HP19 7BW,England,['85600'],NECESSITYSCHOOL,HP19,NECESSITYSCHOOL|HP19,total-exemption-full,2020-11-30,2022-08-31,True,True,85600,False,,,,False,False,6.09719370294319,85600,Other,0,False,active
12342743,NURTURE BAR LIMITED,active,ltd,2019-12-02,"293 Battersea Park Rd, Battersea, London Sw11 4lx 293 Battersea Park Road",Battersea,London,SW11 4LX,United Kingdom,['56102'],NURTUREBAR,SW11,NURTUREBAR|SW11,total-exemption-full,2020-12-31,2022-09-30,True,True,56102,False,,,,False,False,6.0889801505817935,56102,Other,0,False,active
12344447,BLACK DIAMOND LONDON LIMITED,active,ltd,2019-12-02,"Flat 2, Lavender Court",1 Fallowfields Drive,London,N12 0TA,England,['81299'],BLACKDIAMONDLONDON,N12,BLACKDIAMONDLONDON|N12,null,,2021-09-02,False,True,81299,False,,,,False,False,6.0889801505817935,81299,Buildings,0,False,active
12348757,EDUCATIONAL CONSULTANCY SERVICES LTD,active,ltd,,Unit G5,8-10 Greatorex Street,London,E1 5NF,,['85600'],EDUCATIONALCONSULTANCY,E1,EDUCATIONALCONSULTANCY|E1,,,,False,,,False,,,,False,False,,,Other,0,False,active
12349617,CLS DISTRIBUTORS LIMITED,active,ltd,2019-12-05,4 Brampton Grove,,London,NW4 4AG,England,['47410'],CLSDISTRIBUTORS,NW4,CLSDISTRIBUTORS|NW4,total-exemption-full,2021-12-31,2023-09-30,True,True,47410,False,,,,False,False,6.080766598220397,47410,Other,0,False,active
12351671,EAST MEETS WEST (NW) LTD,active,ltd,2019-12-06,139 Wilbraham Road,,Manchester,M14 7DS,United Kingdom,['56103'],EASTMEETSWESTNW,M14,EASTMEETSWESTNW|M14,total-exemption-full,2020-12-31,2022-09-30,True,True,56103,False,,,,False,False,6.078028747433265,56103,Other,0,False,active
12401498,BAIRD RECRUITMENT LTD,active,ltd,2020-01-14,7 Princes Square,,Harrogate,HG1 1ND,England,['78200'],BAIRDRECRUITMENT,HG1,BAIRDRECRUITMENT|HG1,total-exemption-full,2022-01-31,2024-01-31,True,True,78200,False,,,,False,False,5.971252566735113,78200,Other,0,False,active
12409170,M&N WELDON SUPERMARKET LIMITED,active,ltd,2020-01-17,4 High Street,Weldon,Corby,NN17 3JJ,England,['47110'],MANDNWELDONSUPERMARKET,NN17,MANDNWELDONSUPERMARKET|NN17,total-exemption-full,2022-01-31,2024-01-31,True,True,47110,False,,,,False,False,5.963039014373717,47110,Other,0,False,active
12413515,M&S SHAR LTD,active,ltd,2020-01-20,108 Gloucester Road North,Filton,Bristol,BS34 7PF,England,['63910'],MANDSSHAR,BS34,MANDSSHAR|BS34,total-exemption-full,2023-01-31,2024-10-31,True,True,63910,False,,,,False,False,5.95482546201232,63910,Other,0,False,active
12429899,OLIVER BARTON LTD,active,ltd,2020-01-28,41 Laurel Drive,,Batley,WF17 8JS,England,['47910'],OLIVERBARTON,WF17,OLIVERBARTON|WF17,total-exemption-full,2021-01-31,2023-01-31,True,True,47910,False,,,,False,False,5.932922655715264,47910,Other,0,False,active
12430969,ENTERTAINMENT LIFESTYLE LTD,active,ltd,2020-01-29,14 Greenbank Court Sherwood Way,,Epsom,KT19 8LQ,England,['93290'],ENTERTAINMENTLIFESTYLE,KT19,ENTERTAINMENTLIFESTYLE|KT19,total-exemption-full,2022-01-31,2023-10-31,True,True,93290,False,,,,False,False,5.930184804928132,93290,Other,0,False,active
12434784,FRH BUILDING LTD,active,ltd,2020-01-31,27a Telford Road,,Clacton-On-Sea,CO15 4LP,England,['41202'],FRHBUILDING,CO15,FRHBUILDING|CO15,,,2021-10-31,False,True,41202,False,,,,False,False,5.924709103353867,41202,Buildings,0,False,active
12438470,EPHRATAH HEALTH LIMITED,active,ltd,2020-02-03,82 Stanton House Coxhill Way,,Aylesbury,HP21 8FQ,England,['78200'],EPHRATAHHEALTH,HP21,EPHRATAHHEALTH|HP21,total-exemption-full,2023-02-28,2024-11-30,True,True,78200,False,,,,False,False,5.916495550992471,78200,Other,0,False,active
12446226,ETHAN ENZI LONDON LTD,active,ltd,2020-02-06,International House,142 Cromwell Road,London,SW7 4EF,United Kingdom,['82990'],ETHANENZILONDON,SW7,ETHANENZILONDON|SW7,,,2021-11-06,False,True,82990,False,,,,False,False,5.908281998631074,82990,Buildings,0,False,active
12457116,MEAH LOGISTICS LTD,active,ltd,2020-02-12,39 Moorton Avenue,,Manchester,M19 0NQ,England,['49390'],MEAHLOGISTICS,M19,MEAHLOGISTICS|M19,,,2021-11-12,False,True,49390,False,,,,False,False,5.891854893908282,49390,Transport,0,False,active
12458493,RESICA TRADING LTD,active,ltd,2020-02-12,94a Woodgrange Road,,London,E7 0EW,England,['81299'],RESICATRADING,E7,RESICATRADING|E7,,,2021-11-12,False,True,81299,False,,,,False,False,5.891854893908282,81299,Buildings,0,False,active
12458714,EGHIMMEL LTD,active,ltd,,12458714: COMPANIES HOUSE DEFAULT ADDRESS,,Cardiff,CF14 8LH,,['43210'],EGHIMMEL,CF14,EGHIMMEL|CF14,,,,False,,,False,,,,False,False,,,Other,0,False,active
12467658,DUCT-FLEX INSTALLATIONS LTD,active,ltd,2020-02-17,14 Greenacres Close,,Ossett,WF5 9SB,England,['43220'],DUCTFLEXINSTALLATIONS,WF5,DUCTFLEXINSTALLATIONS|WF5,,,2021-11-17,False,True,43220,False,,,,False,False,5.878165639972622,43220,Buildings,0,False,active
12468563,ORTAC INTERNATIONAL LIMITED,active,ltd,2020-02-18,9 High Street,Woburn Sands,Milton Keynes,MK17 8RF,England,['46180'],ORTAC,MK17,ORTAC|MK17,total-exemption-full,2021-03-31,2023-03-31,True,True,46180,False,,,,False,False,5.87542778918549,46180,Other,0,False,active
12472236,JORDAN JAMES ELECTRICAL ENGINEERING LIMITED,active,ltd,2020-02-19,21 Rawlinson Avenue,,Derby,DE23 8WA,England,['33170'],JORDANJAMESELECTRICALENGINEERING,DE23,JORDANJAMESELECTRICALENGINEERING|DE23,,,2021-11-19,False,True,33170,False,,,,False,False,5.8726899383983575,33170,Industrial,0,False,active
12474925,BORN GREAT LTD,active,ltd,2020-02-20,9 Heaton Close,Speke,Liverpool,L24 2UG,United Kingdom,['62020'],BORNGREAT,L24,BORNGREAT|L24,total-exemption-full,2022-02-28,2023-11-30,True,True,62020,False,,,,False,False,5.8699520876112254,62020,Other,0,False,active
12477822,BODYCRAFT COMMERCIAL REPAIR CENTRE LIMITED,active,ltd,2020-02-24,4 Rosse Close,,Washington,NE37 1ET,United Kingdom,['45200'],BODYCRAFTCOMMERCIALREPAIRCENTRE,NE37,BODYCRAFTCOMMERCIALREPAIRCENTRE|NE37,total-exemption-full,2022-02-28,2023-11-30,True,True,45200,False,,,,False,False,5.859000684462697,45200,Other,0,False,active
12479319,RCONSTRUCTION4UK LTD,active,ltd,2020-02-24,68 St. Georges Road,,Dagenham,RM9 5JT,England,['41202'],RCONSTRUCTION4UK,RM9,RCONSTRUCTION4UK|RM9,,,2021-11-24,False,True,41202,False,,,,False,False,5.859000684462697,41202,Buildings,0,False,active
12479838,RISE 'N SHINE CLEANING LTD,active,ltd,2020-02-24,4 Ashley View,,Market Drayton,TF9 3AT,England,['81299'],RISENSHINECLEANING,TF9,RISENSHINECLEANING|TF9,,,2021-11-24,False,True,81299,False,,,,False,False,5.859000684462697,81299,Buildings,0,False,active
12481880,MACRAM CONSTRUCTION LTD,active,ltd,2020-02-25,"Unit 8a 1st Floor, Churchill Shopping Centre",,Dudley,DY2 7BJ,England,['78109'],MACRAMCONSTRUCTION,DY2,MACRAMCONSTRUCTION|DY2,total-exemption-full,2021-02-28,2022-11-30,True,True,78109,False,,,,False,False,5.856262833675565,78109,Other,0,False,active
12483343,NEVAEH COURIERS LTD,active,ltd,2020-02-26,4 Ling Bob,,Halifax,HX2 0QE,England,['53202'],NEVAEHCOURIERS,HX2,NEVAEHCOURIERS|HX2,,,2021-11-26,False,True,53202,False,,,,False,False,5.853524982888432,53202,Transport,0,False,active
12484472,HIMALAYAN RESTAURANT LTD,active,ltd,2020-02-26,142 Frimley Road,,Camberley,GU15 2QN,England,['56101'],HIMALAYANRESTAURANT,GU15,HIMALAYANRESTAURANT|GU15,total-exemption-full,2021-02-28,2022-11-30,True,True,56101,False,,,,False,False,5.853524982888432,56101,Other,0,False,active
12484812,FORTE INTERNATIONAL LIMITED,active,ltd,2020-02-26,Unit 7c Boyton Hall Lane,Roxwell,Chelmsford,CM1 4LN,England,['70229'],FORTE,CM1,FORTE|CM1,total-exemption-full,2021-12-31,2023-09-30,True,True,70229,False,,,,False,False,5.853524982888432,70229,Other,0,False,active
12487044,TEI FIRE & SECURITY LTD,active,ltd,2020-02-27,37 Ashworth Street,,Preston,PR1 4JB,England,['80200'],TEIFIREANDSECURITY,PR1,TEIFIREANDSECURITY|PR1,total-exemption-full,2021-02-28,2022-11-30,True,True,80200,False,,,,False,False,5.8507871321013,80200,Other,0,False,active
12487615,LINCOLNSHIRE SAFETY SOLUTIONS LTD,active,ltd,2020-02-27,6-8 Freeman Street,,Grimsby,DN32 7AA,England,['84240'],LINCOLNSHIRESAFETYSOLUTIONS,DN32,LINCOLNSHIRESAFETYSOLUTIONS|DN32,total-exemption-full,2023-02-28,2024-11-30,True,True,84240,False,,,,False,False,5.8507871321013,84240,Other,0,False,active
12490674,CKPH LIMITED,active,ltd,2020-02-28,103 Watermoor Road,,Cirencester,GL7 1LD,United Kingdom,['56103'],CKPH,GL7,CKPH|GL7,total-exemption-full,2021-02-28,2023-02-28,True,True,56103,False,,,,False,False,5.848049281314168,56103,Other,0,False,active
12505217,HEMINGWAY CORPORATION LIMITED,active,ltd,2020-03-09,1 Stumperlowe Lane,,Sheffield,S10 3QQ,England,['52290'],HEMINGWAYCORPORATION,S10,HEMINGWAYCORPORATION|S10,,,2021-12-09,False,True,52290,False,,,,False,False,5.820670773442847,52290,Transport,0,False,active
12563916,KABOKY LTD,active,ltd,,3 Chapel Street,,Hyde,SK14 1LF,,"['46140', '66220', '70229', '79110']",KABOKY,SK14,KABOKY|SK14,,,,False,,,False,,,,False,False,,,Other,0,False,active
12591134,R&J CONSULTANCY RS (WM) LIMITED,active,ltd,,Unit 11 Oaklands Business Centre,64-68 Elm Grove,Worthing,BN11 5LH,,['82990'],RANDJCONSULTANCYRSWM,BN11,RANDJCONSULTANCYRSWM|BN11,,,,False,,,False,,,,False,False,,,Other,0,False,active
12627903,SPICEBOX CURRY HOUSES LTD,active,ltd,2020-05-27,58 Hoe Street,,London,E17 4PG,England,['56101'],SPICEBOXCURRYHOUSES,E17,SPICEBOXCURRYHOUSES|E17,total-exemption-full,2021-09-30,2023-09-30,True,True,56101,False,,,,False,False,5.604380561259411,56101,Other,0,False,active
12655116,MITI CONSTRUCTION LTD,active,ltd,2020-06-09,292 Strone Road,,London,E12 6TP,United Kingdom,['42990'],MITICONSTRUCTION,E12,MITICONSTRUCTION|E12,,,2022-03-09,False,True,42990,False,,,,False,False,5.568788501026694,42990,Buildings,0,False,active
12757624,FINESSE PAINTS LTD,active,ltd,2020-07-21,13 Hough Road,,Walsall,WS2 9BB,England,['43341'],FINESSEPAINTS,WS2,FINESSEPAINTS|WS2,,,2022-04-21,False,True,43341,False,,,,False,False,5.453798767967146,43341,Buildings,0,False,active
12838781,KNIGHTS RECOVERY & TRANSPORT LTD,active,ltd,2020-08-26,26 Rickyard,,Guildford,GU2 8JP,United Kingdom,['52219'],KNIGHTSRECOVERYANDTRANSPORT,GU2,KNIGHTSRECOVERYANDTRANSPORT|GU2,null,,2022-05-26,False,True,52219,False,,,,False,False,5.3552361396303905,52219,Transport,0,False,active
13031226,CURE IT ROOFING SYSTEMS LTD,active,ltd,2020-11-19,13031226 - COMPANIES HOUSE DEFAULT ADDRESS,,Cardiff,CF14 8LH,,"['74909', '97000']",CUREITROOFINGSYSTEMS,CF14,CUREITROOFINGSYSTEMS|CF14,null,,2022-08-19,False,True,74909;97000,True,,,,False,False,5.122518822724161,74909,Other,0,False,active
NI033734,TIFFEN DEVELOPMENTS LTD,active,ltd,1998-03-03,55 Bovean Road,,Killyman,BT71 6HU,,['68100'],TIFFENDEVELOPMENTS,BT71,TIFFENDEVELOPMENTS|BT71,small,2011-06-30,2013-03-31,True,True,68100,False,,,,False,False,27.838466803559207,68100,Buildings,0,False,active
NI616017,HENDERSON'S NORTH ST LIMITED,active,ltd,2012-12-18,57-59 North St,,Lurgan,BT67 9AG,,['47210'],HENDERSONSNORTHST,BT67,HENDERSONSNORTHST|BT67,total-exemption-full,2020-04-30,2022-04-30,True,True,47210,False,,,,False,False,13.043121149897331,47210,Other,0,False,active
NI663845,PRECISION ELECTRICAL  CONTRACTS LTD,active,ltd,2019-08-21,16 Carrowdoon Park,Dunloy,Ballymena,BT44 9ER,Northern Ireland,['43210'],PRECISIONELECTRICALCONTRACTS,BT44,PRECISIONELECTRICALCONTRACTS|BT44,,,2021-05-21,False,True,43210,False,,,,False,False,6.3709787816564,43210,Buildings,0,False,active
NI663909,JMCF AVIATION LTD,active,ltd,2019-08-27,2 Market Place,,Carrickfergus,BT38 7AW,Northern Ireland,['33160'],JMCFAVIATION,BT38,JMCFAVIATION|BT38,,,2021-05-27,False,True,33160,False,,,,False,False,6.354551676933607,33160,Industrial,0,False,active
NI668156,PRO4MEDIA LTD,active,ltd,2020-03-04,"Office 6, Bramabley Business Center",38 Main Street,Richhill,BT61 9PW,Northern Ireland,['73120'],PRO4MEDIA,BT61,PRO4MEDIA|BT61,total-exemption-full,2022-03-31,2023-12-31,True,True,73120,False,,,,False,False,5.834360027378508,73120,Other,0,False,active
SC007252,FINNIESTON STREET INVESTMENTS LIMITED,active,ltd,1909-08-20,24 Blythswood Square,Glasgow,,G2 4QS,,['4525'],FINNIESTONSTREETINVESTMENTS,G2,FINNIESTONSTREETINVESTMENTS|G2,total-exemption-full,1994-12-31,2003-10-31,True,True,4525,False,,,,False,False,116.37234770704997,4525,Other,0,False,active
SC011064,WYVERN STRUCTURES LIMITED,active,ltd,1920-03-24,Moores Rowland,Allan House,25 Bothwell Street,G2 6NL,,['7415'],WYVERNSTRUCTURES,G2,WYVERNSTRUCTURES|G2,total-exemption-full,,1995-10-31,False,True,7415,False,,,,False,False,105.77960301163587,7415,Other,0,False,active
SC020235,METBRO LIMITED,active,ltd,,239 Myreside Street,Glasgow,,G32 6DR,,['7499'],METBRO,G32,METBRO|G32,,,,False,,,False,,,,False,False,,,Other,0,False,active
SC021731,J.B. HAY & COMPANY LIMITED,active,ltd,,37 Albyn Place,Aberdeen,,,,['4521'],JBHAYANDCOMPANY,,JBHAYANDCOMPANY|,,,,False,,,False,,,,False,False,,,Other,0,False,active
SC023005,SAWNOL LIMITED,active,ltd,1944-11-11,Seafield Road,Longmans,Inverness,,,,SAWNOL,,SAWNOL|,total-exemption-full,,1999-11-30,False,True,,False,,,,False,False,81.14442162902122,,Other,0,False,active
SC025190,FRANK B PRICE & CO (ROOFINGS) LIMITED,active,ltd,1947-03-24,37 Dalsetter Avenue,Glasgow,,G15 8TQ,,,FRANKBPRICEANDCOROOFINGS,G15,FRANKBPRICEANDCOROOFINGS|G15,total-exemption-full,,2002-01-31,False,True,,False,,,,False,False,78.78165639972622,,Other,0,False,active
SC029723,WRIGHT'S INSULATIONS LIMITED,active,ltd,1953-11-24,7 Lynedoch Crescent,Glasgow,,G3 6EQ,,['4532'],WRIGHTSINSULATIONS,G3,WRIGHTSINSULATIONS|G3,total-exemption-full,,1999-09-30,False,True,4532,False,,,,False,False,72.10951403148529,4532,Other,0,False,active
SC029803,EXPRESS SHOPPING LIMITED,active,ltd,1954-01-02,Bo'Ness Road,Grangemouth,Stirlingshire,FK3 9XQ,,['7499'],EXPRESSSHOPPING,FK3,EXPRESSSHOPPING|FK3,total-exemption-full,,2002-10-31,False,True,7499,False,,,,False,False,72.00273785078713,7499,Other,0,False,active
SC113335,INVERCLYDE MARINE PROPERTIES LIMITED,active,ltd,1988-09-08,145 St. Vincent Street,,Glasgow,G2 5JF,,['46730'],INVERCLYDEMARINEPROPERTIES,G2,INVERCLYDEMARINEPROPERTIES|G2,total-exemption-full,2019-12-31,2021-09-30,True,True,46730,False,,,,False,False,37.319644079397676,46730,Other,0,False,active
SC227879,RADDERY DISKMARK LTD.,active,ltd,,SC227879: COMPANIES HOUSE DEFAULT ADDRESS,,Edinburgh,EH7 9HR,,['27900'],RADDERYDISKMARK,EH7,RADDERYDISKMARK|EH7,,,,False,,,False,,,,False,False,,,Other,0,False,active
SC240455,ALTYPE PLANS LIMITED,active,ltd,,Park House Centre,South Street,Elgin,IV30 1JB,,['71111'],ALTYPEPLANS,IV30,ALTYPEPLANS|IV30,,,,False,,,False,,,,False,False,,,Other,0,False,active
SC262456,CELEBRE LIMITED,active,ltd,2004-01-26,"Abercorn School, Newton",Broxburn,West Lothian,EH52 6PZ,,['70229'],CELEBRE,EH52,CELEBRE|EH52,total-exemption-full,2022-12-31,2024-09-30,True,True,70229,False,,,,False,False,21.93839835728953,70229,Other,0,False,active
SC266039,JULES CAFE LTD,active,ltd,2004-04-05,25 Sandyford Place,,Glasgow,G3 7NG,,['56102'],JULESCAFE,G3,JULESCAFE|G3,total-exemption-full,2021-03-31,2022-12-31,True,True,56102,False,,,,False,False,21.746748802190282,56102,Other,0,False,active
SC310033,ZAIB (SCOTLAND) LTD,active,ltd,2006-10-12,137 Rotherwood Avenue,Knightswood,Glasgow,G13 2AX,,['47240'],ZAIBSCOTLAND,G13,ZAIBSCOTLAND|G13,total-exemption-full,2022-01-31,2023-10-31,True,True,47240,False,,,,False,False,19.227926078028748,47240,Other,0,False,active
SC317952,CRANE MAINTAIN LTD,active,ltd,,Unit 53 Hagmill Road,Shawhead Industrial Estate,Coatbridge,ML5 4XD,,['33120'],CRANEMAINTAIN,ML5,CRANEMAINTAIN|ML5,,,,False,,,False,,,,False,False,,,Other,0,False,active
SC330577,BEXAR TECHNOLOGY LIMITED,active,ltd,2007-09-07,1 Louise Gardens,Holytown,Lanarkshire,ML1 4XF,,['62012'],BEXARTECHNOLOGY,ML1,BEXARTECHNOLOGY|ML1,total-exemption-full,2019-10-31,2021-07-31,True,True,62012,False,,,,False,False,18.324435318275153,62012,Other,0,False,active
SC358587,ANNIESLAND BUILDERS LIMITED,active,ltd,2009-04-23,136 Athelstane Road,,Glasgow,G13 3QY,,['43290'],ANNIESLANDBUILDERS,G13,ANNIESLANDBUILDERS|G13,unaudited-abridged,2019-05-31,2021-05-31,True,True,43290,False,,,,False,False,16.698151950718685,43290,Buildings,0,False,active
SC377343,CRAIGLEE ENGINEERING LTD,active,ltd,,42 Dudhope Crescent Road,,Dundee,DD1 5RR,,['33170'],CRAIGLEEENGINEERING,DD1,CRAIGLEEENGINEERING|DD1,,,,False,,,False,,,,False,False,,,Other,0,False,active
SC389361,FIRTH ELECTRICAL AND PROPERTY SERVICES LIMITED,active,ltd,,103 Glasgow Road,,Bathgate,EH48 2QN,,['43210'],FIRTHELECTRICALANDPROPERTY,EH48,FIRTHELECTRICALANDPROPERTY|EH48,,,,False,,,False,,,,False,False,,,Other,0,False,active
SC395829,ENVISION CHANGE MANAGEMENT LIMITED,active,ltd,,24b Coltbridge Avenue,,Edinburgh,EH12 6AH,,['70229'],ENVISIONCHANGEMANAGEMENT,EH12,ENVISIONCHANGEMANAGEMENT|EH12,,,,False,,,False,,,,False,False,,,Other,0,False,active
SC405562,AIRTH WELFARE HALL LIMITED,active,ltd,2011-08-17,Ballantyne & Co,60 St Enoch Square,Glasgow,G1 4AG,,['56302'],AIRTHWELFAREHALL,G1,AIRTHWELFAREHALL|G1,total-exemption-full,2019-08-31,2021-05-31,True,True,56302,False,,,,False,False,14.381930184804927,56302,Other,0,False,active
SC431764,ETIVE HOSPITALITY LIMITED,active,ltd,,Ainsley Smith & Co,Argyll Square,Oban,PA34 4AT,,['56101'],ETIVEHOSPITALITY,PA34,ETIVEHOSPITALITY|PA34,,,,False,,,False,,,,False,False,,,Other,0,False,active
SC449762,W W & J MCCLURE LTD,active,ltd,2013-05-10,C/O Frp Advisory Trading Ltd Apex 3,95 Haymarket Terrace,Edinburgh,EH12 5HD,,['69102'],WWANDJMCCLURE,EH12,WWANDJMCCLURE|EH12,total-exemption-full,2019-12-31,2021-09-30,True,True,69102,False,,,,False,False,12.65160848733744,69102,Other,0,False,active
SC456851,PHOENIX CLINIC LIMITED,active,ltd,2013-08-15,19 Shottsburn Road,Salsburgh,Shotts,ML7 4NT,Scotland,['86230'],PHOENIXCLINIC,ML7,PHOENIXCLINIC|ML7,unaudited-abridged,2021-08-31,2023-04-13,True,True,86230,False,,,,False,False,12.386036960985626,86230,Other,0,False,active
SC461217,TALKADOODLEDOO LTD,active,ltd,2013-10-10,50/8 Coltbridge Avenue,,Edinburgh,EH12 6AH,,['59113'],TALKADOODLEDOO,EH12,TALKADOODLEDOO|EH12,total-exemption-full,2020-03-30,2022-05-31,True,True,59113,False,,,,False,False,12.232717316906228,59113,Other,0,False,active
SC464859,BUTTIES 1 LTD,active,ltd,2013-11-29,58 Long Lane,Broughty Ferry,Dundee,DD5 1HH,,['56103'],BUTTIES1,DD5,BUTTIES1|DD5,total-exemption-full,2021-11-30,2023-08-31,True,True,56103,False,,,,False,False,12.095824777549623,56103,Other,0,False,active
SC467194,GADGET DOCTOR SCOTLAND LIMITED,active,ltd,2014-01-13,14 Stroud Road,East Kilbride,Glasgow,G75 0YA,,['95110'],GADGETDOCTORSCOTLAND,G75,GADGETDOCTORSCOTLAND|G75,total-exemption-full,2020-01-31,2021-10-31,True,True,95110,False,,,,False,False,11.97262149212868,95110,Other,0,False,active
SC467419,TEASEL & TWEED LIMITED,active,ltd,,Greystone Toll Farm,Kinellar,Aberdeen,AB21 0TT,,['47190'],TEASELANDTWEED,AB21,TEASELANDTWEED|AB21,,,,False,,,False,,,,False,False,,,Other,0,False,active
SC485570,ASYA HOT FOOD LTD,active,ltd,,41 The Murray Square,East Kilbride,Glasgow,G75 0BH,,['56103'],ASYAHOTFOOD,G75,ASYAHOTFOOD|G75,,,,False,,,False,,,,False,False,,,Other,0,False,active
SC499114,CLOCK CAFE LEITH LTD,active,ltd,2015-02-27,2 Victoria Place,Rutherglen,Glasgow,G73 2JP,,['56102'],CLOCKCAFELEITH,G73,CLOCKCAFELEITH|G73,total-exemption-full,2020-02-29,2021-11-30,True,True,56102,False,,,,False,False,10.850102669404517,56102,Other,0,False,active
SC519717,HOLDEN DECKCREW HLO SERVICES LIMITED,active,ltd,2015-11-06,13 Craigcrest Place,Condorrat,Cumbernauld,G67 4GY,United Kingdom,['96090'],HOLDENDECKCREWHLO,G67,HOLDENDECKCREWHLO|G67,unaudited-abridged,2020-11-30,2022-08-31,True,True,96090,False,,,,False,False,10.160164271047227,96090,Other,0,False,active
SC531889,AMG ENERGY LTD,active,ltd,2016-04-06,34 Boghead Road,,Dumbarton,G82 2HP,United Kingdom,['71129'],AMGENERGY,G82,AMGENERGY|G82,unaudited-abridged,2018-09-30,2020-09-30,True,True,71129,False,,,,False,False,9.744010951403148,71129,Other,0,False,active
SC534856,CREATIVE BLINDS SCOTLAND LTD,active,ltd,2016-05-09,Unit 3 1987 Maryhill Road,,Glasgow,G20 0BT,,['47990'],CREATIVEBLINDSSCOTLAND,G20,CREATIVEBLINDSSCOTLAND|G20,total-exemption-full,2020-05-31,2022-02-28,True,True,47990,False,,,,False,False,9.653661875427789,47990,Other,0,False,active
SC549397,TASTEEZ WHOLESALE DISTRIBUTION LIMITED,active,ltd,2016-11-03,22 Backbrae Street,Kilsyth,Glasgow,G65 0NH,Scotland,['46900'],TASTEEZWHOLESALEDISTRIBUTION,G65,TASTEEZWHOLESALEDISTRIBUTION|G65,unaudited-abridged,2020-11-30,2022-08-31,True,True,46900,False,,,,False,False,9.166324435318275,46900,Other,0,False,active
SC576012,WHOLE EARTH FUTURES LTD,active,ltd,2017-09-11,33 Laird Street,,Coatbridge,ML5 3LW,United Kingdom,['70229'],WHOLEEARTHFUTURES,ML5,WHOLEEARTHFUTURES|ML5,,,2019-06-11,False,True,70229,False,,,,False,False,8.31211498973306,70229,Other,0,False,active
SC586168,FAIRMILE MAINTENANCE CO LTD.,active,ltd,2018-01-19,27 Lauriston Street,,Edinburgh,EH3 9DQ,Scotland,['96090'],FAIRMILEMAINTENANCECO,EH3,FAIRMILEMAINTENANCECO|EH3,total-exemption-full,2024-01-31,2025-10-31,True,True,96090,False,,,,False,False,7.956194387405886,96090,Other,0,False,active
SC591567,QUAY WEDDINGS LIMITED,active,ltd,2018-03-16,25 Kirkcroft Brae Kirkcroft Brae,Liff,Dundee,DD2 5RT,United Kingdom,['56210'],QUAYWEDDINGS,DD2,QUAYWEDDINGS|DD2,total-exemption-full,2021-02-28,2023-02-28,True,True,56210,False,,,,False,False,7.8028747433264884,56210,Other,0,False,active
SC595304,CLR ENGINEERING TECHNICAL SERVICES (UK) LTD,active,ltd,2018-04-25,32 Braemar Crescent,,Carluke,ML8 4BH,Scotland,['96090'],CLRENGINEERINGTECHNICALSERVICESUK,ML8,CLRENGINEERINGTECHNICALSERVICESUK|ML8,total-exemption-full,2020-04-30,2022-01-31,True,True,96090,False,,,,False,False,7.693360711841205,96090,Other,0,False,active
SC603689,ONSITE CATERING SCOTLAND LIMITED,active,ltd,2018-07-26,39 Queen Square,,Glasgow,G41 2BD,Scotland,['56102'],ONSITECATERINGSCOTLAND,G41,ONSITECATERINGSCOTLAND|G41,total-exemption-full,2022-07-31,2024-04-30,True,True,56102,False,,,,False,False,7.441478439425051,56102,Other,0,False,active
SC604079,LABB DIGITAL SOLUTIONS LIMITED,active,ltd,2018-08-01,Accy Busn Cnslt,17 Flowerhill Street,Airdrie,ML6 6AP,Scotland,['62020'],LABBDIGITALSOLUTIONS,ML6,LABBDIGITALSOLUTIONS|ML6,total-exemption-full,2022-08-31,2024-05-31,True,True,62020,False,,,,False,False,7.425051334702259,62020,Other,0,False,active
SC604522,DC WELDING SOLUTIONS LTD,active,ltd,2018-08-06,25 Rosemount,,Kilwinning,KA13 6LZ,United Kingdom,['43290'],DCWELDINGSOLUTIONS,KA13,DCWELDINGSOLUTIONS|KA13,,,2020-05-06,False,True,43290,False,,,,False,False,7.411362080766598,43290,Buildings,0,False,active
SC605097,DBR CHAHAL LTD,active,ltd,2018-08-13,176 Paisley Road,,Renfrew,PA4 8DS,Scotland,['47110'],DBRCHAHAL,PA4,DBRCHAHAL|PA4,total-exemption-full,2019-07-31,2021-04-30,True,True,47110,False,,,,False,False,7.392197125256674,47110,Other,0,False,active
SC607047,EM FOOD DISTRIBUTION LTD,active,ltd,2018-09-03,154 Reid Street,,Glasgow,G40 4EN,Scotland,['56290'],EMFOODDISTRIBUTION,G40,EMFOODDISTRIBUTION|G40,total-exemption-full,2020-09-30,2022-06-30,True,True,56290,False,,,,False,False,7.3347022587268995,56290,Other,0,False,active
SC607484,AFILLION LTD,active,ltd,2018-09-06,Studio 13 52-54 Washington Street,,Glasgow,G3 8AZ,Scotland,['59200'],AFILLION,G3,AFILLION|G3,total-exemption-full,2021-08-31,2023-05-31,True,True,59200,False,,,,False,False,7.326488706365503,59200,Other,0,False,active
SC611835,BECCAS BAKES LTD,active,ltd,2018-10-25,Vesker,Twatt,Orkney,KW17 2LZ,United Kingdom,['10710'],BECCASBAKES,KW17,BECCASBAKES|KW17,unaudited-abridged,2019-10-31,2021-07-31,True,True,10710,False,,,,False,False,7.19233401779603,10710,Industrial,0,False,active
SC613344,NU-TECH SOLUTIONS LTD,active,ltd,2018-11-12,22 Wells Street,,Inverness,IV3 5JT,United Kingdom,['43210'],NUTECHSOLUTIONS,IV3,NUTECHSOLUTIONS|IV3,,,2020-11-12,False,True,43210,False,,,,False,False,7.143052703627652,43210,Buildings,0,False,active
SC613977,REBEL WITH A CLAUSE LTD,active,ltd,2018-11-19,98 Avalon Gardens,Linlithgow Bridge,Linlithgow,EH49 7PL,United Kingdom,['82190'],REBELWITHACLAUSE,EH49,REBELWITHACLAUSE|EH49,,,2020-11-19,False,True,82190,False,,,,False,False,7.123887748117728,82190,Buildings,0,False,active
SC616126,CITYDEVELPHOME LIMITED,active,ltd,2018-12-13,102 Commercial Street,The Shore,Edinburgh,EH6 6LS,Scotland,['55900'],CITYDEVELPHOME,EH6,CITYDEVELPHOME|EH6,total-exemption-full,2019-12-31,2021-09-30,True,True,55900,False,,,,False,False,7.058179329226557,55900,Other,0,False,active
SC617898,FIELDER AI LIMITED,active,ltd,2019-01-11,Kinburn Castle,Doubledykes Road,St. Andrews,KY16 9DR,Scotland,['62090'],FIELDERAI,KY16,FIELDERAI|KY16,total-exemption-full,2023-01-31,2024-10-31,True,True,62090,False,,,,False,False,6.978781656399726,62090,Other,0,False,active
SC618163,JIM THOMPSON THERAPY LTD,active,ltd,2019-01-15,Breco Accounting Services Ltd,1346 Shettleston Road,Glasgow,G32 9AT,Scotland,['86900'],JIMTHOMPSONTHERAPY,G32,JIMTHOMPSONTHERAPY|G32,total-exemption-full,2020-01-31,2022-01-31,True,True,86900,False,,,,False,False,6.967830253251198,86900,Other,0,False,active
SC630389,MLE LTD,active,ltd,2019-05-14,14 14 St. Andrews Street,,Glasgow,G1 5PD,Scotland,['42120'],MLE,G1,MLE|G1,,,2021-05-14,False,True,42120,False,,,,False,False,6.6420260095824775,42120,Buildings,0,False,active
SC631011,KMM OFFSHORE SERVICES LTD,active,ltd,2019-05-21,21 Morrison Street,,Kirriemuir,DD8 5DB,Scotland,['06100'],KMMOFFSHORE,DD8,KMMOFFSHORE|DD8,,,2021-05-21,False,True,06100,False,,,,False,False,6.622861054072553,06100,Industrial,0,False,active
SC631370,JG GAS LTD,active,ltd,2019-05-23,34 Gotterstone Drive,Broughty Ferry,Dundee,DD5 1QX,United Kingdom,['43220'],JGGAS,DD5,JGGAS|DD5,,,2021-05-23,False,True,43220,False,,,,False,False,6.617385352498289,43220,Buildings,0,False,active
SC632180,KYLE 1 ENTERPRISE LTD,active,ltd,2019-05-31,42 Nithsdale Road,,Glasgow,G41 2AN,Scotland,['42990'],KYLE1ENTERPRISE,G41,KYLE1ENTERPRISE|G41,,,2021-05-31,False,True,42990,False,,,,False,False,6.595482546201232,42990,Buildings,0,False,active
SC634648,SKYLINE SCAFFOLDING SCOTLAND LIMITED,active,ltd,2019-06-27,95 Lesmuir Drive,,Glasgow,G14 0EF,Scotland,['41100'],SKYLINESCAFFOLDINGSCOTLAND,G14,SKYLINESCAFFOLDINGSCOTLAND|G14,,,2021-06-27,False,True,41100,False,,,,False,False,6.521560574948666,41100,Buildings,0,False,active
SC636406,J12 RAIL SERVICES LTD,active,ltd,2019-07-17,15 Hardie Street,,Hamilton,ML3 8LQ,United Kingdom,['42120'],J12RAIL,ML3,J12RAIL|ML3,,,2021-04-17,False,True,42120,False,,,,False,False,6.466803559206023,42120,Buildings,0,False,active
SC636471,OLD SPICE LTD,active,ltd,2019-07-18,15 Edison Street,Hillington Park,Glasgow,G52 4JW,Scotland,['56103'],OLDSPICE,G52,OLDSPICE|G52,total-exemption-full,2020-07-31,2022-04-30,True,True,56103,False,,,,False,False,6.464065708418891,56103,Other,0,False,active
SC637781,STREETWISE SOLUTIONS (ENERGY) LTD,active,ltd,2019-08-02,35 Thornly Park Gardens,,Paisley,PA2 7RF,,"['73110', '82301']",STREETWISESOLUTIONSENERGY,PA2,STREETWISESOLUTIONSENERGY|PA2,,,2021-05-02,False,True,73110;82301,True,,,,False,False,6.422997946611909,73110,Other,0,False,active
SC640129,MAC PROPERTY SERVICES LTD,active,ltd,2019-08-29,45 Quarry Street,,Wishaw,ML2 7NY,Scotland,['81221'],MACPROPERTY,ML2,MACPROPERTY|ML2,,,2021-05-29,False,True,81221,False,,,,False,False,6.349075975359343,81221,Buildings,0,False,active
SC640196,JMURCH LIMITED,active,ltd,2019-08-29,Unit F8 10-24 Gairbraid Avenue,Maryhill Burgh Halls,Glasgow,G20 8YE,Scotland,['43390'],JMURCH,G20,JMURCH|G20,,,2021-05-29,False,True,43390,False,,,,False,False,6.349075975359343,43390,Buildings,0,False,active
SC640218,PRESTON SCAFFOLDING LIMITED,active,ltd,2019-08-30,79 Friarscourt Avenue,,Glasgow,G13 2EN,United Kingdom,['43991'],PRESTONSCAFFOLDING,G13,PRESTONSCAFFOLDING|G13,,,2021-05-30,False,True,43991,False,,,,False,False,6.346338124572211,43991,Buildings,0,False,active
SC640595,EUROCAM FACILITIES MANAGEMENT LIMITED,active,ltd,2019-09-03,201-211 Wallace Street,,Glasgow,G5 8NT,Scotland,['43210'],EUROCAMFACILITIESMANAGEMENT,G5,EUROCAMFACILITIESMANAGEMENT|G5,,,2021-06-03,False,True,43210,False,,,,False,False,6.335386721423682,43210,Buildings,0,False,active
SC641008,PENTLAND ENTERPRISES LTD,active,ltd,2019-09-09,Glen Cottage,Glen Cottage,Penicuik,EH26 0PP,Scotland,['70229'],PENTLANDENTERPRISES,EH26,PENTLANDENTERPRISES|EH26,total-exemption-full,2021-09-30,2023-06-30,True,True,70229,False,,,,False,False,6.31895961670089,70229,Other,0,False,active
SC641807,SPARKLE SPARKLE LIMITED,active,ltd,2019-09-17,48 West George Street,Clyde Offices,Glasgow,G2 1BP,Scotland,['81210'],SPARKLESPARKLE,G2,SPARKLESPARKLE|G2,,,2021-06-17,False,True,81210,False,,,,False,False,6.297056810403833,81210,Buildings,0,False,active
SC642721,TARMAX SURFACING LTD,active,ltd,2019-09-26,101 Rose Street South Lane,,Edinburgh,EH2 3JG,United Kingdom,['42110'],TARMAXSURFACING,EH2,TARMAXSURFACING|EH2,,,2021-06-26,False,True,42110,False,,,,False,False,6.272416153319644,42110,Buildings,0,False,active
SC642784,WMD HAMILTON LTD,active,ltd,2019-09-26,4d Auchingramont Road,,Hamilton,ML3 6JT,Scotland,['69201'],WMDHAMILTON,ML3,WMDHAMILTON|ML3,total-exemption-full,2022-09-30,2024-06-30,True,True,69201,False,,,,False,False,6.272416153319644,69201,Other,0,False,active
SC644036,ADVENTURE WOOD CHILDCARE (DENNY) LTD,active,ltd,2019-10-09,"Suite 14, 98 Woodlands Road",,Glasgow,G3 6HB,Scotland,['85100'],ADVENTUREWOODCHILDCAREDENNY,G3,ADVENTUREWOODCHILDCAREDENNY|G3,total-exemption-full,2021-10-31,2023-07-31,True,True,85100,False,,,,False,False,6.236824093086927,85100,Other,0,False,active
SC649510,KA26 PROPERTIES LIMITED,active,ltd,2019-12-12,21 Dalrymple Street,,Girvan,KA26 9EU,Scotland,['68320'],KA26PROPERTIES,KA26,KA26PROPERTIES|KA26,,,2021-09-12,False,True,68320,False,,,,False,False,6.061601642710472,68320,Buildings,0,False,active
SC650349,DTC FUTURE INDUSTRIES LTD,active,ltd,2019-12-30,70 West Regent Street,,Glasgow,G2 2QZ,Scotland,['43210'],DTCFUTUREINDUSTRIES,G2,DTCFUTUREINDUSTRIES|G2,unaudited-abridged,2020-12-31,2022-09-30,True,True,43210,False,,,,False,False,6.012320328542095,43210,Buildings,0,False,active
SC651058,RKL VAC LIMITED,active,ltd,2020-01-09,18 18 Faskine Crescent,,Airdrie,ML6 9EB,Scotland,['43999'],RKLVAC,ML6,RKLVAC|ML6,unaudited-abridged,2023-01-31,2024-10-31,True,True,43999,False,,,,False,False,5.984941820670773,43999,Buildings,0,False,active
SC653588,TRAVEL SPEED LIMITED,active,ltd,2020-02-05,5 Flat 1/3,Western Avenue,Rutherglen,G73 1JQ,Scotland,['41202'],TRAVELSPEED,G73,TRAVELSPEED|G73,,,2021-11-05,False,True,41202,False,,,,False,False,5.9110198494182065,41202,Buildings,0,False,active
SC659373,OJ SOLICITORS LTD,active,ltd,2020-04-16,Lime Tree Business Centre,551 Sauchiehall Street,Glasgow,G3 7PQ,Scotland,['69102'],OJSOLICITORS,G3,OJSOLICITORS|G3,total-exemption-full,2022-04-30,2024-01-31,True,True,69102,False,,,,False,False,5.716632443531828,69102,Other,0,False,active
00473581,00473581 LIMITED,active,ltd,1949-10-06,C/O Pricewaterhousecoopers Llp,Plumtree Court,London,EC4A 4HT,,['7499'],00473581,EC4A,00473581|EC4A,no-accounts-type-available,,2004-07-30,False,True,7499,False,,,,False,False,76.24366872005476,7499,Other,-1,False,active
00663868,BALLARD (WINCHESTER) LIMITED,active,ltd,1960-06-30,Regent House,Clinton Avenue,Nottingham,NG5 1AW,,,BALLARDWINCHESTER,NG5,BALLARDWINCHESTER|NG5,no-accounts-type-available,,1999-10-31,False,True,,False,,,,False,False,65.51129363449692,,Other,-1,False,active
06732411,SWEET FANTASIES LIMITED,active,ltd,2008-10-24,101 Ralph Drive,Sneyd Green,Stoke On Trent,ST1 6JG,,['56290'],SWEETFANTASIES,ST1,SWEETFANTASIES|ST1,unaudited-abridged,2022-09-30,2024-06-30,True,True,56290,False,,,,False,False,17.193702943189596,56290,Other,-1,False,active
07800438,BELLINI CORPORATION LIMITED,active,ltd,2011-10-06,211 Fulham Palace Road,,London,W6 8QX,,,BELLINICORPORATION,W6,BELLINICORPORATION|W6,null,,2013-07-06,False,True,,False,,,,False,False,14.245037645448322,,Other,-1,False,active
10346008,ALOATEN LTD.,active,ltd,2016-08-25,42 High Street,,Soham,CB7 5HE,,['99999'],ALOATEN,CB7,ALOATEN|CB7,null,,2018-05-25,False,True,99999,False,,,,False,False,9.357973990417522,99999,Other,-1,False,active
11425708,TRIUMVIRATE HOSPITALITY LIMITED,active,ltd,2018-06-21,Flat 2 97 Wardour Street,,London,W1F 0UF,England,['56101'],TRIUMVIRATEHOSPITALITY,W1F,TRIUMVIRATEHOSPITALITY|W1F,null,,2020-03-21,False,True,56101,False,,,,False,False,7.537303216974675,56101,Other,-1,False,active
11470044,CONSTANTDOTCO LIMITED,active,ltd,2018-07-18,3rd Floor 86-90 Paul Street,,London,EC2A 4NE,,['62012'],CONSTANTDOTCO,EC2A,CONSTANTDOTCO|EC2A,total-exemption-full,2022-03-31,2023-12-31,True,True,62012,False,,,,False,False,7.4633812457221085,62012,Other,-1,False,active
11786882,FLAMES (BURTON) LTD,active,ltd,2019-01-24,23 Derby Street,,Burton On Trent,DE14 2LA,England,['56103'],FLAMESBURTON,DE14,FLAMESBURTON|DE14,unaudited-abridged,2023-01-31,2024-10-31,True,True,56103,False,,,,False,False,6.9431895961670085,56103,Other,-1,False,active
11945494,SANDBROOK BEVERAGES LTD,active,ltd,2019-04-13,"Office 33 Flexspace, Lythgoe House,",,Bolton,BL3 2NZ,England,['56290'],SANDBROOKBEVERAGES,BL3,SANDBROOKBEVERAGES|BL3,unaudited-abridged,2022-04-30,2024-01-31,True,True,56290,False,,,,False,False,6.7268993839835725,56290,Other,-1,False,active
11993461,CROSS KEYS LLANTRISANT LIMITED,active,ltd,2019-05-13,Trinder House Free Street,Bishops Waltham,Southampton,SO32 1EE,England,['56302'],CROSSKEYSLLANTRISANT,SO32,CROSSKEYSLLANTRISANT|SO32,unaudited-abridged,2022-05-31,2024-02-29,True,True,56302,False,,,,False,False,6.6447638603696095,56302,Other,-1,False,active
12340098,ONE DAY CARE CENTRE LTD,active,ltd,2019-11-29,3 Fern Avenue,,Nottingham,NG5 1BG,England,['86900'],ONEDAYCARECENTRE,NG5,ONEDAYCARECENTRE|NG5,null,,2021-08-29,False,True,86900,False,,,,False,False,6.09719370294319,86900,Other,-1,False,active
12341004,ACTIVE MARKETING LIMITED,active,ltd,2019-11-29,32 Basment 32,Woodstock Grove,London,W12 8LE,,['73110'],ACTIVEMARKETING,W12,ACTIVEMARKETING|W12,total-exemption-full,2021-11-30,2023-08-31,True,True,73110,False,,,,False,False,6.09719370294319,73110,Other,-1,False,active
12349403,JRKG LTD,active,ltd,2019-12-05,47 Eltham Hill,,London,SE9 5SU,England,['74909'],JRKG,SE9,JRKG|SE9,,,2021-09-05,False,True,74909,False,,,,False,False,6.080766598220397,74909,Other,-1,False,active
12349990,CALIPHAH CAPITAL LIMITED,active,ltd,2019-12-05,51 Vicarage Lane Vicarage Lane,,London,E15 4HG,England,['47990'],CALIPHAHCAPITAL,E15,CALIPHAHCAPITAL|E15,,,2021-09-05,False,True,47990,False,,,,False,False,6.080766598220397,47990,Other,-1,False,active
12356335,R&C PROFESSIONAL LIMITED,active,ltd,2019-12-10,94 Audley Way,,Basildon,SS14 2AW,England,['62020'],RANDCPROFESSIONAL,SS14,RANDCPROFESSIONAL|SS14,,,2021-09-10,False,True,62020,False,,,,False,False,6.067077344284736,62020,Other,-1,False,active
12356357,PRIMA NURSERY LTD,active,ltd,2019-12-10,White City Community Centre,India Way,London,W12 7QT,England,['88910'],PRIMANURSERY,W12,PRIMANURSERY|W12,,,2021-09-10,False,True,88910,False,,,,False,False,6.067077344284736,88910,Other,-1,False,active
12430019,KAWA MARGATE LTD,active,ltd,2020-01-28,67 High Street,,Margate,CT9 1DX,England,['47240'],KAWAMARGATE,CT9,KAWAMARGATE|CT9,,,2021-10-28,False,True,47240,False,,,,False,False,5.932922655715264,47240,Other,-1,False,active
12439419,LOGISTICS PROJECT CONSULTANCY LIMITED,active,ltd,2020-02-03,78 Coleridge Way,,Crewe,CW1 5LE,England,['70229'],LOGISTICSPROJECTCONSULTANCY,CW1,LOGISTICSPROJECTCONSULTANCY|CW1,,,2021-11-03,False,True,70229,False,,,,False,False,5.916495550992471,70229,Other,-1,False,active
12442213,BLASTBUSTERS LTD,active,ltd,2020-02-04,23-27 King St,,Luton,LU1 2DW,,['81222'],BLASTBUSTERS,LU1,BLASTBUSTERS|LU1,,,2021-11-04,False,True,81222,False,,,,False,False,5.9137577002053385,81222,Buildings,-1,False,active
12453185,SKARLETT STUDIOS LIMITED,active,ltd,2020-02-10,318 318 Haydons Road,,Wimbledon,,England,['74202'],SKARLETTSTUDIOS,,SKARLETTSTUDIOS|,,,2021-11-10,False,True,74202,False,,,,False,False,5.897330595482546,74202,Other,-1,False,active
12457154,LA&SHR LTD,active,ltd,2020-02-12,94 94 Audley Road,,London,NW4 3HB,England,['45112'],LAANDSHR,NW4,LAANDSHR|NW4,,,2021-11-12,False,True,45112,False,,,,False,False,5.891854893908282,45112,Other,-1,False,active
12461923,DJBROWNCATERING LTD,active,ltd,2020-02-13,Weston Golf Club,Uphill Road,Weston Supermare,BS23 4NQ,United Kingdom,['56101'],DJBROWNCATERING,BS23,DJBROWNCATERING|BS23,,,2021-11-13,False,True,56101,False,,,,False,False,5.88911704312115,56101,Other,-1,False,active
12463660,AL NIKAH WEDDING SERVICES LIMITED,active,ltd,2020-02-14,49 Halfway Avenue,,Luton,LU4 8RA,England,['59112'],ALNIKAHWEDDING,LU4,ALNIKAHWEDDING|LU4,,,2021-11-14,False,True,59112,False,,,,False,False,5.886379192334018,59112,Other,-1,False,active
12465177,RED RUBY FOOD LTD,active,ltd,2020-02-15,111 Boundary Road,,London,NW8 0RG,England,['47810'],REDRUBYFOOD,NW8,REDRUBYFOOD|NW8,,,2021-11-15,False,True,47810,False,,,,False,False,5.883641341546886,47810,Other,-1,False,active
12465656,JC FLOORING SOLUTIONS LIMITED,active,ltd,2020-02-15,36 Brook Crescent,,London,E4 9EP,England,['47530'],JCFLOORINGSOLUTIONS,E4,JCFLOORINGSOLUTIONS|E4,null,,2021-11-15,False,True,47530,False,,,,False,False,5.883641341546886,47530,Other,-1,False,active
12467998,RIVERSIDE BRIDGE PUB CO LTD,active,ltd,2020-02-17,11 Wren Close,Syston,Leicester,LE7 1ZS,England,['56302'],RIVERSIDEBRIDGEPUBCO,LE7,RIVERSIDEBRIDGEPUBCO|LE7,,,2021-11-17,False,True,56302,False,,,,False,False,5.878165639972622,56302,Other,-1,False,active
12471480,LIKACS CATERING LIMITED,active,ltd,2020-02-19,4 Cranbourne Place,,West Bromwich,B71 4HD,England,['56210'],LIKACSCATERING,B71,LIKACSCATERING|B71,,,2021-11-19,False,True,56210,False,,,,False,False,5.8726899383983575,56210,Other,-1,False,active
12471827,BLUSH & CO BY BEC LTD,active,ltd,2020-02-19,32 Buttermere Road,,Liverpool,L16 2NN,England,['96020'],BLUSHANDCOBYBEC,L16,BLUSHANDCOBYBEC|L16,,,2021-11-19,False,True,96020,False,,,,False,False,5.8726899383983575,96020,Other,-1,False,active
12473709,DAMAN LIMITED,active,ltd,2020-02-20,202 Stanley Road,,Teddington,TW11 8UE,United Kingdom,['56102'],DAMAN,TW11,DAMAN|TW11,,,2021-11-20,False,True,56102,False,,,,False,False,5.8699520876112254,56102,Other,-1,False,active
12475559,ALIGN FINANCIAL LIMITED,active,ltd,2020-02-21,85 Great Portland Street,,London,W1W 7LT,England,['70221'],ALIGNFINANCIAL,W1W,ALIGNFINANCIAL|W1W,,,2021-11-21,False,True,70221,False,,,,False,False,5.867214236824093,70221,Other,-1,False,active
12478538,WTFX LIMITED,active,ltd,2020-02-24,24 Fermor Road,,London,SE23 2HN,England,['90020'],WTFX,SE23,WTFX|SE23,,,2021-11-24,False,True,90020,False,,,,False,False,5.859000684462697,90020,Other,-1,False,active
12479120,S&D HEALTHCARE LIMITED,active,ltd,2020-02-24,6 Wave Close,,Walsall,WS2 9LW,England,['86900'],SANDDHEALTHCARE,WS2,SANDDHEALTHCARE|WS2,,,2021-11-24,False,True,86900,False,,,,False,False,5.859000684462697,86900,Other,-1,False,active
12480023,BURGER AND BUNS LTD,active,ltd,2020-02-24,Kemp House 160 City Road,,London,EC1V 2NX,England,['56103'],BURGERANDBUNS,EC1V,BURGERANDBUNS|EC1V,,,2021-11-24,False,True,56103,False,,,,False,False,5.859000684462697,56103,Other,-1,False,active
12480093,WORLD DETAILING LTD,active,ltd,2020-02-24,19 Cardinals Close,Donnington Wood,Telford,TF2 7HW,England,['45200'],WORLDDETAILING,TF2,WORLDDETAILING|TF2,,,2021-11-24,False,True,45200,False,,,,False,False,5.859000684462697,45200,Other,-1,False,active
12483365,BRIGHT BLUE MOTORS LIMITED,active,ltd,2020-02-26,"9 Gradwell End, Mill Lane",South Chailey,Lewes,BN8 4PX,England,['45112'],BRIGHTBLUEMOTORS,BN8,BRIGHTBLUEMOTORS|BN8,,,2021-11-26,False,True,45112,False,,,,False,False,5.853524982888432,45112,Other,-1,False,active
12485704,TYSON AUTO RECYCLING LTD,active,ltd,2020-02-26,37 Hinksey Close,,Slough,SL3 8EB,England,['45310'],TYSONAUTORECYCLING,SL3,TYSONAUTORECYCLING|SL3,,,2021-11-26,False,True,45310,False,,,,False,False,5.853524982888432,45310,Other,-1,False,active
12523014,RM EXPORTS LIMITED,active,ltd,2020-03-18,Lonza Refinery,Wheldon Road,Castleford,WF10 2JT,England,['46690'],RMEXPORTS,WF10,RMEXPORTS|WF10,null,,2022-02-23,False,True,46690,False,,,,False,False,5.796030116358659,46690,Other,-1,False,active
12530815,ZJ CONSULTANCY U.K LIMITED,active,ltd,2020-03-23,2 Avenue Close,,Birmingham,B7 4NU,England,['69201'],ZJCONSULTANCYUK,B7,ZJCONSULTANCYUK|B7,,,2021-12-23,False,True,69201,False,,,,False,False,5.782340862422998,69201,Other,-1,False,active
12546116,TUFFGUARD PEST CONTROL LTD,active,ltd,2020-04-03,40 Chesley Gardens,East Ham,London,E6 3LN,England,['01700'],TUFFGUARDPESTCONTROL,E6,TUFFGUARDPESTCONTROL|E6,,,2022-01-03,False,True,01700,False,,,,False,False,5.752224503764545,01700,Other,-1,False,active
12564892,RSA HIRE LIMITED,active,ltd,2020-04-20,21 Wild Heather Close,Cullingworth,Bradford,BD13 5ET,England,['77320'],RSAHIRE,BD13,RSAHIRE|BD13,,,2022-01-20,False,True,77320,False,,,,False,False,5.705681040383299,77320,Other,-1,False,active
12631044,INFINITYGLOBALUK LTD,active,ltd,2020-05-29,33 Shakespeare Drive,,Harrow,HA3 9TS,England,['47910'],INFINITYGLOBALUK,HA3,INFINITYGLOBALUK|HA3,null,,2022-02-28,False,True,47910,False,,,,False,False,5.598904859685147,47910,Other,-1,False,active
12747933,HEDELUND INVEST LIMITED,active,ltd,2020-07-16,"Stron Legal, The Clubhouse St James","8 St James's Square, St James's",London,SW1Y 4JU,United Kingdom,['99999'],HEDELUNDINVEST,SW1Y,HEDELUNDINVEST|SW1Y,null,,2022-04-16,False,True,99999,False,,,,False,False,5.467488021902806,99999,Other,-1,False,active
NI661444,B.I.L FURNISHINGS LTD,active,ltd,2019-05-15,Suite 4 Commercial Mews,93-97 Main Street,Larne,BT40 1HJ,Northern Ireland,['47910'],BILFURNISHINGS,BT40,BILFURNISHINGS|BT40,,,2021-05-15,False,True,47910,False,,,,False,False,6.639288158795345,47910,Other,-1,False,active
NI661447,CAFE B BALLOO LIMITED,active,ltd,2019-05-15,Unit 75 3 Balloo Link,,Bangor,BT19 7HJ,Northern Ireland,['56102'],CAFEBBALLOO,BT19,CAFEBBALLOO|BT19,,,2021-05-15,False,True,56102,False,,,,False,False,6.639288158795345,56102,Other,-1,False,active
NI662492,BIG O CAFE LIMITED,active,ltd,2019-06-24,8 Queen Street,,Londonderry,BT48 7EF,Northern Ireland,['56102'],BIGOCAFE,BT48,BIGOCAFE|BT48,,,2021-06-24,False,True,56102,False,,,,False,False,6.529774127310062,56102,Other,-1,False,active
NI663831,INDIGO VAN HIRE LIMITED,active,ltd,2019-08-21,3 Deramore Drive,Portadown,Craigavon,BT62 3HH,Northern Ireland,['77110'],INDIGOVANHIRE,BT62,INDIGOVANHIRE|BT62,,,2021-05-21,False,True,77110,False,,,,False,False,6.3709787816564,77110,Other,-1,False,active
NI663983,ERNE RECOVERY LTD,active,ltd,2019-08-28,71 Elm Wood Green,,Castlederg,BT81 7GZ,Northern Ireland,['45200'],ERNERECOVERY,BT81,ERNERECOVERY|BT81,,,2021-05-28,False,True,45200,False,,,,False,False,6.351813826146475,45200,Other,-1,False,active
NI667090,LAGAN BROS LIMITED,active,ltd,2020-01-17,15 Ballygrooby Road,Moneymore,Magherafelt,BT45 7SR,Northern Ireland,['77310'],LAGANBROS,BT45,LAGANBROS|BT45,,,2021-10-17,False,True,77310,False,,,,False,False,5.963039014373717,77310,Other,-1,False,active
NI667262,EVERGREEN EDUCATION & LEARNING ORGANISATION LTD,active,ltd,2020-01-27,10a Dunevly Road,Portaferry,Newtownards,BT22 1NB,Northern Ireland,['85590'],EVERGREENEDUCATIONANDLEARNINGORGANISATION,BT22,EVERGREENEDUCATIONANDLEARNINGORGANISATION|BT22,,,2021-10-27,False,True,85590,False,,,,False,False,5.935660506502396,85590,Other,-1,False,active
NI675139,BE A QUEEN BEAUTY & LASHES LTD,active,ltd,2020-12-23,4b Old Market Place,,Omagh,BT78 1BT,United Kingdom,['96020'],BEAQUEENBEAUTYANDLASHES,BT78,BEAQUEENBEAUTYANDLASHES|BT78,null,,2022-09-23,False,True,96020,False,,,,False,False,5.02943189596167,96020,Other,-1,False,active
SC010202,THE GREENOCK DOCKYARD COMPANY LIMITED,active,ltd,1900-01-01,Cartsdyke Shipyard,Greenock,,,,,THEGREENOCKDOCKYARDCOMPANY,,THEGREENOCKDOCKYARDCOMPANY|,null,,2003-01-31,False,True,,False,,,,False,False,126.00410677618069,,Other,-1,False,active
SC014228,FRASER & BORTHWICK LIMITED,active,ltd,1926-06-13,Industrial Estate,Irvine,,,,,FRASERANDBORTHWICK,,FRASERANDBORTHWICK|,null,,1999-10-31,False,True,,False,,,,False,False,99.55920602327173,,Other,-1,False,active
SC018074,COLIN MACANDREW AND PARTNERS LIMITED (77/1420),active,ltd,1974-07-29,,Xxxxxxxx,Xxxxx,XXX XXX,,,COLINMACANDREWANDPARTNERSLIMITED771420,XXX,COLINMACANDREWANDPARTNERSLIMITED771420|XXX,null,,1975-11-01,False,True,,False,,,,False,False,51.43326488706366,,Other,-1,False,active
SC019522,HEGGIE & AITCHISON LIMITED,active,ltd,1937-01-12,60-62 Duff St,Edinburgh 11,,,,,HEGGIEANDAITCHISON,,HEGGIEANDAITCHISON|,null,,1998-10-31,False,True,,False,,,,False,False,88.97467488021903,,Other,-1,False,active
SC024381,ARMAC ENGINEERING COMPANY LIMITED,active,ltd,1946-07-20,2/5 Barcapel House,Capelrig Road,Newton Mearns,G77 6NL,,['7499'],ARMACENGINEERINGCOMPANY,G77,ARMACENGINEERINGCOMPANY|G77,small,1996-08-31,1998-06-30,True,True,7499,False,,,,False,False,79.45790554414785,7499,Other,-1,False,active
SC034143,CLYDE PIPEWORKS LIMITED,active,ltd,1959-07-06,280 Kirkintilloch Road,Bishopbriggs,Glasgow,,,,CLYDEPIPEWORKS,,CLYDEPIPEWORKS|,null,,1989-08-31,False,True,,False,,,,False,False,66.49691991786447,,Other,-1,False,active
SC035278,WILLIAM JAMIESON & SON LIMITED,active,ltd,1960-05-24,140 Glasgow Road,Burnbank,Hamilton,,,,WILLIAMJAMIESONANDSON,,WILLIAMJAMIESONANDSON|,null,,1999-04-30,False,True,,False,,,,False,False,65.6125941136208,,Other,-1,False,active
SC037439,WILLIAM V. FLEMING & COMPANY LIMITED,active,ltd,1962-03-30,Dalziel House,7 Claremont Terrace,Glasgow,G3 7XR,,,WILLIAMVFLEMINGANDCOMPANY,G3,WILLIAMVFLEMINGANDCOMPANY|G3,no-accounts-type-available,,1992-03-31,False,True,,False,,,,False,False,63.76454483230664,,Other,-1,False,active
SC048173,COLVINAIRE LIMITED,active,ltd,1970-12-04,"First Floor, Quay 2,",139 Fountainbridge,Edinburgh,EH3 9QG,,['70100'],COLVINAIRE,EH3,COLVINAIRE|EH3,null,,2002-08-31,False,True,70100,False,,,,False,False,55.082819986310746,70100,Other,-1,False,active
SC595185,USI LTD,active,ltd,2018-04-23,515 Sauchiehall Street,,Glasgow,G3 7PQ,United Kingdom,['56102'],USI,G3,USI|G3,,,2020-01-23,False,True,56102,False,,,,False,False,7.698836413415469,56102,Other,-1,False,active
SC598969,S.P CONTRACTING LIMITED,active,ltd,2018-06-04,1/1 27 Herriet Street,,Glasgow,G41 2NN,Scotland,['70229'],SPCONTRACTING,G41,SPCONTRACTING|G41,unaudited-abridged,2021-01-31,2022-10-31,True,True,70229,False,,,,False,False,7.58384668035592,70229,Other,-1,False,active
SC600375,ALLOAHOTFOOD LIMITED,active,ltd,2018-06-19,41 Drysdale Street,,Alloa,FK10 1JA,United Kingdom,['56103'],ALLOAHOTFOOD,FK10,ALLOAHOTFOOD|FK10,,,2020-03-19,False,True,56103,False,,,,False,False,7.542778918548939,56103,Other,-1,False,active
SC602978,STAYCENTRAL APARTMENTS & MANAGEMENT LTD,active,ltd,2018-07-19,42 Nithsdale Road,,Glasgow,G41 2AN,Scotland,['98000'],STAYCENTRALAPARTMENTSANDMANAGEMENT,G41,STAYCENTRALAPARTMENTSANDMANAGEMENT|G41,,,2020-04-19,False,True,98000,False,,,,False,False,7.460643394934976,98000,Other,-1,False,active
SC606132,DAVID WATSON GS LTD,active,ltd,2018-08-23,2 Fountainbridge,,Edinburgh,EH3 9FF,Scotland,['47190'],DAVIDWATSONGS,EH3,DAVIDWATSONGS|EH3,,,2020-05-23,False,True,47190,False,,,,False,False,7.364818617385352,47190,Other,-1,False,active
SC608702,FAST FOOD SW LTD,active,ltd,2018-09-20,11 West Main Street,Uphall,Broxburn,EH52 5DN,Scotland,['47110'],FASTFOODSW,EH52,FASTFOODSW|EH52,,,2020-09-20,False,True,47110,False,,,,False,False,7.2881587953456535,47110,Other,-1,False,active
SC612459,L&B CATERING LIMITED,active,ltd,2018-11-01,249 Govan Road,,Glasgow,G51 1HJ,Scotland,['47810'],LANDBCATERING,G51,LANDBCATERING|G51,,,2020-11-01,False,True,47810,False,,,,False,False,7.173169062286106,47810,Other,-1,False,active
SC615132,CCM COURIER EXPRESS LTD,active,ltd,2018-11-30,9 Teviot Drive,,Bishopton,PA7 5EA,Scotland,['96090'],CCMCOURIEREXPRESS,PA7,CCMCOURIEREXPRESS|PA7,,,2020-11-30,False,True,96090,False,,,,False,False,7.093771389459275,96090,Other,-1,False,active
SC618032,DESIGNER HOMES 5 LIMITED,active,ltd,2019-01-14,25 Holmwood Park Crossford,,Carluke,ML8 5SZ,Scotland,['46190'],DESIGNERHOMES5,ML8,DESIGNERHOMES5|ML8,,,2021-01-14,False,True,46190,False,,,,False,False,6.97056810403833,46190,Other,-1,False,active
SC618843,AUR GRILL LTD,active,ltd,2019-01-22,143 Balgrayhill Road,Unit 2,Glasgow,G21 3AE,Scotland,['56103'],AURGRILL,G21,AURGRILL|G21,,,2021-01-22,False,True,56103,False,,,,False,False,6.9486652977412735,56103,Other,-1,False,active
SC620920,SILVER LEAF HOSPITALTY LIMITED,active,ltd,2019-02-12,560 Gorgie Road,,Edinburgh,EH11 3AL,United Kingdom,['56103'],SILVERLEAFHOSPITALTY,EH11,SILVERLEAFHOSPITALTY|EH11,,,2021-02-12,False,True,56103,False,,,,False,False,6.891170431211499,56103,Other,-1,False,active
SC625210,RUSH WELDING SERVICES LIMITED,active,ltd,2019-03-22,Flat 1/2 25 Belville Avenue,,Greenock,PA15 2LQ,Scotland,['96090'],RUSHWELDING,PA15,RUSHWELDING|PA15,,,2021-03-22,False,True,96090,False,,,,False,False,6.787132101300479,96090,Other,-1,False,active
SC628262,CABLE CUTS LIMITED,active,ltd,2019-04-23,Unit 1 Alloa Trade Centre,Bruce Street,Alloa,FK10 1RX,United Kingdom,['47910'],CABLECUTS,FK10,CABLECUTS|FK10,unaudited-abridged,2022-04-30,2024-01-31,True,True,47910,False,,,,False,False,6.699520876112252,47910,Other,-1,False,active
SC629028,J HOGG LTD.,active,ltd,2019-04-30,71 Windsor Road,,Falkirk,FK1 5HB,Scotland,['71129'],JHOGG,FK1,JHOGG|FK1,,,2021-04-30,False,True,71129,False,,,,False,False,6.680355920602327,71129,Other,-1,False,active
SC629901,YEEZY LIMITED,active,ltd,2019-05-09,Rfl House,Anderson Street,Dunblane,FK15 9AJ,Scotland,['46420'],YEEZY,FK15,YEEZY|FK15,unaudited-abridged,2023-05-31,2025-02-28,True,True,46420,False,,,,False,False,6.655715263518139,46420,Other,-1,False,active
SC634007,BAKER AND COOK LTD,active,ltd,2019-06-21,12 St James Terrace,Lochwinnoch Road,Kilmacolm,PA13 4HB,Scotland,['56101'],BAKERANDCOOK,PA13,BAKERANDCOOK|PA13,,,2021-06-21,False,True,56101,False,,,,False,False,6.537987679671458,56101,Other,-1,False,active
SC637682,MAXNASE LTD,active,ltd,2019-08-01,17 Carron Place,,Eastkilbride,G75 0YL,United Kingdom,['45200'],MAXNASE,G75,MAXNASE|G75,,,2021-05-01,False,True,45200,False,,,,False,False,6.425735797399041,45200,Other,-1,False,active
SC638377,LINKWOOD DELI LTD,active,ltd,2019-08-09,66a Linkwood Drive,,Glasgow,G15 7PN,Scotland,['56102'],LINKWOODDELI,G15,LINKWOODDELI|G15,,,2021-05-09,False,True,56102,False,,,,False,False,6.403832991101985,56102,Other,-1,False,active
SC638427,BREEZE BRIDGE LIMITED,active,ltd,2019-08-09,42a Prestwick Road,,Ayr,KA8 8LB,Scotland,['56101'],BREEZEBRIDGE,KA8,BREEZEBRIDGE|KA8,,,2021-05-09,False,True,56101,False,,,,False,False,6.403832991101985,56101,Other,-1,False,active
SC638850,TASTE OF ASIA PRIVATE LTD,active,ltd,2019-08-14,21 Glasgow Road,,Wishaw,ML2 7PG,Scotland,['56103'],TASTEOFASIAPRIVATE,ML2,TASTEOFASIAPRIVATE|ML2,,,2021-05-14,False,True,56103,False,,,,False,False,6.3901437371663246,56103,Other,-1,False,active
SC639016,FLAWLESS GLASGOW TRAINING ACADEMY LTD,active,ltd,2019-08-16,125 Dumbarton Road,,Glasgow,G11 6PR,Scotland,['85590'],FLAWLESSGLASGOWTRAININGACADEMY,G11,FLAWLESSGLASGOWTRAININGACADEMY|G11,unaudited-abridged,2022-08-31,2023-12-27,True,True,85590,False,,,,False,False,6.38466803559206,85590,Other,-1,False,active
SC640066,SQALABS LIMITED,active,ltd,2019-08-28,Flat 3 14 Appin Place,,Edinburgh,EH14 1NJ,Scotland,['62020'],SQALABS,EH14,SQALABS|EH14,,,2021-05-28,False,True,62020,False,,,,False,False,6.351813826146475,62020,Other,-1,False,active
SC640446,FLEMING99 LIMITED,active,ltd,2019-09-02,26 St. Joans Crescent,,Kilwinning,KA13 6BX,United Kingdom,['56103'],FLEMING99,KA13,FLEMING99|KA13,,,2021-06-02,False,True,56103,False,,,,False,False,6.338124572210814,56103,Other,-1,False,active
SC640843,ZOOM MOTOR FINANCE LTD,active,ltd,2019-09-05,120 Platinum House,120 Carnegie Road,Glasgow,G52 4JZ,Scotland,['64999'],ZOOMMOTORFINANCE,G52,ZOOMMOTORFINANCE|G52,,,2021-06-05,False,True,64999,False,,,,False,False,6.329911019849418,64999,Other,-1,False,active
SC642146,ORGANIC WILD BEAUTY LTD,active,ltd,2019-09-20,36 Errol Gardens,,Glasgow,G5 0RR,United Kingdom,['47750'],ORGANICWILDBEAUTY,G5,ORGANICWILDBEAUTY|G5,,,2021-06-20,False,True,47750,False,,,,False,False,6.288843258042436,47750,Other,-1,False,active
SC642566,BAGELS & BAKES LTD,active,ltd,2019-09-25,91 Saltmarket,,Glasgow,G1 5LE,Scotland,['56103'],BAGELSANDBAKES,G1,BAGELSANDBAKES|G1,,,2021-06-25,False,True,56103,False,,,,False,False,6.275154004106776,56103,Other,-1,False,active
SC643296,KEBABISH EDINBURGH LIMITED,active,ltd,2019-10-02,128 Dalry Road,,Edinburgh,EH11 2EZ,Scotland,['56102'],KEBABISHEDINBURGH,EH11,KEBABISHEDINBURGH|EH11,,,2021-07-02,False,True,56102,False,,,,False,False,6.2559890485968515,56102,Other,-1,False,active
SC643540,MEHAKH & CO LTD,active,ltd,2019-10-04,12 Raeburn Road,,Larbert,FK5 4GU,Scotland,['56103'],MEHAKHANDCO,FK5,MEHAKHANDCO|FK5,,,2021-07-04,False,True,56103,False,,,,False,False,6.250513347022587,56103,Other,-1,False,active
SC643749,JJD VEHICLES LIMITED,active,ltd,2019-10-07,18 Alloway Drive,Rutherglen,Glasgow,G73 4PP,Scotland,['45112'],JJDVEHICLES,G73,JJDVEHICLES|G73,,,2021-07-07,False,True,45112,False,,,,False,False,6.242299794661191,45112,Other,-1,False,active
SC649110,XPRESS FOODS (GLASGOW) LTD,active,ltd,2019-12-09,21 West Nile Street,2/1,Glasgow,G1 2PS,Scotland,['56103'],XPRESSFOODSGLASGOW,G1,XPRESSFOODSGLASGOW|G1,,,2021-09-09,False,True,56103,False,,,,False,False,6.069815195071868,56103,Other,-1,False,active
SC649322,RED PLANET EXPRESS LIMITED,active,ltd,2019-12-10,689 Duke Street,1c,Glasgow,G31 1NW,Scotland,['56103'],REDPLANETEXPRESS,G31,REDPLANETEXPRESS|G31,,,2021-09-10,False,True,56103,False,,,,False,False,6.067077344284736,56103,Other,-1,False,active
SC650718,PRO PRINTZ LTD,active,ltd,2020-01-06,24 Sunart Road,Bishopbriggs,Glasgow,G64 1HN,Scotland,['74209'],PROPRINTZ,G64,PROPRINTZ|G64,,,2021-10-06,False,True,74209,False,,,,False,False,5.993155373032169,74209,Other,-1,False,active
SC651427,CHRISTEL MEDIA LTD,active,ltd,2020-01-13,46 Leven Court,,Alloa,FK10 1QL,Scotland,['56302'],CHRISTELMEDIA,FK10,CHRISTELMEDIA|FK10,,,2021-10-13,False,True,56302,False,,,,False,False,5.973990417522245,56302,Other,-1,False,active
SC651480,LANNISTER ENTERPRISES LIMITED,active,ltd,2020-01-14,Marine Hotel,Station Road,Mallaig,PH41 4PY,United Kingdom,['55100'],LANNISTERENTERPRISES,PH41,LANNISTERENTERPRISES|PH41,,,2021-10-14,False,True,55100,False,,,,False,False,5.971252566735113,55100,Other,-1,False,active
SC651563,MERCURY INNOVATION CONSULTANTS LTD,active,ltd,2020-01-14,9 Glen Artney Road,,Dumbarton,G82 2BS,United Kingdom,['62020'],MERCURYINNOVATIONCONSULTANTS,G82,MERCURYINNOVATIONCONSULTANTS|G82,,,2021-10-14,False,True,62020,False,,,,False,False,5.971252566735113,62020,Other,-1,False,active
SC652827,PERTH'S BEST LIMITED,active,ltd,2020-01-27,70 Tay Street,,Perth,PH2 8NN,Scotland,['56101'],PERTHSBEST,PH2,PERTHSBEST|PH2,,,2021-10-27,False,True,56101,False,,,,False,False,5.935660506502396,56101,Other,-1,False,active
SC653545,KLX MOTORS LIMITED,active,ltd,2020-02-04,Unit 1 70 Kelburn Street,,Barrhead,G78 1LR,Scotland,['45200'],KLXMOTORS,G78,KLXMOTORS|G78,,,2021-11-04,False,True,45200,False,,,,False,False,5.9137577002053385,45200,Other,-1,False,active
SC654086,ECOGREEN CITY ENERGY LTD,active,ltd,2020-02-10,Lockhart Amin Accountants 159 King Street,Rutherglen,Glasgow,G73 1BZ,,['35140'],ECOGREENCITYENERGY,G73,ECOGREENCITYENERGY|G73,,,2021-11-10,False,True,35140,False,,,,False,False,5.897330595482546,35140,Industrial,-1,False,active
SC654241,ALCHEMY BARBER SHOP LTD,active,ltd,2020-02-11,5 Ochilview Square,Armadale,Bathgate,EH48 3EP,Scotland,['96020'],ALCHEMYBARBERSHOP,EH48,ALCHEMYBARBERSHOP|EH48,,,2021-10-31,False,True,96020,False,,,,False,False,5.894592744695414,96020,Other,-1,False,active
SC669246,ROASTED(ABERDEEN) LTD LIMITED,active,ltd,2020-07-29,11 Mile End Place,,Aberdeen,AB15 5PZ,United Kingdom,['56210'],ROASTEDABERDEEN,AB15,ROASTEDABERDEEN|AB15,null,,2022-04-29,False,True,56210,False,,,,False,False,5.431895961670089,56210,Other,-1,False,active
00172756,FRIENDS' PROVIDENT MANAGED PENSION FUNDS LIMITED,active,ltd,1921-01-24,Aviva,Wellington Row,York,YO90 1WR,United Kingdom,['99999'],FRIENDSPROVIDENTMANAGEDPENSIONFUNDS,YO90,FRIENDSPROVIDENTMANAGEDPENSIONFUNDS|YO90,dormant,2024-12-31,2026-09-30,True,False,99999,False,,,,False,False,104.94182067077344,99999,Other,-2,False,active
00678866,SIR JULIAN HODGE LIMITED,active,ltd,1960-12-23,One,Central Square,Cardiff,CF10 1FS,,['74990'],SIRJULIANHODGE,CF10,SIRJULIANHODGE|CF10,micro-entity,2024-09-30,2026-06-30,True,False,74990,False,,,,False,False,65.02943189596166,74990,Other,-2,False,active
01017082,R.& E.LAKIN LIMITED,active,ltd,1971-07-08,Telford Crescent,Speedwell Industrial Estate,Staveley,S43 3PF,,['5020'],RANDELAKIN,S43,RANDELAKIN|S43,total-exemption-small,2008-07-31,2010-04-30,True,True,5020,False,,,,False,False,54.49144421629021,5020,Transport,-2,False,active
01352015,T L MASON & SONS (PROPERTY) LIMITED,active,ltd,1978-02-07,166 College Road,,Harrow,HA1 1BH,United Kingdom,['68209'],TLMASONANDSONSPROPERTY,HA1,TLMASONANDSONSPROPERTY|HA1,micro-entity,2024-09-30,2026-06-30,True,False,68209,False,,,,False,False,47.90417522245038,68209,Buildings,-2,False,active
01602672,RECTORY PARK MANAGEMENT LIMITED,active,ltd,1981-12-08,8 Higher End,Chickerell,Weymouth,DT3 4EQ,United Kingdom,['68320'],RECTORYPARKMANAGEMENT,DT3,RECTORYPARKMANAGEMENT|DT3,micro-entity,2024-12-31,2026-09-30,True,False,68320,False,,,,False,False,44.07118412046543,68320,Buildings,-2,False,active
01637975,PEARLGATE PROPERTY MANAGEMENT LIMITED,active,ltd,1982-05-25,9 Beechwood Close,,Hertford,SG13 7HW,England,['98000'],PEARLGATEPROPERTYMANAGEMENT,SG13,PEARLGATEPROPERTYMANAGEMENT|SG13,micro-entity,2024-12-31,2026-09-30,True,False,98000,False,,,,False,False,43.611225188227245,98000,Other,-2,False,active
01709794,PLASCOAT PENSION TRUSTEES LIMITED,active,ltd,1983-03-25,Trading Estate,Farnham,Surrey,GU9 9NY,,['70100'],PLASCOATPENSIONTRUSTEES,GU9,PLASCOATPENSIONTRUSTEES|GU9,dormant,2025-03-31,2026-12-31,True,False,70100,False,,,,False,False,42.77891854893908,70100,Other,-2,False,active
02159079,GEODESIGN LIMITED,active,ltd,1987-08-28,6 Coombe Neville,Warren Road,Kingston Upon Thames,KT2 7HW,England,['74909'],GEODESIGN,KT2,GEODESIGN|KT2,micro-entity,2024-12-31,2026-09-30,True,False,74909,False,,,,False,False,38.351813826146476,74909,Other,-2,False,active
02191000,MAINSTAVE LIMITED,active,ltd,1987-11-10,"Unit 4, Berrington Road",Sydenham Industrial Estate,Leamington Spa,CV31 1NB,,['64209'],MAINSTAVE,CV31,MAINSTAVE|CV31,micro-entity,2024-12-31,2026-09-30,True,False,64209,False,,,,False,False,38.1492128678987,64209,Other,-2,False,active
02458941,KALIBER SYSTEMS LIMITED,active,ltd,1990-01-12,260 - 270 Butterfield Great Marlings,,Luton,LU2 8DL,England,['62020'],KALIBERSYSTEMS,LU2,KALIBERSYSTEMS|LU2,micro-entity,2024-05-31,2026-02-28,True,False,62020,False,,,,False,False,35.97535934291581,62020,Other,-2,False,active
02578341,WOOTTON STORES LIMITED,active,ltd,1991-01-30,Hordley,Wootton,Woodstock,OX20 1EP,,['47110'],WOOTTONSTORES,OX20,WOOTTONSTORES|OX20,micro-entity,2024-09-30,2026-06-30,True,False,47110,False,,,,False,False,34.926762491444215,47110,Other,-2,False,active
03263236,HARTLAND RESIDENTIAL HOME LTD,active,ltd,1996-10-14,St Georges Court St. Georges Square,High Street,New Malden,KT3 4HG,England,['56302'],HARTLANDRESIDENTIALHOME,KT3,HARTLANDRESIDENTIALHOME|KT3,micro-entity,2024-08-31,2026-05-31,True,False,56302,False,,,,False,False,29.22108145106092,56302,Other,-2,False,active
03540721,LUCY FAITHFULL FOUNDATION TRADING LIMITED,active,ltd,1998-04-03,2 Birch House Harris Business Park,Hanbury Road,Stoke Prior,B60 4DJ,England,['99999'],LUCYFAITHFULLFOUNDATIONTRADING,B60,LUCYFAITHFULLFOUNDATIONTRADING|B60,dormant,2025-03-31,2026-12-31,True,False,99999,False,,,,False,False,27.753593429158112,99999,Other,-2,False,active
03549183,31 WOODVILLE GARDENS LIMITED,active,ltd,1998-04-20,82 Chertsey Road,Chobham,Woking,GU24 8PJ,,['68320'],31WOODVILLEGARDENS,GU24,31WOODVILLEGARDENS|GU24,dormant,2025-04-30,2027-01-31,True,False,68320,False,,,,False,False,27.707049965776864,68320,Buildings,-2,False,active
03610149,TERRY'S FABRIC WAREHOUSE LIMITED,active,ltd,1998-08-05,Unit 6-8 Winpenny Road Winpenny Road,Parkhouse Industrial Estate East,Newcastle,ST5 7RH,England,['47510'],TERRYSFABRICWAREHOUSE,ST5,TERRYSFABRICWAREHOUSE|ST5,dormant,2024-08-31,2026-05-31,True,False,47510,False,,,,False,False,27.41409993155373,47510,Other,-2,False,active
03711652,TRELAWNEY COURT MANAGEMENT (ROCK) LIMITED,active,ltd,1999-02-11,7 Trelawney Court Rock Road,St. Minver,Wadebridge,PL27 6PP,,['98000'],TRELAWNEYCOURTMANAGEMENTROCK,PL27,TRELAWNEYCOURTMANAGEMENTROCK|PL27,micro-entity,2024-12-31,2026-09-30,True,False,98000,False,,,,False,False,26.89390828199863,98000,Other,-2,False,active
03758088,20 ST LUKE'S ROAD RESIDENTS ASSOCIATION LIMITED,active,ltd,1999-04-23,20 Saint Lukes Road,London,,W11 1DP,,['98000'],20STLUKESROADRESIDENTSASSOCIATION,W11,20STLUKESROADRESIDENTSASSOCIATION|W11,dormant,2024-04-30,2026-01-31,True,False,98000,False,,,,False,False,26.699520876112253,98000,Other,-2,False,active
03777578,IMMUNOBIOLOGY LIMITED,active,ltd,1999-05-26,Babraham Research Campus,Babraham,Cambridge,CB22 3AT,,['72110'],IMMUNOBIOLOGY,CB22,IMMUNOBIOLOGY|CB22,micro-entity,2024-05-31,2026-02-28,True,False,72110,False,,,,False,False,26.60917180013689,72110,Other,-2,False,active
03918924,FLAME CREATIVE SOLUTIONS LIMITED,active,ltd,2000-02-03,207 Regent Street,,London,W1B 3HH,England,['73110'],FLAMECREATIVESOLUTIONS,W1B,FLAMECREATIVESOLUTIONS|W1B,micro-entity,2025-03-31,2026-12-31,True,False,73110,False,,,,False,False,25.916495550992472,73110,Other,-2,False,active
04205353,RAPID ACCOUNTING SERVICES LIMITED,active,ltd,2001-04-25,11 Gypsy Lane,,Marlow,SL7 3JT,,['69201'],RAPIDACCOUNTING,SL7,RAPIDACCOUNTING|SL7,micro-entity,2024-09-30,2026-06-30,True,False,69201,False,,,,False,False,24.692676249144423,69201,Other,-2,False,active
04215803,DAVID I H WRIGHT LTD,active,ltd,2001-05-14,4 Cranes Park,Surbiton,Surrey,KT5 8AD,,['74909'],DAVIDIHWRIGHT,KT5,DAVIDIHWRIGHT|KT5,micro-entity,2024-05-31,2026-02-28,True,False,74909,False,,,,False,False,24.640657084188913,74909,Other,-2,False,active
04225817,ST JOHNS INVESTMENTS LIMITED,active,ltd,2001-05-31,2 St Johns North,Wakefield,,WF1 3QA,,['68100'],STJOHNSINVESTMENTS,WF1,STJOHNSINVESTMENTS|WF1,dormant,2024-07-31,2026-04-30,True,False,68100,False,,,,False,False,24.594113620807665,68100,Buildings,-2,False,active
04266272,PRESCOT PROPERTIES LIMITED,active,ltd,2001-08-07,173 College Road,,Liverpool,L23 3AT,England,['68209'],PRESCOTPROPERTIES,L23,PRESCOTPROPERTIES|L23,micro-entity,2024-08-31,2026-05-31,True,False,68209,False,,,,False,False,24.407939767282684,68209,Buildings,-2,False,active
04311478,VISIONARY ARCHITECTS LTD,active,ltd,2001-10-26,Victoria Cottage Victoria Road,Milford On Sea,Lymington,SO41 0NL,England,['71111'],VISIONARYARCHITECTS,SO41,VISIONARYARCHITECTS|SO41,dormant,2025-03-31,2026-12-31,True,False,71111,False,,,,False,False,24.188911704312115,71111,Other,-2,False,active
04425004,AZTEC CONSULTANTS (GB) LIMITED,active,ltd,2002-04-25,12 High Street,,Stanford-Le-Hope,SS17 0EY,England,['70229'],AZTECCONSULTANTSGB,SS17,AZTECCONSULTANTSGB|SS17,micro-entity,2025-03-31,2026-12-31,True,False,70229,False,,,,False,False,23.693360711841205,70229,Other,-2,False,active
04540911,MERSEYSIDE PROPERTY MAINTENANCE LTD,active,ltd,2002-09-20,Charlotte House,35-37 Hoghton Street,Southport,PR9 0NS,England,['68209'],MERSEYSIDEPROPERTYMAINTENANCE,PR9,MERSEYSIDEPROPERTYMAINTENANCE|PR9,dormant,2025-03-31,2026-12-31,True,False,68209,False,,,,False,False,23.288158795345655,68209,Buildings,-2,False,active
04648423,NORMANDY CARAVANS LIMITED,active,ltd,2003-01-27,9th Floor Bond Street,,Leeds,LS1 2JZ,,['29203'],NORMANDYCARAVANS,LS1,NORMANDYCARAVANS|LS1,total-exemption-small,2011-03-31,2012-12-31,True,True,29203,False,,,,False,False,22.934976043805612,29203,Industrial,-2,False,active
04711993,SATURN PLUMBING AND HEATING LIMITED,active,ltd,2003-03-26,1 Craftsman Square,Temple Farm Industrial Estate,Southend-On-Sea,SS2 5RH,England,['43220'],SATURNPLUMBINGANDHEATING,SS2,SATURNPLUMBINGANDHEATING|SS2,micro-entity,2025-03-31,2026-12-31,True,False,43220,False,,,,False,False,22.77618069815195,43220,Buildings,-2,False,active
04753235,TIGER SOFTWARE LIMITED,active,ltd,2003-05-06,77-79 Christchurch Road,Ringwood,Hampshire,BH24 1DH,,['61900'],TIGERSOFTWARE,BH24,TIGERSOFTWARE|BH24,dormant,2024-05-31,2026-02-28,True,False,61900,False,,,,False,False,22.663928815879533,61900,Other,-2,False,active
04761653,D MCDERMOTT LTD,active,ltd,2003-05-12,19 Jellicoe Avenue,,Gravesend,DA12 5HU,,['74990'],DMCDERMOTT,DA12,DMCDERMOTT|DA12,dormant,2024-05-31,2026-02-28,True,False,74990,False,,,,False,False,22.647501711156742,74990,Other,-2,False,active
05165261,D&A (2033) LIMITED,active,ltd,2004-06-29,5th Floor 14 Brooks Mews,,London,W1K 4DG,United Kingdom,['99999'],DANDA2033,W1K,DANDA2033|W1K,dormant,2025-03-31,2026-12-31,True,False,99999,False,,,,False,False,21.51403148528405,99999,Other,-2,False,active
05344900,BB CONSTRUCTION (MIDLANDS) LIMITED,active,ltd,2005-01-27,Holbeche House 437 Shirley Road,Acocks Green,Birmingham,B27 7NX,England,['42990'],BBCONSTRUCTIONMIDLANDS,B27,BBCONSTRUCTIONMIDLANDS|B27,micro-entity,2022-01-31,2024-01-31,True,True,42990,False,,,,False,False,20.933607118412045,42990,Buildings,-2,False,active
05445857,BLONDES COFFEE LIMITED,active,ltd,2005-05-06,90 Calvert Lane,,Hull,HU4 6BJ,England,['56102'],BLONDESCOFFEE,HU4,BLONDESCOFFEE|HU4,micro-entity,2024-05-31,2026-02-28,True,False,56102,False,,,,False,False,20.66255989048597,56102,Other,-2,False,active
05582970,BROMLEY CROSS MINI-MART LIMITED,active,ltd,2005-10-04,6th Floor Amp House,Dingwall Road,Croydon,CR0 2LX,United Kingdom,['46170'],BROMLEYCROSSMINIMART,CR0,BROMLEYCROSSMINIMART|CR0,micro-entity,2024-10-31,2026-07-31,True,False,46170,False,,,,False,False,20.249144421629023,46170,Other,-2,False,active
05639677,A S PROPERTIES SERVICES LIMITED,active,ltd,2005-11-29,368 Bradford Road,Stanningley,Pudsey,LS28 7TQ,,['99999'],ASPROPERTIES,LS28,ASPROPERTIES|LS28,dormant,2024-11-30,2026-08-31,True,False,99999,False,,,,False,False,20.095824777549623,99999,Other,-2,False,active
05674119,PRIVATE EYE SERVICE LIMITED,active,ltd,2006-01-12,235 Three Bridges Road,,Crawley,RH10 1LS,England,['63990'],PRIVATEEYESERVICE,RH10,PRIVATEEYESERVICE|RH10,micro-entity,2024-03-31,2025-12-31,True,True,63990,False,,,,False,False,19.975359342915812,63990,Other,-2,False,active
05814960,TITAS DEVELOPMENT LIMITED,active,ltd,2006-05-12,36 Mandeville Road,London,,N14 7NH,,['68209'],TITASDEVELOPMENT,N14,TITASDEVELOPMENT|N14,micro-entity,2024-05-31,2026-02-28,True,False,68209,False,,,,False,False,19.64681724845996,68209,Buildings,-2,False,active
05820532,MOBIUS SERVICES LIMITED,active,ltd,2006-05-17,3 Mountbatten Drive,Ringstead,Kettering,NN14 4TX,England,['70229'],MOBIUS,NN14,MOBIUS|NN14,micro-entity,2025-06-30,2027-03-31,True,False,70229,False,,,,False,False,19.633127994524298,70229,Other,-2,False,active
06019720,RETAIL PROJECT SERVICES (UK) LIMITED,active,ltd,2006-12-05,9 High Street,Stony Stratford,Milton Keynes,MK11 1AA,England,['70229'],RETAILPROJECTSERVICESUK,MK11,RETAILPROJECTSERVICESUK|MK11,micro-entity,2022-12-31,2024-09-30,True,True,70229,False,,,,False,False,19.080082135523615,70229,Other,-2,False,active
06202157,HILOKA LIMITED,active,ltd,2007-04-03,"Alvearium House, Felden Lane",Hemel Hempstead,Hemel Hempstead,HP3 0BA,,['62020'],HILOKA,HP3,HILOKA|HP3,micro-entity,2022-04-30,2024-01-31,True,True,62020,False,,,,False,False,18.754277891854894,62020,Other,-2,False,active
06246158,PRACTICAL CHEMICAL COMPLIANCE EUROPE LIMITED,active,ltd,2007-05-14,5 Deansway,Worcester,,WR1 2JG,,['74909'],PRACTICALCHEMICALCOMPLIANCEEUROPE,WR1,PRACTICALCHEMICALCOMPLIANCEEUROPE|WR1,micro-entity,2024-12-31,2026-09-30,True,False,74909,False,,,,False,False,18.642026009582477,74909,Other,-2,False,active
06246811,MICROCAD ENGINEERING LIMITED,active,ltd,2007-05-14,114 Grimston Road,South Wootton,King's Lynn,PE30 3NS,England,['82990'],MICROCADENGINEERING,PE30,MICROCADENGINEERING|PE30,micro-entity,2024-05-31,2026-02-28,True,False,82990,False,,,,False,False,18.642026009582477,82990,Buildings,-2,False,active
06301719,REECE DEVELOPMENTS LIMITED,active,ltd,2007-07-04,106 Station Road,,Ossett,WF5 0AB,,['41100'],REECEDEVELOPMENTS,WF5,REECEDEVELOPMENTS|WF5,dormant,2024-07-31,2026-04-30,True,False,41100,False,,,,False,False,18.50239561943874,41100,Buildings,-2,False,active
06349836,PROPERTY SEARCH ADVICE LIMITED,active,ltd,2007-08-22,1 Grosvenor House,Melton Road,Oakham,LE15 6AX,,['62090'],PROPERTYSEARCHADVICE,LE15,PROPERTYSEARCHADVICE|LE15,dormant,2024-07-31,2026-04-30,True,False,62090,False,,,,False,False,18.368240930869266,62090,Other,-2,False,active
06583849,ELT ACQUISITIONS LIMITED,active,ltd,2008-05-02,15a Station Road,,Epping,CM16 4HG,England,['63990'],ELTACQUISITIONS,CM16,ELTACQUISITIONS|CM16,micro-entity,2024-05-31,2026-02-28,True,False,63990,False,,,,False,False,17.672826830937716,63990,Other,-2,False,active
06590526,WEST PARK RECRUITMENT LIMITED,active,ltd,2008-05-12,10 Cliff Parade,,Wakefield,WF1 2TA,,['78109'],WESTPARKRECRUITMENT,WF1,WESTPARKRECRUITMENT|WF1,micro-entity,2024-06-30,2026-03-31,True,False,78109,False,,,,False,False,17.645448323066393,78109,Other,-2,False,active
06590976,FORTGUARDSECURITY LTD,active,ltd,2008-05-13,Church House 137 Brent Street,Hendon,London,NW4 4DJ,,['80100'],FORTGUARDSECURITY,NW4,FORTGUARDSECURITY|NW4,micro-entity,2023-05-31,2025-02-28,True,True,80100,False,,,,False,False,17.642710472279262,80100,Other,-2,False,active
06606769,BFA SERVICES LIMITED,active,ltd,2008-05-30,Kemp House,City Road,London,EC1V 2NX,England,['62090'],BFA,EC1V,BFA|EC1V,micro-entity,2022-05-31,2024-02-29,True,True,62090,False,,,,False,False,17.596167008898014,62090,Other,-2,False,active
06621314,DWA DRAFTING LIMITED,active,ltd,2008-06-17,Highland House,Mayflower Close,Chandlers Ford,SO53 4AR,,['71122'],DWADRAFTING,SO53,DWADRAFTING|SO53,total-exemption-small,2014-12-31,2016-09-30,True,True,71122,False,,,,False,False,17.54688569472964,71122,Other,-2,False,active
06658367,TIRROL PROJECTS LIMITED,active,ltd,2008-07-29,Westfield Farm Westgate Hill Street,Tong,Bradford,BD4 0SL,,['99999'],TIRROLPROJECTS,BD4,TIRROLPROJECTS|BD4,total-exemption-small,2011-05-31,2013-02-28,True,True,99999,False,,,,False,False,17.43189596167009,99999,Other,-2,False,active
06664891,SUPER PREMIUM FOODS LIMITED,active,ltd,2008-08-05,7 Bell Yard,,London,WC2A 2JR,England,['47910'],SUPERPREMIUMFOODS,WC2A,SUPERPREMIUMFOODS|WC2A,micro-entity,2024-08-31,2026-05-31,True,False,47910,False,,,,False,False,17.412731006160165,47910,Other,-2,False,active
06664931,FIRTOWN LTD,active,ltd,2008-08-05,23 Park Avenue,,Gateshead,NE11 9QE,England,['43320'],FIRTOWN,NE11,FIRTOWN|NE11,micro-entity,2024-08-31,2026-05-31,True,False,43320,False,,,,False,False,17.412731006160165,43320,Buildings,-2,False,active
06718888,06718888 LIMITED,active,ltd,2008-10-08,Dalton House,1 Hawksworth Street,Ilkley,LS29 9DU,England,['74901'],06718888,LS29,06718888|LS29,dormant,2014-10-31,2016-07-31,True,True,74901,False,,,,False,False,17.23750855578371,74901,Other,-2,False,active
06725417,HIGH RISE RESIDENTIAL LTD,active,ltd,2008-10-16,5 Jupiter House,Calleva Park Aldermaston,Reading,RG7 8NN,,['68320'],HIGHRISERESIDENTIAL,RG7,HIGHRISERESIDENTIAL|RG7,total-exemption-small,2013-10-31,2015-07-31,True,True,68320,False,,,,False,False,17.215605749486652,68320,Buildings,-2,False,active
06743374,ACE AVIATION CONSULTANCY LIMITED,active,ltd,2008-11-06,5 Orchard Gardens,,Teignmouth,TQ14 8DP,,['51210'],ACEAVIATIONCONSULTANCY,TQ14,ACEAVIATIONCONSULTANCY|TQ14,total-exemption-small,2013-11-30,,True,,51210,False,,,,False,False,17.15811088295688,51210,Transport,-2,False,active
06753023,ACCIDENT CARE UK LIMITED,active,ltd,2008-11-19,114 Wheeler Street,Newtown,Birmingham,B19 2HB,,['82990'],ACCIDENTCARE,B19,ACCIDENTCARE|B19,total-exemption-small,2013-11-30,,True,,82990,False,,,,False,False,17.12251882272416,82990,Buildings,-2,False,active
06783514,JP CONSULTANTS (LONDON) LIMITED,active,ltd,2009-01-06,786 Harrow Road,,Wembley,HA0 3EL,,['96090'],JPCONSULTANTSLONDON,HA0,JPCONSULTANTSLONDON|HA0,micro-entity,2019-12-31,2021-09-30,True,True,96090,False,,,,False,False,16.99110198494182,96090,Other,-2,False,active
06827459,06827459 LIMITED,active,ltd,2009-02-23,Office D Beresford House,Town Quay,Southampton,SO14 2AQ,,['33200'],06827459,SO14,06827459|SO14,total-exemption-small,2015-02-28,2016-11-30,True,True,33200,False,,,,False,False,16.859685147159478,33200,Industrial,-2,False,active
06851759,FOOTPRINTS PHOTOGRAPHY LIMITED,active,ltd,2009-03-18,140 Rayne Road,,Braintree,CM7 2QR,England,['74201'],FOOTPRINTSPHOTOGRAPHY,CM7,FOOTPRINTSPHOTOGRAPHY|CM7,micro-entity,2025-03-31,2026-12-31,True,False,74201,False,,,,False,False,16.79671457905544,74201,Other,-2,False,active
06890481,LLAWNROC PARKING SERVICES LTD,active,ltd,2009-04-28,58 Mellanear Road,,Hayle,TR27 6HF,England,['96090'],LLAWNROCPARKING,TR27,LLAWNROCPARKING|TR27,micro-entity,2022-05-31,2024-02-29,True,True,96090,False,,,,False,False,16.684462696783026,96090,Other,-2,False,active
06895134,AD SECOND HEAVEN LTD,active,ltd,2009-05-05,76 Brocket Way,Chigwell,London,IG7 4ES,,['46420'],ADSECONDHEAVEN,IG7,ADSECONDHEAVEN|IG7,total-exemption-small,2014-03-31,,True,,46420,False,,,,False,False,16.6652977412731,46420,Other,-2,False,active
06904983,LYPHIOS LIMITED,active,ltd,2009-05-13,6 Valley Road,Erith,Kent,DA8 1BT,,['86900'],LYPHIOS,DA8,LYPHIOS|DA8,micro-entity,2024-03-31,2025-12-31,True,True,86900,False,,,,False,False,16.643394934976044,86900,Other,-2,False,active
06911978,06911978 LIMITED,active,ltd,2009-05-20,Unit 4 Hadleigh Bus Ctre,"351 London Road, Hadleigh",Benfleet,SS7 2BT,,['93290'],06911978,SS7,06911978|SS7,total-exemption-small,2012-07-31,2014-04-30,True,True,93290,False,,,,False,False,16.62422997946612,93290,Other,-2,False,active
06963470,SOUTHWEST SPRAYERS LTD,active,ltd,2009-07-15,2 Kiel Place,,Plymouth,PL3 6DW,,['43341'],SOUTHWESTSPRAYERS,PL3,SOUTHWESTSPRAYERS|PL3,total-exemption-small,2016-03-31,2017-12-31,True,True,43341,False,,,,False,False,16.470910335386723,43341,Buildings,-2,False,active
06969419,INFINITE GROWTH LIFESTYLE LTD,active,ltd,2009-07-22,The Stables Goblands Farm Business Centre,Cemetery Lane,Hadlow,TN11 0LT,England,['81299'],INFINITEGROWTHLIFESTYLE,TN11,INFINITEGROWTHLIFESTYLE|TN11,micro-entity,2022-06-30,2024-03-31,True,True,81299,False,,,,False,False,16.451745379876797,81299,Buildings,-2,False,active
06992735,NITIN GOYAL LONDON LIMITED,active,ltd,2009-08-17,209 Merton Road,Bank House,London,SW19 1EE,England,['96090'],NITINGOYALLONDON,SW19,NITINGOYALLONDON|SW19,micro-entity,2022-08-31,2024-05-31,True,True,96090,False,,,,False,False,16.380561259411362,96090,Other,-2,False,active
07043595,SIMON BAILEY SURGEON LIMITED,active,ltd,2009-10-15,4th Floor Fitzrovia House,153-157 Cleveland Street,London,W1T 6QW,,['86210'],SIMONBAILEYSURGEON,W1T,SIMONBAILEYSURGEON|W1T,micro-entity,2024-08-31,2026-05-31,True,False,86210,False,,,,False,False,16.21902806297057,86210,Other,-2,False,active
07076590,Z E WILLIAMS COMPANY LTD,active,ltd,2009-11-14,85 Hanover Terrace,,Brighton,BN2 9SP,,['62090'],ZEWILLIAMSCOMPANY,BN2,ZEWILLIAMSCOMPANY|BN2,dormant,2012-11-30,2014-08-31,True,True,62090,False,,,,False,False,16.136892539356605,62090,Other,-2,False,active
07083592,KLAS INTERNATIONAL LIMITED,active,ltd,2009-11-23,C/O React Business Services City Pavilion Cannon Green,27 Bush Lane,London,EC4R 0AA,United Kingdom,['96090'],KLAS,EC4R,KLAS|EC4R,micro-entity,2018-12-31,2020-12-31,True,True,96090,False,,,,False,False,16.112251882272417,96090,Other,-2,False,active
07097873,PHOENIX CLEANING CONTRACTS LIMITED,active,ltd,2009-12-08,142 High Street,,Lee-On-The-Solent,PO13 9DD,England,['96090'],PHOENIXCLEANINGCONTRACTS,PO13,PHOENIXCLEANINGCONTRACTS|PO13,micro-entity,2025-03-31,2026-12-31,True,False,96090,False,,,,False,False,16.071184120465436,96090,Other,-2,False,active
07125640,FIVE STAR FISH IN WAITING LIMITED,active,ltd,2010-01-14,6 Humberston Avenue,Humberston,Grimsby,DN36 4SJ,,['99999'],FIVESTARFISHINWAITING,DN36,FIVESTARFISHINWAITING|DN36,total-exemption-small,2015-01-31,2016-10-31,True,True,99999,False,,,,False,False,15.969883641341546,99999,Other,-2,False,active
07134168,AJH DRIVING SERVICES LIMITED,active,ltd,2010-01-22,Dc Business Centre,10 Charles Wood Road,Dereham,NR19 1SX,,['49410'],AJHDRIVING,NR19,AJHDRIVING|NR19,micro-entity,2023-01-31,2024-10-31,True,True,49410,False,,,,False,False,15.94798083504449,49410,Transport,-2,False,active
07135418,CAPSTONE ACCOUNTANTS LIMITED,active,ltd,2010-01-26,59 North Downs Crescent,New Addington,Croydon,CR0 0LJ,,['74909'],CAPSTONEACCOUNTANTS,CR0,CAPSTONEACCOUNTANTS|CR0,micro-entity,2025-01-31,2026-10-31,True,False,74909,False,,,,False,False,15.937029431895962,74909,Other,-2,False,active
07142845,MMCC PROPERTY LTD,active,ltd,2010-02-02,14 King George Square,,Richmond,TW10 6LG,England,['42990'],MMCCPROPERTY,TW10,MMCCPROPERTY|TW10,micro-entity,2022-06-30,2024-03-31,True,True,42990,False,,,,False,False,15.917864476386036,42990,Buildings,-2,False,active
07147898,HERBS & SPICES LTD,active,ltd,2010-02-05,10 Fatherford Farm,,Okehampton,EX20 1QQ,England,['46380'],HERBSANDSPICES,EX20,HERBSANDSPICES|EX20,micro-entity,2023-08-31,2025-05-31,True,True,46380,False,,,,False,False,15.90965092402464,46380,Other,-2,False,active
07178147,16 X 9 LTD,active,ltd,2010-03-04,Forest Lodge,Forest Road,Pyrford,GU22 8NA,,['59111'],16X9,GU22,16X9|GU22,total-exemption-small,2013-03-31,,True,,59111,False,,,,False,False,15.835728952772074,59111,Other,-2,False,active
07189697,MILLINGTONS SIGNS & GRAPHICS LIMITED,active,ltd,2010-03-15,Kingsnorth House,Blenheim Way,Birmingham,B44 8LS,,['74100'],MILLINGTONSSIGNSANDGRAPHICS,B44,MILLINGTONSSIGNSANDGRAPHICS|B44,micro-entity,2024-12-31,2026-09-30,True,False,74100,False,,,,False,False,15.80561259411362,74100,Other,-2,False,active
07199508,786 SECURITY SERVICES LTD,active,ltd,2010-03-23,105 Howard Avenue,,Slough,SL2 1LB,England,['80100'],786SECURITY,SL2,786SECURITY|SL2,total-exemption-small,2013-03-31,,True,,80100,False,,,,False,False,15.783709787816564,80100,Other,-2,False,active
07229765,MPC INDUSTRIAL COATINGS LIMITED,active,ltd,2010-04-21,7 St John Street,,Mansfield,NG18 1QH,,['82990'],MPCINDUSTRIALCOATINGS,NG18,MPCINDUSTRIALCOATINGS|NG18,micro-entity,2024-04-30,2026-04-30,True,False,82990,False,,,,False,False,15.704312114989733,82990,Buildings,-2,False,active
07233543,TRAFALGAR MEDIA SERVICES LIMITED,active,ltd,2010-04-23,Enterprise House,Harmire Enterprise Park,Barnard Castle,DL12 8XT,England,['58190'],TRAFALGARMEDIA,DL12,TRAFALGARMEDIA|DL12,micro-entity,2024-09-30,2026-06-30,True,False,58190,False,,,,False,False,15.698836413415469,58190,Other,-2,False,active
07233858,J.L.B & PARTNER LTD,active,ltd,2010-04-23,The Wheelhouse The Green,Scriven,Knaresborough,HG5 9EA,England,['70229'],JLBANDPARTNER,HG5,JLBANDPARTNER|HG5,dormant,2025-04-29,2027-01-29,True,False,70229,False,,,,False,False,15.698836413415469,70229,Other,-2,False,active
07237392,STRONE SUPPORTED LIVING LTD,active,ltd,2010-04-28,376 Strone Road,Manor Park,London,E12 6TN,,['87900'],STRONESUPPORTEDLIVING,E12,STRONESUPPORTEDLIVING|E12,micro-entity,2021-03-31,2022-12-31,True,True,87900,False,,,,False,False,15.685147159479808,87900,Other,-2,False,active
07246801,DIFFERENT PLANET TRAVEL LIMITED,active,ltd,2010-05-07,8 Hemmells,,Basildon,SS15 6ED,England,['79110'],DIFFERENTPLANETTRAVEL,SS15,DIFFERENTPLANETTRAVEL|SS15,micro-entity,2025-05-31,2027-02-28,True,False,79110,False,,,,False,False,15.66050650239562,79110,Other,-2,False,active
07247456,CONSILLIUM LIMITED,active,ltd,2010-05-10,Annandale 224 London Road,Charlton Kings,Cheltenham,GL52 6HW,,['69102'],CONSILLIUM,GL52,CONSILLIUM|GL52,dormant,2024-05-31,2026-02-28,True,False,69102,False,,,,False,False,15.652292950034223,69102,Other,-2,False,active
07301177,BOWMEOWS LIMITED,active,ltd,2010-07-01,8a Hill Hook Road,,Sutton Coldfield,B74 4EF,England,['47910'],BOWMEOWS,B74,BOWMEOWS|B74,dormant,2024-07-31,2026-04-30,True,False,47910,False,,,,False,False,15.509924709103354,47910,Other,-2,False,active
07338298,OFF YOUR CAKE LTD,active,ltd,2010-08-06,"151 Utting Avenue ,Anfield Utting Avenue",Anfield,Liverpool,L4 8SX,England,['10710'],OFFYOURCAKE,L4,OFFYOURCAKE|L4,micro-entity,2024-08-31,2026-05-31,True,False,10710,False,,,,False,False,15.411362080766597,10710,Industrial,-2,False,active
07352972,PETER HUFFER DAIRIES LTD,active,ltd,2010-08-23,C/O Approved Accounting Ltd,36 Fifth Avenue,Havant,PO9 2PL,England,['47990'],PETERHUFFERDAIRIES,PO9,PETERHUFFERDAIRIES|PO9,micro-entity,2018-12-31,2020-12-31,True,True,47990,False,,,,False,False,15.364818617385353,47990,Other,-2,False,active
07394408,FONE TECH SOLUTIONS LIMITED,active,ltd,2010-10-01,38a Argyle Road,,Ilford,IG1 3BG,,['47890'],FONETECHSOLUTIONS,IG1,FONETECHSOLUTIONS|IG1,micro-entity,2017-11-30,2019-08-31,True,True,47890,False,,,,False,False,15.2580424366872,47890,Other,-2,False,active
07411304,EDEN LONDON LIFT SUPERVISORS LTD,active,ltd,2010-10-18,Adams & Moore House,Instone Road,Dartford,DA1 2AG,England,['49410'],EDENLONDONLIFTSUPERVISORS,DA1,EDENLONDONLIFTSUPERVISORS|DA1,total-exemption-small,2012-10-31,2014-07-31,True,True,49410,False,,,,False,False,15.211498973305956,49410,Transport,-2,False,active
07416184,HAMMOSH UK LIMITED,active,ltd,2010-10-22,"Flat 7 Howick Mansion, 831 Woolwich Road","Flat 7 Howick  Mansion, 831woolwich Road",London,SE7 8LL,,['62020'],HAMMOSH,SE7,HAMMOSH|SE7,micro-entity,2022-10-31,2024-07-31,True,True,62020,False,,,,False,False,15.200547570157427,62020,Other,-2,False,active
07458451,SIMPLY TRANSLATION LIMITED,active,ltd,2010-12-02,Harscombe House,1 Darklake View,Plymouth,PL6 7TL,,['74300'],SIMPLYTRANSLATION,PL6,SIMPLYTRANSLATION|PL6,micro-entity,2025-03-31,2026-12-31,True,False,74300,False,,,,False,False,15.08829568788501,74300,Other,-2,False,active
07478076,INNOVATION MARKETING LIMITED,active,ltd,2010-12-23,62-66 Deansgate,,Manchester,M3 2EN,England,['70229'],INNOVATIONMARKETING,M3,INNOVATIONMARKETING|M3,micro-entity,2022-05-31,2024-02-29,True,True,70229,False,,,,False,False,15.030800821355236,70229,Other,-2,False,active
07479824,FUNCTION1 LIMITED,active,ltd,2010-12-30,18 Valentine Road,Bishops Cleeve,Cheltenham,GL52 8FU,England,['62020'],FUNCTION1,GL52,FUNCTION1|GL52,dormant,2024-12-31,2026-09-30,True,False,62020,False,,,,False,False,15.011635865845312,62020,Other,-2,False,active
07501137,THE OPERATIONS HUB LTD,active,ltd,2011-01-21,Century House Old Mill Place,Tattenhall,Chester,CH3 9RJ,England,['62020'],THEOPERATIONSHUB,CH3,THEOPERATIONSHUB|CH3,micro-entity,2022-05-31,2024-02-29,True,True,62020,False,,,,False,False,14.951403148528405,62020,Other,-2,False,active
07556484,LUK2000 LTD,active,ltd,2011-03-08,30 Queensway,Burton Latimer,Kettering,NN15 5QW,England,['52219'],LUK2000,NN15,LUK2000|NN15,micro-entity,2025-03-31,2026-12-31,True,False,52219,False,,,,False,False,14.825462012320328,52219,Transport,-2,False,active
07589782,A BRIDGE LEISURE LIMITED,active,ltd,2011-04-04,Millstone Inn 52 Harvey Lane,Golborne,Warrington,WA3 3RS,,['56302'],ABRIDGELEISURE,WA3,ABRIDGELEISURE|WA3,total-exemption-small,2014-04-30,,True,,56302,False,,,,False,False,14.751540041067761,56302,Other,-2,False,active
07591282,B & M INTERIORS LIMITED,active,ltd,2011-04-05,61 Lower Street,,Wolverhampton,WV6 9LW,England,['43341'],BANDMINTERIORS,WV6,BANDMINTERIORS|WV6,micro-entity,2022-04-30,2024-01-31,True,True,43341,False,,,,False,False,14.74880219028063,43341,Buildings,-2,False,active
07617209,N EVANS DRIVER SERVICES LTD,active,ltd,2011-04-28,Centurion House The Point Business Park,Weaver Road,Lincoln,LN6 3QN,England,['49410'],NEVANSDRIVER,LN6,NEVANSDRIVER|LN6,total-exemption-small,2013-04-30,2015-01-31,True,True,49410,False,,,,False,False,14.685831622176591,49410,Transport,-2,False,active
07619481,DCP SOLUTIONS LIMITED,active,ltd,2011-05-03,Bts House 73 Manor Road,"Suite 1a, 1st Floor",Wallington,SM6 0DD,England,['43290'],DCPSOLUTIONS,SM6,DCPSOLUTIONS|SM6,micro-entity,2025-03-31,2026-12-31,True,False,43290,False,,,,False,False,14.67214236824093,43290,Buildings,-2,False,active
07627501,PERZONIFY LTD,active,ltd,2011-05-09,2 Gordon House,12 Guilford Street,London,WC1N 1DT,,['99999'],PERZONIFY,WC1N,PERZONIFY|WC1N,dormant,2024-05-31,2026-02-28,True,False,99999,False,,,,False,False,14.655715263518138,99999,Other,-2,False,active
07628450,REMARKABLE TUTORING LTD,active,ltd,2011-05-10,27a Bancroft,,Hitchin,SG5 1JW,,['85600'],REMARKABLETUTORING,SG5,REMARKABLETUTORING|SG5,micro-entity,2025-07-31,2027-04-30,True,False,85600,False,,,,False,False,14.652977412731007,85600,Other,-2,False,active
07632457,PRESTIGE VEHICLE MOVEMENTS LTD,active,ltd,2011-05-12,Wyndham,St Hilary's Road,Llandudno,LL30 1PU,,['49410'],PRESTIGEVEHICLEMOVEMENTS,LL30,PRESTIGEVEHICLEMOVEMENTS|LL30,micro-entity,2024-05-31,2026-02-28,True,False,49410,False,,,,False,False,14.647501711156742,49410,Transport,-2,False,active
07639015,COLE DECORATORS LIMITED,active,ltd,2011-05-18,C/O Rodliffe Accounting Ltd 1 Canada Square 37th Floor,Canary Wharf,London,E14 5AA,England,['43390'],COLEDECORATORS,E14,COLEDECORATORS|E14,micro-entity,2022-05-31,2024-02-29,True,True,43390,False,,,,False,False,14.63107460643395,43390,Buildings,-2,False,active
07740842,DECOUPLE LIMITED,active,ltd,2011-08-15,Ashlea Merrybank Lane,Huby,Leeds,LS17 0EW,,['70229'],DECOUPLE,LS17,DECOUPLE|LS17,micro-entity,2024-08-31,2026-05-31,True,False,70229,False,,,,False,False,14.387405886379192,70229,Other,-2,False,active
07763002,BEX &CO LTD,active,ltd,2011-09-05,55 Clovelly Way,55 Clovelly Way Commercial Road,London,E1 0SF,United Kingdom,['84110'],BEXANDCO,E1,BEXANDCO|E1,dormant,2012-09-30,2014-07-03,True,True,84110,False,,,,False,False,14.329911019849419,84110,Other,-2,False,active
07766262,JONATHAN VINING LIMITED,active,ltd,2011-09-07,Elfed House Oak Tree Court,Cardiff Gate Business Park,Cardiff,CF23 8RS,,['99999'],JONATHANVINING,CF23,JONATHANVINING|CF23,dormant,2024-09-30,2026-06-30,True,False,99999,False,,,,False,False,14.324435318275153,99999,Other,-2,False,active
07831485,VORA DESIGN & ANALYSIS LIMITED,active,ltd,2011-11-01,White Gables,Coventry Road,Rugby,CV22 7RY,England,['82990'],VORADESIGNANDANALYSIS,CV22,VORADESIGNANDANALYSIS|CV22,micro-entity,2024-08-31,2026-05-31,True,False,82990,False,,,,False,False,14.173853524982889,82990,Buildings,-2,False,active
07891312,FAST FOODS LDN LTD,active,ltd,2011-12-23,Alpha House,296 Kenton Road,Harrow,HA3 8DD,England,['56101'],FASTFOODSLDN,HA3,FASTFOODSLDN|HA3,micro-entity,2023-10-31,2025-07-31,True,True,56101,False,,,,False,False,14.03148528405202,56101,Other,-2,False,active
07902048,RAMSAR CARE LIMITED,active,ltd,2012-01-09,43 Longships Way,,Reading,RG2 0FZ,,['86900'],RAMSARCARE,RG2,RAMSARCARE|RG2,micro-entity,2022-01-31,2023-10-31,True,True,86900,False,,,,False,False,13.984941820670773,86900,Other,-2,False,active
07911039,TREE FROG DIGITAL LIMITED,active,ltd,2012-01-16,44 Woodall Avenue,Saltney,Chester,CH4 8LR,Wales,['62020'],TREEFROGDIGITAL,CH4,TREEFROGDIGITAL|CH4,micro-entity,2023-01-31,2024-10-31,True,True,62020,False,,,,False,False,13.96577686516085,62020,Other,-2,False,active
07929667,CROYDON LODGE HOTEL LIMITED,active,ltd,2012-01-31,"Suite 3, Exhibition House",Addison Bridge Place,London,W14 8XP,England,['55100'],CROYDONLODGEHOTEL,W14,CROYDONLODGEHOTEL|W14,micro-entity,2024-03-31,2026-03-31,True,False,55100,False,,,,False,False,13.924709103353868,55100,Other,-2,False,active
07960196,CLERKENWELLS (2012) LTD,active,ltd,2012-02-22,11 Portpool Lane,,London,EC1N 7UJ,England,['96020'],CLERKENWELLS2012,EC1N,CLERKENWELLS2012|EC1N,micro-entity,2019-07-31,2021-04-30,True,True,96020,False,,,,False,False,13.86447638603696,96020,Other,-2,False,active
08048807,LJ INC LTD,active,ltd,2012-04-27,2nd Floor Capitol House,662 London Road,Sutton,SM3 9BY,,['88990'],LJINC,SM3,LJINC|SM3,dormant,2022-04-30,2024-01-31,True,True,88990,False,,,,False,False,13.686516084873375,88990,Other,-2,False,active
08056115,ACR HEATING SOLUTIONS LTD,active,ltd,2012-05-03,White Gables Fosse Way,Hunningham,Leamington Spa,CV33 9EG,England,['43220'],ACRHEATINGSOLUTIONS,CV33,ACRHEATINGSOLUTIONS|CV33,micro-entity,2024-05-31,2026-02-28,True,False,43220,False,,,,False,False,13.670088980150581,43220,Buildings,-2,False,active
08062904,L A COUNSELLING LTD,active,ltd,2012-05-09,76c Davyhulme Road Davyhulme Road,Urmston,Manchester,M41 7DN,England,['82990'],LACOUNSELLING,M41,LACOUNSELLING|M41,micro-entity,2024-05-31,2026-02-28,True,False,82990,False,,,,False,False,13.653661875427789,82990,Buildings,-2,False,active
08084372,HARVEST PARTS LIMITED,active,ltd,2012-05-25,Crofton Hall Farm,Thursby,Carlisle,CA5 6QB,,['46610'],HARVESTPARTS,CA5,HARVESTPARTS|CA5,micro-entity,2024-04-30,2026-01-31,True,False,46610,False,,,,False,False,13.609856262833675,46610,Other,-2,False,active
08127455,N&M PARADISE LTD,active,ltd,2012-07-03,108 Bentley Road,,Hertford,SG14 2HL,England,['38110'],NANDMPARADISE,SG14,NANDMPARADISE|SG14,micro-entity,2022-07-31,2024-04-30,True,True,38110,False,,,,False,False,13.503080082135524,38110,Industrial,-2,False,active
08133192,ARCHVIEW PROPERTIES LIMITED,active,ltd,2012-07-06,Docklands Business Centre Suite 12/3d,"10-16 Tiller Road, Docklands",London,E14 8PX,England,['41202'],ARCHVIEWPROPERTIES,E14,ARCHVIEWPROPERTIES|E14,dormant,2025-04-30,2027-01-31,True,False,41202,False,,,,False,False,13.494866529774127,41202,Buildings,-2,False,active
08197469,SEXY EVE LIMITED,active,ltd,2012-08-31,24 Archer Square Archer Square,,London,SE14 6EX,England,['47910'],SEXYEVE,SE14,SEXYEVE|SE14,dormant,2024-08-31,2026-05-31,True,False,47910,False,,,,False,False,13.34154688569473,47910,Other,-2,False,active
08238590,EVALAST HOME IMPROVEMENTS LIMITED,active,ltd,2012-10-03,Evalast House,Hindpool Road,Barrow-In-Furness,LA14 2ND,England,['25120'],EVALASTHOMEIMPROVEMENTS,LA14,EVALASTHOMEIMPROVEMENTS|LA14,micro-entity,2022-12-31,2024-09-30,True,True,25120,False,,,,False,False,13.25119780971937,25120,Industrial,-2,False,active
08287345,MUSKAAN BEAUTY LTD,active,ltd,2012-11-09,15 Victoria Shopping Centre,,Harrogate,HG1 1AE,England,['96020'],MUSKAANBEAUTY,HG1,MUSKAANBEAUTY|HG1,micro-entity,2025-03-31,2026-12-31,True,False,96020,False,,,,False,False,13.149897330595483,96020,Other,-2,False,active
08323450,RACEHORSE FARRIERY LIMITED,active,ltd,2012-12-10,Unit 12 Westway Business Centre,Marksbury,Bath,BA2 9HN,United Kingdom,['01621'],RACEHORSEFARRIERY,BA2,RACEHORSEFARRIERY|BA2,micro-entity,2021-12-31,2023-09-30,True,True,01621,False,,,,False,False,13.065023956194388,01621,Other,-2,False,active
08365329,STEELTEK LTD,active,ltd,2013-01-17,58 Rough Brook Road,Rushall,Walsall,WS4 1EW,England,['25110'],STEELTEK,WS4,STEELTEK|WS4,dormant,2024-01-31,2025-10-31,True,True,25110,False,,,,False,False,12.960985626283367,25110,Industrial,-2,False,active
08378726,KEITH FLINTOFT SURVEYORS LTD,active,ltd,2013-01-29,First Floor Offices,40 Norwood,Beverley,HU17 9EY,England,['74100'],KEITHFLINTOFTSURVEYORS,HU17,KEITHFLINTOFTSURVEYORS|HU17,micro-entity,2024-03-31,2025-12-31,True,True,74100,False,,,,False,False,12.928131416837783,74100,Other,-2,False,active
08399294,HANDY STORES MINI MARKET LTD,active,ltd,2013-02-12,Handy Stores Mini Market Goldhill West,Chalfont St.Peter,Gerard's Cross,SL9 9HN,,['47110'],HANDYSTORESMINIMARKET,SL9,HANDYSTORESMINIMARKET|SL9,micro-entity,2023-07-31,2025-04-30,True,True,47110,False,,,,False,False,12.889801505817934,47110,Other,-2,False,active
08477987,F5CS LTD,active,ltd,2013-04-08,2 Westglade Court,,Harrow,HA3 0XQ,United Kingdom,['47410'],F5CS,HA3,F5CS|HA3,micro-entity,2024-04-30,2026-01-31,True,False,47410,False,,,,False,False,12.739219712525667,47410,Other,-2,False,active
08487130,DAVENPORT SALONS LTD,active,ltd,2013-04-12,65 Street End Road,,Chatham,ME5 0BG,,['96020'],DAVENPORTSALONS,ME5,DAVENPORTSALONS|ME5,micro-entity,2022-03-31,2024-02-23,True,True,96020,False,,,,False,False,12.728268309377139,96020,Other,-2,False,active
08489582,DLP TRAINING LTD,active,ltd,2013-04-15,27 St. Cuthberts Street,,Bedford,MK40 3JG,England,['96090'],DLPTRAINING,MK40,DLPTRAINING|MK40,micro-entity,2023-04-30,2025-01-31,True,True,96090,False,,,,False,False,12.720054757015742,96090,Other,-2,False,active
08495642,SLC (UK) LIMITED,active,ltd,2013-04-19,Mawtec House 12 New Street,Mawdesley,Ormskirk,L40 2QP,England,['46130'],SLCUK,L40,SLCUK|L40,micro-entity,2022-04-30,2024-01-31,True,True,46130,False,,,,False,False,12.709103353867214,46130,Other,-2,False,active
08502081,TAYLOR & ASSOCIATES (LONDON) LTD,active,ltd,2013-04-24,Riverbank House,1 Putney Bridge Approach,Fulham,SW6 3JD,,['70229'],TAYLORANDASSOCIATESLONDON,SW6,TAYLORANDASSOCIATESLONDON|SW6,micro-entity,2023-04-30,2025-01-31,True,True,70229,False,,,,False,False,12.695414099931554,70229,Other,-2,False,active
08505808,JETS4UDIRECT LIMITED,active,ltd,2013-04-26,12 Clarendon Place,Clarendon Place,Leamington Spa,CV32 5QR,,['46140'],JETS4UDIRECT,CV32,JETS4UDIRECT|CV32,dormant,2023-04-30,2025-01-31,True,True,46140,False,,,,False,False,12.68993839835729,46140,Other,-2,False,active
08512117,DYNAMIC COOLING SOLUTIONS LIMITED,active,ltd,2013-05-01,26 Briar Road,,Leicester,LE5 2HA,,['43220'],DYNAMICCOOLINGSOLUTIONS,LE5,DYNAMICCOOLINGSOLUTIONS|LE5,micro-entity,2022-05-31,2024-02-29,True,True,43220,False,,,,False,False,12.676249144421629,43220,Buildings,-2,False,active
08514974,WEST END GARAGE (WOLSINGHAM) LTD,active,ltd,2013-05-02,3 Hope Street House,Hope Street,Crook,DL15 9HU,England,['45200'],WESTENDGARAGEWOLSINGHAM,DL15,WESTENDGARAGEWOLSINGHAM|DL15,micro-entity,2025-05-31,2027-02-28,True,False,45200,False,,,,False,False,12.673511293634498,45200,Other,-2,False,active
08516305,UPO'S FISH BAR (WOODVILLE) LIMITED,active,ltd,2013-05-03,91 Soho Hill,,Birmingham,B19 1AY,,['56103'],UPOSFISHBARWOODVILLE,B19,UPOSFISHBARWOODVILLE|B19,micro-entity,2022-05-31,2024-02-29,True,True,56103,False,,,,False,False,12.670773442847365,56103,Other,-2,False,active
08517586,PISCIANAQUA LTD,active,ltd,2013-05-07,39 Leys Road Leys Road,Bennetts End,Hemel Hempstead,HP3 9LX,England,['14132'],PISCIANAQUA,HP3,PISCIANAQUA|HP3,dormant,2022-05-31,2024-02-29,True,True,14132,False,,,,False,False,12.659822039698836,14132,Industrial,-2,False,active
08522524,UNI CYCLES (MIDLANDS) LIMITED,active,ltd,2013-05-09,Office 3 Ashby House,105 Ashby Road,Loughborough,LE11 3AB,United Kingdom,['47640'],UNICYCLESMIDLANDS,LE11,UNICYCLESMIDLANDS|LE11,micro-entity,2025-05-31,2027-02-28,True,False,47640,False,,,,False,False,12.654346338124572,47640,Other,-2,False,active
08524473,MYA EVENTS LIMITED,active,ltd,2013-05-10,212 Jubilee Street,,London,E1 3BS,,['96090'],MYAEVENTS,E1,MYAEVENTS|E1,dormant,2023-05-31,2025-02-28,True,True,96090,False,,,,False,False,12.65160848733744,96090,Other,-2,False,active
08535879,PROJECTLINE CONSULTING LIMITED,active,ltd,2013-05-20,3 Piccadilly Place,,Manchester,M1 3BN,United Kingdom,['74909'],PROJECTLINECONSULTING,M1,PROJECTLINECONSULTING|M1,micro-entity,2022-05-31,2024-02-29,True,True,74909,False,,,,False,False,12.624229979466119,74909,Other,-2,False,active
08536436,JUST HEALTH LIMITED,active,ltd,2013-05-20,"First Floor, Cql House Alington Road",Little Barford,St. Neots,PE19 6YH,England,['86900'],JUSTHEALTH,PE19,JUSTHEALTH|PE19,micro-entity,2022-05-31,2024-02-29,True,True,86900,False,,,,False,False,12.624229979466119,86900,Other,-2,False,active
08550396,ULOT LTD,active,ltd,2013-05-30,256 Wricklemarsh Road,,London,SE3 8DW,England,['70229'],ULOT,SE3,ULOT|SE3,micro-entity,2023-05-31,2025-02-28,True,True,70229,False,,,,False,False,12.596851471594798,70229,Other,-2,False,active
08552167,EUROPEAN COMMS LIMITED,active,ltd,2013-05-31,3 Vicarage Road,Urmston,Manchester,M41 5TP,,['61200'],EUROPEANCOMMS,M41,EUROPEANCOMMS|M41,dormant,2024-05-31,2026-02-28,True,False,61200,False,,,,False,False,12.594113620807667,61200,Other,-2,False,active
08584305,VICKY EASTON CONSULTING LIMITED,active,ltd,2013-06-25,58 Kelham Hall Drive,Wheatley,Oxford,OX33 1YB,,['82990'],VICKYEASTONCONSULTING,OX33,VICKYEASTONCONSULTING|OX33,micro-entity,2023-06-30,2025-03-31,True,True,82990,False,,,,False,False,12.525667351129364,82990,Buildings,-2,False,active
08630754,FINISHING TOUCHES ETC LIMITED,active,ltd,2013-07-30,4 Murtwell Drive,,Chigwell,IG7 5ED,,['96090'],FINISHINGTOUCHESETC,IG7,FINISHINGTOUCHESETC|IG7,dormant,2024-07-31,2026-04-30,True,False,96090,False,,,,False,False,12.429842573579739,96090,Other,-2,False,active
08646533,DIASPORA FREIGHT SERVICES LTD,active,ltd,2013-08-12,248 Countess Way,Broughton,Milton Keynes,MK10 7EW,England,['49410'],DIASPORAFREIGHT,MK10,DIASPORAFREIGHT|MK10,micro-entity,2021-08-31,2023-05-31,True,True,49410,False,,,,False,False,12.394250513347023,49410,Transport,-2,False,active
08668108,P&P BUILD LTD,active,ltd,2013-08-29,63 Loveridge Road,,London,NW6 2DR,United Kingdom,['43999'],PANDPBUILD,NW6,PANDPBUILD|NW6,micro-entity,2024-08-31,2026-05-31,True,False,43999,False,,,,False,False,12.347707049965777,43999,Buildings,-2,False,active
08682708,PURE PARTY LTD,active,ltd,2013-09-09,12 Saltergate,,Chesterfield,S40 1UT,England,['47789'],PUREPARTY,S40,PUREPARTY|S40,micro-entity,2022-10-31,2024-07-31,True,True,47789,False,,,,False,False,12.317590691307323,47789,Other,-2,False,active
08744137,ASCENTCO CATERING AND EVENT MANAGEMENT SERVICES LTD,active,ltd,2013-10-22,109 Coleman Road,,Leicester,LE5 4LE,United Kingdom,['56210'],ASCENTCOCATERINGANDEVENTMANAGEMENT,LE5,ASCENTCOCATERINGANDEVENTMANAGEMENT|LE5,micro-entity,2024-04-30,2026-01-31,True,False,56210,False,,,,False,False,12.199863107460644,56210,Other,-2,False,active
08755535,ACORN UK YORKSHIRE LTD,active,ltd,2013-10-31,2 North Queen Street,,Keighley,BD21 3DL,England,['35140'],ACORNUKYORKSHIRE,BD21,ACORNUKYORKSHIRE|BD21,micro-entity,2024-10-31,2026-07-31,True,False,35140,False,,,,False,False,12.175222450376454,35140,Industrial,-2,False,active
08776719,NISA ENGINEERING LIMITED,active,ltd,2013-11-15,5 Moorcroft Lane,,Aylesbury,HP18 0UR,England,['42990'],NISAENGINEERING,HP18,NISAENGINEERING|HP18,dormant,2022-11-30,2024-08-31,True,True,42990,False,,,,False,False,12.134154688569472,42990,Buildings,-2,False,active
08781218,G3 DIGITAL LTD,active,ltd,2013-11-19,Unit 3 Carlisle House,Goole Business Centre Carlisle Street,Goole,DN14 5DS,,['74100'],G3DIGITAL,DN14,G3DIGITAL|DN14,micro-entity,2024-12-01,2026-09-01,True,False,74100,False,,,,False,False,12.123203285420944,74100,Other,-2,False,active
08797641,EDU VARSITY LTD,active,ltd,2013-12-02,102 Hall Road,,London,E6 2ND,England,['85600'],EDUVARSITY,E6,EDUVARSITY|E6,micro-entity,2023-12-31,2025-09-30,True,True,85600,False,,,,False,False,12.087611225188228,85600,Other,-2,False,active
08811800,GROVEMORE DEVELOPMENTS LIMITED,active,ltd,2013-12-12,55 Abbeystead Road,,Liverpool,L15 7JE,England,['68100'],GROVEMOREDEVELOPMENTS,L15,GROVEMOREDEVELOPMENTS|L15,micro-entity,2022-12-31,2024-12-31,True,True,68100,False,,,,False,False,12.060232717316905,68100,Buildings,-2,False,active
08833546,RAVULA IT AND MGT CONSULTANCY LIMITED,active,ltd,2014-01-06,161 Bristol Road,,Gloucester,GL1 5TG,England,['62020'],RAVULAITANDMGTCONSULTANCY,GL1,RAVULAITANDMGTCONSULTANCY|GL1,micro-entity,2024-01-31,2025-10-31,True,True,62020,False,,,,False,False,11.991786447638603,62020,Other,-2,False,active
08887648,BRYXDENE ENTERPRISES LIMITED,active,ltd,2014-02-12,48-52 Penny Lane,,Liverpool,L18 1DG,,['70229'],BRYXDENEENTERPRISES,L18,BRYXDENEENTERPRISES|L18,micro-entity,2022-02-28,2024-02-29,True,True,70229,False,,,,False,False,11.890485968514716,70229,Other,-2,False,active
08893922,BEAGLE PUB CO LTD,active,ltd,2014-02-13,12 New Broadway,Tarring Rd,Worthing,BN11 4HP,,['56302'],BEAGLEPUBCO,BN11,BEAGLEPUBCO|BN11,micro-entity,2022-12-31,2024-09-30,True,True,56302,False,,,,False,False,11.887748117727584,56302,Other,-2,False,active
08912893,HAASTRUP FINANCIAL SERVICES LIMITED,active,ltd,2014-02-26,21a Eldon Avenue,,Borehamwood,WD6 1NL,England,['69201'],HAASTRUPFINANCIAL,WD6,HAASTRUPFINANCIAL|WD6,micro-entity,2025-02-28,2026-11-30,True,False,69201,False,,,,False,False,11.852156057494867,69201,Other,-2,False,active
08914760,THE VIEW (ST IVES) MANAGEMENT COMPANY LIMITED,active,ltd,2014-02-27,26 Daniell House Falmouth Road,,Truro,TR1 2HX,England,['98000'],THEVIEWSTIVESMANAGEMENTCOMPANY,TR1,THEVIEWSTIVESMANAGEMENTCOMPANY|TR1,dormant,2025-02-28,2026-11-30,True,False,98000,False,,,,False,False,11.849418206707734,98000,Other,-2,False,active
08940635,BECKETT LANE LIMITED,active,ltd,2014-03-14,3 Martyns Avenue,Seven Sisters,Neath,SA10 9DP,,['69201'],BECKETTLANE,SA10,BECKETTLANE|SA10,micro-entity,2022-04-30,2024-01-31,True,True,69201,False,,,,False,False,11.808350444900753,69201,Other,-2,False,active
08958319,COLLEGE ORIENTAL LIMITED,active,ltd,2014-03-25,Queenies Pantry,London Apprentice,St. Austell,PL26 7AR,England,['99999'],COLLEGEORIENTAL,PL26,COLLEGEORIENTAL|PL26,dormant,2022-03-31,2024-03-31,True,True,99999,False,,,,False,False,11.7782340862423,99999,Other,-2,False,active
08986756,VOKES CONSTRUCTION LIMITED,active,ltd,2014-04-08,1 Langley Pond Farm School Road,Barkham,Wokingham,RG41 4TN,England,['43120'],VOKESCONSTRUCTION,RG41,VOKESCONSTRUCTION|RG41,micro-entity,2022-03-31,2023-12-31,True,True,43120,False,,,,False,False,11.739904175222451,43120,Buildings,-2,False,active
08987611,INFINITY TANNING LIMITED,active,ltd,2014-04-09,80 Ashton Road,Denton,Manchester,M34 3JF,England,['47750'],INFINITYTANNING,M34,INFINITYTANNING|M34,micro-entity,2023-04-30,2025-01-31,True,True,47750,False,,,,False,False,11.737166324435318,47750,Other,-2,False,active
08989288,DOMAIN DATA SOLUTIONS LIMITED,active,ltd,2014-04-10,36 St. James Way,,Sidcup,DA14 5ER,England,['62090'],DOMAINDATASOLUTIONS,DA14,DOMAINDATASOLUTIONS|DA14,micro-entity,2022-04-30,2024-01-31,True,True,62090,False,,,,False,False,11.734428473648187,62090,Other,-2,False,active
09018436,OSBISTON ELECTRICAL SERVICES LIMITED,active,ltd,2014-04-30,Five Ways,57/59 Hatfield Road,Potters Bar,EN6 1HS,,['43210'],OSBISTONELECTRICAL,EN6,OSBISTONELECTRICAL|EN6,micro-entity,2025-04-30,2027-01-31,True,False,43210,False,,,,False,False,11.679671457905544,43210,Buildings,-2,False,active
09018582,ABBEYSTONE FREEHOLD INVESTMENT LIMITED,active,ltd,2014-04-30,Maulak Chambers The Centre,High Street,Halstead,CO9 2AJ,England,['68320'],ABBEYSTONEFREEHOLDINVESTMENT,CO9,ABBEYSTONEFREEHOLDINVESTMENT|CO9,micro-entity,2024-04-30,2026-01-31,True,False,68320,False,,,,False,False,11.679671457905544,68320,Buildings,-2,False,active
09030984,TEAMPROTECT SERVICES LIMITED,active,ltd,2014-05-08,"Flat 38, Edwin House",Wentworth Crescent,London,SE15 5UD,,['82990'],TEAMPROTECT,SE15,TEAMPROTECT|SE15,micro-entity,2024-05-31,2026-02-28,True,False,82990,False,,,,False,False,11.657768651608487,82990,Buildings,-2,False,active
09031053,P J BINGHAM & CO LTD,active,ltd,2014-05-08,Wellesley House Duke Of Wellington Avenue,Royal Arsenal,Woolwich,SE18 6SS,,['82990'],PJBINGHAMANDCO,SE18,PJBINGHAMANDCO|SE18,micro-entity,2025-03-31,2026-12-31,True,False,82990,False,,,,False,False,11.657768651608487,82990,Buildings,-2,False,active
09034397,D.T.WATKINS ELECTRICS LIMITED,active,ltd,2014-05-12,169 High Street,,Barnet,EN5 5SU,England,['43210'],DTWATKINSELECTRICS,EN5,DTWATKINSELECTRICS|EN5,micro-entity,2023-05-31,2025-02-28,True,True,43210,False,,,,False,False,11.646817248459959,43210,Buildings,-2,False,active
09072012,ARLINGTON CONSULTING LIMITED,active,ltd,2014-06-05,483 Green Lanes,,London,N13 4BS,England,['70229'],ARLINGTONCONSULTING,N13,ARLINGTONCONSULTING|N13,micro-entity,2022-06-30,2024-03-31,True,True,70229,False,,,,False,False,11.58110882956879,70229,Other,-2,False,active
09085336,TOMSOP CONSULT LIMITED,active,ltd,2014-06-13,16 Delvins,Basildon,Essex,SS13 1PH,,['41202'],TOMSOPCONSULT,SS13,TOMSOPCONSULT|SS13,micro-entity,2020-06-30,2022-03-31,True,True,41202,False,,,,False,False,11.55920602327173,41202,Buildings,-2,False,active
09100817,TMO SOLUTIONS LIMITED,active,ltd,2014-06-24,18 Meadow Sweet Road,,Rushden,NN10 0GA,England,['69201'],TMOSOLUTIONS,NN10,TMOSOLUTIONS|NN10,micro-entity,2023-06-30,2025-03-31,True,True,69201,False,,,,False,False,11.529089664613279,69201,Other,-2,False,active
09114070,AMIE & GRACIE LIMITED,active,ltd,2014-07-03,10 Holland Close,New Barnet,Barnet,EN5 1DJ,,['47910'],AMIEANDGRACIE,EN5,AMIEANDGRACIE|EN5,micro-entity,2018-07-31,2020-07-31,True,True,47910,False,,,,False,False,11.50444900752909,47910,Other,-2,False,active
09145381,ADVENTURE CHALLENGE LIMITED,active,ltd,2014-07-24,3 Park Villas,,Keswick,CA12 5LQ,England,['93199'],ADVENTURECHALLENGE,CA12,ADVENTURECHALLENGE|CA12,micro-entity,2025-03-31,2026-12-31,True,False,93199,False,,,,False,False,11.446954140999315,93199,Other,-2,False,active
09155390,THELO LTD,active,ltd,2014-07-31,99 Issigonis House Cowley Road,,London,W3 7UN,,['56290'],THELO,W3,THELO|W3,micro-entity,2021-07-31,2023-04-30,True,True,56290,False,,,,False,False,11.427789185489392,56290,Other,-2,False,active
09158559,MW GOLF ACADEMY LTD,active,ltd,2014-08-01,16 The Hazells Abbeymead,,Gloucester,GL4 5WN,,['85510'],MWGOLFACADEMY,GL4,MWGOLFACADEMY|GL4,dormant,2024-08-31,2026-05-31,True,False,85510,False,,,,False,False,11.425051334702259,85510,Other,-2,False,active
09160133,QZK LTD,active,ltd,2014-08-04,43 Overland Crescent,,Bradford,BD10 9TG,England,['66290'],QZK,BD10,QZK|BD10,micro-entity,2021-08-30,2023-08-30,True,True,66290,False,,,,False,False,11.416837782340862,66290,Other,-2,False,active
09166267,LOUISVILLE PATISSERIE LIMITED,active,ltd,2014-08-07,93 Aldwick Road,,Bognor Regis,PO21 2NW,,['47250'],LOUISVILLEPATISSERIE,PO21,LOUISVILLEPATISSERIE|PO21,micro-entity,2024-08-31,2026-05-31,True,False,47250,False,,,,False,False,11.408624229979466,47250,Other,-2,False,active
09200896,RICHARD LAMMING LTD,active,ltd,2014-09-03,Unit 4 Clifford Court,Cooper Way,Carlisle,CA3 0JG,England,['43320'],RICHARDLAMMING,CA3,RICHARDLAMMING|CA3,micro-entity,2022-09-30,2024-06-30,True,True,43320,False,,,,False,False,11.3347022587269,43320,Buildings,-2,False,active
09201808,CAPISCAN LIMITED,active,ltd,2014-09-03,High Lane,Newbiggin On Lune,Kirkby Stephen,CA17 4NY,,['01629'],CAPISCAN,CA17,CAPISCAN|CA17,micro-entity,2024-09-30,2026-06-30,True,False,01629,False,,,,False,False,11.3347022587269,01629,Other,-2,False,active
09210438,CONSULTING QUEST LIMITED,active,ltd,2014-09-09,12 Cliff Street,,Ramsgate,CT11 9HS,,['70229'],CONSULTINGQUEST,CT11,CONSULTINGQUEST|CT11,dormant,2024-09-30,2026-06-30,True,False,70229,False,,,,False,False,11.318275154004107,70229,Other,-2,False,active
09226773,DANNEZ LTD,active,ltd,2014-09-19,1st Floor North Westgate House,The High,Harlow,CM20 1YS,England,['74909'],DANNEZ,CM20,DANNEZ|CM20,micro-entity,2025-03-31,2026-12-31,True,False,74909,False,,,,False,False,11.290896646132786,74909,Other,-2,False,active
09270950,CGA CONSULTING LTD,active,ltd,2014-10-20,6-8 Freeman Street,,Grimsby,DN32 7AA,England,['62020'],CGACONSULTING,DN32,CGACONSULTING|DN32,micro-entity,2023-10-31,2025-07-31,True,True,62020,False,,,,False,False,11.206023271731691,62020,Other,-2,False,active
09317744,DELTA AQUARIUM LIMITED,active,ltd,2014-11-19,First Floor,2 Hampton Court Road,Birmingham,B17 9AE,England,['96090'],DELTAAQUARIUM,B17,DELTAAQUARIUM|B17,micro-entity,2024-11-30,2026-08-24,True,False,96090,False,,,,False,False,11.123887748117728,96090,Other,-2,False,active
09337755,ARGENTO IT SERVICES LTD,active,ltd,2014-12-02,Argento It Services Ltd,2 Ridgeway Close,Lightwater,GU18 5XU,England,['62020'],ARGENTOIT,GU18,ARGENTOIT|GU18,micro-entity,2024-12-31,2026-09-30,True,False,62020,False,,,,False,False,11.08829568788501,62020,Other,-2,False,active
09395446,SIX SPHERES LIMITED,active,ltd,2015-01-19,116 Nina Carroll Way Kettering,,Kettering,,England,['86900'],SIXSPHERES,,SIXSPHERES|,dormant,2024-01-31,2025-10-31,True,True,86900,False,,,,False,False,10.956878850102669,86900,Other,-2,False,active
09404893,ENSEL LIMITED,active,ltd,2015-01-26,11 Broad Street,Staple Hill,Bristol,BS16 5LN,United Kingdom,['56102'],ENSEL,BS16,ENSEL|BS16,micro-entity,2023-01-31,2024-10-31,True,True,56102,False,,,,False,False,10.937713894592745,56102,Other,-2,False,active
09411290,HUGH JAMES CONSULTANCY LIMITED,active,ltd,2015-01-28,85 Great Portland Street,First Floor,London,W1W 7LT,England,['66190'],HUGHJAMESCONSULTANCY,W1W,HUGHJAMESCONSULTANCY|W1W,dormant,2025-01-31,2026-10-31,True,False,66190,False,,,,False,False,10.932238193018481,66190,Other,-2,False,active
09422174,TEL PROJECTS LTD,active,ltd,2015-02-04,74 Saxon Way,Cotgrave,Nottingham,NG12 3NX,England,['43390'],TELPROJECTS,NG12,TELPROJECTS|NG12,micro-entity,2022-02-28,2024-02-29,True,True,43390,False,,,,False,False,10.913073237508556,43390,Buildings,-2,False,active
09422736,KINGS OF CLERKENWELL LIMITED,active,ltd,2015-02-04,Rita Holdings Limited 310 Lakes Innovation Centre,Lakes Road,Braintree,CM7 3AN,United Kingdom,['96020'],KINGSOFCLERKENWELL,CM7,KINGSOFCLERKENWELL|CM7,micro-entity,2023-04-30,2025-01-31,True,True,96020,False,,,,False,False,10.913073237508556,96020,Other,-2,False,active
09430124,NICE WAY LTD,active,ltd,2015-02-09,1st Floor 23 Hessel Street,,London,E1 2LR,England,['96090'],NICEWAY,E1,NICEWAY|E1,micro-entity,2024-12-31,2026-09-30,True,False,96090,False,,,,False,False,10.899383983572895,96090,Other,-2,False,active
09436783,MARIESHE LIMITED,active,ltd,2015-02-12,7 Balm Place,,Leeds,LS11 9PF,England,['86102'],MARIESHE,LS11,MARIESHE|LS11,micro-entity,2022-02-28,2024-02-29,True,True,86102,False,,,,False,False,10.8911704312115,86102,Other,-2,False,active
09438191,QNEKT LTD,active,ltd,2015-02-13,65 Goswell Road,,London,EC1V 7EN,England,['63990'],QNEKT,EC1V,QNEKT|EC1V,micro-entity,2023-02-28,2024-11-30,True,True,63990,False,,,,False,False,10.888432580424366,63990,Other,-2,False,active
09497342,EARPHE LIMITED,active,ltd,2015-03-19,6 Voyagers Close,,London,SE28 8QQ,United Kingdom,['33140'],EARPHE,SE28,EARPHE|SE28,dormant,2023-03-31,2024-12-31,True,True,33140,False,,,,False,False,10.795345653661876,33140,Industrial,-2,False,active
09537466,ST GEORGES REHAB SERVICES LIMITED,active,ltd,2015-04-13,Haslam House,105 Chorley Old Road,Bolton,BL1 3AS,England,['86900'],STGEORGESREHAB,BL1,STGEORGESREHAB|BL1,micro-entity,2025-04-30,2027-01-31,True,False,86900,False,,,,False,False,10.726899383983573,86900,Other,-2,False,active
09545875,THE ORIGINAL BURSCOUGH AQUATICS STORE LIMITED,active,ltd,2015-04-16,2a Swordfish Business Park Swordfish Close,Higgins Lane,Burscough,L40 8JW,United Kingdom,['47760'],THEORIGINALBURSCOUGHAQUATICSSTORE,L40,THEORIGINALBURSCOUGHAQUATICSSTORE|L40,micro-entity,2022-04-30,2024-01-31,True,True,47760,False,,,,False,False,10.718685831622176,47760,Other,-2,False,active
09555822,ROOM FOR ONE MORE PROPERTY MANAGEMENT LTD,active,ltd,2015-04-22,20 The Mead,,Beckenham,BR3 5PE,England,['68320'],ROOMFORONEMOREPROPERTYMANAGEMENT,BR3,ROOMFORONEMOREPROPERTYMANAGEMENT|BR3,micro-entity,2022-04-30,2024-01-31,True,True,68320,False,,,,False,False,10.702258726899384,68320,Buildings,-2,False,active
09560729,WASTE TRANSFER SERVICES LTD,active,ltd,2015-04-24,Thackwood Material Recycling Facility,Southwaite,Carlisle,CA4 0PZ,England,['38210'],WASTETRANSFER,CA4,WASTETRANSFER|CA4,micro-entity,2022-04-30,2024-01-31,True,True,38210,False,,,,False,False,10.69678302532512,38210,Industrial,-2,False,active
09570409,JORCAP LTD,active,ltd,2015-05-01,Riverbank House,1 Putney Bridge Approach,London,SW6 3JD,England,['70221'],JORCAP,SW6,JORCAP|SW6,micro-entity,2024-05-31,2026-02-28,True,False,70221,False,,,,False,False,10.677618069815194,70221,Other,-2,False,active
09573379,MON BUILDERS LIMITED,active,ltd,2015-05-05,7 Park Road,,Colwyn Bay,LL29 7UG,Wales,['41202'],MONBUILDERS,LL29,MONBUILDERS|LL29,micro-entity,2025-04-05,2027-01-05,True,False,41202,False,,,,False,False,10.666666666666666,41202,Buildings,-2,False,active
09578509,IDROPPED IT LTD.,active,ltd,2015-05-07,12 New Road,,Porthcawl,CF36 5DN,Wales,['95110'],IDROPPEDIT,CF36,IDROPPEDIT|CF36,micro-entity,2025-03-31,2026-12-31,True,False,95110,False,,,,False,False,10.661190965092402,95110,Other,-2,False,active
09579070,TRANSFORM A FLOOR LTD,active,ltd,2015-05-07,9 Hillview,,Walsall,WS9 8XJ,England,['43330'],TRANSFORMAFLOOR,WS9,TRANSFORMAFLOOR|WS9,micro-entity,2022-05-31,2024-02-29,True,True,43330,False,,,,False,False,10.661190965092402,43330,Buildings,-2,False,active
09594451,ADD 5019 LTD,active,ltd,2015-05-16,Velocity Point,Wreakes Lane,Dronfield,S18 1PN,England,['99999'],ADD5019,S18,ADD5019|S18,micro-entity,2022-05-31,2024-02-29,True,True,99999,False,,,,False,False,10.636550308008214,99999,Other,-2,False,active
09599377,ROMAAN'S IDEAL FASHION LIMITED,active,ltd,2015-05-19,43a Carnarvon Street,,Manchester,M3 1EZ,England,['47910'],ROMAANSIDEALFASHION,M3,ROMAANSIDEALFASHION|M3,micro-entity,2021-05-31,2023-02-28,True,True,47910,False,,,,False,False,10.628336755646817,47910,Other,-2,False,active
09611806,REDCODE CONSULTING LIMITED,active,ltd,2015-05-28,House 36 Whalley Grove,,Manchester,M16 8DN,England,['63990'],REDCODECONSULTING,M16,REDCODECONSULTING|M16,micro-entity,2023-05-31,2025-02-28,True,True,63990,False,,,,False,False,10.603696098562628,63990,Other,-2,False,active
09664189,CHOICE WINDOWS GLOSSOP LTD,active,ltd,2015-06-30,15 Arden Close,Simmondley,Glossop,SK13 6PD,,['43390'],CHOICEWINDOWSGLOSSOP,SK13,CHOICEWINDOWSGLOSSOP|SK13,micro-entity,2022-10-31,2024-07-31,True,True,43390,False,,,,False,False,10.513347022587268,43390,Buildings,-2,False,active
09665411,MARK SCHMITT REPRESENTATION LIMITED,active,ltd,2015-07-01,Dilston Lodge,"2 Clarence Road, Walton-On-Thames",Hersham,KT12 5JU,,['79120'],MARKSCHMITTREPRESENTATION,KT12,MARKSCHMITTREPRESENTATION|KT12,micro-entity,2019-11-30,2021-08-31,True,True,79120,False,,,,False,False,10.510609171800137,79120,Other,-2,False,active
09674020,CLARENCE AUTO REPAIRS LIMITED,active,ltd,2015-07-07,Singleton Court Business Park,Wonastow Road,Monmouth,NP25 5JA,United Kingdom,['45200'],CLARENCEAUTOREPAIRS,NP25,CLARENCEAUTOREPAIRS|NP25,dormant,2024-01-31,2025-10-31,True,True,45200,False,,,,False,False,10.494182067077345,45200,Other,-2,False,active
09719669,DANNY RIDERS LTD,active,ltd,2015-08-05,34 Montpelier,,Weston-Super-Mare,BS23 2RJ,England,['49410'],DANNYRIDERS,BS23,DANNYRIDERS|BS23,micro-entity,2020-08-31,2022-08-31,True,True,49410,False,,,,False,False,10.414784394250514,49410,Transport,-2,False,active
09726484,JAZ MICHELLE LTD.,active,ltd,2015-08-11,244 Amersham Road,Hazlemere,High Wycombe,HP15 7QN,England,['68209'],JAZMICHELLE,HP15,JAZMICHELLE|HP15,micro-entity,2024-08-31,2026-05-31,True,False,68209,False,,,,False,False,10.39835728952772,68209,Buildings,-2,False,active
09729896,POOLE BRIDGE MOTOR COMPANY LTD,active,ltd,2015-08-12,1 Rigler Road,,Poole,BH15 4BN,England,['46190'],POOLEBRIDGEMOTORCOMPANY,BH15,POOLEBRIDGEMOTORCOMPANY|BH15,micro-entity,2020-08-31,2022-05-31,True,True,46190,False,,,,False,False,10.395619438740589,46190,Other,-2,False,active
09734017,DEAN NELSON FABRICATIONS LTD,active,ltd,2015-08-14,28 Hothfield Drive,,Appleby-In-Westmorland,CA16 6HJ,England,['25110'],DEANNELSONFABRICATIONS,CA16,DEANNELSONFABRICATIONS|CA16,micro-entity,2024-08-31,2026-05-31,True,False,25110,False,,,,False,False,10.390143737166325,25110,Industrial,-2,False,active
09753268,BGL DESIGN AND BUILD LIMITED,active,ltd,2015-08-28,Number 5 The Business Quarter,Eco Park Road,Ludlow,SY8 1FD,England,['41100'],BGLDESIGNANDBUILD,SY8,BGLDESIGNANDBUILD|SY8,micro-entity,2022-01-31,2024-01-31,True,True,41100,False,,,,False,False,10.351813826146476,41100,Buildings,-2,False,active
09757405,XEROPH LIMITED,active,ltd,2015-09-02,4 Clonmel Close,Caversham,Reading,RG4 5BF,England,['62012'],XEROPH,RG4,XEROPH|RG4,micro-entity,2022-09-30,2024-06-30,True,True,62012,False,,,,False,False,10.338124572210814,62012,Other,-2,False,active
09764338,GLOBAL UNITED RESEARCH AND ANALYSIS LIMITED,active,ltd,2015-09-07,Suite 4 Stanmore Towers,8-14 Church Road,Stanmore,HA7 4AW,England,['99999'],GLOBALUNITEDRESEARCHANDANALYSIS,HA7,GLOBALUNITEDRESEARCHANDANALYSIS|HA7,dormant,2024-09-30,2026-06-30,True,False,99999,False,,,,False,False,10.324435318275153,99999,Other,-2,False,active
09764984,CARINGTON HOSPITALITY LTD,active,ltd,2015-09-07,43a St. Marys Road,,Market Harborough,LE16 7DS,England,['56302'],CARINGTONHOSPITALITY,LE16,CARINGTONHOSPITALITY|LE16,micro-entity,2022-09-30,2024-06-29,True,True,56302,False,,,,False,False,10.324435318275153,56302,Other,-2,False,active
09829751,ITAL SARDO LIMITED,active,ltd,2015-10-19,"Suite 8, Worthington House",146 High Street,Burton-On-Trent,DE14 1JE,England,['46342'],ITALSARDO,DE14,ITALSARDO|DE14,micro-entity,2024-10-31,2026-07-31,True,False,46342,False,,,,False,False,10.209445585215606,46342,Other,-2,False,active
09844568,GET SOFTWARE LTD,active,ltd,2015-10-27,10 Brownrigg Crescent,,Bracknell,RG12 2PZ,United Kingdom,['62012'],GETSOFTWARE,RG12,GETSOFTWARE|RG12,micro-entity,2017-02-28,2018-11-30,True,True,62012,False,,,,False,False,10.18754277891855,62012,Other,-2,False,active
09881667,PM CONSULTANCY SERVICES LTD,active,ltd,2015-11-20,35 Ruddlesway,,Windsor,SL4 5SF,United Kingdom,['62020'],PMCONSULTANCY,SL4,PMCONSULTANCY|SL4,micro-entity,2021-11-30,2024-02-29,True,True,62020,False,,,,False,False,10.121834360027378,62020,Other,-2,False,active
09893590,ARNOLD FINANCIAL LIMITED,active,ltd,2015-11-30,24 Cecil Avenue,,Bournemouth,BH8 9EJ,United Kingdom,['64999'],ARNOLDFINANCIAL,BH8,ARNOLDFINANCIAL|BH8,micro-entity,2024-11-30,2026-08-31,True,False,64999,False,,,,False,False,10.094455852156058,64999,Other,-2,False,active
09910478,ELEMENTERA LTD,active,ltd,2015-12-10,"Suite 64, The Enterprise Centre",Cranborne Road,Potters Bar,EN6 3DQ,,,ELEMENTERA,EN6,ELEMENTERA|EN6,total-exemption-small,2016-07-31,2018-04-30,True,True,,False,,,,False,False,10.067077344284737,,Other,-2,False,active
09923388,HILMI BABA LIMITED,active,ltd,2015-12-21,310 High Road,,London,N22 8JR,England,['56103'],HILMIBABA,N22,HILMIBABA|N22,dormant,2022-12-31,2024-09-30,True,True,56103,False,,,,False,False,10.036960985626283,56103,Other,-2,False,active
09924782,S J ROSE ELECTRICAL CONTRACTORS LTD,active,ltd,2015-12-21,25 Highfield Avenue,,Melton Mowbray,LE13 0NQ,United Kingdom,['43210'],SJROSEELECTRICALCONTRACTORS,LE13,SJROSEELECTRICALCONTRACTORS|LE13,micro-entity,2020-12-31,2022-09-30,True,True,43210,False,,,,False,False,10.036960985626283,43210,Buildings,-2,False,active
09927240,GA CONSULTANCIES LIMITED,active,ltd,2015-12-22,10 Bolingbroke Road,,North Shields,NE29 7NF,,['82990'],GACONSULTANCIES,NE29,GACONSULTANCIES|NE29,micro-entity,2017-12-31,2019-09-30,True,True,82990,False,,,,False,False,10.03422313483915,82990,Buildings,-2,False,active
09957983,W A COARSE FISH & CONSULTANCY LTD,active,ltd,2016-01-19,Epperstone Hatcheries,Epperstone By Pass,Woodborough,NG14 6DH,England,['03120'],WACOARSEFISHANDCONSULTANCY,NG14,WACOARSEFISHANDCONSULTANCY|NG14,micro-entity,2022-04-30,2024-01-31,True,True,03120,False,,,,False,False,9.957563312799453,03120,Other,-2,False,active
09961365,KHAN MEDICO LONDON LIMITED,active,ltd,2016-01-20,323 Halley Road,,London,E12 6UB,United Kingdom,['86210'],KHANMEDICOLONDON,E12,KHANMEDICOLONDON|E12,micro-entity,2018-01-31,2019-10-31,True,True,86210,False,,,,False,False,9.95482546201232,86210,Other,-2,False,active
09981784,MAYA CUISINE WILTSHIRE LTD,active,ltd,2016-02-02,32a George Street,,Warminster,BA12 8QB,England,['56101'],MAYACUISINEWILTSHIRE,BA12,MAYACUISINEWILTSHIRE|BA12,micro-entity,2025-01-31,2026-10-31,True,False,56101,False,,,,False,False,9.919233401779604,56101,Other,-2,False,active
09986280,MARSHWOOD PROPERTY SERVICES LTD,active,ltd,2016-02-03,Unit 1 The Dutch Barn,Draycott Foliat,Chiseldon,SN4 0HX,England,['41100'],MARSHWOODPROPERTY,SN4,MARSHWOODPROPERTY|SN4,micro-entity,2024-03-31,2025-12-31,True,True,41100,False,,,,False,False,9.91649555099247,41100,Buildings,-2,False,active
09991258,KILIMANJARO BUSINESS CONNECT LIMITED,active,ltd,2016-02-08,330-332 Uxbridge Road,,London,W12 7LL,England,['56102'],KILIMANJAROBUSINESSCONNECT,W12,KILIMANJAROBUSINESSCONNECT|W12,micro-entity,2025-02-28,2026-11-30,True,False,56102,False,,,,False,False,9.902806297056811,56102,Other,-2,False,active
09992278,ROBERT KENT DESIGN LIMITED,active,ltd,2016-02-08,55 Rectory Grove,,Leigh-On-Sea,SS9 2HA,England,['74100'],ROBERTKENTDESIGN,SS9,ROBERTKENTDESIGN|SS9,micro-entity,2023-02-28,2024-11-30,True,True,74100,False,,,,False,False,9.902806297056811,74100,Other,-2,False,active
09994018,LARN MARINE LIMITED,active,ltd,2016-02-09,34 Ffordd Pentre Mynach,,Barmouth,LL42 1EN,United Kingdom,['74909'],LARNMARINE,LL42,LARNMARINE|LL42,micro-entity,2023-02-28,2024-11-30,True,True,74909,False,,,,False,False,9.900068446269678,74909,Other,-2,False,active
09998362,ALPHA RESOURCE CONSULTING LTD,active,ltd,2016-02-10,"Unit 510 Crown House, North Circular Road,",Ealing,London,NW10 7PN,United Kingdom,['78109'],ALPHARESOURCECONSULTING,NW10,ALPHARESOURCECONSULTING|NW10,micro-entity,2025-02-28,2026-11-30,True,False,78109,False,,,,False,False,9.897330595482547,78109,Other,-2,False,active
10000397,DR MICHAEL BOND LIMITED,active,ltd,2016-02-11,Emstrey House (North),Shrewsbury Business Park,Shrewsbury,SY2 6LG,United Kingdom,['86220'],DRMICHAELBOND,SY2,DRMICHAELBOND|SY2,micro-entity,2025-02-28,2026-11-30,True,False,86220,False,,,,False,False,9.894592744695414,86220,Other,-2,False,active
10001805,P E ANDERSON LIMITED,active,ltd,2016-02-12,53 Lingtree Road,,Liverpool,L32 0RN,United Kingdom,['70221'],PEANDERSON,L32,PEANDERSON|L32,micro-entity,2023-02-28,2024-11-30,True,True,70221,False,,,,False,False,9.891854893908283,70221,Other,-2,False,active
10031644,BALDAWI LIMITED,active,ltd,2016-02-29,10 Bishop Street,Town Hall Square,Leicester,LE1 6AF,England,['86230'],BALDAWI,LE1,BALDAWI|LE1,micro-entity,2022-04-30,2024-01-31,True,True,86230,False,,,,False,False,9.845311430527037,86230,Other,-2,False,active
10037469,NK MIDLANDS LIMITED,active,ltd,2016-03-02,First Floor,2 Hampton Court Road,Birmingham,B17 9AE,England,['81100'],NKMIDLANDS,B17,NKMIDLANDS|B17,micro-entity,2024-03-31,2025-12-26,True,True,81100,False,,,,False,False,9.839835728952773,81100,Buildings,-2,False,active
10051522,10051522 LTD,active,ltd,2016-03-09,44 West Way,,Hounslow,TW5 0JF,United Kingdom,['62020'],10051522,TW5,10051522|TW5,micro-entity,2017-03-31,2018-12-31,True,True,62020,False,,,,False,False,9.820670773442847,62020,Other,-2,False,active
10080042,ZABRZE CONTRACTING LTD,active,ltd,2016-03-23,Suite 107 Barcroft Street,,Bury,BL9 5BT,England,['82110'],ZABRZECONTRACTING,BL9,ZABRZECONTRACTING|BL9,micro-entity,2017-04-05,2019-01-05,True,True,82110,False,,,,False,False,9.782340862422998,82110,Buildings,-2,False,active
10085182,ANTI-AGEING LIMITED,active,ltd,2016-03-25,3 Pembridge Place,,London,SW15 2QE,England,['47290'],ANTIAGEING,SW15,ANTIAGEING|SW15,dormant,2024-03-31,2025-12-31,True,True,47290,False,,,,False,False,9.776865160848734,47290,Other,-2,False,active
10096106,HVAC DESIGN SERVICES LTD,active,ltd,2016-04-01,"C/O Ayling Ware Ltd, 48",Spelthorne Lane,Ashford,TW15 1UJ,England,['71129'],HVACDESIGN,TW15,HVACDESIGN|TW15,micro-entity,2024-04-30,2026-07-31,True,False,71129,False,,,,False,False,9.757700205338809,71129,Other,-2,False,active
10109315,T R M SURVEYING LIMITED,active,ltd,2016-04-07,Suite 12 Haven House,Albemarle Street,Harwich,CO12 3HL,England,['42120'],TRMSURVEYING,CO12,TRMSURVEYING|CO12,micro-entity,2022-04-30,2024-01-31,True,True,42120,False,,,,False,False,9.741273100616016,42120,Buildings,-2,False,active
10110121,SARTCH LIMITED,active,ltd,2016-04-07,10110121: COMPANIES HOUSE DEFAULT ADDRESS,,Cardiff,CF14 8LH,,['47910'],SARTCH,CF14,SARTCH|CF14,dormant,2023-04-30,2025-01-31,True,True,47910,False,,,,False,False,9.741273100616016,47910,Other,-2,False,active
10110489,BUXTON ELECTRICAL CONTRACTORS LTD,active,ltd,2016-04-07,48 Manchester Road,,Buxton,SK17 6SY,,['43210'],BUXTONELECTRICALCONTRACTORS,SK17,BUXTONELECTRICALCONTRACTORS|SK17,micro-entity,2022-04-30,2024-01-31,True,True,43210,False,,,,False,False,9.741273100616016,43210,Buildings,-2,False,active
10125810,LONDON CIRCUITS LTD,active,ltd,2016-04-14,315 Wrotham Road,Istead Rise,Gravesend,DA13 9JH,England,['43210'],LONDONCIRCUITS,DA13,LONDONCIRCUITS|DA13,micro-entity,2022-04-30,2024-01-31,True,True,43210,False,,,,False,False,9.722108145106091,43210,Buildings,-2,False,active
10126876,R T FASCIAS LIMITED,active,ltd,2016-04-15,"Unit 2, Greystones Court Towthorpe Moor Lane",Towthorpe,York,YO32 9ST,,['43910'],RTFASCIAS,YO32,RTFASCIAS|YO32,micro-entity,2017-04-30,2019-01-31,True,True,43910,False,,,,False,False,9.71937029431896,43910,Buildings,-2,False,active
10128274,OLIVER BENNETT HIGH QUALITY DECORATING SERVICES LIMITED,active,ltd,2016-04-15,32 The Hillway,Portchester,Fareham,PO16 8BL,England,['43341'],OLIVERBENNETTHIGHQUALITYDECORATING,PO16,OLIVERBENNETTHIGHQUALITYDECORATING|PO16,micro-entity,2022-04-30,2024-01-31,True,True,43341,False,,,,False,False,9.71937029431896,43341,Buildings,-2,False,active
10129866,LUNCH AND MORE LTD,active,ltd,2016-04-18,21 Westow Street,,London,SE19 3RY,England,['56102'],LUNCHANDMORE,SE19,LUNCHANDMORE|SE19,micro-entity,2022-04-30,2024-01-31,True,True,56102,False,,,,False,False,9.711156741957563,56102,Other,-2,False,active
10137463,PURPLE CACTUS LTD,active,ltd,2016-04-21,140 Cranbrook Road,,London,W4 2LJ,United Kingdom,['85422'],PURPLECACTUS,W4,PURPLECACTUS|W4,micro-entity,2024-08-31,2026-05-31,True,False,85422,False,,,,False,False,9.702943189596168,85422,Other,-2,False,active
10145628,MYPHOTOBASE LTD,active,ltd,2016-04-25,6 Robin Crescent,,London,E6 5XA,England,['96090'],MYPHOTOBASE,E6,MYPHOTOBASE|E6,micro-entity,2025-03-31,2026-12-31,True,False,96090,False,,,,False,False,9.69199178644764,96090,Other,-2,False,active
10148293,VS FIXING LIMITED,active,ltd,2016-04-26,41a Mygrove Gardens,,Rainham,RM13 9QT,England,['43999'],VSFIXING,RM13,VSFIXING|RM13,micro-entity,2022-04-30,2024-01-31,True,True,43999,False,,,,False,False,9.689253935660506,43999,Buildings,-2,False,active
10149049,PEARL ADVERTISING UK LIMITED,active,ltd,2016-04-27,Oxford House Derbyshire Street,Bethnal Green,London,E2 6HG,United Kingdom,['96090'],PEARLADVERTISING,E2,PEARLADVERTISING|E2,micro-entity,2025-03-31,2026-12-31,True,False,96090,False,,,,False,False,9.686516084873375,96090,Other,-2,False,active
10150363,DILSHAD TANDOORI LIMITED,active,ltd,2016-04-27,91 Soho Hill,,Birmingham,B19 1AY,United Kingdom,['56101'],DILSHADTANDOORI,B19,DILSHADTANDOORI|B19,micro-entity,2022-04-30,2024-01-31,True,True,56101,False,,,,False,False,9.686516084873375,56101,Other,-2,False,active
10159582,DC RAIL & CIVIL ENGINEERING LTD,active,ltd,2016-05-03,52 Mayfield Road,,Dunstable,LU5 4AP,England,['42120'],DCRAILANDCIVILENGINEERING,LU5,DCRAILANDCIVILENGINEERING|LU5,micro-entity,2022-05-31,2024-02-29,True,True,42120,False,,,,False,False,9.670088980150581,42120,Buildings,-2,False,active
10161745,MEGA TECH SOLUTIONS LTD,active,ltd,2016-05-04,10161745: COMPANIES HOUSE DEFAULT ADDRESS,,Cardiff,CF14 8LH,,['62020'],MEGATECHSOLUTIONS,CF14,MEGATECHSOLUTIONS|CF14,micro-entity,2022-05-31,2024-02-29,True,True,62020,False,,,,False,False,9.66735112936345,62020,Other,-2,False,active
10171632,KESTAS&CO(LONDON) LTD,active,ltd,2016-05-10,31 Station Road North,,Belvedere,DA17 6JL,United Kingdom,['41100'],KESTASANDCOLONDON,DA17,KESTASANDCOLONDON|DA17,micro-entity,2022-05-31,2024-02-29,True,True,41100,False,,,,False,False,9.650924024640657,41100,Buildings,-2,False,active
10171816,UNDER SEVENTEEN DRIVING LIMITED,active,ltd,2016-05-10,87 Mill Hill Road,,Wirral,CH61 4XA,United Kingdom,['85530'],UNDERSEVENTEENDRIVING,CH61,UNDERSEVENTEENDRIVING|CH61,micro-entity,2024-05-31,2026-02-28,True,False,85530,False,,,,False,False,9.650924024640657,85530,Other,-2,False,active
10177232,DEVELOPMENT AND CAPITAL LIMITED,active,ltd,2016-05-12,10177232 - COMPANIES HOUSE DEFAULT ADDRESS,,Cardiff,CF14 8LH,,['68320'],DEVELOPMENTANDCAPITAL,CF14,DEVELOPMENTANDCAPITAL|CF14,micro-entity,2022-05-31,2024-02-29,True,True,68320,False,,,,False,False,9.645448323066393,68320,Buildings,-2,False,active
10178773,KAI & CO INVESTMENTS LTD,active,ltd,2016-05-13,Gains Cross House,Gains Cross,Blandford Forum,DT11 0QP,England,['68209'],KAIANDCOINVESTMENTS,DT11,KAIANDCOINVESTMENTS|DT11,micro-entity,2024-05-31,2026-02-28,True,False,68209,False,,,,False,False,9.64271047227926,68209,Buildings,-2,False,active
10179435,NON MECH PLANT CO LTD,active,ltd,2016-05-13,Royal Eagle Close Royal Eagle Close,Medway City Estate,Rochester,ME2 4NF,England,['41201'],NONMECHPLANTCO,ME2,NONMECHPLANTCO|ME2,micro-entity,2017-05-31,2019-02-28,True,True,41201,False,,,,False,False,9.64271047227926,41201,Buildings,-2,False,active
10180421,BRIDGE FARM JOINERY LTD,active,ltd,2016-05-16,16 Hawthorne Terrace,,Nuneaton,CV10 9BH,United Kingdom,['43320'],BRIDGEFARMJOINERY,CV10,BRIDGEFARMJOINERY|CV10,micro-entity,2022-05-31,2024-02-29,True,True,43320,False,,,,False,False,9.634496919917865,43320,Buildings,-2,False,active
10187320,VAPE SAGE LTD,active,ltd,2016-05-18,20-22 Wenlock Road,,London,N1 7GU,England,['47789'],VAPESAGE,N1,VAPESAGE|N1,micro-entity,2022-05-31,2024-02-29,True,True,47789,False,,,,False,False,9.6290212183436,47789,Other,-2,False,active
10190947,HOMESPRO LTD,active,ltd,2016-05-20,114 Hoxton Street,,London,N1 6SH,England,['68310'],HOMESPRO,N1,HOMESPRO|N1,micro-entity,2023-05-31,2025-02-28,True,True,68310,False,,,,False,False,9.623545516769337,68310,Buildings,-2,False,active
10191378,ABSOLUTE DEVELOPMENTS (NW) LTD,active,ltd,2016-05-20,Chichester House,2 Chichester Street,Rochdale,OL16 2AX,United Kingdom,['82990'],ABSOLUTEDEVELOPMENTSNW,OL16,ABSOLUTEDEVELOPMENTSNW|OL16,micro-entity,2024-05-31,2026-02-28,True,False,82990,False,,,,False,False,9.623545516769337,82990,Buildings,-2,False,active
10199360,EYESPY SECURITY LTD,active,ltd,2016-05-25,Brulimar House Jubilee Road,Middleton,Manchester,M24 2LX,England,['80200'],EYESPYSECURITY,M24,EYESPYSECURITY|M24,micro-entity,2023-03-29,2025-03-29,True,True,80200,False,,,,False,False,9.609856262833675,80200,Other,-2,False,active
10207007,GEPII LTD,active,ltd,2016-05-31,19 St Leonards Road St. Leonards Road,Nazeing,Waltham Abbey,EN9 2HN,England,['53202'],GEPII,EN9,GEPII|EN9,micro-entity,2022-05-31,2024-02-29,True,True,53202,False,,,,False,False,9.593429158110883,53202,Transport,-2,False,active
10240282,OKF VENTURES LIMITED,active,ltd,2016-06-20,29 Orchard Avenue,,Thames Ditton,KT7 0BB,England,['62020'],OKFVENTURES,KT7,OKFVENTURES|KT7,micro-entity,2024-06-30,2026-03-31,True,False,62020,False,,,,False,False,9.538672142368242,62020,Other,-2,False,active
10243464,ASPECT RETAIL SOLUTIONS LTD,active,ltd,2016-06-21,10 Bleasdale Road,Heaton,Bolton,BL1 5QS,England,['74909'],ASPECTRETAILSOLUTIONS,BL1,ASPECTRETAILSOLUTIONS|BL1,micro-entity,2025-06-30,2027-03-31,True,False,74909,False,,,,False,False,9.535934291581109,74909,Other,-2,False,active
10244652,PARKSWAY PROPERTY LTD,active,ltd,2016-06-22,47 Bury New Road,Prestwich,Manchester,M25 9JY,United Kingdom,['68100'],PARKSWAYPROPERTY,M25,PARKSWAYPROPERTY|M25,micro-entity,2022-06-30,2024-03-29,True,True,68100,False,,,,False,False,9.533196440793978,68100,Buildings,-2,False,active
10246875,PLYMCLEAN LTD,active,ltd,2016-06-23,The Post House,Fore Street,South Brent,TQ10 9BQ,United Kingdom,['97000'],PLYMCLEAN,TQ10,PLYMCLEAN|TQ10,micro-entity,2022-05-30,2024-02-29,True,True,97000,False,,,,False,False,9.530458590006845,97000,Other,-2,False,active
10260459,NALBANT FISH & CIPS LIMITED,active,ltd,2016-07-04,291 Green Lanes,,London,N13 4XS,United Kingdom,['56103'],NALBANTFISHANDCIPS,N13,NALBANTFISHANDCIPS|N13,micro-entity,2023-07-31,2025-04-30,True,True,56103,False,,,,False,False,9.500342231348391,56103,Other,-2,False,active
10278674,CHOWANIEC LTD,active,ltd,2016-07-14,226-228 King Street,,London,W6 0RA,England,['82990'],CHOWANIEC,W6,CHOWANIEC|W6,micro-entity,2021-04-30,2023-01-31,True,True,82990,False,,,,False,False,9.47296372347707,82990,Buildings,-2,False,active
10279570,GUEVARA  PETS LTD,active,ltd,2016-07-14,74a High Street Wanstead,,London,E11 2RJ,England,['75000'],GUEVARAPETS,E11,GUEVARAPETS|E11,micro-entity,2021-07-31,2023-04-30,True,True,75000,False,,,,False,False,9.47296372347707,75000,Other,-2,False,active
10284157,ABY TRANS LIMITED,active,ltd,2016-07-18,30 Gervase Road,,Edgware,HA8 0EP,England,['52290'],ABYTRANS,HA8,ABYTRANS|HA8,micro-entity,2022-07-31,2024-04-30,True,True,52290,False,,,,False,False,9.462012320328542,52290,Transport,-2,False,active
10288604,NPJS ENTERPRISES LIMITED,active,ltd,2016-07-20,Ground Floor,189 Richmond Road,Kingston,KT2 5DD,,['56290'],NPJSENTERPRISES,KT2,NPJSENTERPRISES|KT2,micro-entity,2020-07-31,2022-04-30,True,True,56290,False,,,,False,False,9.456536618754278,56290,Other,-2,False,active
10311356,STYLO SALOON LIMITED,active,ltd,2016-08-04,Flat 9 Hamblin House The Broadway,,Southall,UB1 1NZ,England,['96020'],STYLOSALOON,UB1,STYLOSALOON|UB1,micro-entity,2024-08-31,2026-05-31,True,False,96020,False,,,,False,False,9.415468856947296,96020,Other,-2,False,active
10327413,FORBOWES LTD,active,ltd,2016-08-12,55 Columbine Road,Widmer End,High Wycombe,HP15 6BS,England,['82990'],FORBOWES,HP15,FORBOWES|HP15,micro-entity,2022-08-31,2024-05-31,True,True,82990,False,,,,False,False,9.39356605065024,82990,Buildings,-2,False,active
10327696,AG PERFORMANCE SOLUTIONS LIMITED,active,ltd,2016-08-12,16 Pearl Way,Kings Hill,West Malling,ME19 4EJ,United Kingdom,['70229'],AGPERFORMANCESOLUTIONS,ME19,AGPERFORMANCESOLUTIONS|ME19,micro-entity,2024-08-31,2026-05-31,True,False,70229,False,,,,False,False,9.39356605065024,70229,Other,-2,False,active
10354045,DEALS JUNCTION LTD,active,ltd,2016-09-01,"Nile Mill A, Unit 41, 4th Floor Field New Road",Chadderton,Oldham,OL9 8NT,England,['47910'],DEALSJUNCTION,OL9,DEALSJUNCTION|OL9,micro-entity,2022-09-30,2024-06-30,True,True,47910,False,,,,False,False,9.338809034907598,47910,Other,-2,False,active
10379471,SUZERO LIMITED,active,ltd,2016-09-16,Unit 56 Culley Court,Orton Southgate,Peterborough,PE2 6WA,England,['10890'],SUZERO,PE2,SUZERO|PE2,micro-entity,2021-09-30,2023-06-30,True,True,10890,False,,,,False,False,9.297741273100616,10890,Industrial,-2,False,active
10408016,LEVERAGE CONSULTANTS LIMITED,active,ltd,2016-10-03,19 Brook Court,2 Greenpond Road,Walthamstow,E17 6EB,United Kingdom,['70229'],LEVERAGECONSULTANTS,E17,LEVERAGECONSULTANTS|E17,micro-entity,2022-10-31,2024-07-31,True,True,70229,False,,,,False,False,9.25119780971937,70229,Other,-2,False,active
10413558,WAYNE STUBBS LIMITED,active,ltd,2016-10-06,Flat 35 Kings Oak Court,Queens Road,Reading,RG1 4PX,England,['63990'],WAYNESTUBBS,RG1,WAYNESTUBBS|RG1,micro-entity,2020-10-31,2022-07-31,True,True,63990,False,,,,False,False,9.242984257357975,63990,Other,-2,False,active
10434507,FDP DEVELOPMENT LTD,active,ltd,2016-10-18,17 Millpond Lane,Faygate,Horsham,RH12 0AQ,England,['41100'],FDPDEVELOPMENT,RH12,FDPDEVELOPMENT|RH12,micro-entity,2022-10-31,2024-07-31,True,True,41100,False,,,,False,False,9.210130047912388,41100,Buildings,-2,False,active
10487500,GLOBAL EDUCATION SPECIALISTS LTD,active,ltd,2016-11-18,17 Cliffe Crest,Horbury,Wakefield,WF4 6NL,England,['74909'],GLOBALEDUCATIONSPECIALISTS,WF4,GLOBALEDUCATIONSPECIALISTS|WF4,micro-entity,2019-03-31,2021-03-31,True,True,74909,False,,,,False,False,9.125256673511293,74909,Other,-2,False,active
10525747,LPS HOMES LTD,active,ltd,2016-12-14,102 Myddleton Road,,London,N22 8NQ,England,['82990'],LPSHOMES,N22,LPSHOMES|N22,micro-entity,2022-12-31,2024-09-30,True,True,82990,False,,,,False,False,9.05407255304586,82990,Buildings,-2,False,active
10528701,G&C OPERATIONS LTD,active,ltd,2016-12-16,1 Thornton Villas,Hampton Lane,Feltham,TW13 6NP,United Kingdom,['49410'],GANDCOPERATIONS,TW13,GANDCOPERATIONS|TW13,micro-entity,2023-12-31,2025-09-30,True,True,49410,False,,,,False,False,9.048596851471595,49410,Transport,-2,False,active
10554784,SHOPPABLE LTD,active,ltd,2017-01-10,Holmoak House Stuppington Court Farm,Merton Lane,Canterbury,CT4 7BP,United Kingdom,['73120'],SHOPPABLE,CT4,SHOPPABLE|CT4,micro-entity,2023-01-31,2024-10-31,True,True,73120,False,,,,False,False,8.980150581793293,73120,Other,-2,False,active
10556084,DOT COTTONS LTD,active,ltd,2017-01-10,22 Hylton Road,Millfield,Sunderland,SR4 7AA,United Kingdom,['96010'],DOTCOTTONS,SR4,DOTCOTTONS|SR4,micro-entity,2025-01-31,2026-10-31,True,False,96010,False,,,,False,False,8.980150581793293,96010,Other,-2,False,active
10569990,SIMPLIFY MANAGEMENT SERVICES LIMITED,active,ltd,2017-01-18,Unit 16 Derwent Business Centre,Clarke Street,Derby,DE1 2BU,England,['82990'],SIMPLIFYMANAGEMENT,DE1,SIMPLIFYMANAGEMENT|DE1,dormant,2024-01-31,2025-10-31,True,True,82990,False,,,,False,False,8.958247775496236,82990,Buildings,-2,False,active
10590013,SAXON ROAD DAY CARE LTD,active,ltd,2017-01-30,78 Dukes Drive,,Halesworth,IP19 8DR,England,['88100'],SAXONROADDAYCARE,IP19,SAXONROADDAYCARE|IP19,micro-entity,2022-01-31,2024-01-31,True,True,88100,False,,,,False,False,8.92539356605065,88100,Other,-2,False,active
10605374,D N NORTON LIMITED,active,ltd,2017-02-07,6a Black Diamond Way,Eaglescliffe,Stockton On Tees,TS16 0SE,England,['71129'],DNNORTON,TS16,DNNORTON|TS16,dormant,2023-02-28,2024-11-30,True,True,71129,False,,,,False,False,8.903490759753593,71129,Other,-2,False,active
10619564,CRISTEM LIMITED,active,ltd,2017-02-14,Kings Arms,Beach Street,Sunderland,SR4 6BU,United Kingdom,['56302'],CRISTEM,SR4,CRISTEM|SR4,micro-entity,2023-02-28,2024-11-30,True,True,56302,False,,,,False,False,8.88432580424367,56302,Other,-2,False,active
10621459,BUZZ CAFE LIMITED,active,ltd,2017-02-15,Prospect House 3 The Centre,Beaconsfield Road,Farnham Common,SL2 3QQ,England,['56102'],BUZZCAFE,SL2,BUZZCAFE|SL2,micro-entity,2024-02-28,2025-11-30,True,True,56102,False,,,,False,False,8.881587953456537,56102,Other,-2,False,active
10622034,PHONE WORKS LTD,active,ltd,2017-02-15,196 Sneinton Dale,,Nottingham,NG2 4HJ,England,['46520'],PHONEWORKS,NG2,PHONEWORKS|NG2,micro-entity,2022-02-28,2024-02-29,True,True,46520,False,,,,False,False,8.881587953456537,46520,Other,-2,False,active
10631066,THOMAS ENGINEERING LTD,active,ltd,2017-02-21,23 Fforest Hill,Aberdulais,Neath,SA10 8HD,Wales,['82990'],THOMASENGINEERING,SA10,THOMASENGINEERING|SA10,micro-entity,2022-02-28,2024-02-27,True,True,82990,False,,,,False,False,8.865160848733744,82990,Buildings,-2,False,active
10636419,NELSON HANDLEY ASSOCIATES LTD,active,ltd,2017-02-23,10 Market Square,,Lower Heyford,OX25 5NY,,['82990'],NELSONHANDLEYASSOCIATES,OX25,NELSONHANDLEYASSOCIATES|OX25,micro-entity,2025-03-31,2026-12-31,True,False,82990,False,,,,False,False,8.85968514715948,82990,Buildings,-2,False,active
10651001,AGIE&KATIE LTD,active,ltd,2017-03-03,12 St. Johns Square,,Stoke-On-Trent,ST6 3AJ,England,['56101'],AGIEANDKATIE,ST6,AGIEANDKATIE|ST6,micro-entity,2024-03-31,2025-12-31,True,True,56101,False,,,,False,False,8.837782340862423,56101,Other,-2,False,active
10663356,NATURAL TRADING LIMITED,active,ltd,2017-03-10,400 Richmond Road,,Twickenham,TW1 2DY,United Kingdom,['47190'],NATURALTRADING,TW1,NATURALTRADING|TW1,micro-entity,2021-03-31,2022-12-31,True,True,47190,False,,,,False,False,8.818617385352498,47190,Other,-2,False,active
10682981,HYMAN CAPITAL LIMITED,active,ltd,2017-03-21,32 Chester Close South,Regent's Park,London,NW1 4JG,England,['82990'],HYMANCAPITAL,NW1,HYMANCAPITAL|NW1,micro-entity,2022-08-31,2024-05-31,True,True,82990,False,,,,False,False,8.788501026694044,82990,Buildings,-2,False,active
10689171,BLOCK DESIGN CONSULTANCY LIMITED,active,ltd,2017-03-24,1 Barham Road,,Petersfield,GU32 3EX,England,['71111'],BLOCKDESIGNCONSULTANCY,GU32,BLOCKDESIGNCONSULTANCY|GU32,micro-entity,2022-05-31,2024-02-29,True,True,71111,False,,,,False,False,8.780287474332649,71111,Other,-2,False,active
10694091,BIG TOP CIRCUS (2017) LTD,active,ltd,2017-03-28,The Bungalow Common Lane,Heapham,Gainsborough,DN21 5XD,England,['82990'],BIGTOPCIRCUS2017,DN21,BIGTOPCIRCUS2017|DN21,micro-entity,2020-03-30,2021-12-30,True,True,82990,False,,,,False,False,8.76933607118412,82990,Buildings,-2,False,active
10697905,HERMITAGE FISH AND CHIPS LTD,active,ltd,2017-03-30,24 Bonchurch Road,,London,W10 5SD,,['56103'],HERMITAGEFISHANDCHIPS,W10,HERMITAGEFISHANDCHIPS|W10,dormant,2022-04-30,2024-01-31,True,True,56103,False,,,,False,False,8.763860369609857,56103,Other,-2,False,active
10707916,CHASE GROUNDWORKS SW LIMITED,active,ltd,2017-04-04,Unit 10 Dainton Buissness Park,Heathfield Industrial Estate,Newton Abbot,TQ12 6RG,England,['41202'],CHASEGROUNDWORKSSW,TQ12,CHASEGROUNDWORKSSW|TQ12,micro-entity,2022-04-30,2024-01-31,True,True,41202,False,,,,False,False,8.750171115674195,41202,Buildings,-2,False,active
10716323,DAILY SHOP LIMITED,active,ltd,2017-04-08,33a Elmshott Lane,,Slough,SL1 5QS,England,['47910'],DAILYSHOP,SL1,DAILYSHOP|SL1,micro-entity,2022-04-30,2024-01-31,True,True,47910,False,,,,False,False,8.739219712525667,47910,Other,-2,False,active
10718776,GAS HEAT PUMP SERVICES LTD,active,ltd,2017-04-10,6a Clarendon Villas,,Hove,BN3 3RB,England,['96090'],GASHEATPUMP,BN3,GASHEATPUMP|BN3,micro-entity,2022-04-30,2024-01-31,True,True,96090,False,,,,False,False,8.733744010951403,96090,Other,-2,False,active
10721181,PAKT CONSULTING LIMITED,active,ltd,2017-04-11,82a James Carter Road,Mildenhall,Bury St. Edmunds,IP28 7DE,England,['70229'],PAKTCONSULTING,IP28,PAKTCONSULTING|IP28,dormant,2023-04-30,2025-01-31,True,True,70229,False,,,,False,False,8.731006160164272,70229,Other,-2,False,active
10726507,A C TEK-SOL LTD,active,ltd,2017-04-18,Carreg Y Bedmon,Llanfairynghornwy,Holyhead,LL65 4LY,Wales,['45200'],ACTEKSOL,LL65,ACTEKSOL|LL65,micro-entity,2022-04-30,2024-01-31,True,True,45200,False,,,,False,False,8.711841204654347,45200,Other,-2,False,active
10730219,WALKER LESTER TAVERNS LIMITED,active,ltd,2017-04-19,Carringtons,14 Mill Street,Bradford,BD1 4AB,United Kingdom,['56302'],WALKERLESTERTAVERNS,BD1,WALKERLESTERTAVERNS|BD1,micro-entity,2024-04-30,2026-01-31,True,False,56302,False,,,,False,False,8.709103353867214,56302,Other,-2,False,active
10732984,SQUARE FISH LTD,active,ltd,2017-04-20,8 Devonshire Square,,London,EC2M 4YD,England,['99999'],SQUAREFISH,EC2M,SQUAREFISH|EC2M,dormant,2022-04-30,2024-01-31,True,True,99999,False,,,,False,False,8.706365503080082,99999,Other,-2,False,active
10738557,QUOTE EASY LIMITED,active,ltd,2017-04-25,Basement 35 Seymour Terrace,Seymour Street,Liverpool,L3 5PE,England,['65110'],QUOTEEASY,L3,QUOTEEASY|L3,micro-entity,2022-04-30,2024-01-31,True,True,65110,False,,,,False,False,8.692676249144421,65110,Other,-2,False,active
10746293,ZEB TYRES LIMITED,active,ltd,2017-04-28,520-522 Moseley Road,,Birmingham,B12 9AE,England,['45320'],ZEBTYRES,B12,ZEBTYRES|B12,micro-entity,2025-04-30,2027-01-31,True,False,45320,False,,,,False,False,8.684462696783026,45320,Other,-2,False,active
10746962,PELLS ASSOCIATES LTD,active,ltd,2017-04-28,64 High Street,,Belper,DE56 1GF,England,['91040'],PELLSASSOCIATES,DE56,PELLSASSOCIATES|DE56,dormant,2024-04-23,2026-01-31,True,False,91040,False,,,,False,False,8.684462696783026,91040,Other,-2,False,active
10747819,CB ODDIE LTD,active,ltd,2017-05-02,Odd One Out,28 Mersea Road,Colchester,CO2 7ET,England,['56302'],CBODDIE,CO2,CBODDIE|CO2,micro-entity,2025-04-30,2027-01-31,True,False,56302,False,,,,False,False,8.673511293634498,56302,Other,-2,False,active
10750976,STS-UK LIMITED,active,ltd,2017-05-03,Unit 8 Hunters Crescent,Tarvin,Chester,CH3 8EY,United Kingdom,['43999'],STSUK,CH3,STSUK|CH3,dormant,2025-05-31,2027-02-28,True,False,43999,False,,,,False,False,8.670773442847365,43999,Buildings,-2,False,active
10755135,CARMANIA CATERING LTD,active,ltd,2017-05-05,772 Finchley Road,,London,NW11 7TH,United Kingdom,['56101'],CARMANIACATERING,NW11,CARMANIACATERING|NW11,micro-entity,2022-05-31,2024-02-29,True,True,56101,False,,,,False,False,8.6652977412731,56101,Other,-2,False,active
10763312,ADAM MOLKA WEDDING PHOTOGRAPHY LTD,active,ltd,2017-05-10,"Office 53b, 182-184 High Street North",,London,E6 2JA,United Kingdom,['74202'],ADAMMOLKAWEDDINGPHOTOGRAPHY,E6,ADAMMOLKAWEDDINGPHOTOGRAPHY|E6,micro-entity,2024-05-31,2026-02-28,True,False,74202,False,,,,False,False,8.65160848733744,74202,Other,-2,False,active
10770648,BOROUGH MUNCH LIMITED,active,ltd,2017-05-15,124-131  Market Stall Borough Market,,Halifax,HX1 1DZ,England,['56103'],BOROUGHMUNCH,HX1,BOROUGHMUNCH|HX1,micro-entity,2022-05-31,2024-02-29,True,True,56103,False,,,,False,False,8.63791923340178,56103,Other,-2,False,active
10770880,W F ELECTRICAL SOLUTIONS LIMITED,active,ltd,2017-05-15,Flat K,5 Gloucester Street,London,SW1V 2DB,England,['43210'],WFELECTRICALSOLUTIONS,SW1V,WFELECTRICALSOLUTIONS|SW1V,micro-entity,2024-05-31,2026-02-28,True,False,43210,False,,,,False,False,8.63791923340178,43210,Buildings,-2,False,active
10775066,DANNY & SON CONSTRUCTION LIMITED,active,ltd,2017-05-17,250 High Road,Unit 6,London,N15 4AJ,United Kingdom,['41202'],DANNYANDSONCONSTRUCTION,N15,DANNYANDSONCONSTRUCTION|N15,dormant,2023-03-31,2024-12-31,True,True,41202,False,,,,False,False,8.632443531827516,41202,Buildings,-2,False,active
10777423,LITTLE JANNAH DAYCARE NURSERY LTD.,active,ltd,2017-05-18,264 Grange Road 264 Grange Road,,London,SE19 3DF,England,['88910'],LITTLEJANNAHDAYCARENURSERY,SE19,LITTLEJANNAHDAYCARENURSERY|SE19,dormant,2024-05-31,2026-02-28,True,False,88910,False,,,,False,False,8.629705681040383,88910,Other,-2,False,active
10778001,GOB MANCHESTER LIMITED,active,ltd,2017-05-18,1 Swains End,Swains Road,Bembridge,PO35 5XT,England,['56101'],GOBMANCHESTER,PO35,GOBMANCHESTER|PO35,dormant,2024-05-31,2026-02-28,True,False,56101,False,,,,False,False,8.629705681040383,56101,Other,-2,False,active
10787575,ASPIRE MENTORING SERVICES LTD,active,ltd,2017-05-24,89a Essington Road,,Willenhall,WV12 5DT,England,['82990'],ASPIREMENTORING,WV12,ASPIREMENTORING|WV12,micro-entity,2020-09-30,2022-06-30,True,True,82990,False,,,,False,False,8.61327857631759,82990,Buildings,-2,False,active
10791672,ROOM 17 STUDIO LTD,active,ltd,2017-05-26,11 High Street,Ruddington,Nottingham,NG11 6DT,England,['62011'],ROOM17STUDIO,NG11,ROOM17STUDIO|NG11,micro-entity,2022-03-31,2024-03-31,True,True,62011,False,,,,False,False,8.607802874743326,62011,Other,-2,False,active
10794102,RICHMOND LIQUIDITY MANAGEMENT LIMITED,active,ltd,2017-05-30,"Regal House 3rd Floor, C/O Regus",70 London Road,Twickenham,TW1 3QS,England,['64999'],RICHMONDLIQUIDITYMANAGEMENT,TW1,RICHMONDLIQUIDITYMANAGEMENT|TW1,micro-entity,2022-05-31,2024-02-29,True,True,64999,False,,,,False,False,8.596851471594798,64999,Other,-2,False,active
10796492,C.A.S MECHANICAL SERVICES LTD,active,ltd,2017-05-31,42 Coalway Road,,Walsall,WS3 2PU,England,['82990'],CASMECHANICAL,WS3,CASMECHANICAL|WS3,micro-entity,2022-05-31,2024-02-29,True,True,82990,False,,,,False,False,8.594113620807667,82990,Buildings,-2,False,active
10800568,FERDYNAND DUTLOW LTD,active,ltd,2017-06-02,13 Pemberton Drive,,Bradford,BD7 1RA,England,['49410'],FERDYNANDDUTLOW,BD7,FERDYNANDDUTLOW|BD7,micro-entity,2023-05-31,2025-02-28,True,True,49410,False,,,,False,False,8.588637919233403,49410,Transport,-2,False,active
10819876,TJM MAINTENANCE LIMITED,active,ltd,2017-06-15,148 Plashet Road,,London,E13 0QS,United Kingdom,['81100'],TJMMAINTENANCE,E13,TJMMAINTENANCE|E13,micro-entity,2024-06-30,2026-03-31,True,False,81100,False,,,,False,False,8.553045859000685,81100,Buildings,-2,False,active
10827981,FPI CO 149 LTD,active,ltd,2017-06-20,16 Carolina Way,Quays Reach,Salford,M50 2ZY,England,['68100'],FPICO149,M50,FPICO149|M50,dormant,2019-06-30,2021-06-30,True,True,68100,False,,,,False,False,8.539356605065024,68100,Buildings,-2,False,active
10890943,FABB DOMESTIC AND COMMERCIAL SERVICES LIMITED,active,ltd,2017-07-31,10890943: COMPANIES HOUSE DEFAULT ADDRESS,,Cardiff,CF14 8LH,,['94110'],FABBDOMESTICANDCOMMERCIAL,CF14,FABBDOMESTICANDCOMMERCIAL|CF14,micro-entity,2019-07-31,2021-04-30,True,True,94110,False,,,,False,False,8.427104722792608,94110,Other,-2,False,active
10915487,DARWIOLL LTD,active,ltd,2017-08-15,Flat 28 Priory Court,59 Waterloo Road,Wolverhampton,WV1 4QG,United Kingdom,['49410'],DARWIOLL,WV1,DARWIOLL|WV1,micro-entity,2024-08-31,2026-05-31,True,False,49410,False,,,,False,False,8.386036960985626,49410,Transport,-2,False,active
10941529,CLIVES WINES LTD,active,ltd,2017-09-01,2 Tudor Park Gardens,,Burntwood,WS7 0BA,United Kingdom,['82990'],CLIVESWINES,WS7,CLIVESWINES|WS7,micro-entity,2024-09-30,2026-06-30,True,False,82990,False,,,,False,False,8.33949349760438,82990,Buildings,-2,False,active
10994654,ACHEASON PHARMACY LIMITED,active,ltd,2017-10-03,"C/O Amin, Patel & Shah Accountants",334 - 336 Goswell Road,London,EC1V 7RP,England,['47730'],ACHEASONPHARMACY,EC1V,ACHEASONPHARMACY|EC1V,micro-entity,2021-11-30,2023-11-30,True,True,47730,False,,,,False,False,8.251882272416154,47730,Other,-2,False,active
10994902,ANDREW & LAW LIMITED,active,ltd,2017-10-04,24b Coombe Road,,New Malden,KT3 4QE,England,['69109'],ANDREWANDLAW,KT3,ANDREWANDLAW|KT3,dormant,2025-02-14,2026-11-14,True,False,69109,False,,,,False,False,8.24914442162902,69109,Other,-2,False,active
10995115,BRITANNIA AUTOMATION LIMITED,active,ltd,2017-10-04,Onega House,112 Main Road,Sidcup,DA14 6NE,United Kingdom,['82990'],BRITANNIAAUTOMATION,DA14,BRITANNIAAUTOMATION|DA14,dormant,2020-10-31,2022-10-31,True,True,82990,False,,,,False,False,8.24914442162902,82990,Buildings,-2,False,active
11003969,STEAM CLEAN YOUR CARPET LIMITED,active,ltd,2017-10-10,4 Alderton Crescent,,London,NW4 3XT,United Kingdom,['81210'],STEAMCLEANYOURCARPET,NW4,STEAMCLEANYOURCARPET|NW4,micro-entity,2024-09-30,2026-06-30,True,False,81210,False,,,,False,False,8.232717316906228,81210,Buildings,-2,False,active
11026572,CBDCHEM LIMITED,active,ltd,2017-10-23,Wyken Medical Centre,Brixham Drive,Coventry,CV2 3LB,United Kingdom,['86900'],CBDCHEM,CV2,CBDCHEM|CV2,micro-entity,2024-10-31,2026-07-30,True,False,86900,False,,,,False,False,8.19712525667351,86900,Other,-2,False,active
11043345,JMH TM LIMITED,active,ltd,2017-11-02,39 High Brink Road,Coleshill,Birmingham,B46 1BH,England,['42110'],JMHTM,B46,JMHTM|B46,micro-entity,2024-11-30,2026-08-31,True,False,42110,False,,,,False,False,8.16974674880219,42110,Buildings,-2,False,active
11045306,EVI SOLUTIONS LIMITED,active,ltd,2017-11-02,89b The Old Church,89b Quicks Road,Wimbledon,SW19 1EX,United Kingdom,['29310'],EVISOLUTIONS,SW19,EVISOLUTIONS|SW19,micro-entity,2020-12-31,2022-09-30,True,True,29310,False,,,,False,False,8.16974674880219,29310,Industrial,-2,False,active
11104946,ARCHWAY NORTHAMPTON LIMITED,active,ltd,2017-12-11,7 St Pauls Yard,Silver Street,Newport Pagnell,MK16 0EG,England,['41100'],ARCHWAYNORTHAMPTON,MK16,ARCHWAYNORTHAMPTON|MK16,micro-entity,2022-05-31,2024-02-29,True,True,41100,False,,,,False,False,8.062970568104038,41100,Buildings,-2,False,active
11106327,BEST CARE 17 LIMITED,active,ltd,2017-12-11,"30 St Loy's Road, London",30 St. Loy's Road,London,N17 6UD,England,['96090'],BESTCARE17,N17,BESTCARE17|N17,micro-entity,2022-12-31,2024-09-30,True,True,96090,False,,,,False,False,8.062970568104038,96090,Other,-2,False,active
11106995,CLD SIGNALLING LIMITED,active,ltd,2017-12-12,Stewart House,139 Tonge Moor Road,Bolton,BL2 2HR,England,['82990'],CLDSIGNALLING,BL2,CLDSIGNALLING|BL2,micro-entity,2023-12-31,2025-09-30,True,True,82990,False,,,,False,False,8.060232717316905,82990,Buildings,-2,False,active
11115331,LAUGAN PROPERTIES LIMITED,active,ltd,2017-12-18,9 Woodgate Drive,,London,SW16 5YP,United Kingdom,['41100'],LAUGANPROPERTIES,SW16,LAUGANPROPERTIES|SW16,micro-entity,2024-03-31,2025-12-31,True,True,41100,False,,,,False,False,8.043805612594113,41100,Buildings,-2,False,active
11121448,BCP TECHNOLOGIES LTD,active,ltd,2017-12-21,Riley Studios,724 Holloway Road,London,N19 3JD,England,['62012'],BCPTECHNOLOGIES,N19,BCPTECHNOLOGIES|N19,micro-entity,2025-03-31,2026-12-31,True,False,62012,False,,,,False,False,8.035592060232718,62012,Other,-2,False,active
11125957,DELMARCO PROPERTIES LTD,active,ltd,2017-12-28,1 Market Hill,,Calne,SN11 0BT,United Kingdom,['68209'],DELMARCOPROPERTIES,SN11,DELMARCOPROPERTIES|SN11,micro-entity,2024-11-30,2026-08-31,True,False,68209,False,,,,False,False,8.016427104722792,68209,Buildings,-2,False,active
11142325,WEST RIDING ENGINEERING SERVICES LTD,active,ltd,2018-01-10,28 Lords Lane,,Brighouse,HD6 3RF,England,['30300'],WESTRIDINGENGINEERING,HD6,WESTRIDINGENGINEERING|HD6,micro-entity,2023-01-31,2024-10-31,True,True,30300,False,,,,False,False,7.9808350444900755,30300,Industrial,-2,False,active
11143295,YK CONCEPTS UK LTD,active,ltd,2018-01-10,5 Blyth Avenue,Eccles,Manchester,M30 0YR,United Kingdom,['70229'],YKCONCEPTS,M30,YKCONCEPTS|M30,micro-entity,2023-01-29,2024-10-29,True,True,70229,False,,,,False,False,7.9808350444900755,70229,Other,-2,False,active
11144405,JOR-EL LTD,active,ltd,2018-01-11,36 Harrington Road,,Worcester,WR2 5HD,United Kingdom,['77110'],JOREL,WR2,JOREL|WR2,dormant,2023-01-31,2024-10-31,True,True,77110,False,,,,False,False,7.9780971937029435,77110,Other,-2,False,active
11148377,ALDERMAN LOGISTICS LTD,active,ltd,2018-01-15,23-27 Bolton Street,,Chorley,PR7 3AA,United Kingdom,['49410'],ALDERMANLOGISTICS,PR7,ALDERMANLOGISTICS|PR7,dormant,2024-01-31,2025-10-31,True,True,49410,False,,,,False,False,7.967145790554415,49410,Transport,-2,False,active
11151768,BICESTER - HOJ LTD,active,ltd,2018-01-16,11151768 - COMPANIES HOUSE DEFAULT ADDRESS,,Cardiff,CF14 8LH,,['56101'],BICESTERHOJ,CF14,BICESTERHOJ|CF14,dormant,2022-01-31,2023-10-31,True,True,56101,False,,,,False,False,7.964407939767283,56101,Other,-2,False,active
11161155,BAZZA COURIER LIMITED,active,ltd,2018-01-22,68 Black Bull Lane,Fulwood,Preston,PR2 3JX,England,['53201'],BAZZACOURIER,PR2,BAZZACOURIER|PR2,micro-entity,2022-01-31,2024-01-31,True,True,53201,False,,,,False,False,7.94798083504449,53201,Transport,-2,False,active
11174634,CLEETHORPES HAIR LOUNGE LTD,active,ltd,2018-01-29,19 Kingsway,,Cleethorpes,DN35 8QL,United Kingdom,['96020'],CLEETHORPESHAIRLOUNGE,DN35,CLEETHORPESHAIRLOUNGE|DN35,micro-entity,2023-07-31,2025-04-30,True,True,96020,False,,,,False,False,7.928815879534565,96020,Other,-2,False,active
11175505,BK BUILDING LTD,active,ltd,2018-01-29,The Workspace,All Saints Road,Wolverhampton,WV2 1EL,England,['41202'],BKBUILDING,WV2,BKBUILDING|WV2,micro-entity,2024-01-31,2025-10-31,True,True,41202,False,,,,False,False,7.928815879534565,41202,Buildings,-2,False,active
11178742,SMARTDIL LTD,active,ltd,2018-01-30,1 Camellia Close,,London,E10 5GT,England,['56103'],SMARTDIL,E10,SMARTDIL|E10,dormant,2025-01-31,2026-10-31,True,False,56103,False,,,,False,False,7.926078028747433,56103,Other,-2,False,active
11180858,BELLS CONSULTING LIMITED,active,ltd,2018-01-31,11180858 - COMPANIES HOUSE DEFAULT ADDRESS,,Cardiff,CF14 8LH,,['96090'],BELLSCONSULTING,CF14,BELLSCONSULTING|CF14,unaudited-abridged,2023-01-31,2024-10-31,True,True,96090,False,,,,False,False,7.923340177960301,96090,Other,-2,False,active
11186681,JAXA TRANSPORT LIMITED,active,ltd,2018-02-05,10 Swallow Close,,Luton,LU4 0XS,England,['53202'],JAXATRANSPORT,LU4,JAXATRANSPORT|LU4,micro-entity,2024-02-28,2026-02-28,True,False,53202,False,,,,False,False,7.909650924024641,53202,Transport,-2,False,active
11193067,THE TAJ SKIPTON LIMITED,active,ltd,2018-02-07,56 Broughton Road,,Skipton,BD23 1SS,England,['56103'],THETAJSKIPTON,BD23,THETAJSKIPTON|BD23,micro-entity,2024-02-28,2025-11-30,True,True,56103,False,,,,False,False,7.904175222450377,56103,Other,-2,False,active
11193509,HANDS ON PGE LIMITED,active,ltd,2018-02-07,"1st Floor, The Syms Building Bumpers Way",Bumpers Farm,Chippenham,SN14 6LH,United Kingdom,['99999'],HANDSONPGE,SN14,HANDSONPGE|SN14,micro-entity,2023-03-31,2024-12-31,True,True,99999,False,,,,False,False,7.904175222450377,99999,Other,-2,False,active
11201412,AMARA ANDREWS LTD,active,ltd,2018-02-12,3 Anchor Court Talbot Lane,Horsham,West Sussex,RH12 1ET,United Kingdom,['71122'],AMARAANDREWS,RH12,AMARAANDREWS|RH12,micro-entity,2023-02-28,2024-11-30,True,True,71122,False,,,,False,False,7.8904859685147155,71122,Other,-2,False,active
11202741,CERBERUS ORGANIC DOG FOOD LTD,active,ltd,2018-02-13,3 Vista Place,Ingworth Road,Poole,BH12 1JY,United Kingdom,['10920'],CERBERUSORGANICDOGFOOD,BH12,CERBERUSORGANICDOGFOOD|BH12,micro-entity,2024-02-28,2025-11-30,True,True,10920,False,,,,False,False,7.887748117727583,10920,Industrial,-2,False,active
11209846,K H CONSTRUCTORS LTD,active,ltd,2018-02-16,190 Billet Road,,London,E17 5DX,United Kingdom,['96090'],KHCONSTRUCTORS,E17,KHCONSTRUCTORS|E17,micro-entity,2022-02-28,2024-02-29,True,True,96090,False,,,,False,False,7.879534565366187,96090,Other,-2,False,active
11252993,S&K TRADERS LTD,active,ltd,2018-03-13,1 Fern Avenue,,Mitcham,CR4 1LS,England,['46420'],SANDKTRADERS,CR4,SANDKTRADERS|CR4,micro-entity,2023-03-31,2024-12-31,True,True,46420,False,,,,False,False,7.811088295687885,46420,Other,-2,False,active
11263772,SECOND ELEMENT AGRICULTURE LTD,active,ltd,2018-03-20,1 Clare Cottage,Gallamore Lane,Market Rasen,LN8 3HZ,United Kingdom,['01110'],SECONDELEMENTAGRICULTURE,LN8,SECONDELEMENTAGRICULTURE|LN8,micro-entity,2024-10-31,2026-07-31,True,False,01110,False,,,,False,False,7.79192334017796,01110,Other,-2,False,active
11291572,BUSINESS POWER SOLUTIONS LTD,active,ltd,2018-04-04,11291572 - COMPANIES HOUSE DEFAULT ADDRESS,,Cardiff,CF14 8LH,,['61900'],BUSINESSPOWERSOLUTIONS,CF14,BUSINESSPOWERSOLUTIONS|CF14,micro-entity,2022-04-30,2024-01-31,True,True,61900,False,,,,False,False,7.750855578370979,61900,Other,-2,False,active
11300833,EAST ANGLIA CASTLE CARE LTD,active,ltd,2018-04-10,54 Thorpe Road,,Norwich,NR1 1RY,England,['96090'],EASTANGLIACASTLECARE,NR1,EASTANGLIACASTLECARE|NR1,micro-entity,2024-04-30,2026-01-31,True,False,96090,False,,,,False,False,7.734428473648186,96090,Other,-2,False,active
11306923,GROSVENOR INVESTIGATIONS LIMITED,active,ltd,2018-04-12,33 Havering Drive,,Romford,RM1 4BH,United Kingdom,['80300'],GROSVENORINVESTIGATIONS,RM1,GROSVENORINVESTIGATIONS|RM1,micro-entity,2020-04-30,2022-01-31,True,True,80300,False,,,,False,False,7.728952772073922,80300,Other,-2,False,active
11323762,AVIATION SOLUTIONS INTERNATIONAL (UK) LTD,active,ltd,2018-04-23,Beechfell Salterley Grange,Leckhampton Hill,Cheltenham,GL53 9QW,England,['82990'],AVIATIONSOLUTIONSINTERNATIONALUK,GL53,AVIATIONSOLUTIONSINTERNATIONALUK|GL53,micro-entity,2022-04-30,2024-01-31,True,True,82990,False,,,,False,False,7.698836413415469,82990,Buildings,-2,False,active
11324336,S.TAYLOR LOGISTICS CONSULTING LTD,active,ltd,2018-04-23,5 Coxwold View,,Wetherby,LS22 7PU,United Kingdom,['70229'],STAYLORLOGISTICSCONSULTING,LS22,STAYLORLOGISTICSCONSULTING|LS22,micro-entity,2024-04-30,2026-01-31,True,False,70229,False,,,,False,False,7.698836413415469,70229,Other,-2,False,active
11325924,CBDSHED LIMITED,active,ltd,2018-04-24,24 Ravenscliffe Avenue,,Bradford,BD10 0HU,United Kingdom,['47290'],CBDSHED,BD10,CBDSHED|BD10,micro-entity,2024-04-28,2026-01-28,True,False,47290,False,,,,False,False,7.696098562628337,47290,Other,-2,False,active
11337773,SHAPE YOUR FUTURE ONLINE LTD,active,ltd,2018-04-30,219 219 Providence Road,,Sheffield,S6 5BH,England,['70229'],SHAPEYOURFUTUREONLINE,S6,SHAPEYOURFUTUREONLINE|S6,micro-entity,2024-04-30,2026-01-31,True,False,70229,False,,,,False,False,7.6796714579055445,70229,Other,-2,False,active
11341834,ALLIANCE MORTGAGES LTD,active,ltd,2018-05-02,Diamond House Office 6 & 7 20a Vaux Road,Finedon Road Industrial Estate,Wellingborough,NN8 4TG,England,['64922'],ALLIANCEMORTGAGES,NN8,ALLIANCEMORTGAGES|NN8,dormant,2024-05-31,2026-02-28,True,False,64922,False,,,,False,False,7.67419575633128,64922,Other,-2,False,active
11342437,TOMLINSON TREES CONTRACTORS LIMITED,active,ltd,2018-05-02,40 Conway Road,,Paignton,TQ4 5LH,England,['02400'],TOMLINSONTREESCONTRACTORS,TQ4,TOMLINSONTREESCONTRACTORS|TQ4,micro-entity,2022-05-31,2024-02-29,True,True,02400,False,,,,False,False,7.67419575633128,02400,Other,-2,False,active
11342682,JAS HAIR &BEAUTY LIMITED,active,ltd,2018-05-02,102 High Street Feltham High Street,,Feltham,TW13 4EX,United Kingdom,['96020'],JASHAIRANDBEAUTY,TW13,JASHAIRANDBEAUTY|TW13,micro-entity,2025-05-31,2027-02-28,True,False,96020,False,,,,False,False,7.67419575633128,96020,Other,-2,False,active
11351537,KIROJ LIMITED,active,ltd,2018-05-09,Flat 11 729-735 Christchurch Road,,Bournemouth,BH7 6AQ,England,['33150'],KIROJ,BH7,KIROJ|BH7,micro-entity,2022-05-31,2024-02-29,True,True,33150,False,,,,False,False,7.655030800821355,33150,Industrial,-2,False,active
11352199,HWL 002 LIMITED,active,ltd,2018-05-09,Suite 13 Durham Tees Valley Business Centre,Orde Wingate Way,Stockton-On-Tees,TS19 0GD,England,['68209'],HWL002,TS19,HWL002|TS19,micro-entity,2023-05-31,2025-02-28,True,True,68209,False,,,,False,False,7.655030800821355,68209,Buildings,-2,False,active
11354503,EGIS BUSINESS CONSULTING LTD,active,ltd,2018-05-10,94 Botwell Common Road,,Hayes,UB3 1JD,,['84240'],EGISBUSINESSCONSULTING,UB3,EGISBUSINESSCONSULTING|UB3,micro-entity,2024-05-31,2026-05-31,True,False,84240,False,,,,False,False,7.652292950034223,84240,Other,-2,False,active
11360857,MURPHY'S AUTOMOTIVE ENGINEERING LTD,active,ltd,2018-05-14,18 Throxenby Way,Clayton,Bradford,BD14 6EU,United Kingdom,['45200'],MURPHYSAUTOMOTIVEENGINEERING,BD14,MURPHYSAUTOMOTIVEENGINEERING|BD14,dormant,2024-05-31,2026-02-28,True,False,45200,False,,,,False,False,7.641341546885695,45200,Other,-2,False,active
11365695,HILAL DINCER LTD,active,ltd,2018-05-16,112 Princes Gardens,,London,W3 0LJ,England,['93199'],HILALDINCER,W3,HILALDINCER|W3,micro-entity,2025-09-30,2027-06-30,True,False,93199,False,,,,False,False,7.6358658453114305,93199,Other,-2,False,active
11372443,AARUSHI FASHION HUB LIMITED,active,ltd,2018-05-21,24 Brackley Close,,Leicester,LE4 9BH,England,['13990'],AARUSHIFASHIONHUB,LE4,AARUSHIFASHIONHUB|LE4,dormant,2025-05-31,2027-02-28,True,False,13990,False,,,,False,False,7.62217659137577,13990,Industrial,-2,False,active
11374585,PAINTING CLASSIC CARS LIMITED,active,ltd,2018-05-22,Unit 2 Birch Close,,Eastbourne,BN23 6PE,England,['45200'],PAINTINGCLASSICCARS,BN23,PAINTINGCLASSICCARS|BN23,micro-entity,2024-05-31,2026-02-28,True,False,45200,False,,,,False,False,7.619438740588638,45200,Other,-2,False,active
11375674,EVENTS OF ELEGANCE LIMITED,active,ltd,2018-05-22,1 Gurneys Lane,Gurneys Lane,Droitwich,WR9 8EL,United Kingdom,['82301'],EVENTSOFELEGANCE,WR9,EVENTSOFELEGANCE|WR9,micro-entity,2022-05-31,2024-02-29,True,True,82301,False,,,,False,False,7.619438740588638,82301,Buildings,-2,False,active
11377425,MUMMY FOOD LIMITED,active,ltd,2018-05-23,21 London Road,,Hastings,TN37 6AJ,United Kingdom,['56103'],MUMMYFOOD,TN37,MUMMYFOOD|TN37,micro-entity,2022-05-31,2024-02-29,True,True,56103,False,,,,False,False,7.616700889801506,56103,Other,-2,False,active
11382677,YAHAM UK LTD,active,ltd,2018-05-25,First Floor Suite,2 Hillside Business Park,Bury St Edmunds,IP32 7EA,United Kingdom,['47990'],YAHAM,IP32,YAHAM|IP32,micro-entity,2023-05-31,2025-02-28,True,True,47990,False,,,,False,False,7.611225188227242,47990,Other,-2,False,active
11388524,JOE CRUISE LIMITED,active,ltd,2018-05-30,30 Harborough Road,,Northampton,NN2 7AZ,England,['42990'],JOECRUISE,NN2,JOECRUISE|NN2,micro-entity,2024-05-31,2026-02-28,True,False,42990,False,,,,False,False,7.597535934291581,42990,Buildings,-2,False,active
11390044,24 CAR CONCIERGE LTD,active,ltd,2018-05-31,28 Prothero Gardens,,London,NW4 3SL,England,['49390'],24CARCONCIERGE,NW4,24CARCONCIERGE|NW4,micro-entity,2023-05-31,2025-02-28,True,True,49390,False,,,,False,False,7.594798083504449,49390,Transport,-2,False,active
11391120,FIRST DUCT WORKERS LTD,active,ltd,2018-05-31,1 Searles Drive,,Beckton,E6 6NE,England,['43220'],FIRSTDUCTWORKERS,E6,FIRSTDUCTWORKERS|E6,micro-entity,2022-05-31,2024-02-29,True,True,43220,False,,,,False,False,7.594798083504449,43220,Buildings,-2,False,active
11399362,AHMED ALKAISY ESTATES LTD,active,ltd,2018-06-05,76a The Broadway,,Greenford,UB6 9QA,England,['77400'],AHMEDALKAISYESTATES,UB6,AHMEDALKAISYESTATES|UB6,micro-entity,2021-06-30,2023-03-31,True,True,77400,False,,,,False,False,7.581108829568788,77400,Other,-2,False,active
11413386,CODFATHER HOUSE LTD,active,ltd,2018-06-13,52 King Street,Darlaston,Wednesbury,WS10 8DE,United Kingdom,['56103'],CODFATHERHOUSE,WS10,CODFATHERHOUSE|WS10,micro-entity,2023-06-30,2025-03-23,True,True,56103,False,,,,False,False,7.559206023271732,56103,Other,-2,False,active
11447321,DE FOUNTAIN CHILDCARE LIMITED,active,ltd,2018-07-04,44-45 Windmill Street,,Gravesend,DA12 1BA,,['85100'],DEFOUNTAINCHILDCARE,DA12,DEFOUNTAINCHILDCARE|DA12,micro-entity,2022-07-31,2024-04-30,True,True,85100,False,,,,False,False,7.501711156741957,85100,Other,-2,False,active
11450610,KMR AVIATION SERVICES LTD,active,ltd,2018-07-05,23 Glebelands,Claygate,Esher,KT10 0LF,England,['33160'],KMRAVIATION,KT10,KMRAVIATION|KT10,micro-entity,2021-07-31,2023-04-30,True,True,33160,False,,,,False,False,7.498973305954825,33160,Industrial,-2,False,active
11450771,L J NAILS & BEAUTY LIMITED,active,ltd,2018-07-05,10 High Street,,Kidlington,OX5 2DH,England,['96020'],LJNAILSANDBEAUTY,OX5,LJNAILSANDBEAUTY|OX5,micro-entity,2022-05-31,2024-02-29,True,True,96020,False,,,,False,False,7.498973305954825,96020,Other,-2,False,active
11468417,VNTY UK LIMITED,active,ltd,2018-07-17,12 London Road,,Morden,SM4 5BQ,England,['86900'],VNTY,SM4,VNTY|SM4,micro-entity,2023-07-31,2025-04-30,True,True,86900,False,,,,False,False,7.4661190965092405,86900,Other,-2,False,active
11503016,KELZ SWEET CREATIONS LTD,active,ltd,2018-08-07,144 New Road,,Rubery,B45 9JA,United Kingdom,['56290'],KELZSWEETCREATIONS,B45,KELZSWEETCREATIONS|B45,micro-entity,2025-08-31,2027-05-31,True,False,56290,False,,,,False,False,7.408624229979466,56290,Other,-2,False,active
11523596,ETERNACLIN LTD,active,ltd,2018-08-17,32a Church Street,,Ashbourne,DE6 1AE,England,['82990'],ETERNACLIN,DE6,ETERNACLIN|DE6,micro-entity,2023-08-31,2025-05-31,True,True,82990,False,,,,False,False,7.381245722108145,82990,Buildings,-2,False,active
11530701,LA SORORITÉ LTD,active,ltd,2018-08-22,Edgemere Stables Edge Green Lane,Edge,Malpas,SY14 8LG,England,['47710'],LASORORITE,SY14,LASORORITE|SY14,micro-entity,2021-08-31,2023-05-31,True,True,47710,False,,,,False,False,7.367556468172484,47710,Other,-2,False,active
11549170,DEREK MURRAY FORMWORK LTD,active,ltd,2018-09-03,Flat 6 36 Sefton Park Road,,Bristol,BS7 9AJ,England,['42990'],DEREKMURRAYFORMWORK,BS7,DEREKMURRAYFORMWORK|BS7,micro-entity,2022-09-30,2024-06-30,True,True,42990,False,,,,False,False,7.3347022587268995,42990,Buildings,-2,False,active
11549371,ELECTRITEC LTD,active,ltd,2018-09-03,58 Jackson Road,,Matlock,DE4 3JQ,England,['43210'],ELECTRITEC,DE4,ELECTRITEC|DE4,micro-entity,2024-09-30,2026-06-30,True,False,43210,False,,,,False,False,7.3347022587268995,43210,Buildings,-2,False,active
11561072,MMM CASAMIA LTD,active,ltd,2018-09-10,27 Queensway 27 Queensway,,London,W2 4QJ,United Kingdom,['56290'],MMMCASAMIA,W2,MMMCASAMIA|W2,micro-entity,2023-09-30,2025-06-30,True,True,56290,False,,,,False,False,7.315537303216975,56290,Other,-2,False,active
11581762,DRIVEIT GLOBAL LTD,active,ltd,2018-09-21,14 Rochester Avenue,,Feltham,TW13 4EA,England,['62030'],DRIVEITGLOBAL,TW13,DRIVEITGLOBAL|TW13,dormant,2022-09-30,2024-06-30,True,True,62030,False,,,,False,False,7.285420944558521,62030,Other,-2,False,active
11582000,SPARKLE CONSULTANCY LTD,active,ltd,2018-09-21,124 City Road,,London,EC1V 2NX,,['70229'],SPARKLECONSULTANCY,EC1V,SPARKLECONSULTANCY|EC1V,micro-entity,2020-09-30,2022-09-30,True,True,70229,False,,,,False,False,7.285420944558521,70229,Other,-2,False,active
11591725,ATC PLUMBING AND HEATING LTD,active,ltd,2018-09-27,7 Fountain Square,Barrowford,Nelson,BB9 6EJ,England,['43220'],ATCPLUMBINGANDHEATING,BB9,ATCPLUMBINGANDHEATING|BB9,dormant,2020-09-30,2022-06-30,True,True,43220,False,,,,False,False,7.268993839835729,43220,Buildings,-2,False,active
11600249,TASTE RIGHT LIMITED,active,ltd,2018-10-02,Flat 12 Merrow Court,Phipps Bridge Rd,Mitcham Surrey,CR4 3PN,,['56210'],TASTERIGHT,CR4,TASTERIGHT|CR4,dormant,2019-10-31,2021-07-31,True,True,56210,False,,,,False,False,7.255304585900069,56210,Other,-2,False,active
11604920,INSIGHT PMI LTD,active,ltd,2018-10-04,Wittas House Two Rivers,Station Lane,Witney,OX28 4BH,England,['68209'],INSIGHTPMI,OX28,INSIGHTPMI|OX28,micro-entity,2024-06-30,2026-03-31,True,False,68209,False,,,,False,False,7.2498288843258045,68209,Buildings,-2,False,active
11606933,G R BELL LTD,active,ltd,2018-10-05,Wellington House,273-275 High Street,London Colney,AL2 1HA,United Kingdom,['59111'],GRBELL,AL2,GRBELL|AL2,micro-entity,2021-10-30,2023-10-30,True,True,59111,False,,,,False,False,7.2470910335386725,59111,Other,-2,False,active
11631290,S.D FAIR SHIPPING LTD,active,ltd,2018-10-19,17 Rothesay Terrace,,Northampton,NN2 7ER,United Kingdom,['51210'],SDFAIRSHIPPING,NN2,SDFAIRSHIPPING|NN2,micro-entity,2022-10-31,2024-07-31,True,True,51210,False,,,,False,False,7.208761122518823,51210,Transport,-2,False,active
11678666,DAVID PROPERTY DEVELOPMENT LTD,active,ltd,2018-11-15,1 Nashenden Lane,,Rochester,ME1 3JQ,,['41100'],DAVIDPROPERTYDEVELOPMENT,ME1,DAVIDPROPERTYDEVELOPMENT|ME1,dormant,2019-11-30,2021-08-31,True,True,41100,False,,,,False,False,7.134839151266256,41100,Buildings,-2,False,active
11681267,BFM LONDON LIMITED,active,ltd,2018-11-16,135 Withy Mead,,London,E4 6JW,United Kingdom,['70229'],BFMLONDON,E4,BFMLONDON|E4,dormant,2024-11-30,2026-08-31,True,False,70229,False,,,,False,False,7.132101300479124,70229,Other,-2,False,active
11726681,BILLY AMAZING SHIPPING SERVICE LTD,active,ltd,2018-12-14,20 Cosby Road,,Nottingham,NG2 4BW,England,['47990'],BILLYAMAZINGSHIPPINGSERVICE,NG2,BILLYAMAZINGSHIPPINGSERVICE|NG2,micro-entity,2021-11-30,2023-11-30,True,True,47990,False,,,,False,False,7.055441478439425,47990,Other,-2,False,active
11758250,KJ CONSTRUCTION AND TRADING LTD,active,ltd,2019-01-09,23 Sherwell Road Sherwell Road,,Manchester,M9 8JA,England,['41202'],KJCONSTRUCTIONANDTRADING,M9,KJCONSTRUCTIONANDTRADING|M9,micro-entity,2024-01-31,2025-10-31,True,True,41202,False,,,,False,False,6.98425735797399,41202,Buildings,-2,False,active
11760127,EMMA MARIE BARTON CARE LTD,active,ltd,2019-01-10,9 Abberley Close,,Halesowen,B63 4LU,United Kingdom,['87100'],EMMAMARIEBARTONCARE,B63,EMMAMARIEBARTONCARE|B63,micro-entity,2022-01-31,2024-01-31,True,True,87100,False,,,,False,False,6.981519507186858,87100,Other,-2,False,active
11774185,SPAID LIMITED,active,ltd,2019-01-17,71-75 Shelton Street,,London,WC2H 9JQ,United Kingdom,['74100'],SPAID,WC2H,SPAID|WC2H,dormant,2023-01-31,2024-10-31,True,True,74100,False,,,,False,False,6.962354551676934,74100,Other,-2,False,active
11775626,GROUND CONTROL MMA LTD,active,ltd,2019-01-18,Norden House,Stowell Street,Newcastle Upon Tyne,NE1 4YB,England,['93130'],GROUNDCONTROLMMA,NE1,GROUNDCONTROLMMA|NE1,micro-entity,2023-01-31,2024-10-31,True,True,93130,False,,,,False,False,6.959616700889802,93130,Other,-2,False,active
11776272,MSP RECRUITMENT UK LTD,active,ltd,2019-01-18,West Link House,Great West Road,Brentford,TW8 9DN,United Kingdom,['78109'],MSPRECRUITMENT,TW8,MSPRECRUITMENT|TW8,micro-entity,2023-01-31,2024-10-31,True,True,78109,False,,,,False,False,6.959616700889802,78109,Other,-2,False,active
11780265,PRUDENTIA TAX LIMITED,active,ltd,2019-01-22,West One,114 Wellington Street,Leeds,LS1 1BA,United Kingdom,['69203'],PRUDENTIATAX,LS1,PRUDENTIATAX|LS1,micro-entity,2024-11-30,2026-08-31,True,False,69203,False,,,,False,False,6.9486652977412735,69203,Other,-2,False,active
11787657,RSE TRADING LIMITED,active,ltd,2019-01-25,93-101 Greenfield Road,,London,E1 1EJ,England,['49320'],RSETRADING,E1,RSETRADING|E1,micro-entity,2022-01-31,2024-01-31,True,True,49320,False,,,,False,False,6.940451745379876,49320,Transport,-2,False,active
11790561,NORDEN HOME AND DECOR LTD,active,ltd,2019-01-28,"Yale Business Village, St Andrews House C/O John Davies And Co",Ellice Way,Wrexham,LL13 7YL,Wales,['47599'],NORDENHOMEANDDECOR,LL13,NORDENHOMEANDDECOR|LL13,micro-entity,2025-01-31,2026-10-31,True,False,47599,False,,,,False,False,6.93223819301848,47599,Other,-2,False,active
11797154,DBB (PS) LIMITED,active,ltd,2019-01-30,142a Canterbury Road,,Folkestone,CT19 5PH,United Kingdom,['43999'],DBBPS,CT19,DBBPS|CT19,dormant,2024-01-31,2025-10-31,True,True,43999,False,,,,False,False,6.926762491444216,43999,Buildings,-2,False,active
11797482,CARNE CONSULTING LIMITED,active,ltd,2019-01-30,45 Wolsey Road,Hampton Hill,Hampton,TW12 1QP,United Kingdom,['73110'],CARNECONSULTING,TW12,CARNECONSULTING|TW12,micro-entity,2022-01-31,2023-10-31,True,True,73110,False,,,,False,False,6.926762491444216,73110,Other,-2,False,active
11804265,CURUK LTD,active,ltd,2019-02-04,78a High Street,,Poole,BH15 1DB,England,['96020'],CURUK,BH15,CURUK|BH15,micro-entity,2023-02-28,2024-11-30,True,True,96020,False,,,,False,False,6.913073237508556,96020,Other,-2,False,active
11810892,WELLINGTONS ANTIQUES LIMITED,active,ltd,2019-02-06,42 Thames Street,,Windsor,SL4 1PR,United Kingdom,['47791'],WELLINGTONSANTIQUES,SL4,WELLINGTONSANTIQUES|SL4,micro-entity,2024-02-28,2025-11-30,True,True,47791,False,,,,False,False,6.907597535934292,47791,Other,-2,False,active
11817534,JEITTA LIMITED,active,ltd,2019-02-11,9-11 Church Path,,Woking,GU21 6EJ,United Kingdom,['56102'],JEITTA,GU21,JEITTA|GU21,micro-entity,2023-02-28,2024-11-30,True,True,56102,False,,,,False,False,6.893908281998631,56102,Other,-2,False,active
11824337,AU FUSION LTD,active,ltd,2019-02-13,Daisyfield Business Centre Appleby Street,Unit 309,Blackburn,BB1 3BL,England,['46190'],AUFUSION,BB1,AUFUSION|BB1,micro-entity,2023-02-28,2024-11-30,True,True,46190,False,,,,False,False,6.888432580424367,46190,Other,-2,False,active
11826595,ESSEX ADVERTISING SERVICES LTD,active,ltd,2019-02-14,181-183 Station Lane,,Hornchurch,RM12 6LL,United Kingdom,['73110'],ESSEXADVERTISING,RM12,ESSEXADVERTISING|RM12,micro-entity,2020-02-28,2021-11-30,True,True,73110,False,,,,False,False,6.885694729637235,73110,Other,-2,False,active
11838539,PARKGATE INNS LIMITED,active,ltd,2019-02-20,38 Carter Street,,Uttoxeter,ST14 8EU,United Kingdom,['56302'],PARKGATEINNS,ST14,PARKGATEINNS|ST14,micro-entity,2022-02-28,2024-02-29,True,True,56302,False,,,,False,False,6.869267624914442,56302,Other,-2,False,active
11871535,ATLANTICO HAND CAR WASH LTD,active,ltd,2019-03-09,The Brook,Leigh Road,Betchworth,RH3 7AW,United Kingdom,['96090'],ATLANTICOHANDCARWASH,RH3,ATLANTICOHANDCARWASH|RH3,micro-entity,2025-03-31,2026-12-31,True,False,96090,False,,,,False,False,6.822724161533197,96090,Other,-2,False,active
11893389,SAM UK TRANS LTD,active,ltd,2019-03-20,34 Darnley Road,,Grays,RM17 6QS,England,['49410'],SAMUKTRANS,RM17,SAMUKTRANS|RM17,micro-entity,2025-03-31,2026-12-31,True,False,49410,False,,,,False,False,6.792607802874743,49410,Transport,-2,False,active
11898399,ULVYORA LTD,active,ltd,2019-03-22,"Office 221, Paddington House New Road",,Kidderminster,DY10 1AL,United Kingdom,['47990'],ULVYORA,DY10,ULVYORA|DY10,micro-entity,2020-03-31,2021-04-05,True,True,47990,False,,,,False,False,6.787132101300479,47990,Other,-2,False,active
11901574,AGENT ART LTD,active,ltd,2019-03-23,130 Old Street,,London,EC1V 9BD,England,['90030'],AGENTART,EC1V,AGENTART|EC1V,micro-entity,2023-03-31,2024-12-31,True,True,90030,False,,,,False,False,6.784394250513347,90030,Other,-2,False,active
11909774,THE TETTENHALL FISH BAR LTD,active,ltd,2019-03-27,9 High Street,Tettenhall,Wolverhampton,WV6 8QS,England,['56103'],THETETTENHALLFISHBAR,WV6,THETETTENHALLFISHBAR|WV6,micro-entity,2022-03-31,2023-12-31,True,True,56103,False,,,,False,False,6.7734428473648185,56103,Other,-2,False,active
11922941,CHEER TEAM CORPORATION LTD,active,ltd,2019-04-03,93 Littleworth Road,Downley,High Wycombe,HP13 5XA,England,['68320'],CHEERTEAMCORPORATION,HP13,CHEERTEAMCORPORATION|HP13,dormant,2022-04-30,2024-01-31,True,True,68320,False,,,,False,False,6.754277891854894,68320,Buildings,-2,False,active
11925416,ND PLUMBING SERVICES LIMITED,active,ltd,2019-04-04,48 Firsway,,Whitchurch,RG28 7HD,England,['43220'],NDPLUMBING,RG28,NDPLUMBING|RG28,micro-entity,2022-04-30,2024-01-31,True,True,43220,False,,,,False,False,6.751540041067762,43220,Buildings,-2,False,active
11929588,ILET REAL ESTATE LTD,active,ltd,2019-04-05,9 Orchard Road,Erdington,Birmingham,B24 9JL,England,['68100'],ILETREALESTATE,B24,ILETREALESTATE|B24,micro-entity,2024-04-30,2026-01-31,True,False,68100,False,,,,False,False,6.74880219028063,68100,Buildings,-2,False,active
11929843,CMSK LTD,active,ltd,2019-04-05,41 St Marks Cresent,Ladywood,Birmingham,B1 2PY,England,['56302'],CMSK,B1,CMSK|B1,micro-entity,2022-04-30,2024-01-31,True,True,56302,False,,,,False,False,6.74880219028063,56302,Other,-2,False,active
11930134,PE FOR GROWNUPS LTD,active,ltd,2019-04-08,Almond Studios A301.1 Workspace The Biscuit Factory,,London,SE16 4DG,United Kingdom,['82990'],PEFORGROWNUPS,SE16,PEFORGROWNUPS|SE16,micro-entity,2022-04-30,2024-01-31,True,True,82990,False,,,,False,False,6.740588637919234,82990,Buildings,-2,False,active
11932046,ELITE MOVING SPECIALISTS LTD,active,ltd,2019-04-08,15 Clifton Road,,Gillingham,ME7 1NA,England,['49420'],ELITEMOVINGSPECIALISTS,ME7,ELITEMOVINGSPECIALISTS|ME7,micro-entity,2022-04-30,2024-01-31,True,True,49420,False,,,,False,False,6.740588637919234,49420,Transport,-2,False,active
11940653,E-GUARANTEED LIMITED,active,ltd,2019-04-11,617 Romford Road,Manor Park,London,E12 5AD,England,['46520'],EGUARANTEED,E12,EGUARANTEED|E12,micro-entity,2022-04-30,2024-01-31,True,True,46520,False,,,,False,False,6.7323750855578375,46520,Other,-2,False,active
11942191,AUTO INTELLIGENCE LTD,active,ltd,2019-04-12,423b Southend Lane,,London,SE26 5BH,England,['71129'],AUTOINTELLIGENCE,SE26,AUTOINTELLIGENCE|SE26,micro-entity,2022-04-30,2024-01-31,True,True,71129,False,,,,False,False,6.729637234770705,71129,Other,-2,False,active
11945342,MNKB CONSULTANCY LIMITED,active,ltd,2019-04-13,111 Warwick Road Middleton,,Manchester,M24 1HU,United Kingdom,['70229'],MNKBCONSULTANCY,M24,MNKBCONSULTANCY|M24,micro-entity,2025-04-30,2026-12-31,True,False,70229,False,,,,False,False,6.7268993839835725,70229,Other,-2,False,active
11948906,C & G INNS (BRISTOL) LTD,active,ltd,2019-04-16,"C/O Steele Financial Ltd Orion House, Axis 4-5","Woodlands, Bradley Stoke",Bristol,BS32 4JT,England,['56302'],CANDGINNSBRISTOL,BS32,CANDGINNSBRISTOL|BS32,micro-entity,2022-04-30,2024-01-31,True,True,56302,False,,,,False,False,6.718685831622176,56302,Other,-2,False,active
11949669,VICTORIA DECORATION LTD,active,ltd,2019-04-16,37 Swindon Lane,,Romford,RM3 9RJ,United Kingdom,['43999'],VICTORIADECORATION,RM3,VICTORIADECORATION|RM3,micro-entity,2022-04-30,2024-01-31,True,True,43999,False,,,,False,False,6.718685831622176,43999,Buildings,-2,False,active
11950825,GILBERT AL & SONS LTD,active,ltd,2019-04-17,38 Market Street,,Watford,WD18 0PY,England,['56102'],GILBERTALANDSONS,WD18,GILBERTALANDSONS|WD18,dormant,2022-04-30,2024-01-31,True,True,56102,False,,,,False,False,6.715947980835044,56102,Other,-2,False,active
11951086,MAAHIS WREXHAM LTD,active,ltd,2019-04-17,A483 Ruabon By Pass,Ruabon,Wrexham,LL14 6YY,Wales,['56101'],MAAHISWREXHAM,LL14,MAAHISWREXHAM|LL14,micro-entity,2024-04-30,2026-01-31,True,False,56101,False,,,,False,False,6.715947980835044,56101,Other,-2,False,active
11953461,CASE CONSTRUCTION ADVISORY LTD,active,ltd,2019-04-18,11953461: COMPANIES HOUSE DEFAULT ADDRESS,,Cardiff,CF14 8LH,,['43999'],CASECONSTRUCTIONADVISORY,CF14,CASECONSTRUCTIONADVISORY|CF14,dormant,2024-04-30,2026-01-31,True,False,43999,False,,,,False,False,6.713210130047912,43999,Buildings,-2,False,active
11957182,PRINCIPLES HOUSEKEEP AND CLEANING SERVICES LIMITED,active,ltd,2019-04-23,10 Livingstone House,Wyndham Road,London,SE5 0UY,United Kingdom,['81222'],PRINCIPLESHOUSEKEEPANDCLEANING,SE5,PRINCIPLESHOUSEKEEPANDCLEANING|SE5,micro-entity,2020-04-30,2022-01-31,True,True,81222,False,,,,False,False,6.699520876112252,81222,Buildings,-2,False,active
11964757,AL WATHBA FALCONS LTD,active,ltd,2019-04-26,71-75 Shelton Street,Covent Garden,London,WC2H 9JQ,England,['01621'],ALWATHBAFALCONS,WC2H,ALWATHBAFALCONS|WC2H,dormant,2025-04-30,2027-01-31,True,False,01621,False,,,,False,False,6.691307323750856,01621,Other,-2,False,active
11967116,M CAN BUILDERS LTD,active,ltd,2019-04-29,184 Holly Park Estate,,London,N4 4BN,England,['43390'],MCANBUILDERS,N4,MCANBUILDERS|N4,micro-entity,2024-04-30,2026-01-31,True,False,43390,False,,,,False,False,6.683093771389459,43390,Buildings,-2,False,active
11973424,KIXX PETERBOROUGH LIMITED,active,ltd,2019-05-01,12 Meadow Road,Dunston,Lincoln,LN4 2EF,England,['85510'],KIXXPETERBOROUGH,LN4,KIXXPETERBOROUGH|LN4,micro-entity,2022-05-31,2024-02-29,True,True,85510,False,,,,False,False,6.677618069815195,85510,Other,-2,False,active
11974831,ANSS LOCUMS LIMITED,active,ltd,2019-05-02,Eagle House,14 Queens Road,Coventry,CV1 3EG,England,['86210'],ANSSLOCUMS,CV1,ANSSLOCUMS|CV1,micro-entity,2024-05-31,2026-02-28,True,False,86210,False,,,,False,False,6.674880219028063,86210,Other,-2,False,active
11975047,PMPMC SERVICES LTD,active,ltd,2019-05-02,62 Lowbrook Road,,Ilford,IG1 2HB,England,['41201'],PMPMC,IG1,PMPMC|IG1,micro-entity,2022-05-31,2024-02-29,True,True,41201,False,,,,False,False,6.674880219028063,41201,Buildings,-2,False,active
11985944,MY TRAINING RESOURCES LTD,active,ltd,2019-05-09,23 Saxon Close,Northfleet,Gravesend,DA11 8HA,England,['70229'],MYTRAININGRESOURCES,DA11,MYTRAININGRESOURCES|DA11,micro-entity,2022-05-31,2024-02-29,True,True,70229,False,,,,False,False,6.655715263518139,70229,Other,-2,False,active
11986209,SPACE FORMATION LTD,active,ltd,2019-05-09,43 Devonshire Road,,London,NW7 1NE,England,['43390'],SPACEFORMATION,NW7,SPACEFORMATION|NW7,micro-entity,2024-05-31,2026-02-28,True,False,43390,False,,,,False,False,6.655715263518139,43390,Buildings,-2,False,active
11987435,RELIANCE CREATIONS LTD,active,ltd,2019-05-09,Flat 6 5 Heathfield Road,Handsworth,Birmingham,B19 1HA,England,['31090'],RELIANCECREATIONS,B19,RELIANCECREATIONS|B19,micro-entity,2022-05-31,2024-02-29,True,True,31090,False,,,,False,False,6.655715263518139,31090,Industrial,-2,False,active
11989587,LILBLUEPRINTS LTD,active,ltd,2019-05-10,18 18 Berkeley Waye,,Hounslow,TW5 9HL,England,['62020'],LILBLUEPRINTS,TW5,LILBLUEPRINTS|TW5,micro-entity,2022-05-31,2024-02-29,True,True,62020,False,,,,False,False,6.652977412731006,62020,Other,-2,False,active
11995893,MHPMS INC. LIMITED,active,ltd,2019-05-14,22 Stockton Road,,Edmonton,N18 2BA,United Kingdom,['68320'],MHPMSINC,N18,MHPMSINC|N18,micro-entity,2022-05-31,2024-02-29,True,True,68320,False,,,,False,False,6.6420260095824775,68320,Buildings,-2,False,active
11996344,KIDS CODING ACADEMY LIMITED,active,ltd,2019-05-15,Suite 147 5 High Street,,Maidenhead,SL6 1JN,United Kingdom,['62090'],KIDSCODINGACADEMY,SL6,KIDSCODINGACADEMY|SL6,dormant,2024-08-31,2026-05-31,True,False,62090,False,,,,False,False,6.639288158795345,62090,Other,-2,False,active
12001965,CWTCH DESIGNS LTD,active,ltd,2019-05-17,81 Treowen Road,Newbridge,Newport,NP11 3DP,Wales,['74100'],CWTCHDESIGNS,NP11,CWTCHDESIGNS|NP11,micro-entity,2024-05-31,2026-02-28,True,False,74100,False,,,,False,False,6.633812457221081,74100,Other,-2,False,active
12004716,BVSYSTEMS LTD,active,ltd,2019-05-20,43 Manor Road,,Bournemouth,BH1 3HG,England,['81299'],BVSYSTEMS,BH1,BVSYSTEMS|BH1,micro-entity,2022-05-31,2024-02-29,True,True,81299,False,,,,False,False,6.625598904859685,81299,Buildings,-2,False,active
12006171,10 BELOW LIMITED,active,ltd,2019-05-20,74 Bute Street,,Treorchy,CF42 6AH,Wales,['47290'],10BELOW,CF42,10BELOW|CF42,dormant,2022-05-31,2024-02-29,True,True,47290,False,,,,False,False,6.625598904859685,47290,Other,-2,False,active
12007217,DV KEYS LTD,active,ltd,2019-05-20,4 Rectory Road,,Stanford-Le-Hope,SS17 0DL,England,['45200'],DVKEYS,SS17,DVKEYS|SS17,micro-entity,2022-05-31,2024-02-29,True,True,45200,False,,,,False,False,6.625598904859685,45200,Other,-2,False,active
12017545,HOUSE CLEARANCE CAERPHILLY LIMITED,active,ltd,2019-05-24,107 Lansbury Avenue,Cefn Hengoed,Hengoed,CF82 7HB,Wales,['79110'],HOUSECLEARANCECAERPHILLY,CF82,HOUSECLEARANCECAERPHILLY|CF82,micro-entity,2022-05-31,2024-02-29,True,True,79110,False,,,,False,False,6.614647501711157,79110,Other,-2,False,active
12018278,MARIE BEAUTY LIMITED,active,ltd,2019-05-28,35 Princess Avenue,,Windsor,SL4 3LU,England,['96020'],MARIEBEAUTY,SL4,MARIEBEAUTY|SL4,micro-entity,2022-05-31,2024-02-29,True,True,96020,False,,,,False,False,6.6036960985626285,96020,Other,-2,False,active
12020212,SHIKARA WHITLEY LIMITED,active,ltd,2019-05-28,Adam's Building,West Road,Newcastle Upon Tyne,NE4 9PT,England,['56101'],SHIKARAWHITLEY,NE4,SHIKARAWHITLEY|NE4,micro-entity,2022-05-31,2024-02-29,True,True,56101,False,,,,False,False,6.6036960985626285,56101,Other,-2,False,active
12034502,NIK INTERIORS LTD,active,ltd,2019-06-05,37 Macdonald Road,,London,E17 4AY,England,['43390'],NIKINTERIORS,E17,NIKINTERIORS|E17,micro-entity,2021-06-30,2023-03-31,True,True,43390,False,,,,False,False,6.581793292265571,43390,Buildings,-2,False,active
12070225,RATED SQUARE LTD,active,ltd,2019-06-26,4 Belford Street,,Burnley,BB12 0DF,England,['47910'],RATEDSQUARE,BB12,RATEDSQUARE|BB12,dormant,2023-06-30,2025-03-31,True,True,47910,False,,,,False,False,6.524298425735798,47910,Other,-2,False,active
12094676,VOLTIGEUR DEVELOPMENT MANAGEMENT LIMITED,active,ltd,2019-07-10,Upper Deck,Portsmouth Road,Thames Ditton,KT7 0XA,United Kingdom,['41100'],VOLTIGEURDEVELOPMENTMANAGEMENT,KT7,VOLTIGEURDEVELOPMENTMANAGEMENT|KT7,micro-entity,2021-07-31,2023-07-31,True,True,41100,False,,,,False,False,6.485968514715948,41100,Buildings,-2,False,active
12106086,PLATINUM M3DIA LONDON LTD,active,ltd,2019-07-16,124 City Road,,London,EC1V 2NX,England,['96090'],PLATINUMM3DIALONDON,EC1V,PLATINUMM3DIALONDON|EC1V,micro-entity,2023-07-30,2025-07-30,True,True,96090,False,,,,False,False,6.469541409993155,96090,Other,-2,False,active
12107459,KALAA COURIERS LIMITED,active,ltd,2019-07-17,6-8 Freeman Street,,Grimsby,DN32 7AA,England,['82990'],KALAACOURIERS,DN32,KALAACOURIERS|DN32,micro-entity,2023-07-31,2025-04-30,True,True,82990,False,,,,False,False,6.466803559206023,82990,Buildings,-2,False,active
12121695,MANGO COMMERCE LTD,active,ltd,2019-07-25,12121695 - COMPANIES HOUSE DEFAULT ADDRESS,,Cardiff,CF14 8LH,,['62020'],MANGOCOMMERCE,CF14,MANGOCOMMERCE|CF14,null,,2021-04-25,False,True,62020,False,,,,False,False,6.444900752908967,62020,Other,-2,False,active
12161719,BMS EVENT MEDICS LTD,active,ltd,2019-08-19,1 Richmond Road,,Lytham St. Annes,FY8 1PE,England,['96090'],BMSEVENTMEDICS,FY8,BMSEVENTMEDICS|FY8,micro-entity,2025-08-31,2027-05-31,True,False,96090,False,,,,False,False,6.376454483230664,96090,Other,-2,False,active
12187309,PRO SCAFFOLDING ACCESS MIDLANDS LTD,active,ltd,2019-09-03,98 Cot Lane,,Kingswinford,DY6 9TY,England,['43991'],PROSCAFFOLDINGACCESSMIDLANDS,DY6,PROSCAFFOLDINGACCESSMIDLANDS|DY6,micro-entity,2020-09-30,2022-06-30,True,True,43991,False,,,,False,False,6.335386721423682,43991,Buildings,-2,False,active
12263243,STONES FAMILY KITCHEN LTD,active,ltd,2019-10-15,147 Thornes Road,,Wakefield,WF2 8QN,United Kingdom,['99999'],STONESFAMILYKITCHEN,WF2,STONESFAMILYKITCHEN|WF2,dormant,2024-10-31,2026-07-31,True,False,99999,False,,,,False,False,6.220396988364135,99999,Other,-2,False,active
12329172,FASTPAY UMBRELLA LTD,active,ltd,2019-11-22,12329172 - COMPANIES HOUSE DEFAULT ADDRESS,,Cardiff,CF14 8LH,,['78200'],FASTPAYUMBRELLA,CF14,FASTPAYUMBRELLA|CF14,micro-entity,2020-11-30,2022-08-31,True,True,78200,False,,,,False,False,6.116358658453114,78200,Other,-2,False,active
12329335,IL GUSTO TUSHA LIMITED,active,ltd,2019-11-22,139 St. Margarets Road,,Twickenham,TW1 1RG,England,['56101'],ILGUSTOTUSHA,TW1,ILGUSTOTUSHA|TW1,micro-entity,2024-11-30,2026-08-31,True,False,56101,False,,,,False,False,6.116358658453114,56101,Other,-2,False,active
12333884,TECH R US LIMITED,active,ltd,2019-11-26,1 Chambers Business Centre,1 Chapel Road,Oldham,OL8 4QQ,United Kingdom,['47910'],TECHRUS,OL8,TECHRUS|OL8,micro-entity,2021-11-30,2023-08-31,True,True,47910,False,,,,False,False,6.105407255304586,47910,Other,-2,False,active
12334287,BLACK SQUARE (HERTS) LIMITED,active,ltd,2019-11-26,"Flat 205a, 19 Station Road",,Barnet,EN5 1QJ,England,['43290'],BLACKSQUAREHERTS,EN5,BLACKSQUAREHERTS|EN5,micro-entity,2020-11-29,2022-08-29,True,True,43290,False,,,,False,False,6.105407255304586,43290,Buildings,-2,False,active
12334503,TRANSPORT4U L LIMITED,active,ltd,2019-11-26,Unit 15a 17 St. Walburge Avenue,Ashton-On-Ribble,Preston,PR2 2QT,England,['52290'],TRANSPORT4UL,PR2,TRANSPORT4UL|PR2,micro-entity,2021-11-30,2023-08-31,True,True,52290,False,,,,False,False,6.105407255304586,52290,Transport,-2,False,active
12335496,BA BARS LTD,active,ltd,2019-11-27,C/O Watson Syers Cygnet Way,Rainton Bridge South Bus Park,Houghton-Le-Spring,DH4 5QY,England,['56302'],BABARS,DH4,BABARS|DH4,micro-entity,2020-11-30,2022-08-31,True,True,56302,False,,,,False,False,6.102669404517454,56302,Other,-2,False,active
12343251,SCH PRODUCTIONS LIMITED,active,ltd,2019-12-02,4 16-18 Marshalsea Road,,London,SE1 1HL,United Kingdom,['62011'],SCHPRODUCTIONS,SE1,SCHPRODUCTIONS|SE1,micro-entity,2020-12-31,2022-09-30,True,True,62011,False,,,,False,False,6.0889801505817935,62011,Other,-2,False,active
12350354,JUAN PAUL SERVICE LTD,active,ltd,2019-12-05,6 Melcombe House,Dorset Road,London,SW8 1ES,United Kingdom,['86900'],JUANPAULSERVICE,SW8,JUANPAULSERVICE|SW8,micro-entity,2024-12-31,2026-09-30,True,False,86900,False,,,,False,False,6.080766598220397,86900,Other,-2,False,active
12350997,APPLE  BITE YEOVIL LIMITED,active,ltd,2019-12-05,23 Sherborne Road,,Yeovil,BA21 4HD,England,['56103'],APPLEBITEYEOVIL,BA21,APPLEBITEYEOVIL|BA21,micro-entity,2020-12-31,2022-09-30,True,True,56103,False,,,,False,False,6.080766598220397,56103,Other,-2,False,active
12351506,SOFRESH PRODUCE LTD,active,ltd,2019-12-06,203-205 The Vale,,Acton,W3 7QS,,['46310'],SOFRESHPRODUCE,W3,SOFRESHPRODUCE|W3,micro-entity,2020-12-31,2022-09-30,True,True,46310,False,,,,False,False,6.078028747433265,46310,Other,-2,False,active
12351859,FIRST KLASS MARQUEES LIMITED,active,ltd,2019-12-06,Parliament House,St. Laurence Way,Slough,SL1 2BW,England,['77291'],FIRSTKLASSMARQUEES,SL1,FIRSTKLASSMARQUEES|SL1,micro-entity,2020-12-31,2022-09-30,True,True,77291,False,,,,False,False,6.078028747433265,77291,Other,-2,False,active
12355758,CREAMEA LTD,active,ltd,2019-12-09,119 Auckland Rise,,London,SE19 2DY,England,['86101'],CREAMEA,SE19,CREAMEA|SE19,micro-entity,2020-12-31,2022-09-30,True,True,86101,False,,,,False,False,6.069815195071868,86101,Other,-2,False,active
12357293,ALSTEN KŌCHI HOMES LTD,active,ltd,2019-12-10,Yellow House Common Road,Hopton,Diss,IP22 2QU,England,['71111'],ALSTENKOCHIHOMES,IP22,ALSTENKOCHIHOMES|IP22,micro-entity,2020-12-31,2022-09-30,True,True,71111,False,,,,False,False,6.067077344284736,71111,Other,-2,False,active
12358050,ELECTRICAL DESIGN ENGINEERS LTD,active,ltd,2019-12-10,28 Strouds Close,,Swindon,SN3 1FD,England,['74909'],ELECTRICALDESIGNENGINEERS,SN3,ELECTRICALDESIGNENGINEERS|SN3,dormant,2020-12-31,2022-09-30,True,True,74909,False,,,,False,False,6.067077344284736,74909,Other,-2,False,active
12383584,SILVER PROPERTY LETTINGS LIMITED,active,ltd,2020-01-02,74 Upper Ratton Drive,,Eastbourne,BN20 9DQ,England,['68209'],SILVERPROPERTYLETTINGS,BN20,SILVERPROPERTYLETTINGS|BN20,dormant,2025-01-31,2026-10-31,True,False,68209,False,,,,False,False,6.0041067761806985,68209,Buildings,-2,False,active
12394831,GORGEOUS GATES LTD,active,ltd,2020-01-09,100 Garnett Street,,Bradford,BD3 9HB,England,['25990'],GORGEOUSGATES,BD3,GORGEOUSGATES|BD3,micro-entity,2022-01-31,2023-10-31,True,True,25990,False,,,,False,False,5.984941820670773,25990,Industrial,-2,False,active
12398854,DANIELCHANTEL LIMITED,active,ltd,2020-01-13,31 Chasewater Crescent,Broughton,Milton Keynes,MK10 9QJ,England,['56290'],DANIELCHANTEL,MK10,DANIELCHANTEL|MK10,micro-entity,2022-01-31,2024-01-31,True,True,56290,False,,,,False,False,5.973990417522245,56290,Other,-2,False,active
12403698,CARMARTHEN ASSETS LIMITED,active,ltd,2020-01-14,Cambrian House,Cambrian Place,Swansea,SA1 1RH,Wales,['68100'],CARMARTHENASSETS,SA1,CARMARTHENASSETS|SA1,micro-entity,2023-01-31,2024-10-31,True,True,68100,False,,,,False,False,5.971252566735113,68100,Buildings,-2,False,active
12409340,MASSIMO 5 LIMITED,active,ltd,2020-01-17,15 Birklands Road,,Shipley,BD18 3BY,England,['45112'],MASSIMO5,BD18,MASSIMO5|BD18,micro-entity,2023-01-31,2024-10-31,True,True,45112,False,,,,False,False,5.963039014373717,45112,Other,-2,False,active
12414290,FIREFLY TIPIS & EVENTS LTD,active,ltd,2020-01-20,Fir Tree Barn Low Road,Carleton Forehoe,Norwich,NR9 4AP,England,['77210'],FIREFLYTIPISANDEVENTS,NR9,FIREFLYTIPISANDEVENTS|NR9,dormant,2023-01-31,2024-10-31,True,True,77210,False,,,,False,False,5.95482546201232,77210,Other,-2,False,active
12421456,CHANGE AND GO LIMITED,active,ltd,2020-01-23,51 Glenwood Close,,Harrow,HA1 2QN,England,['96090'],CHANGEANDGO,HA1,CHANGEANDGO|HA1,micro-entity,2023-01-31,2024-10-31,True,True,96090,False,,,,False,False,5.946611909650924,96090,Other,-2,False,active
12423136,KPMUK LTD,active,ltd,2020-01-24,482 Halifax Road,,Bradford,BD6 2LH,England,['70229'],KPMUK,BD6,KPMUK|BD6,micro-entity,2023-01-31,2024-10-31,True,True,70229,False,,,,False,False,5.943874058863792,70229,Other,-2,False,active
12431774,MLML LTD,active,ltd,2020-01-29,309 Winston House 2 Dollis Park,,London,N3 1HF,England,['46420'],MLML,N3,MLML|N3,micro-entity,2021-01-31,2023-01-31,True,True,46420,False,,,,False,False,5.930184804928132,46420,Other,-2,False,active
12432322,TURANTEKIN LTD,active,ltd,2020-01-29,7 Coronation Road,Dephna House,London,NW10 7PQ,United Kingdom,['47910'],TURANTEKIN,NW10,TURANTEKIN|NW10,dormant,2023-05-31,2025-02-28,True,True,47910,False,,,,False,False,5.930184804928132,47910,Other,-2,False,active
12432721,MICROHARD COMMUNICATIONS LIMITED,active,ltd,2020-01-29,35 Station Road,,Edgware,HA8 7HX,England,['47910'],MICROHARDCOMMUNICATIONS,HA8,MICROHARDCOMMUNICATIONS|HA8,micro-entity,2023-01-31,2024-10-31,True,True,47910,False,,,,False,False,5.930184804928132,47910,Other,-2,False,active
12433443,AMARAH LTD,active,ltd,2020-01-30,344-348 High Road,,Ilford,IG1 1QP,England,['68209'],AMARAH,IG1,AMARAH|IG1,dormant,2023-01-31,2024-10-31,True,True,68209,False,,,,False,False,5.927446954141,68209,Buildings,-2,False,active
12439353,SAIGON BAR AND GRILL LTD,active,ltd,2020-02-03,203 Petts Wood Road,Petts Wood,Orpington,BR5 1LA,England,['56101'],SAIGONBARANDGRILL,BR5,SAIGONBARANDGRILL|BR5,micro-entity,2023-02-28,2024-11-30,True,True,56101,False,,,,False,False,5.916495550992471,56101,Other,-2,False,active
12440816,JTM QUALITY USED CARS LTD,active,ltd,2020-02-04,"C/O Taxassist Accountants, Unit 4 Ffordd Richard Davies",St. Asaph Business Park,St. Asaph,LL17 0LJ,Wales,['96090'],JTMQUALITYUSEDCARS,LL17,JTMQUALITYUSEDCARS|LL17,micro-entity,2022-02-28,2024-02-29,True,True,96090,False,,,,False,False,5.9137577002053385,96090,Other,-2,False,active
12444724,AGM CONSULTANCY SERVICES LIMITED,active,ltd,2020-02-05,92 Manor Road Crosby,,Liverpool,L23 7UU,England,['70229'],AGMCONSULTANCY,L23,AGMCONSULTANCY|L23,micro-entity,2021-08-31,2023-05-31,True,True,70229,False,,,,False,False,5.9110198494182065,70229,Other,-2,False,active
12449115,BYZZANTINE LTD,active,ltd,2020-02-07,483 Green Lanes,,London,N13 4BS,England,['47910'],BYZZANTINE,N13,BYZZANTINE|N13,micro-entity,2023-02-28,2024-11-30,True,True,47910,False,,,,False,False,5.905544147843942,47910,Other,-2,False,active
12450044,BEKI&IVAN LTD,active,ltd,2020-02-07,50 Johnstone Road,,London,E6 6JA,England,['49410'],BEKIANDIVAN,E6,BEKIANDIVAN|E6,micro-entity,2024-02-29,2025-11-30,True,True,49410,False,,,,False,False,5.905544147843942,49410,Transport,-2,False,active
12450486,WESTCOTT FINANCIAL LIMITED,active,ltd,2020-02-07,"Flat 2, 1 Lansdowne Gardens",,London,SW8 2EQ,England,['64999'],WESTCOTTFINANCIAL,SW8,WESTCOTTFINANCIAL|SW8,micro-entity,2024-07-31,2026-04-30,True,False,64999,False,,,,False,False,5.905544147843942,64999,Other,-2,False,active
12451263,FAMOUS SERVICES LIMITED,active,ltd,2020-02-10,132 Ranelagh Road,,London,N17 6XT,England,['86900'],FAMOUS,N17,FAMOUS|N17,micro-entity,2022-02-28,2023-11-30,True,True,86900,False,,,,False,False,5.897330595482546,86900,Other,-2,False,active
12453524,ALI & DAOOD LIMITED,active,ltd,2020-02-10,23-25 Market Street,Little Lever,Bolton,BL3 1HH,United Kingdom,['47620'],ALIANDDAOOD,BL3,ALIANDDAOOD|BL3,micro-entity,2023-02-28,2024-11-30,True,True,47620,False,,,,False,False,5.897330595482546,47620,Other,-2,False,active
12453759,RED RING CONSTRUCTION LTD,active,ltd,2020-02-10,5 Howards Wood Drive,,Gerrards Cross,SL9 7HR,England,['41100'],REDRINGCONSTRUCTION,SL9,REDRINGCONSTRUCTION|SL9,dormant,2024-02-29,2025-11-30,True,True,41100,False,,,,False,False,5.897330595482546,41100,Buildings,-2,False,active
12456743,AI SHOP LIMITED,active,ltd,2020-02-11,59 Banner Street,,London,EC1Y 8PX,England,['47110'],AISHOP,EC1Y,AISHOP|EC1Y,micro-entity,2021-02-28,2022-11-30,True,True,47110,False,,,,False,False,5.894592744695414,47110,Other,-2,False,active
12457510,MIDNIMO INVESTMENT LTD,active,ltd,2020-02-12,1 Market Approach,,London,W12 8DD,England,['62020'],MIDNIMOINVESTMENT,W12,MIDNIMOINVESTMENT|W12,micro-entity,2021-02-28,2022-11-30,True,True,62020,False,,,,False,False,5.891854893908282,62020,Other,-2,False,active
12458070,STONEZILLA LTD,active,ltd,2020-02-12,19 Pitcher Court Woolcombe Road,,Portland,DT5 2HY,,['33160'],STONEZILLA,DT5,STONEZILLA|DT5,dormant,2024-02-29,2025-11-30,True,True,33160,False,,,,False,False,5.891854893908282,33160,Industrial,-2,False,active
12458665,LINKING ASSOCIATES LTD,active,ltd,2020-02-12,57 Chatto Road,,Torquay,TQ1 4HY,England,['78109'],LINKINGASSOCIATES,TQ1,LINKINGASSOCIATES|TQ1,micro-entity,2021-02-28,2022-11-30,True,True,78109,False,,,,False,False,5.891854893908282,78109,Other,-2,False,active
12459068,RPQA LTD,active,ltd,2020-02-12,6-8 Freeman Street,,Grimsby,DN32 7AA,England,['99999'],RPQA,DN32,RPQA|DN32,micro-entity,2021-02-28,2022-11-30,True,True,99999,False,,,,False,False,5.891854893908282,99999,Other,-2,False,active
12460496,CROSS STITCH UK LTD,active,ltd,2020-02-13,12 Torrington Avenue,Whitwick,Coalville,LE67 5QA,United Kingdom,['47910'],CROSSSTITCH,LE67,CROSSSTITCH|LE67,micro-entity,2021-02-28,2022-11-30,True,True,47910,False,,,,False,False,5.88911704312115,47910,Other,-2,False,active
12461006,ELLESMERE LEISURE LTD,active,ltd,2020-02-13,The Philadelphia Success Road,Philadelphia,Houghton Le Spring,DH4 4JG,United Kingdom,['56302'],ELLESMERELEISURE,DH4,ELLESMERELEISURE|DH4,micro-entity,2021-02-28,2022-11-30,True,True,56302,False,,,,False,False,5.88911704312115,56302,Other,-2,False,active
12462229,OK VALETING LONDON LTD,active,ltd,2020-02-13,35 - 37 The Green,,Southall,UB2 4AN,England,['45200'],OKVALETINGLONDON,UB2,OKVALETINGLONDON|UB2,micro-entity,2024-02-29,2026-02-28,True,False,45200,False,,,,False,False,5.88911704312115,45200,Other,-2,False,active
12462490,HBWORLD LTD,active,ltd,2020-02-14,Hillcrest House 143 London Road,Stockton Heath,Warrington,WA4 6LG,England,['93290'],HBWORLD,WA4,HBWORLD|WA4,micro-entity,2021-07-31,2023-04-30,True,True,93290,False,,,,False,False,5.886379192334018,93290,Other,-2,False,active
12463903,FRESH LOCAL & WILD LIMITED,active,ltd,2020-02-14,27 The Cottage Brooklea Meadows,Childer Thornton,Ellesmere Port,CH66 4AB,England,['56101'],FRESHLOCALANDWILD,CH66,FRESHLOCALANDWILD|CH66,micro-entity,2021-02-28,2022-11-30,True,True,56101,False,,,,False,False,5.886379192334018,56101,Other,-2,False,active
12465441,CITY COURIERO LTD,active,ltd,2020-02-15,Suite 3 91 Mayflower Street,,Plymouth,PL1 1SB,England,['49410'],CITYCOURIERO,PL1,CITYCOURIERO|PL1,micro-entity,2021-02-28,2022-11-30,True,True,49410,False,,,,False,False,5.883641341546886,49410,Transport,-2,False,active
12467028,SUPER ALLY CARS LIMITED,active,ltd,2020-02-17,3a Carlton Vale,,London,NW6 5EG,England,['49320'],SUPERALLYCARS,NW6,SUPERALLYCARS|NW6,micro-entity,2024-02-29,2025-11-30,True,True,49320,False,,,,False,False,5.878165639972622,49320,Transport,-2,False,active
12467891,XCEED CARS LIMITED,active,ltd,2020-02-17,79 Featherstall Road North,,Oldham,OL9 6QB,England,['49320'],XCEEDCARS,OL9,XCEEDCARS|OL9,micro-entity,2021-02-28,2022-11-30,True,True,49320,False,,,,False,False,5.878165639972622,49320,Transport,-2,False,active
12468325,ANGELEE HEALTH CARE LIMITED,active,ltd,2020-02-18,25 Grace Close,,London,SE9 4JE,England,['87200'],ANGELEEHEALTHCARE,SE9,ANGELEEHEALTHCARE|SE9,micro-entity,2021-02-28,2023-02-28,True,True,87200,False,,,,False,False,5.87542778918549,87200,Other,-2,False,active
12469045,CAREPAYES LIMITED,active,ltd,2020-02-18,28 St. Helens Road,,Ilford,IG1 3QJ,England,['78300'],CAREPAYES,IG1,CAREPAYES|IG1,micro-entity,2022-02-28,2024-02-29,True,True,78300,False,,,,False,False,5.87542778918549,78300,Other,-2,False,active
12470291,H H R SERVICES LTD,active,ltd,2020-02-18,24 Fareham Close,Walton-Le-Dale,Preston,PR5 4JX,England,['47990'],HHR,PR5,HHR|PR5,micro-entity,2022-02-27,2023-11-27,True,True,47990,False,,,,False,False,5.87542778918549,47990,Other,-2,False,active
12471468,RC1 TRANSPORT LIMITED,active,ltd,2020-02-19,14 Dove Court,King Edward Street,Normanton,WF6 2AW,England,['52290'],RC1TRANSPORT,WF6,RC1TRANSPORT|WF6,micro-entity,2021-12-31,2023-09-30,True,True,52290,False,,,,False,False,5.8726899383983575,52290,Transport,-2,False,active
12474223,EMANUEL SECURITY SERVICES LTD,active,ltd,2020-02-20,Flat 51 Myrdale Lodge,415 Edgware Road,London,NW2 6FA,England,['80100'],EMANUELSECURITY,NW2,EMANUELSECURITY|NW2,micro-entity,2024-02-28,2025-11-30,True,True,80100,False,,,,False,False,5.8699520876112254,80100,Other,-2,False,active
12477320,ELITE DELIVERY LTD,active,ltd,2020-02-21,35 St Ethelbert Ave,,Luton,LU3 1QH,United Kingdom,['53202'],ELITEDELIVERY,LU3,ELITEDELIVERY|LU3,micro-entity,2021-02-28,2023-02-28,True,True,53202,False,,,,False,False,5.867214236824093,53202,Transport,-2,False,active
12478200,SMETHWICK JOINERS LTD,active,ltd,2020-02-24,23-25 F12 Queensway,,London,W2 4QP,England,['43320'],SMETHWICKJOINERS,W2,SMETHWICKJOINERS|W2,micro-entity,2021-02-28,2022-11-30,True,True,43320,False,,,,False,False,5.859000684462697,43320,Buildings,-2,False,active
12481175,BUBBLY HAND CARWASH LIMITED,active,ltd,2020-02-25,10 Ivanhoe Court,,Chesterfield,S41 7DY,England,['96090'],BUBBLYHANDCARWASH,S41,BUBBLYHANDCARWASH|S41,micro-entity,2021-02-28,2022-11-30,True,True,96090,False,,,,False,False,5.856262833675565,96090,Other,-2,False,active
12482349,AK DRIVING SERVICES LIMITED,active,ltd,2020-02-25,45 Southchurch Drive,,Nottingham,NG11 8AS,England,['52290'],AKDRIVING,NG11,AKDRIVING|NG11,micro-entity,2025-02-28,2026-11-30,True,False,52290,False,,,,False,False,5.856262833675565,52290,Transport,-2,False,active
12485675,ACMG CLEANING LTD,active,ltd,2020-02-26,628 628,Longbridge Road,Dagenham,RM8 2AJ,England,['81210'],ACMGCLEANING,RM8,ACMGCLEANING|RM8,micro-entity,2021-02-28,2022-11-30,True,True,81210,False,,,,False,False,5.853524982888432,81210,Buildings,-2,False,active
12485922,T SMITH FS LTD,active,ltd,2020-02-26,10 Strands Farm Lane,Hornby,Lancaster,LA2 8AX,England,['70229'],TSMITHFS,LA2,TSMITHFS|LA2,micro-entity,2025-02-28,2026-11-27,True,False,70229,False,,,,False,False,5.853524982888432,70229,Other,-2,False,active
12486136,JACKS CAFE & RESTAURANT LTD,active,ltd,2020-02-26,16a Broad Street,,Newtown,SY16 2NA,Wales,['56102'],JACKSCAFEANDRESTAURANT,SY16,JACKSCAFEANDRESTAURANT|SY16,micro-entity,2021-02-28,2022-11-30,True,True,56102,False,,,,False,False,5.853524982888432,56102,Other,-2,False,active
12486207,HD MANAGEMENT LIMITED,active,ltd,2020-02-26,Tad Centre,Ormesby Road,Middlesbrough,TS3 7SF,England,['68320'],HDMANAGEMENT,TS3,HDMANAGEMENT|TS3,micro-entity,2021-02-28,2022-11-25,True,True,68320,False,,,,False,False,5.853524982888432,68320,Buildings,-2,False,active
12487068,ACCUK MARKETING SERVICES LTD,active,ltd,2020-02-27,12487068 - COMPANIES HOUSE DEFAULT ADDRESS,,Cardiff,CF14 8LH,,['82990'],ACCUKMARKETING,CF14,ACCUKMARKETING|CF14,dormant,2021-02-28,2022-11-30,True,True,82990,False,,,,False,False,5.8507871321013,82990,Buildings,-2,False,active
12489311,CHURCHILL PROPERTY SOLUTIONS PLO LTD,active,ltd,2020-02-28,349 Cowley Road,,Oxford,OX4 2BP,England,['68209'],CHURCHILLPROPERTYSOLUTIONSPLO,OX4,CHURCHILLPROPERTYSOLUTIONSPLO|OX4,micro-entity,2021-02-28,2022-11-30,True,True,68209,False,,,,False,False,5.848049281314168,68209,Buildings,-2,False,active
12490286,A J DUNLOP CONSULTING LIMITED,active,ltd,2020-02-28,27 Church Lane,Tydd St. Giles,Wisbech,PE13 5LX,England,['70229'],AJDUNLOPCONSULTING,PE13,AJDUNLOPCONSULTING|PE13,micro-entity,2025-02-28,2026-11-30,True,False,70229,False,,,,False,False,5.848049281314168,70229,Other,-2,False,active
12501120,BY GOKCHE LTD,active,ltd,2020-03-05,Room 204 Ashley House 235-239 High Road,Wood Green,London,N22 8HF,United Kingdom,['47910'],BYGOKCHE,N22,BYGOKCHE|N22,micro-entity,2021-09-01,2023-06-01,True,True,47910,False,,,,False,False,5.831622176591376,47910,Other,-2,False,active
12525868,LD NAILS 151 LTD,active,ltd,2020-03-19,8b Ellingorrt Road,,London,E8 3PA,United Kingdom,['96020'],LDNAILS151,E8,LDNAILS151|E8,dormant,2022-03-31,2023-12-31,True,True,96020,False,,,,False,False,5.793292265571527,96020,Other,-2,False,active
12542964,BIOBEATS NOMINEE LIMITED,active,ltd,2020-04-01,85 Great Portland Street,,London,W1W 7LT,England,['72190'],BIOBEATSNOMINEE,W1W,BIOBEATSNOMINEE|W1W,micro-entity,2024-04-30,2026-01-31,True,False,72190,False,,,,False,False,5.757700205338809,72190,Other,-2,False,active
12549088,HH SPORTS CONSULTANCY LIMITED,active,ltd,2020-04-06,Milburn House Hexham Business Park,Burn Lane,Hexham,NE46 3RU,England,['70229'],HHSPORTSCONSULTANCY,NE46,HHSPORTSCONSULTANCY|NE46,micro-entity,2022-06-30,2024-03-31,True,True,70229,False,,,,False,False,5.7440109514031485,70229,Other,-2,False,active
12564749,DAVID & JUWON LTD,active,ltd,2020-04-20,28 Shafter Road,,Dagenham,RM10 8SE,England,['99999'],DAVIDANDJUWON,RM10,DAVIDANDJUWON|RM10,micro-entity,2023-04-30,2025-01-31,True,True,99999,False,,,,False,False,5.705681040383299,99999,Other,-2,False,active
12572503,WHOLE COMMERCIAL VENT LIMITED,active,ltd,2020-04-27,24 Nicholas Street,,Chester,CH1 2AU,United Kingdom,['25110'],WHOLECOMMERCIALVENT,CH1,WHOLECOMMERCIALVENT|CH1,dormant,2024-04-30,2026-01-31,True,False,25110,False,,,,False,False,5.686516084873374,25110,Industrial,-2,False,active
12577289,A R MITCHELL BUILDING LTD,active,ltd,2020-04-29,69 Middleton Road,,Pickering,YO18 8AL,United Kingdom,['41202'],ARMITCHELLBUILDING,YO18,ARMITCHELLBUILDING|YO18,micro-entity,2024-04-30,2026-01-31,True,False,41202,False,,,,False,False,5.68104038329911,41202,Buildings,-2,False,active
12578229,ALARM MAINTENANCE CAMBRIDGE LIMITED,active,ltd,2020-04-29,245 Wimpole Road Barton,,Cambridge,CB23 7AE,England,['43210'],ALARMMAINTENANCECAMBRIDGE,CB23,ALARMMAINTENANCECAMBRIDGE|CB23,dormant,2025-04-30,2027-01-31,True,False,43210,False,,,,False,False,5.68104038329911,43210,Buildings,-2,False,active
12582155,HIGH PEAKS HELPING HANDS LIMITED,active,ltd,2020-05-01,6 Old Road,,Whaley Bridge,SK23 7HR,England,['96090'],HIGHPEAKSHELPINGHANDS,SK23,HIGHPEAKSHELPINGHANDS|SK23,micro-entity,2021-03-31,2022-12-31,True,True,96090,False,,,,False,False,5.675564681724846,96090,Other,-2,False,active
12598124,CREATIVE EDUCATION ASSOCIATES LIMITED,active,ltd,2020-05-12,10 Stanley Square,,Carshalton,SM5 4LX,England,['85600'],CREATIVEEDUCATIONASSOCIATES,SM5,CREATIVEEDUCATIONASSOCIATES|SM5,dormant,2021-05-31,2023-02-28,True,True,85600,False,,,,False,False,5.645448323066393,85600,Other,-2,False,active
12599948,MARTIAL WORLD LIMITED,active,ltd,2020-05-13,50 Rosslyn Crescent,,Wembley,HA9 7PA,England,['93130'],MARTIALWORLD,HA9,MARTIALWORLD|HA9,micro-entity,2024-05-31,2026-02-28,True,False,93130,False,,,,False,False,5.642710472279261,93130,Other,-2,False,active
12635732,P&R BARS LIMITED,active,ltd,2020-05-30,100 Widnes Road,,Widnes,WA8 6AX,England,['56302'],PANDRBARS,WA8,PANDRBARS|WA8,micro-entity,2021-05-31,2023-02-28,True,True,56302,False,,,,False,False,5.596167008898015,56302,Other,-2,False,active
12643203,F & D STORES LIMITED,active,ltd,2020-06-03,26 Martin Close,Denton,Manchester,M34 3BG,England,['96090'],FANDDSTORES,M34,FANDDSTORES|M34,micro-entity,2021-06-30,2023-03-31,True,True,96090,False,,,,False,False,5.585215605749487,96090,Other,-2,False,active
12741542,PUTTING ACADEMY LIMITED,active,ltd,2020-07-14,121a Grenville Street,,Stockport,SK3 9EU,,['85510'],PUTTINGACADEMY,SK3,PUTTINGACADEMY|SK3,dormant,2024-07-31,2026-04-30,True,False,85510,False,,,,False,False,5.47296372347707,85510,Other,-2,False,active
12758485,BREAKING GROUND PROJECTS LTD,active,ltd,2020-07-21,90 Barlow Drive South,Awsworth,Nottingham,NG16 2RR,England,['43999'],BREAKINGGROUNDPROJECTS,NG16,BREAKINGGROUNDPROJECTS|NG16,dormant,2024-07-31,2026-04-30,True,False,43999,False,,,,False,False,5.453798767967146,43999,Buildings,-2,False,active
12787821,LINKWOOD SCHOOL FARM LIMITED,active,ltd,2020-08-03,Linkwood Farm Wood Lane,Horsley Woodhouse,Ilkeston,DE7 6BN,England,['01500'],LINKWOODSCHOOLFARM,DE7,LINKWOODSCHOOLFARM|DE7,dormant,2024-08-31,2026-05-31,True,False,01500,False,,,,False,False,5.418206707734429,01500,Other,-2,False,active
12825999,NANTONI CONSULTING LTD,active,ltd,2020-08-20,70 Priory Road,,Tonbridge,TN9 2BL,England,['70229'],NANTONICONSULTING,TN9,NANTONICONSULTING|TN9,micro-entity,2024-08-31,2026-05-31,True,False,70229,False,,,,False,False,5.371663244353183,70229,Other,-2,False,active
12837157,CORNWALL PARKER LIMITED,active,ltd,2020-08-25,1 Percy Avenue,,Broadstairs,CT10 3LB,England,['59113'],CORNWALLPARKER,CT10,CORNWALLPARKER|CT10,micro-entity,2024-08-31,2026-05-31,True,False,59113,False,,,,False,False,5.3579739904175225,59113,Other,-2,False,active
13078988,MILLIE'S DELIVERY LIMITED,active,ltd,2020-12-14,20 Ffald Rd Ffald Road,Pyle,Bridgend,CF33 6AD,Wales,['56290'],MILLIESDELIVERY,CF33,MILLIESDELIVERY|CF33,dormant,2021-12-31,2023-09-30,True,True,56290,False,,,,False,False,5.054072553045859,56290,Other,-2,False,active
NI019095,CROWN OVERSEAS SERVICES LIMITED,active,ltd,1986-01-16,Unit 12,Graham Industrial Park,Dargan Crescent,BT3 9JP,,['27900'],CROWNOVERSEAS,BT3,CROWNOVERSEAS|BT3,total-exemption-small,2015-04-30,2017-01-31,True,True,27900,False,,,,False,False,39.964407939767284,27900,Industrial,-2,False,active
NI037454,G. P. WILLIAMS LIMITED,active,ltd,1999-11-29,Arthur House,Arthur Street,Belfast,BT1 4GB,,['4545'],GPWILLIAMS,BT1,GPWILLIAMS|BT1,total-exemption-small,2009-12-31,2011-09-30,True,True,4545,False,,,,False,False,26.09719370294319,4545,Other,-2,False,active
NI046457,A DONNELLY FLOORING LIMITED,active,ltd,2003-05-12,134 Greencastle Road,Omagh,Co Tyrone,BT79 7QN,,['43390'],ADONNELLYFLOORING,BT79,ADONNELLYFLOORING|BT79,dormant,2024-12-31,2026-09-30,True,False,43390,False,,,,False,False,22.647501711156742,43390,Buildings,-2,False,active
NI607938,TREASURES GIFTS LTD,active,ltd,2011-06-21,35 Old Belfast Road,,Downpatrick,BT30 6SG,Northern Ireland,['47190'],TREASURESGIFTS,BT30,TREASURESGIFTS|BT30,total-exemption-small,2016-06-30,2018-03-31,True,True,47190,False,,,,False,False,14.537987679671458,47190,Other,-2,False,active
NI611931,KELLEY COURTNEY HAIR DESIGN LTD,active,ltd,2012-03-28,2 Market Place,3rd Floor,Carrickfergus,BT38 7AW,,['96020'],KELLEYCOURTNEYHAIRDESIGN,BT38,KELLEYCOURTNEYHAIRDESIGN|BT38,micro-entity,2022-09-30,2024-06-30,True,True,96020,False,,,,False,False,13.768651608487337,96020,Other,-2,False,active
NI613104,SPLASH CARCARE LTD,active,ltd,2012-06-08,2b Ballyscullion Lane,,Bellaghy,BT45 8NQ,,['81299'],SPLASHCARCARE,BT45,SPLASHCARCARE|BT45,micro-entity,2021-06-30,2023-03-31,True,True,81299,False,,,,False,False,13.571526351813826,81299,Buildings,-2,False,active
NI615026,NORTHERN CHI MANAGEMENT LIMITED,active,ltd,2012-10-17,The Stables 111a Kilgad Road,Kells,Ballymena,BT42 3EE,Northern Ireland,['71122'],NORTHERNCHIMANAGEMENT,BT42,NORTHERNCHIMANAGEMENT|BT42,micro-entity,2020-03-31,2021-12-29,True,True,71122,False,,,,False,False,13.212867898699521,71122,Other,-2,False,active
NI617393,SOFAKINGCOOL LTD,active,ltd,2013-03-19,14 Orchardville Gardens,,Belfast,BT10 0JX,Northern Ireland,['98100'],SOFAKINGCOOL,BT10,SOFAKINGCOOL|BT10,micro-entity,2022-03-31,2023-12-31,True,True,98100,False,,,,False,False,12.793976728268309,98100,Other,-2,False,active
NI620307,CELL TECH ENGINEERING LTD,active,ltd,2013-09-09,14 Main Street,,Toomebridge,BT41 3TQ,,['62090'],CELLTECHENGINEERING,BT41,CELLTECHENGINEERING|BT41,micro-entity,2021-09-30,2023-06-30,True,True,62090,False,,,,False,False,12.317590691307323,62090,Other,-2,False,active
NI621000,FMC BUILDING SERVICES LIMITED,active,ltd,2013-10-18,205 Gilford Rd,,Portadown,BT63 5LG,,['41202'],FMCBUILDING,BT63,FMCBUILDING|BT63,micro-entity,2021-10-31,2023-07-31,True,True,41202,False,,,,False,False,12.210814510609172,41202,Buildings,-2,False,active
NI623393,STREAM DYNAMICS LIMITED,active,ltd,2014-03-13,Unit 11 Avondale Business Park,,Ballyclare,BT39 9AU,Northern Ireland,['32990'],STREAMDYNAMICS,BT39,STREAMDYNAMICS|BT39,micro-entity,2022-03-31,2023-12-31,True,True,32990,False,,,,False,False,11.811088295687885,32990,Industrial,-2,False,active
NI626240,YOU CLEAN ME LTD,active,ltd,2014-08-19,47 King Street,,Magherafelt,BT45 6AS,Northern Ireland,['81299'],YOUCLEANME,BT45,YOUCLEANME|BT45,micro-entity,2021-03-31,2023-03-31,True,True,81299,False,,,,False,False,11.375770020533881,81299,Buildings,-2,False,active
NI626414,MJL WORKFORCE ENGAGEMENT SERVICES LTD,active,ltd,2014-08-29,70 Cavanoneill Road,Pomeroy,Dungannon,BT70 2SH,Northern Ireland,['43999'],MJLWORKFORCEENGAGEMENT,BT70,MJLWORKFORCEENGAGEMENT|BT70,micro-entity,2024-08-31,2026-05-31,True,False,43999,False,,,,False,False,11.34839151266256,43999,Buildings,-2,False,active
NI626554,ENTERPRISE MARKETING (UK) LIMITED,active,ltd,2014-09-08,Second Floor,130-132 Corporation Street,Belfast,BT1 3DH,Northern Ireland,['73120'],ENTERPRISEMARKETINGUK,BT1,ENTERPRISEMARKETINGUK|BT1,micro-entity,2019-09-30,2021-06-30,True,True,73120,False,,,,False,False,11.321013004791238,73120,Other,-2,False,active
NI627046,ANGLEZARKE LIFE SCIENCES LTD,active,ltd,2014-10-06,6 Carnesure Park Carnesure Park,Comber,Newtownards,BT23 5LT,Northern Ireland,['70229'],ANGLEZARKELIFESCIENCES,BT23,ANGLEZARKELIFESCIENCES|BT23,micro-entity,2022-10-31,2024-07-31,True,True,70229,False,,,,False,False,11.24435318275154,70229,Other,-2,False,active
NI628743,CR FINANCIAL PLANNING LIMITED,active,ltd,2015-01-16,4 Rhanbuoy Gardens,Seahill,Holywood,BT18 0DZ,,['70221'],CRFINANCIALPLANNING,BT18,CRFINANCIALPLANNING|BT18,dormant,2018-01-31,2019-10-31,True,True,70221,False,,,,False,False,10.965092402464066,70221,Other,-2,False,active
NI629085,WIL  A LTD,active,ltd,2015-02-03,6 Glenelly Heights,,Draperstown,BT45 7AZ,Northern Ireland,['43999'],WILA,BT45,WILA|BT45,micro-entity,2021-02-28,2023-02-28,True,True,43999,False,,,,False,False,10.915811088295689,43999,Buildings,-2,False,active
NI633768,BEDFORD COFFEE BAR LTD,active,ltd,2015-09-22,405 Lisburn Road,,Belfast,BT9 7EW,Northern Ireland,['56103'],BEDFORDCOFFEEBAR,BT9,BEDFORDCOFFEEBAR|BT9,micro-entity,2020-09-30,2022-09-30,True,True,56103,False,,,,False,False,10.283367556468173,56103,Other,-2,False,active
NI635535,BUNKERHILL LIMITED,active,ltd,2015-12-23,17a Feddans,,Kesh,BT93 1ED,,['56101'],BUNKERHILL,BT93,BUNKERHILL|BT93,micro-entity,2016-12-31,2018-09-30,True,True,56101,False,,,,False,False,10.03148528405202,56101,Other,-2,False,active
NI635955,SMART GLOBAL ONLINE LTD,active,ltd,2016-01-22,26 Foxleigh Fields,,Banbridge,BT32 4QU,,['73110'],SMARTGLOBALONLINE,BT32,SMARTGLOBALONLINE|BT32,micro-entity,2023-09-30,2025-06-30,True,True,73110,False,,,,False,False,9.949349760438055,73110,Other,-2,False,active
NI637208,4URPHONE (2016) LTD,active,ltd,2016-03-18,Office 2 Townsend Enterprise Park,Townsend Street,Belfast,BT13 2ES,Northern Ireland,['61900'],4URPHONE2016,BT13,4URPHONE2016|BT13,micro-entity,2022-03-31,2023-12-31,True,True,61900,False,,,,False,False,9.796030116358658,61900,Other,-2,False,active
NI638872,RECRUITMENT SOLUTIONS (N.I.) LIMITED,active,ltd,2016-06-06,25 Shore Road,,Holywood,BT18 9HX,Northern Ireland,['78200'],RECRUITMENTSOLUTIONSNI,BT18,RECRUITMENTSOLUTIONSNI|BT18,micro-entity,2018-06-30,2020-03-31,True,True,78200,False,,,,False,False,9.57700205338809,78200,Other,-2,False,active
NI640417,KMAC TRANSPORT LTD,active,ltd,2016-08-25,2 Market Place Carrickfergus,Co.Antrim,Carrickfergus,BT38 7AW,Northern Ireland,['82990'],KMACTRANSPORT,BT38,KMACTRANSPORT|BT38,dormant,2020-08-31,2022-05-31,True,True,82990,False,,,,False,False,9.357973990417522,82990,Buildings,-2,False,active
NI641407,CAMPBELL MOTORS LTD,active,ltd,2016-10-12,58 Glenelly Road Plumbridge,,Omagh,BT79 8BN,United Kingdom,['45112'],CAMPBELLMOTORS,BT79,CAMPBELLMOTORS|BT79,micro-entity,2022-03-31,2024-03-22,True,True,45112,False,,,,False,False,9.22655715263518,45112,Other,-2,False,active
NI643066,MAJESTIC GARDEN ROOMS LTD,active,ltd,2017-01-09,4 Culmore Road,,Londonderry,BT48 7RJ,Northern Ireland,['41202'],MAJESTICGARDENROOMS,BT48,MAJESTICGARDENROOMS|BT48,micro-entity,2022-12-31,2024-09-30,True,True,41202,False,,,,False,False,8.982888432580424,41202,Buildings,-2,False,active
NI643705,NBT TRANSPORT LTD,active,ltd,2017-02-07,1 Glenavon Park,,Cookstown,BT80 8JL,Northern Ireland,['49410'],NBTTRANSPORT,BT80,NBTTRANSPORT|BT80,micro-entity,2022-02-28,2023-11-30,True,True,49410,False,,,,False,False,8.903490759753593,49410,Transport,-2,False,active
NI645681,FIRST GO WHOLESALE LTD,active,ltd,2017-05-10,11 Dallan View,,Newry,BT34 3SL,Northern Ireland,['46690'],FIRSTGOWHOLESALE,BT34,FIRSTGOWHOLESALE|BT34,micro-entity,2021-05-31,2023-02-28,True,True,46690,False,,,,False,False,8.65160848733744,46690,Other,-2,False,active
NI645731,IKOLO LIMITED,active,ltd,2017-05-12,2nd Floor 15 Gray's Hill,,Bangor,BT20 3BB,Northern Ireland,['73110'],IKOLO,BT20,IKOLO|BT20,micro-entity,2022-03-31,2023-12-31,True,True,73110,False,,,,False,False,8.646132785763175,73110,Other,-2,False,active
NI649123,J SPRING LTD,active,ltd,2017-11-07,350a Clooney Road,,Ballykelly,BT49 9PF,Northern Ireland,['71111'],JSPRING,BT49,JSPRING|BT49,micro-entity,2020-11-30,2022-08-29,True,True,71111,False,,,,False,False,8.15605749486653,71111,Other,-2,False,active
NI650612,CEASEFIRE SERVICES LIMITED,active,ltd,2018-01-29,"Unit 1, 105 Creagh Road",Castledawson,Magherafelt,BT45 8EY,United Kingdom,['43390'],CEASEFIRE,BT45,CEASEFIRE|BT45,micro-entity,2022-01-31,2023-10-31,True,True,43390,False,,,,False,False,7.928815879534565,43390,Buildings,-2,False,active
NI651407,SEPACO LIMITED,active,ltd,2018-03-02,7 Mullinabreen Road,,Castlederg,BT81 7UT,United Kingdom,['41100'],SEPACO,BT81,SEPACO|BT81,micro-entity,2021-03-31,2023-03-31,True,True,41100,False,,,,False,False,7.841204654346338,41100,Buildings,-2,False,active
NI653715,BRYAN MC NAMEE MEATS LTD,active,ltd,2018-06-14,5 Hill Street,,Newry,BT34 2BN,Northern Ireland,['46320'],BRYANMCNAMEEMEATS,BT34,BRYANMCNAMEEMEATS|BT34,micro-entity,2020-06-30,2022-03-31,True,True,46320,False,,,,False,False,7.5564681724846,46320,Other,-2,False,active
NI654970,BLUE APRICOT INNOVATIONS LTD,active,ltd,2018-08-13,54 Main Street,,Newcastle,BT33 0AE,United Kingdom,['73110'],BLUEAPRICOTINNOVATIONS,BT33,BLUEAPRICOTINNOVATIONS|BT33,dormant,2019-08-31,2021-05-31,True,True,73110,False,,,,False,False,7.392197125256674,73110,Other,-2,False,active
NI657565,SIRIUS TECH SOLUTIONS LTD,active,ltd,2018-12-04,17 Warren Crescent,,Portstewart,BT55 7HN,United Kingdom,['62020'],SIRIUSTECHSOLUTIONS,BT55,SIRIUSTECHSOLUTIONS|BT55,micro-entity,2020-12-31,2022-09-30,True,True,62020,False,,,,False,False,7.082819986310746,62020,Other,-2,False,active
NI657707,OROURKE CONTRACTS LIMITED,active,ltd,2018-12-11,42a Cullion Road,Rathfriland,Newry,BT34 5BA,Northern Ireland,['43120'],OROURKECONTRACTS,BT34,OROURKECONTRACTS|BT34,micro-entity,2020-12-31,2022-09-30,True,True,43120,False,,,,False,False,7.063655030800821,43120,Buildings,-2,False,active
NI659738,JED ELECTRICAL CONTRACTS LTD,active,ltd,2019-03-13,24 Knoxs Hill,,Armagh,BT60 2HP,United Kingdom,['43210'],JEDELECTRICALCONTRACTS,BT60,JEDELECTRICALCONTRACTS|BT60,micro-entity,2025-03-31,2026-12-31,True,False,43210,False,,,,False,False,6.811772758384668,43210,Buildings,-2,False,active
NI662869,LASERKRIS LTD,active,ltd,2019-07-09,122 Donaghadee Road,,Newtownards,BT23 7HB,Northern Ireland,['16290'],LASERKRIS,BT23,LASERKRIS|BT23,dormant,2021-07-31,2023-04-30,True,True,16290,False,,,,False,False,6.48870636550308,16290,Industrial,-2,False,active
NI663415,GEORGE TUMILSON LIMITED,active,ltd,2019-07-31,9 Dorchester Park,Newtownabbey,Belfast,BT36 5PF,Northern Ireland,['30300'],GEORGETUMILSON,BT36,GEORGETUMILSON|BT36,dormant,2020-07-29,2022-10-28,True,True,30300,False,,,,False,False,6.4284736481861735,30300,Industrial,-2,False,active
NI666778,GWW ELECTRICAL LTD,active,ltd,2020-01-06,20 Pennyhill Drive,,Ballymena,BT42 2NY,Northern Ireland,['43210'],GWWELECTRICAL,BT42,GWWELECTRICAL|BT42,dormant,2023-01-31,2024-10-31,True,True,43210,False,,,,False,False,5.993155373032169,43210,Buildings,-2,False,active
NI666793,CLIFMAC LIMITED,active,ltd,2020-01-07,15 Braefield,Claudy,Derry,BT47 4DX,Northern Ireland,['42220'],CLIFMAC,BT47,CLIFMAC|BT47,micro-entity,2023-01-31,2024-10-31,True,True,42220,False,,,,False,False,5.990417522245037,42220,Buildings,-2,False,active
NI667059,FONAVALUE & 7 SEATER TAXI LTD,active,ltd,2020-01-17,134 Donegall Street,,Belfast,BT1 2GY,Northern Ireland,['49320'],FONAVALUEAND7SEATERTAXI,BT1,FONAVALUEAND7SEATERTAXI|BT1,micro-entity,2021-01-31,2022-10-31,True,True,49320,False,,,,False,False,5.963039014373717,49320,Transport,-2,False,active
NI668027,CAUSEWAY FITNESS LIMITED,active,ltd,2020-02-27,8 Riverside Park North,,Coleraine,BT51 3GE,Northern Ireland,['93130'],CAUSEWAYFITNESS,BT51,CAUSEWAYFITNESS|BT51,micro-entity,2022-02-28,2023-11-30,True,True,93130,False,,,,False,False,5.8507871321013,93130,Other,-2,False,active
NI671121,THE STANDARD MILL LTD,active,ltd,2020-07-20,108 Mill Hill,,Castlewellan,BT31 9ND,Northern Ireland,['35110'],THESTANDARDMILL,BT31,THESTANDARDMILL|BT31,micro-entity,2024-07-31,2026-04-30,True,False,35110,False,,,,False,False,5.456536618754278,35110,Industrial,-2,False,active
SC033642,T.M. SIMPSON LIMITED,active,ltd,1959-02-05,Fyfe House,Westhill Industrial Estate,Skene,AB32 6TQ,,['7499'],TMSIMPSON,AB32,TMSIMPSON|AB32,dormant,1993-12-31,1995-10-31,True,True,7499,False,,,,False,False,66.91033538672143,7499,Other,-2,False,active
SC038754,TROBASC LIMITED,active,ltd,1963-05-03,Fyfe House,Westhill Industrial Estate,Skene,AB32 6TQ,,['7499'],TROBASC,AB32,TROBASC|AB32,dormant,1993-12-31,1995-10-31,True,True,7499,False,,,,False,False,62.672142368240934,7499,Other,-2,False,active
SC063922,MCMILLAN OFFSHORE (SCOTLAND) LIMITED,active,ltd,1978-01-20,Carloway Lodge Cadder Road,Bishopbriggs,Glasgow,,,['68209'],MCMILLANOFFSHORESCOTLAND,,MCMILLANOFFSHORESCOTLAND|,total-exemption-small,2012-12-31,2014-09-30,True,True,68209,False,,,,False,False,47.95345653661875,68209,Buildings,-2,False,active
SC071452,JOHN MITCHELL FOR OILS LIMITED,active,ltd,1980-05-15,Saltire Court,20 Castle Terrace,Edinburgh,EH1 2EG,,['7499'],JOHNMITCHELLFOROILS,EH1,JOHNMITCHELLFOROILS|EH1,dormant,1995-12-31,1997-10-31,True,True,7499,False,,,,False,False,45.637234770705,7499,Other,-2,False,active
SC083211,CRAIGMONIE HOTEL LIMITED,active,ltd,1983-05-20,14 Darnaway Road,Inverness,Inverness Shire,IV2 3HZ,,['56290'],CRAIGMONIEHOTEL,IV2,CRAIGMONIEHOTEL|IV2,micro-entity,2019-08-31,2021-05-31,True,True,56290,False,,,,False,False,42.625598904859686,56290,Other,-2,False,active
SC104964,MD SECRETARIES LIMITED,active,ltd,1987-06-03,Pinsent Masons Llp,13 Queen's Road,Aberdeen,AB15 4YL,,['74990'],MDSECRETARIES,AB15,MDSECRETARIES|AB15,dormant,2024-12-31,2026-09-30,True,False,74990,False,,,,False,False,38.587268993839835,74990,Other,-2,False,active
SC119502,MARKET SIGNALS LIMITED,active,ltd,1989-08-15,7 Chapel Road,Strathaven,Lanarkshire,ML10 6NA,,['73110'],MARKETSIGNALS,ML10,MARKETSIGNALS|ML10,micro-entity,2023-06-30,2025-03-31,True,True,73110,False,,,,False,False,36.38603696098563,73110,Other,-2,False,active
SC180041,ST.ANDREWS DEMOLITION & CONSTRUCTION LTD.,active,ltd,1997-10-28,Pavillion 1 Finnieston Business Park,Minerva Way,Glasgow,G3 8AU,,['4511'],STANDREWSDEMOLITIONANDCONSTRUCTION,G3,STANDREWSDEMOLITIONANDCONSTRUCTION|G3,total-exemption-small,2009-02-28,2010-11-30,True,True,4511,False,,,,False,False,28.18343600273785,4511,Other,-2,False,active
SC218825,TOTAL TEMP LIMITED,active,ltd,2001-05-03,32 Quarry Drive,,Kirkintilloch,G66 3RZ,Scotland,['52219'],TOTALTEMP,G66,TOTALTEMP|G66,micro-entity,2024-05-31,2026-02-28,True,False,52219,False,,,,False,False,24.670773442847366,52219,Transport,-2,False,active
SC248758,AC&H 172 LIMITED,active,ltd,2003-05-02,14/9 Albion Gardens,,Edinburgh,EH7 5NS,Scotland,['49320'],ACANDH172,EH7,ACANDH172|EH7,dormant,2024-05-31,2026-02-28,True,False,49320,False,,,,False,False,22.67488021902806,49320,Transport,-2,False,active
SC309299,ROSS DENTAL CENTRES LIMITED,active,ltd,2006-09-28,2 Marshall Place,,Perth,PH2 8AH,Scotland,['86230'],ROSSDENTALCENTRES,PH2,ROSSDENTALCENTRES|PH2,micro-entity,2021-03-31,2022-12-31,True,True,86230,False,,,,False,False,19.266255989048595,86230,Other,-2,False,active
SC323013,FREELANCE EURO SERVICES (MMDCCXXXI) LIMITED,active,ltd,2007-05-04,Thistle House 24 Thistle Street,2nd Floor,Aberdeen,AB10 1XD,Scotland,['82990'],FREELANCEEUROSERVICESMMDCCXXXI,AB10,FREELANCEEUROSERVICESMMDCCXXXI|AB10,micro-entity,2025-04-05,2027-01-05,True,False,82990,False,,,,False,False,18.6694045174538,82990,Buildings,-2,False,active
SC323579,SAY IT GIFTS LTD,active,ltd,2007-05-14,65 Arden Avenue,Thornliebank,Glasgow,G46 8PZ,Scotland,['99999'],SAYITGIFTS,G46,SAYITGIFTS|G46,dormant,2024-05-31,2026-02-28,True,False,99999,False,,,,False,False,18.642026009582477,99999,Other,-2,False,active
SC339515,GP JOINERS (SCOTLAND) LTD.,active,ltd,2008-03-13,293 Glasgow Road,Dumbarton,West Dunbartonshire,G82 1EF,,['43320'],GPJOINERSSCOTLAND,G82,GPJOINERSSCOTLAND|G82,micro-entity,2021-08-31,2023-08-31,True,True,43320,False,,,,False,False,17.809719370294317,43320,Buildings,-2,False,active
SC351572,ENRGY RESOURCES LTD,active,ltd,2008-11-20,2 Dunree Place,Gartcosh,Glasgow,G69 8FJ,Scotland,['09100'],ENRGYRESOURCES,G69,ENRGYRESOURCES|G69,micro-entity,2018-10-31,2020-10-31,True,True,09100,False,,,,False,False,17.11978097193703,09100,Industrial,-2,False,active
SC355666,K'CHION UK LTD,active,ltd,2009-02-26,7 Slains Terrace,Bridge Of Don,Aberdeen,AB22 8TU,Scotland,['53201'],KCHION,AB22,KCHION|AB22,dormant,2019-02-28,2021-02-28,True,True,53201,False,,,,False,False,16.851471594798085,53201,Transport,-2,False,active
SC358798,ELITE TIMBER FRAME LTD.,active,ltd,2009-04-28,18b Queen's Drive,California,Falkirk,FK1 2BU,Scotland,['41202'],ELITETIMBERFRAME,FK1,ELITETIMBERFRAME|FK1,micro-entity,2020-03-31,2021-12-31,True,True,41202,False,,,,False,False,16.684462696783026,41202,Buildings,-2,False,active
SC362628,ALEX HADDOW JOINERS LIMITED,active,ltd,2009-07-14,10 Curling Knowe,,Crossgates,KY4 8AX,,['43320'],ALEXHADDOWJOINERS,KY4,ALEXHADDOWJOINERS|KY4,micro-entity,2021-03-31,2022-12-31,True,True,43320,False,,,,False,False,16.473648186173854,43320,Buildings,-2,False,active
SC374589,DYMOL SERVICES LTD,active,ltd,2010-03-10,146 Great Western Road,,Aberdeen,AB10 6QE,,['74909'],DYMOL,AB10,DYMOL|AB10,micro-entity,2020-03-31,2022-03-30,True,True,74909,False,,,,False,False,15.819301848049282,74909,Other,-2,False,active
SC408339,ASHLEY HAIRDRESSING LIMITED,active,ltd,2011-09-28,478 Dumbarton Road,,Glasgow,G11 6SQ,Scotland,['96020'],ASHLEYHAIRDRESSING,G11,ASHLEYHAIRDRESSING|G11,micro-entity,2020-09-30,2022-06-30,True,True,96020,False,,,,False,False,14.26694045174538,96020,Other,-2,False,active
SC410115,RES 50 LTD,active,ltd,2011-10-27,C/O Res Associates Ltd,5 Royal Exchange Square,Glasgow,G1 3AH,,['71129'],RES50,G1,RES50|G1,micro-entity,2018-10-31,2020-10-31,True,True,71129,False,,,,False,False,14.18754277891855,71129,Other,-2,False,active
SC411909,RAYCLEAN ABERDEEN LIMITED,active,ltd,2011-11-24,53 Hilton Street,,Aberdeen,AB24 4QR,,['96090'],RAYCLEANABERDEEN,AB24,RAYCLEANABERDEEN|AB24,dormant,2021-11-30,2023-08-31,True,True,96090,False,,,,False,False,14.11088295687885,96090,Other,-2,False,active
SC414965,TWIG (BATHGATE) LIMITED,active,ltd,2012-01-19,Cowan & Partners 60 Constitution Street,Leith,Edinburgh,EH6 6RR,,['56301'],TWIGBATHGATE,EH6,TWIGBATHGATE|EH6,micro-entity,2021-03-31,2022-12-31,True,True,56301,False,,,,False,False,13.957563312799453,56301,Other,-2,False,active
SC418616,SCOTMID PENSION TRUSTEE LIMITED,active,ltd,2012-03-05,Hillwood House 2 Harvest Drive,Newbridge,Edinburgh,EH28 8QJ,,['65300'],SCOTMIDPENSIONTRUSTEE,EH28,SCOTMIDPENSIONTRUSTEE|EH28,dormant,2025-01-25,2026-10-31,True,False,65300,False,,,,False,False,13.831622176591376,65300,Other,-2,False,active
SC418771,IVERS ELECTRICAL LTD,active,ltd,2012-03-07,7 Berryden Park,,Aberdeen,AB25 3RT,Scotland,['43210'],IVERSELECTRICAL,AB25,IVERSELECTRICAL|AB25,micro-entity,2021-03-31,2022-12-31,True,True,43210,False,,,,False,False,13.826146475017111,43210,Buildings,-2,False,active
SC419845,FORZA COURIERS LTD.,active,ltd,2012-03-19,16-18 Weir Street,,Falkirk,FK1 1RA,,['53202'],FORZACOURIERS,FK1,FORZACOURIERS|FK1,micro-entity,2021-03-31,2022-12-31,True,True,53202,False,,,,False,False,13.793292265571527,53202,Transport,-2,False,active
SC420578,VENDEBENE UK LIMITED,active,ltd,2012-03-28,5 South Charlotte Street,,Edinburgh,EH2 4AN,Scotland,['82990'],VENDEBENE,EH2,VENDEBENE|EH2,micro-entity,2020-12-31,2022-09-30,True,True,82990,False,,,,False,False,13.768651608487337,82990,Buildings,-2,False,active
SC439808,TLC DETAILING LTD,active,ltd,2013-01-08,"Unit 6, Block 2 Manor Farm Business Park",Manor Loan,Stirling,FK9 5QD,,['45200'],TLCDETAILING,FK9,TLCDETAILING|FK9,micro-entity,2021-01-31,2022-10-31,True,True,45200,False,,,,False,False,12.985626283367557,45200,Other,-2,False,active
SC446619,SAFA MEDICAL LTD,active,ltd,2013-04-03,43 Western Road,,Kilmarnock,KA3 1NQ,Scotland,['86101'],SAFAMEDICAL,KA3,SAFAMEDICAL|KA3,micro-entity,2021-04-30,2023-01-31,True,True,86101,False,,,,False,False,12.752908966461328,86101,Other,-2,False,active
SC452565,EDINBURGH TOWNHOUSE LTD,active,ltd,2013-06-18,38 North Castle Street,,Edinburgh,EH2 3BN,,['55209'],EDINBURGHTOWNHOUSE,EH2,EDINBURGHTOWNHOUSE|EH2,micro-entity,2020-03-31,2021-12-31,True,True,55209,False,,,,False,False,12.544832306639288,55209,Other,-2,False,active
SC453069,D&D TAVERNS LTD,active,ltd,2013-06-25,"3rd Floor, St. Georges Building",5 St. Vincent Place,Glasgow,G1 2DH,,['56302'],DANDDTAVERNS,G1,DANDDTAVERNS|G1,micro-entity,2020-06-30,2022-03-31,True,True,56302,False,,,,False,False,12.525667351129364,56302,Other,-2,False,active
SC456896,ALPINE FENCING LIMITED,active,ltd,2013-08-15,Unit 1 & 2 Block 12 Nobel Road,West Gourdie Industrial Estate,Dundee,DD2 4UH,Scotland,['43999'],ALPINEFENCING,DD2,ALPINEFENCING|DD2,micro-entity,2019-08-31,2021-05-31,True,True,43999,False,,,,False,False,12.386036960985626,43999,Buildings,-2,False,active
SC460508,CETACEAN WAVE LIMITED,active,ltd,2013-10-02,8 Arran View,Dunure,Ayr,KA7 4LP,Scotland,['74909'],CETACEANWAVE,KA7,CETACEANWAVE|KA7,micro-entity,2024-10-31,2026-07-31,True,False,74909,False,,,,False,False,12.254620123203285,74909,Other,-2,False,active
SC464631,HIGHLAND INDUSTRIAL TRAINING SUPPLIERS (HITS) LTD,active,ltd,2013-11-27,"Suite 14, 98 Woodlands Road",,Glasgow,G3 6HB,Scotland,['82990'],HIGHLANDINDUSTRIALTRAININGSUPPLIERSHITS,G3,HIGHLANDINDUSTRIALTRAININGSUPPLIERSHITS|G3,micro-entity,2019-11-30,2021-11-11,True,True,82990,False,,,,False,False,12.101300479123887,82990,Buildings,-2,False,active
SC467021,STEVENSON AUTOMATION SOLUTIONS LIMITED,active,ltd,2014-01-09,37 St. Ronans Drive,,Peterculter,AB14 0RB,Scotland,['71129'],STEVENSONAUTOMATIONSOLUTIONS,AB14,STEVENSONAUTOMATIONSOLUTIONS|AB14,micro-entity,2022-01-31,2023-10-31,True,True,71129,False,,,,False,False,11.983572895277208,71129,Other,-2,False,active
SC468415,GALLERY ART MARKETING LTD,active,ltd,2014-01-27,1 Woodside Ind. Est. Main Street,Glenluce,Newton Stewart,DG8 0PL,,['18129'],GALLERYARTMARKETING,DG8,GALLERYARTMARKETING|DG8,micro-entity,2022-01-31,2023-10-31,True,True,18129,False,,,,False,False,11.93429158110883,18129,Industrial,-2,False,active
SC471241,BIBBLE BAR SILVERBURN LIMITED,active,ltd,2014-02-28,Bibble Milkshake,Unit 42/1 Hardengreen Business Park,Eskbank,EH22 3NU,Scotland,['56103'],BIBBLEBARSILVERBURN,EH22,BIBBLEBARSILVERBURN|EH22,micro-entity,2018-02-28,2019-11-30,True,True,56103,False,,,,False,False,11.846680355920602,56103,Other,-2,False,active
SC475003,2 IMPRESS LTD,active,ltd,2014-04-10,2/1 Angus Street,,Alexandria,G83 0SY,,['82990'],2IMPRESS,G83,2IMPRESS|G83,micro-entity,2024-04-30,2026-01-31,True,False,82990,False,,,,False,False,11.734428473648187,82990,Buildings,-2,False,active
SC476383,MCGARRY FASHION LTD,active,ltd,2014-04-29,The Vine,Magdalen Yard Road,Dundee,DD1 4NE,Scotland,['62090'],MCGARRYFASHION,DD1,MCGARRYFASHION|DD1,micro-entity,2024-04-30,2026-01-31,True,False,62090,False,,,,False,False,11.682409308692677,62090,Other,-2,False,active
SC482763,GREENTECH-EU LIMITED,active,ltd,2014-07-23,Suite 3 Castle House,Baker Street,Stirling,FK8 1AL,Scotland,['43220'],GREENTECHEU,FK8,GREENTECHEU|FK8,micro-entity,2021-07-31,2023-04-30,True,True,43220,False,,,,False,False,11.449691991786448,43220,Buildings,-2,False,active
SC488673,N.G RUGS LTD,active,ltd,2014-10-10,151 Balmoral Street,Unit 7,Glasgow,G14 0HB,,['47990'],NGRUGS,G14,NGRUGS|G14,micro-entity,2021-10-31,2023-07-31,True,True,47990,False,,,,False,False,11.233401779603012,47990,Other,-2,False,active
SC492241,WOKS DIRECT LIMITED,active,ltd,2014-11-28,5 Mordaunt Street,,Glasgow,G40 3JZ,,['32990'],WOKSDIRECT,G40,WOKSDIRECT|G40,micro-entity,2021-12-31,2023-09-30,True,True,32990,False,,,,False,False,11.099247091033538,32990,Industrial,-2,False,active
SC492304,CARNDEARG CONSULTANTS LIMITED,active,ltd,2014-11-28,16 Wellesley Place Wellesley Place,Cumbernauld,Glasgow,G68 9PJ,Scotland,['70229'],CARNDEARGCONSULTANTS,G68,CARNDEARGCONSULTANTS|G68,micro-entity,2018-11-30,2020-11-30,True,True,70229,False,,,,False,False,11.099247091033538,70229,Other,-2,False,active
SC492417,DGNET RELOADED LTD,active,ltd,2014-12-01,101 Rose Street South Lane,,Edinburgh,EH2 3JG,Scotland,['64209'],DGNETRELOADED,EH2,DGNETRELOADED|EH2,dormant,2019-12-31,2021-09-30,True,True,64209,False,,,,False,False,11.091033538672143,64209,Other,-2,False,active
SC493214,WILKIE BUILDERS LIMITED,active,ltd,2014-12-11,42 St. Abbs Road,,Arbroath,DD11 5AS,,['41202'],WILKIEBUILDERS,DD11,WILKIEBUILDERS|DD11,micro-entity,2021-12-31,2023-09-30,True,True,41202,False,,,,False,False,11.063655030800822,41202,Buildings,-2,False,active
SC493853,FERRY PLUMBING & HEATING LTD,active,ltd,2014-12-22,40/42 Brantwood Avenue,,Dundee,DD3 6EW,,['43220'],FERRYPLUMBINGANDHEATING,DD3,FERRYPLUMBINGANDHEATING|DD3,micro-entity,2020-11-30,2022-08-31,True,True,43220,False,,,,False,False,11.033538672142368,43220,Buildings,-2,False,active
SC495773,STEVENSTON 24 LTD,active,ltd,2015-01-22,2-4 Ardoch Crescent,,Stevenston,KA20 3PP,,['47110'],STEVENSTON24,KA20,STEVENSTON24|KA20,micro-entity,2020-01-31,2021-10-31,True,True,47110,False,,,,False,False,10.948665297741274,47110,Other,-2,False,active
SC498206,DARROCH HEARING CLINICS LIMITED,active,ltd,2015-02-18,15 St. Leonard Street,,Lanark,ML11 7AB,Scotland,['86900'],DARROCHHEARINGCLINICS,ML11,DARROCHHEARINGCLINICS|ML11,micro-entity,2020-03-31,2021-12-31,True,True,86900,False,,,,False,False,10.874743326488707,86900,Other,-2,False,active
SC500448,HELEN STREET ENGINEERING LIMITED,active,ltd,2015-03-13,133 Helen Street,,Govan,G51 3HD,United Kingdom,['28110'],HELENSTREETENGINEERING,G51,HELENSTREETENGINEERING|G51,dormant,2021-09-30,2023-06-30,True,True,28110,False,,,,False,False,10.811772758384668,28110,Industrial,-2,False,active
SC505345,941 LIMITED,active,ltd,2015-05-07,41 London Street,,Edinburgh,EH3 6LX,,['86900'],941,EH3,941|EH3,micro-entity,2020-05-31,2022-02-28,True,True,86900,False,,,,False,False,10.661190965092402,86900,Other,-2,False,active
SC508011,PEREGRINE CONSTRUCTION SITE ENGINEERS LIMITED,active,ltd,2015-06-10,22 Alnwick Drive,Eaglesham,Glasgow,G76 0AZ,Scotland,['41201'],PEREGRINECONSTRUCTIONSITEENGINEERS,G76,PEREGRINECONSTRUCTIONSITEENGINEERS|G76,micro-entity,2022-06-30,2024-03-31,True,True,41201,False,,,,False,False,10.568104038329912,41201,Buildings,-2,False,active
SC509029,MG TECHNICAL LIMITED,active,ltd,2015-06-22,54 Pleaknowe Crescent,Chryston,Glasgow,G69 0LQ,Scotland,['43210'],MGTECHNICAL,G69,MGTECHNICAL|G69,micro-entity,2021-06-30,2023-03-31,True,True,43210,False,,,,False,False,10.535249828884325,43210,Buildings,-2,False,active
SC511146,GILLESPIE & ROSS LTD,active,ltd,2015-07-20,Unit 4 Eastfield Farm Industrial Estate Unit 4,Eastfield Farm Ind Est,Penicuik,EH26 8EZ,Scotland,['96090'],GILLESPIEANDROSS,EH26,GILLESPIEANDROSS|EH26,micro-entity,2021-07-31,2023-07-28,True,True,96090,False,,,,False,False,10.458590006844627,96090,Other,-2,False,active
SC512557,SW HAMILTON LIMITED,active,ltd,2015-08-07,15 63 Dunnock Road,,Dunfermline,KY11 8QE,Scotland,['56103'],SWHAMILTON,KY11,SWHAMILTON|KY11,micro-entity,2021-05-31,2023-02-28,True,True,56103,False,,,,False,False,10.40930869267625,56103,Other,-2,False,active
SC514011,ZASSICA HAIR & BEAUTY LTD,active,ltd,2015-08-26,14 Moffat Place,,Bonnybridge,FK4 2EX,United Kingdom,['96020'],ZASSICAHAIRANDBEAUTY,FK4,ZASSICAHAIRANDBEAUTY|FK4,micro-entity,2021-02-28,2023-02-28,True,True,96020,False,,,,False,False,10.35728952772074,96020,Other,-2,False,active
SC516318,LIMEWOOD BEETHAM LIMITED,active,ltd,2015-09-23,Summit House,Mitchell Street,Edinburgh,EH6 7BD,Scotland,['64209'],LIMEWOODBEETHAM,EH6,LIMEWOODBEETHAM|EH6,micro-entity,2021-05-31,2023-05-31,True,True,64209,False,,,,False,False,10.28062970568104,64209,Other,-2,False,active
SC517385,GREEN TREE NURSERY LTD,active,ltd,2015-10-07,Green Tree Nursery Murray Road,Smithton,Inverness,IV2 7YU,Scotland,['88910'],GREENTREENURSERY,IV2,GREENTREENURSERY|IV2,micro-entity,2024-10-31,2026-07-31,True,False,88910,False,,,,False,False,10.242299794661191,88910,Other,-2,False,active
SC517587,WOVEN CORD LIMITED,active,ltd,2015-10-09,87 Acacia Way,Cambuslang,Glasgow,G72 7ZY,Scotland,['62020'],WOVENCORD,G72,WOVENCORD|G72,micro-entity,2018-10-31,2020-10-31,True,True,62020,False,,,,False,False,10.236824093086927,62020,Other,-2,False,active
SC517821,CINDYSTEA LIMITED,active,ltd,2015-10-13,31 Wilderhaugh,,Galashiels,TD1 1PW,Scotland,['10831'],CINDYSTEA,TD1,CINDYSTEA|TD1,micro-entity,2022-03-31,2023-12-31,True,True,10831,False,,,,False,False,10.225872689938399,10831,Industrial,-2,False,active
SC524433,ARIA COMMERCIAL KITCHENS LTD,active,ltd,2016-01-18,562 Lawmoor Road,Dixon Blazes Industrial Estate,Glasgow,G5 0UG,Scotland,['33190'],ARIACOMMERCIALKITCHENS,G5,ARIACOMMERCIALKITCHENS|G5,micro-entity,2022-01-31,2023-10-31,True,True,33190,False,,,,False,False,9.960301163586584,33190,Industrial,-2,False,active
SC527408,HILLEY COURIERS LTD.,active,ltd,2016-02-19,128 Burnhead Street,Viewpark,Glasgow,G71 5AW,Scotland,['49410'],HILLEYCOURIERS,G71,HILLEYCOURIERS|G71,micro-entity,2020-01-31,2021-10-31,True,True,49410,False,,,,False,False,9.872689938398358,49410,Transport,-2,False,active
SC530338,ALAN REILLY TRANSPORT MANAGEMENT LTD,active,ltd,2016-03-22,80 Dover Heights,,Dunfermline,KY11 8HS,Scotland,['49319'],ALANREILLYTRANSPORTMANAGEMENT,KY11,ALANREILLYTRANSPORTMANAGEMENT|KY11,micro-entity,2021-03-31,2022-12-31,True,True,49319,False,,,,False,False,9.78507871321013,49319,Transport,-2,False,active
SC531037,CAITHNESS BISCUITS LIMITED,active,ltd,2016-03-30,Robertson House,Shore Street,Inverness,IV1 1NF,Scotland,['10720'],CAITHNESSBISCUITS,IV1,CAITHNESSBISCUITS|IV1,micro-entity,2020-03-31,2022-03-31,True,True,10720,False,,,,False,False,9.763175906913073,10720,Industrial,-2,False,active
SC532560,MK FIRE PROTECTION ENGINEERS LTD,active,ltd,2016-04-13,Suite 341 4th Floor 93 Hope Street,,Glasgow,G2 6LD,Scotland,['43210'],MKFIREPROTECTIONENGINEERS,G2,MKFIREPROTECTIONENGINEERS|G2,micro-entity,2020-04-30,2022-04-30,True,True,43210,False,,,,False,False,9.724845995893224,43210,Buildings,-2,False,active
SC532958,CMS JOINERY LTD,active,ltd,2016-04-18,50 George Street,,Dunoon,PA23 8BW,Scotland,['43320'],CMSJOINERY,PA23,CMSJOINERY|PA23,micro-entity,2021-04-30,2023-04-30,True,True,43320,False,,,,False,False,9.711156741957563,43320,Buildings,-2,False,active
SC534396,NATIONAL PHOTONIC LTD,active,ltd,2016-05-04,Cowan & Partners 60 Constitution Street,Leith,Edinburgh,EH6 6RR,Scotland,['47789'],NATIONALPHOTONIC,EH6,NATIONALPHOTONIC|EH6,micro-entity,2025-05-31,2027-02-28,True,False,47789,False,,,,False,False,9.66735112936345,47789,Other,-2,False,active
SC535394,DI & EV LTD,active,ltd,2016-05-13,37 Broad Street,,Peterhead,AB42 1JB,United Kingdom,['96090'],DIANDEV,AB42,DIANDEV|AB42,micro-entity,2021-05-31,2023-02-28,True,True,96090,False,,,,False,False,9.64271047227926,96090,Other,-2,False,active
SC537066,THOMPSON SUBSEA SERVICES LTD,active,ltd,2016-06-03,24 Mosside Crescent,Portlethen,Aberdeen,AB12 4RG,Scotland,['09100'],THOMPSONSUBSEA,AB12,THOMPSONSUBSEA|AB12,micro-entity,2024-06-30,2026-03-31,True,False,09100,False,,,,False,False,9.585215605749486,09100,Industrial,-2,False,active
SC538186,JAYMEE LIMITED,active,ltd,2016-06-16,Flat C,9 Gordonville Road,Inverness,IV2 4TE,,['55900'],JAYMEE,IV2,JAYMEE|IV2,dormant,2024-09-30,2026-06-30,True,False,55900,False,,,,False,False,9.54962354551677,55900,Other,-2,False,active
SC540537,ARDLER VILLAGE (DUNDEE) LIMITED,active,ltd,2016-07-18,165 Brook Street,Broughty Ferry,Dundee,DD5 1DJ,,['56103'],ARDLERVILLAGEDUNDEE,DD5,ARDLERVILLAGEDUNDEE|DD5,micro-entity,2020-07-31,2022-04-30,True,True,56103,False,,,,False,False,9.462012320328542,56103,Other,-2,False,active
SC541714,WOMENLINE LTD,active,ltd,2016-08-02,5 Victoria Road,,Kirkcaldy,KY1 1DT,Scotland,['96020'],WOMENLINE,KY1,WOMENLINE|KY1,micro-entity,2021-03-31,2022-12-31,True,True,96020,False,,,,False,False,9.42094455852156,96020,Other,-2,False,active
SC542396,LETTUCE EAT (GLASGOW) LIMITED,active,ltd,2016-08-10,361 Argyle Street,,Glasgow,G2 8LT,Scotland,['56103'],LETTUCEEATGLASGOW,G2,LETTUCEEATGLASGOW|G2,micro-entity,2020-08-31,2022-05-31,True,True,56103,False,,,,False,False,9.399041752224504,56103,Other,-2,False,active
SC542545,CONNECTED LEISURE LIMITED,active,ltd,2016-08-11,1 Royal Exchange Court,85b/C Queen Street,Glasgow,G1 3DB,Scotland,['56301'],CONNECTEDLEISURE,G1,CONNECTEDLEISURE|G1,dormant,2022-04-30,2024-01-31,True,True,56301,False,,,,False,False,9.396303901437372,56301,Other,-2,False,active
SC542968,AC OIL CONSULTING LTD,active,ltd,2016-08-17,27 West Windygoul Gardens,,Tranent,EH33 2LB,Scotland,['09100'],ACOILCONSULTING,EH33,ACOILCONSULTING|EH33,micro-entity,2020-08-31,2022-05-31,True,True,09100,False,,,,False,False,9.379876796714578,09100,Industrial,-2,False,active
SC543595,DUMBARTON FUNERAL HOME LIMITED,active,ltd,2016-08-24,141 High Street High Street,,Dumbarton,G82 1LE,Scotland,['96030'],DUMBARTONFUNERALHOME,G82,DUMBARTONFUNERALHOME|G82,micro-entity,2020-08-31,2022-08-31,True,True,96030,False,,,,False,False,9.360711841204655,96030,Other,-2,False,active
SC545451,EASY LET GLASGOW LIMITED,active,ltd,2016-09-15,53-55 Glasgow Road,,Paisley,PA1 3AF,Scotland,['68209'],EASYLETGLASGOW,PA1,EASYLETGLASGOW|PA1,micro-entity,2021-09-30,2023-06-30,True,True,68209,False,,,,False,False,9.300479123887747,68209,Buildings,-2,False,active
SC547366,QUARRY FOODS LIMITED,active,ltd,2016-10-10,West Regent Accountants & Co Ltd Caledonian Suite,70 West Regent Street,Glasgow,G2 2QZ,Scotland,['82990'],QUARRYFOODS,G2,QUARRYFOODS|G2,micro-entity,2020-10-31,2022-07-31,True,True,82990,False,,,,False,False,9.232032854209445,82990,Buildings,-2,False,active
SC547660,STERLCLEAN LTD,active,ltd,2016-10-12,31 Burns Statue Square,,Ayr,KA7 1SU,Scotland,['72110'],STERLCLEAN,KA7,STERLCLEAN|KA7,micro-entity,2022-10-31,2024-07-31,True,True,72110,False,,,,False,False,9.22655715263518,72110,Other,-2,False,active
SC549274,WEBOPTIMIZE LTD,active,ltd,2016-11-02,"8 Easter Garngaber Road, Lenzie Easter Garngaber Road","Lenzie, Kirkintilloch",Glasgow,G66 5JQ,Scotland,['62020'],WEBOPTIMIZE,G66,WEBOPTIMIZE|G66,micro-entity,2018-11-29,2020-11-29,True,True,62020,False,,,,False,False,9.169062286105408,62020,Other,-2,False,active
SC550899,SPECTRUM DATA LIMITED,active,ltd,2016-11-22,Barley Mill House West Saltoun,Pencaitland,Tranent,EH34 5EP,Scotland,['61200'],SPECTRUMDATA,EH34,SPECTRUMDATA|EH34,micro-entity,2021-11-30,2023-08-31,True,True,61200,False,,,,False,False,9.114305270362765,61200,Other,-2,False,active
SC551252,MARLASZ LTD.,active,ltd,2016-11-28,266 Ravensby Road,,Carnoustie,DD7 7NW,Scotland,['43220'],MARLASZ,DD7,MARLASZ|DD7,dormant,2022-11-30,2024-08-31,True,True,43220,False,,,,False,False,9.097878165639973,43220,Buildings,-2,False,active
SC551577,MCALLISTER TRANSPORT LTD,active,ltd,2016-12-01,Millback House,14 Lugar Street,Cumnock,KA18 1AB,Scotland,['49410'],MCALLISTERTRANSPORT,KA18,MCALLISTERTRANSPORT|KA18,micro-entity,2019-12-31,2021-09-30,True,True,49410,False,,,,False,False,9.089664613278575,49410,Transport,-2,False,active
SC552777,RAJAJEE LTD,active,ltd,2016-12-16,346 Gorgie Road,,Edinburgh,EH11 2QU,Scotland,['56103'],RAJAJEE,EH11,RAJAJEE|EH11,micro-entity,2020-12-31,2022-09-30,True,True,56103,False,,,,False,False,9.048596851471595,56103,Other,-2,False,active
SC553829,A1 CABS LTD,active,ltd,2017-01-05,Murieston House,Murieston,Livingston,EH54 9AH,Scotland,['82990'],A1CABS,EH54,A1CABS|EH54,micro-entity,2018-01-31,2019-10-31,True,True,82990,False,,,,False,False,8.993839835728952,82990,Buildings,-2,False,active
SC554289,CLIPPER ELECTRICAL LIMITED,active,ltd,2017-01-11,Rhinduie House,Lentran,Inverness,IV3 8RJ,Scotland,['35120'],CLIPPERELECTRICAL,IV3,CLIPPERELECTRICAL|IV3,micro-entity,2022-01-31,2023-10-31,True,True,35120,False,,,,False,False,8.97741273100616,35120,Industrial,-2,False,active
SC554893,CCLE FABRICATION LTD,active,ltd,2017-01-18,"18 Macsween Drive, Aird",Point,Isle Of Lewis,HS2 0ER,Scotland,['09100'],CCLEFABRICATION,HS2,CCLEFABRICATION|HS2,micro-entity,2022-01-31,2024-01-31,True,True,09100,False,,,,False,False,8.958247775496236,09100,Industrial,-2,False,active
SC556774,FIX SCO LTD,active,ltd,2017-02-07,48 West George Street,,Glasgow,G2 1BP,Scotland,['43390'],FIXSCO,G2,FIXSCO|G2,micro-entity,2022-03-31,2023-12-31,True,True,43390,False,,,,False,False,8.903490759753593,43390,Buildings,-2,False,active
SC557658,TRUST INN MANAGEMENT LIMITED,active,ltd,2017-02-15,8 Low Barholm,Kilbarchan,Johnstone,PA10 2ET,Scotland,['56302'],TRUSTINNMANAGEMENT,PA10,TRUSTINNMANAGEMENT|PA10,micro-entity,2018-02-28,2019-11-30,True,True,56302,False,,,,False,False,8.881587953456537,56302,Other,-2,False,active
SC558920,SOUTHSIDE BARBER ACADEMY LIMITED,active,ltd,2017-02-28,34 Minard Road,,Glasgow,G41 2HR,Scotland,['85590'],SOUTHSIDEBARBERACADEMY,G41,SOUTHSIDEBARBERACADEMY|G41,micro-entity,2023-02-28,2024-11-27,True,True,85590,False,,,,False,False,8.845995893223819,85590,Other,-2,False,active
SC559990,S MALONEY ELECTRICAL LTD,active,ltd,2017-03-09,164 Sandpiper Drive Sandpiper Drive,,East Kilbride,G75 8UW,,['43210'],SMALONEYELECTRICAL,G75,SMALONEYELECTRICAL|G75,micro-entity,2018-03-31,2019-12-31,True,True,43210,False,,,,False,False,8.821355236139631,43210,Buildings,-2,False,active
SC563215,LESSLIE LIMITED,active,ltd,2017-04-12,13 Alva Street,,Edinburgh,EH2 4PH,Scotland,['90010'],LESSLIE,EH2,LESSLIE|EH2,dormant,2018-04-30,2020-01-31,True,True,90010,False,,,,False,False,8.728268309377139,90010,Other,-2,False,active
SC563953,AHSAN KILMARNOCK LTD,active,ltd,2017-04-21,"25, Shah's Palace",John Finnie Street,Kilmarnock,KA1 1BL,Scotland,['96090'],AHSANKILMARNOCK,KA1,AHSANKILMARNOCK|KA1,micro-entity,2020-04-30,2022-04-30,True,True,96090,False,,,,False,False,8.70362765229295,96090,Other,-2,False,active
SC566137,OLLYBELLE LIMITED,active,ltd,2017-05-17,Suite 341 4th Floor 93 Hope Street,,Glasgow,,Scotland,['96020'],OLLYBELLE,,OLLYBELLE|,dormant,2019-05-31,2021-05-31,True,True,96020,False,,,,False,False,8.632443531827516,96020,Other,-2,False,active
SC566510,DAVIDIC COVENANT LTD.,active,ltd,2017-05-19,6 Almond Court,,Edinburgh,EH16 4EE,United Kingdom,['96090'],DAVIDICCOVENANT,EH16,DAVIDICCOVENANT|EH16,micro-entity,2021-05-31,2023-02-28,True,True,96090,False,,,,False,False,8.626967830253252,96090,Other,-2,False,active
SC568109,PREMIER MH LTD,active,ltd,2017-06-07,Wilson Business Centre 1 Queen Elizabeth Avenue,Hillington Park,Glasgow,G52 4NQ,Scotland,['47110'],PREMIERMH,G52,PREMIERMH|G52,micro-entity,2019-06-30,2021-06-30,True,True,47110,False,,,,False,False,8.574948665297741,47110,Other,-2,False,active
SC568150,KOTOZO LTD,active,ltd,2017-06-07,1 Dalhousie Terrace,Morningside,Edinburgh,EH10 5NE,United Kingdom,['62020'],KOTOZO,EH10,KOTOZO|EH10,micro-entity,2020-06-30,2022-03-31,True,True,62020,False,,,,False,False,8.574948665297741,62020,Other,-2,False,active
SC569901,5G TECHNOLOGIES LIMITED,active,ltd,2017-06-28,272 Bath Street,,Glasgow,G2 4JR,Scotland,['62090'],5GTECHNOLOGIES,G2,5GTECHNOLOGIES|G2,micro-entity,2019-06-30,2021-06-30,True,True,62090,False,,,,False,False,8.517453798767967,62090,Other,-2,False,active
SC571029,NATIVE WINES LTD,active,ltd,2017-07-12,136 Dundas Street,,Edinburgh,EH3 5DQ,Scotland,['46342'],NATIVEWINES,EH3,NATIVEWINES|EH3,micro-entity,2020-07-31,2022-04-30,True,True,46342,False,,,,False,False,8.479123887748118,46342,Other,-2,False,active
SC571479,COPELAND JOINERY LTD,active,ltd,2017-07-18,22 Highfield Place,,Irvine,KA11 1BW,Scotland,['43320'],COPELANDJOINERY,KA11,COPELANDJOINERY|KA11,micro-entity,2021-07-31,2023-04-30,True,True,43320,False,,,,False,False,8.462696783025326,43320,Buildings,-2,False,active
SC573648,SMCV LTD,active,ltd,2017-08-14,1 Glenluss Way,,Greenock,PA16 9NS,Scotland,['43341'],SMCV,PA16,SMCV|PA16,micro-entity,2020-11-06,2022-08-06,True,True,43341,False,,,,False,False,8.388774811772759,43341,Buildings,-2,False,active
SC573947,RAA SERVICES LTD,active,ltd,2017-08-17,Global Accountancy Practice Ltd,10 Allison Street,Glasgow,G42 8NN,Scotland,['56103'],RAA,G42,RAA|G42,dormant,2020-08-31,2022-05-31,True,True,56103,False,,,,False,False,8.380561259411362,56103,Other,-2,False,active
SC574863,MAROLA RESTAURANTS LTD,active,ltd,2017-08-29,Trident House 175 Renfrew Road,P2.2,Paisley,PA3 4EF,Scotland,['56101'],MAROLARESTAURANTS,PA3,MAROLARESTAURANTS|PA3,micro-entity,2020-08-31,2022-05-31,True,True,56101,False,,,,False,False,8.347707049965777,56101,Other,-2,False,active
SC575231,LEM TRADING LIMITED,active,ltd,2017-09-01,16/18 Weir Street,,Falkirk,FK1 1RA,United Kingdom,['56102'],LEMTRADING,FK1,LEMTRADING|FK1,micro-entity,2018-09-30,2020-09-30,True,True,56102,False,,,,False,False,8.33949349760438,56102,Other,-2,False,active
SC576025,LOGANS LARDER LIMITED,active,ltd,2017-09-11,49 Wellmeadow Way,Newton Mearns,Glasgow,G77 6RB,Scotland,['47110'],LOGANSLARDER,G77,LOGANSLARDER|G77,micro-entity,2023-09-30,2025-06-30,True,True,47110,False,,,,False,False,8.31211498973306,47110,Other,-2,False,active
SC579316,J&L STAIR CLEANING LTD,active,ltd,2017-10-19,Unit 4/2 New Lairdship Yards,,Edinburgh,EH11 3UY,Scotland,['81210'],JANDLSTAIRCLEANING,EH11,JANDLSTAIRCLEANING|EH11,micro-entity,2020-10-31,2022-07-31,True,True,81210,False,,,,False,False,8.208076659822039,81210,Buildings,-2,False,active
SC581452,ALL ROUND ACCESS LIMITED,active,ltd,2017-11-14,45 Culduthel Mains Circle,Culduthel,Inverness,IV2 6RH,United Kingdom,['43999'],ALLROUNDACCESS,IV2,ALLROUNDACCESS|IV2,micro-entity,2018-11-30,2020-11-30,True,True,43999,False,,,,False,False,8.136892539356605,43999,Buildings,-2,False,active
SC581523,AJT JOINERY SERVICES LTD,active,ltd,2017-11-14,21e Glencryan Road,Cumbernauld,Glasgow,G67 2UH,Scotland,['43320'],AJTJOINERY,G67,AJTJOINERY|G67,micro-entity,2020-10-31,2022-07-31,True,True,43320,False,,,,False,False,8.136892539356605,43320,Buildings,-2,False,active
SC581573,TOUR HIGHLANDS LTD,active,ltd,2017-11-15,SC581573 - COMPANIES HOUSE DEFAULT ADDRESS,,Edinburgh,EH7 9HR,,['79901'],TOURHIGHLANDS,EH7,TOURHIGHLANDS|EH7,micro-entity,2020-11-30,2022-08-31,True,True,79901,False,,,,False,False,8.134154688569472,79901,Other,-2,False,active
SC581600,MRJ TRANSPORT LTD,active,ltd,2017-11-15,29 Gleniffer Avenue,,Glasgow,G13 3TA,Scotland,['49410'],MRJTRANSPORT,G13,MRJTRANSPORT|G13,dormant,2018-10-31,2020-10-31,True,True,49410,False,,,,False,False,8.134154688569472,49410,Transport,-2,False,active
SC582104,RED & BLACK LEISURE LTD,active,ltd,2017-11-21,15 63 Dunnock Road,,Dunfermline,KY11 8QE,Scotland,['56302'],REDANDBLACKLEISURE,KY11,REDANDBLACKLEISURE|KY11,micro-entity,2020-11-30,2022-08-31,True,True,56302,False,,,,False,False,8.11772758384668,56302,Other,-2,False,active
SC582339,TURKISH HAIRSTYLE LTD,active,ltd,2017-11-23,33 Main Street,Fauldhouse,Bathgate,EH47 9HY,Scotland,['96020'],TURKISHHAIRSTYLE,EH47,TURKISHHAIRSTYLE|EH47,dormant,2020-11-30,2022-11-30,True,True,96020,False,,,,False,False,8.112251882272416,96020,Other,-2,False,active
SC584855,ICEBERG EXPRESS LIMITED,active,ltd,2018-01-04,8 Cromdale Road,,Port Glasgow,PA14 6LT,Scotland,['47110'],ICEBERGEXPRESS,PA14,ICEBERGEXPRESS|PA14,micro-entity,2021-11-30,2023-08-31,True,True,47110,False,,,,False,False,7.997262149212868,47110,Other,-2,False,active
SC585677,NWR ELECTRICAL PERTH LIMITED,active,ltd,2018-01-15,42 Dudhope Crescent Road,,Dundee,DD1 5RR,Scotland,['43210'],NWRELECTRICALPERTH,DD1,NWRELECTRICALPERTH|DD1,micro-entity,2020-01-31,2021-10-31,True,True,43210,False,,,,False,False,7.967145790554415,43210,Buildings,-2,False,active
SC586151,CAOL CAFE LIMITED,active,ltd,2018-01-19,1 Station Road,,Kyle Of Lochalsh,IV40 8AE,Scotland,['56102'],CAOLCAFE,IV40,CAOLCAFE|IV40,micro-entity,2020-01-31,2021-10-31,True,True,56102,False,,,,False,False,7.956194387405886,56102,Other,-2,False,active
SC587135,GMCL CONTRACTS LTD,active,ltd,2018-01-29,"Flat 0/3, 9 Oatlands Square",,Glasgow,G5 0GZ,Scotland,['43210'],GMCLCONTRACTS,G5,GMCLCONTRACTS|G5,micro-entity,2020-01-31,2021-10-31,True,True,43210,False,,,,False,False,7.928815879534565,43210,Buildings,-2,False,active
SC587641,HCO QUALITY ENGINEERING SERVICES LTD.,active,ltd,2018-02-02,7 Cleveland Place,,Motherwell,ML1 2FR,Scotland,['96090'],HCOQUALITYENGINEERING,ML1,HCOQUALITYENGINEERING|ML1,micro-entity,2020-02-29,2021-11-30,True,True,96090,False,,,,False,False,7.917864476386037,96090,Other,-2,False,active
SC587963,ANSPRO LTD,active,ltd,2018-02-07,28 Bannermill Place,,Aberdeen,AB24 5EA,United Kingdom,['70229'],ANSPRO,AB24,ANSPRO|AB24,micro-entity,2024-02-28,2025-11-30,True,True,70229,False,,,,False,False,7.904175222450377,70229,Other,-2,False,active
SC590335,CLEAN & PROTECT LIMITED,active,ltd,2018-03-05,Ingram House,227 Ingram Street,Glasgow,G1 1DA,Scotland,['43999'],CLEANANDPROTECT,G1,CLEANANDPROTECT|G1,dormant,2020-03-31,2022-03-31,True,True,43999,False,,,,False,False,7.832991101984942,43999,Buildings,-2,False,active
SC597411,EVENTS BRANDING LTD,active,ltd,2018-05-17,272 Bath Street,,Glasgow,G2 4JR,United Kingdom,['96090'],EVENTSBRANDING,G2,EVENTSBRANDING|G2,micro-entity,2019-07-31,2021-04-30,True,True,96090,False,,,,False,False,7.6331279945242985,96090,Other,-2,False,active
SC599704,KRISTIAN KUMUD LTD,active,ltd,2018-06-12,200 East Kilbride Road,Clarkston,Glasgow,G76 8RS,Scotland,['81299'],KRISTIANKUMUD,G76,KRISTIANKUMUD|G76,micro-entity,2021-06-30,2023-06-30,True,True,81299,False,,,,False,False,7.561943874058864,81299,Buildings,-2,False,active
SC599984,M & G BROWN ELECTRICAL LTD,active,ltd,2018-06-14,24 Cranbrooke Drive,,Glasgow,G20 0LX,United Kingdom,['43210'],MANDGBROWNELECTRICAL,G20,MANDGBROWNELECTRICAL|G20,micro-entity,2021-06-30,2023-06-30,True,True,43210,False,,,,False,False,7.5564681724846,43210,Buildings,-2,False,active
SC602009,SIGOODRICH LTD,active,ltd,2018-07-09,58 Drumlanrig Street,,Thornhill,DG3 5LY,Scotland,['33170'],SIGOODRICH,DG3,SIGOODRICH|DG3,micro-entity,2019-07-31,2021-04-30,True,True,33170,False,,,,False,False,7.488021902806297,33170,Industrial,-2,False,active
SC602242,NORTH HIGHLAND ACCESS LTD,active,ltd,2018-07-10,4th Floor Metropolitan House,31-33 High Street,Inverness,IV1 1HT,Scotland,['96090'],NORTHHIGHLANDACCESS,IV1,NORTHHIGHLANDACCESS|IV1,dormant,2019-07-31,2021-04-30,True,True,96090,False,,,,False,False,7.485284052019165,96090,Other,-2,False,active
SC602259,CARD GIFTS LTD,active,ltd,2018-07-10,67 Westmoreland Street,Flat3/2,Glasgow,G42 8LJ,United Kingdom,['47190'],CARDGIFTS,G42,CARDGIFTS|G42,micro-entity,2019-07-31,2021-04-30,True,True,47190,False,,,,False,False,7.485284052019165,47190,Other,-2,False,active
SC602662,FORTH BUILDING AND DEVELOPMENT LTD,active,ltd,2018-07-16,32 Briery Bank,,Haddington,EH41 4AB,Scotland,['41202'],FORTHBUILDINGANDDEVELOPMENT,EH41,FORTHBUILDINGANDDEVELOPMENT|EH41,micro-entity,2019-07-31,2021-04-30,True,True,41202,False,,,,False,False,7.468856947296373,41202,Buildings,-2,False,active
SC602703,G81 DISTRIBUTIONS LTD,active,ltd,2018-07-16,E-Cig Stand O/S Farmfoods,"109 Sylvania Way, Clyde Shopping Centre",Clydebank,G81 2RR,,['47789'],G81DISTRIBUTIONS,G81,G81DISTRIBUTIONS|G81,,,2020-04-16,False,True,47789,False,,,,False,False,7.468856947296373,47789,Other,-2,False,active
SC604069,SHAMBAILLA LIMITED,active,ltd,2018-07-31,155 Jerviston Road,,Glasgow,G33 5QL,Scotland,['63110'],SHAMBAILLA,G33,SHAMBAILLA|G33,micro-entity,2022-07-31,2024-04-30,True,True,63110,False,,,,False,False,7.427789185489391,63110,Other,-2,False,active
SC604333,SERVICES BY LEE.K LTD,active,ltd,2018-08-03,13 Wingfaulds Avenue Wingfaulds Avenue,,Dalry,KA24 5EJ,Scotland,['33170'],SERVICESBYLEEK,KA24,SERVICESBYLEEK|KA24,micro-entity,2019-08-31,2021-05-31,True,True,33170,False,,,,False,False,7.4195756331279945,33170,Industrial,-2,False,active
SC604443,GRAHAM CATERING REPAIRS LIMITED,active,ltd,2018-08-06,21 Forbes Place,,Paisley,PA1 1UT,Scotland,['33190'],GRAHAMCATERINGREPAIRS,PA1,GRAHAMCATERINGREPAIRS|PA1,micro-entity,2020-08-31,2022-08-31,True,True,33190,False,,,,False,False,7.411362080766598,33190,Industrial,-2,False,active
SC605067,MCFARLANE COACH BUILDERS LTD,active,ltd,2018-08-13,5 Lyon Court,,Bo'Ness,EH51 0HR,United Kingdom,['29201'],MCFARLANECOACHBUILDERS,EH51,MCFARLANECOACHBUILDERS|EH51,micro-entity,2019-08-31,2021-05-31,True,True,29201,False,,,,False,False,7.392197125256674,29201,Industrial,-2,False,active
SC605074,NORTHERN SHIELD LTD,active,ltd,2018-08-13,13 Steedman Row,,Edinburgh,EH16 4FQ,,['49390'],NORTHERNSHIELD,EH16,NORTHERNSHIELD|EH16,micro-entity,2020-08-31,2022-05-31,True,True,49390,False,,,,False,False,7.392197125256674,49390,Transport,-2,False,active
SC605387,CEEMAC LTD,active,ltd,2018-08-15,1 Mc Kenna Drive,Mckenna Drive,Airdrie,ML6 0JF,United Kingdom,['43999'],CEEMAC,ML6,CEEMAC|ML6,micro-entity,2020-08-31,2022-05-31,True,True,43999,False,,,,False,False,7.38672142368241,43999,Buildings,-2,False,active
SC605989,BRUADAR MOR LTD,active,ltd,2018-08-21,SC605989 - COMPANIES HOUSE DEFAULT ADDRESS,,Edinburgh,EH7 9HR,,['41202'],BRUADARMOR,EH7,BRUADARMOR|EH7,dormant,2019-08-31,2021-05-31,True,True,41202,False,,,,False,False,7.370294318959616,41202,Buildings,-2,False,active
SC606172,NOVAGUARD SECURITY LIMITED,active,ltd,2018-08-23,152 Albert Street,,Dundee,DD4 6QW,Scotland,['80100'],NOVAGUARDSECURITY,DD4,NOVAGUARDSECURITY|DD4,micro-entity,2020-08-31,2022-05-31,True,True,80100,False,,,,False,False,7.364818617385352,80100,Other,-2,False,active
SC606812,TDH RIGGING & ACCESS LTD,active,ltd,2018-08-30,93 Etive Cresc,,Bishopbriggs,G64 1EY,Scotland,['43290'],TDHRIGGINGANDACCESS,G64,TDHRIGGINGANDACCESS|G64,micro-entity,2020-08-31,2022-05-31,True,True,43290,False,,,,False,False,7.345653661875428,43290,Buildings,-2,False,active
SC606819,MANSION HOUSE FACILITY MANAGEMENT LIMITED,active,ltd,2018-08-30,Gleannan,Dunbar Street,Lossiemouth,IV31 6RB,Scotland,['56101'],MANSIONHOUSEFACILITYMANAGEMENT,IV31,MANSIONHOUSEFACILITYMANAGEMENT|IV31,micro-entity,2019-08-31,2021-05-31,True,True,56101,False,,,,False,False,7.345653661875428,56101,Other,-2,False,active
SC608292,36FIIVE LTD,active,ltd,2018-09-18,22-24 Newington Road,,Edinburgh,EH9 1QS,Scotland,['96090'],36FIIVE,EH9,36FIIVE|EH9,micro-entity,2020-09-30,2022-09-30,True,True,96090,False,,,,False,False,7.293634496919918,96090,Other,-2,False,active
SC610287,MG PROPERTY MANAGEMENT SERVICES LTD,active,ltd,2018-10-08,50 Bayne Drive,,Dingwall,IV15 9UB,Scotland,['98000'],MGPROPERTYMANAGEMENT,IV15,MGPROPERTYMANAGEMENT|IV15,micro-entity,2021-10-31,2023-07-31,True,True,98000,False,,,,False,False,7.238877481177276,98000,Other,-2,False,active
SC610414,REL FIRE SYSTEMS LIMITED,active,ltd,2018-10-09,63 Harvest Drive,,Motherwell,ML1 2RT,United Kingdom,['43210'],RELFIRESYSTEMS,ML1,RELFIRESYSTEMS|ML1,micro-entity,2022-03-31,2023-12-31,True,True,43210,False,,,,False,False,7.236139630390143,43210,Buildings,-2,False,active
SC611044,PURPLE UNDERGROUND LTD,active,ltd,2018-10-17,18 Easter Drylaw View,Easter Drylaw View,Edinburgh,EH4 2QP,Scotland,['56101'],PURPLEUNDERGROUND,EH4,PURPLEUNDERGROUND|EH4,micro-entity,2020-10-31,2022-07-31,True,True,56101,False,,,,False,False,7.214236824093087,56101,Other,-2,False,active
SC611543,K M GARAGE LIMITED,active,ltd,2018-10-23,8a Abernethy Street,,Glasgow,G31 3SZ,United Kingdom,['45200'],KMGARAGE,G31,KMGARAGE|G31,micro-entity,2020-10-31,2022-07-31,True,True,45200,False,,,,False,False,7.197809719370294,45200,Other,-2,False,active
SC612080,COMPLETE COVERINGS LTD,active,ltd,2018-10-30,25 Jacobson Terrace,,Dundee,DD3 9TD,United Kingdom,['47530'],COMPLETECOVERINGS,DD3,COMPLETECOVERINGS|DD3,micro-entity,2020-10-31,2022-10-31,True,True,47530,False,,,,False,False,7.17864476386037,47530,Other,-2,False,active
SC612374,FABIAN BLACK LTD,active,ltd,2018-10-31,"Unit 3, Kpp Chartered Accountants",Rosyth Road,Glasgow,G5 0YE,Scotland,['42120'],FABIANBLACK,G5,FABIANBLACK|G5,micro-entity,2019-10-31,2021-10-31,True,True,42120,False,,,,False,False,7.175906913073238,42120,Buildings,-2,False,active
SC612538,FULL CIRCLE CREATIVE SOLUTIONS LTD,active,ltd,2018-11-02,11 Clyde Street,,Carluke,ML8 5BA,United Kingdom,['73110'],FULLCIRCLECREATIVESOLUTIONS,ML8,FULLCIRCLECREATIVESOLUTIONS|ML8,micro-entity,2020-11-30,2022-08-31,True,True,73110,False,,,,False,False,7.170431211498974,73110,Other,-2,False,active
SC612895,SUPERDRY RETAIL LTD,active,ltd,2018-11-06,Block 3 Unit 1 Milton Road,Kirkintilloch,Glasgow,G66 1SY,Scotland,['96010'],SUPERDRYRETAIL,G66,SUPERDRYRETAIL|G66,micro-entity,2020-11-30,2022-08-31,True,True,96010,False,,,,False,False,7.1594798083504445,96010,Other,-2,False,active
SC614191,RIVERCLYDEMOTORS LIMITED,active,ltd,2018-11-21,7 Guthrie Street,,Dundee,DD1 5DR,Scotland,['45200'],RIVERCLYDEMOTORS,DD1,RIVERCLYDEMOTORS|DD1,micro-entity,2021-11-30,2023-08-31,True,True,45200,False,,,,False,False,7.1184120465434635,45200,Other,-2,False,active
SC615040,66 RMT LTD,active,ltd,2018-11-29,2/1 79 Quarry Street,,Hamilton,ML3 7AG,Scotland,['42120'],66RMT,ML3,66RMT|ML3,micro-entity,2021-11-30,2023-08-31,True,True,42120,False,,,,False,False,7.096509240246407,42120,Buildings,-2,False,active
SC615047,XOTIC COMETS UK LIMITED,active,ltd,2018-11-29,249 Govan Road,,Glasgow,G51 1HJ,Scotland,['46170'],XOTICCOMETS,G51,XOTICCOMETS|G51,micro-entity,2020-11-30,2022-08-31,True,True,46170,False,,,,False,False,7.096509240246407,46170,Other,-2,False,active
SC615089,EAST INDIAN FOOD LTD,active,ltd,2018-11-30,263b St. Johns Road,,Edinburgh,EH12 7XD,Scotland,['56103'],EASTINDIANFOOD,EH12,EASTINDIANFOOD|EH12,micro-entity,2023-11-30,2025-08-31,True,True,56103,False,,,,False,False,7.093771389459275,56103,Other,-2,False,active
SC615760,MN&B LTD,active,ltd,2018-12-10,"Unit K3 , Princes Square Shopping Centre",Buchanan Street,Glasgow,G1 3JN,Scotland,['96020'],MNANDB,G1,MNANDB|G1,micro-entity,2020-12-31,2022-09-30,True,True,96020,False,,,,False,False,7.066392881587953,96020,Other,-2,False,active
SC616607,COPPER LEAF DESIGN (AYRSHIRE) LTD,active,ltd,2018-12-19,151 High Street C/O Adam And Co,,Irvine,KA12 8AD,United Kingdom,['43320'],COPPERLEAFDESIGNAYRSHIRE,KA12,COPPERLEAFDESIGNAYRSHIRE|KA12,micro-entity,2020-12-31,2022-09-30,True,True,43320,False,,,,False,False,7.041752224503765,43320,Buildings,-2,False,active
SC618252,FREQUENCY BARBER LTD,active,ltd,2019-01-15,15 Duncombe Street,,Glasgow,G20 0LZ,Scotland,['96020'],FREQUENCYBARBER,G20,FREQUENCYBARBER|G20,micro-entity,2022-01-31,2023-10-31,True,True,96020,False,,,,False,False,6.967830253251198,96020,Other,-2,False,active
SC619744,REIP UK LTD,active,ltd,2019-01-31,The Cooper Building,505 Great Western Road,Glasgow,G12 8HN,Scotland,['68310'],REIP,G12,REIP|G12,micro-entity,2021-01-31,2022-10-31,True,True,68310,False,,,,False,False,6.924024640657084,68310,Buildings,-2,False,active
SC621238,HOLLYWOOD PROPERTIES LIMITED,active,ltd,2019-02-14,85 Brent Road Thornliebank,,Glasgow,G46 8JG,Scotland,['68201'],HOLLYWOODPROPERTIES,G46,HOLLYWOODPROPERTIES|G46,micro-entity,2022-02-28,2023-11-30,True,True,68201,False,,,,False,False,6.885694729637235,68201,Buildings,-2,False,active
SC621374,KHEPBURN SERVICES LTD,active,ltd,2019-02-15,64 Rona Place,,Aberdeen,AB16 6EJ,Scotland,['74909'],KHEPBURN,AB16,KHEPBURN|AB16,micro-entity,2021-03-31,2022-12-31,True,True,74909,False,,,,False,False,6.882956878850103,74909,Other,-2,False,active
SC621826,FEEFEE4 LTD,active,ltd,2019-02-20,6 Blair Road,Crossford,Carluke,ML8 5RF,Scotland,['68209'],FEEFEE4,ML8,FEEFEE4|ML8,micro-entity,2021-02-28,2022-11-30,True,True,68209,False,,,,False,False,6.869267624914442,68209,Buildings,-2,False,active
SC621835,CENTRALLETTINGWORKS LTD,active,ltd,2019-02-20,737 Pollockshaws Road,,Glasgow,G41 2AA,Scotland,['68310'],CENTRALLETTINGWORKS,G41,CENTRALLETTINGWORKS|G41,micro-entity,2020-02-28,2021-11-30,True,True,68310,False,,,,False,False,6.869267624914442,68310,Buildings,-2,False,active
SC621885,GREEN MANGO RESTAURANT LIMITED,active,ltd,2019-02-20,15 Greyfriars Street,,Elgin,IV30 1LF,United Kingdom,['56101'],GREENMANGORESTAURANT,IV30,GREENMANGORESTAURANT|IV30,micro-entity,2019-04-30,2021-05-16,True,True,56101,False,,,,False,False,6.869267624914442,56101,Other,-2,False,active
SC622429,SPRINTER DESIGN LTD.,active,ltd,2019-02-25,31 Belsyde Court,Linlithgow Bridge,Linlithgow,EH49 7RN,United Kingdom,['18129'],SPRINTERDESIGN,EH49,SPRINTERDESIGN|EH49,micro-entity,2021-02-28,2022-11-30,True,True,18129,False,,,,False,False,6.855578370978781,18129,Industrial,-2,False,active
SC622443,MJH STRUCTURAL ENGINEERS LTD,active,ltd,2019-02-25,Flat 3/2. 9 Kirkwell Road Kirkwell Road,,Glasgow,G44 5UN,United Kingdom,['33120'],MJHSTRUCTURALENGINEERS,G44,MJHSTRUCTURALENGINEERS|G44,micro-entity,2023-02-28,2024-11-30,True,True,33120,False,,,,False,False,6.855578370978781,33120,Industrial,-2,False,active
SC623047,NDT SERVICES KJD LIMITED,active,ltd,2019-03-04,29a Hayton Road,,Aberdeen,AB24 2RL,Scotland,['06100'],NDTSERVICESKJD,AB24,NDTSERVICESKJD|AB24,micro-entity,2020-03-31,2021-12-31,True,True,06100,False,,,,False,False,6.836413415468857,06100,Industrial,-2,False,active
SC623550,JUPITER PRIVATE LIMITED,active,ltd,2019-03-07,372 George Street,,Aberdeen,AB25 1HD,Scotland,['56101'],JUPITERPRIVATE,AB25,JUPITERPRIVATE|AB25,micro-entity,2021-03-31,2022-12-31,True,True,56101,False,,,,False,False,6.828199863107461,56101,Other,-2,False,active
SC624311,SEE MORE BODY & TANNING STUDIOS LTD,active,ltd,2019-03-13,133 Maxwellton Avenue,East Kilbride,Glasgow,G74 3DU,Scotland,['96020'],SEEMOREBODYANDTANNINGSTUDIOS,G74,SEEMOREBODYANDTANNINGSTUDIOS|G74,micro-entity,2022-03-31,2023-12-31,True,True,96020,False,,,,False,False,6.811772758384668,96020,Other,-2,False,active
SC626099,NDT INSPECTION CONTRACTS LIMITED,active,ltd,2019-03-29,15 Cluny Terrace,,Kingussie,PH21 1JW,Scotland,['25990'],NDTINSPECTIONCONTRACTS,PH21,NDTINSPECTIONCONTRACTS|PH21,micro-entity,2020-03-31,2021-12-31,True,True,25990,False,,,,False,False,6.767967145790554,25990,Industrial,-2,False,active
SC626687,OSA PIPEFITTERS LIMITED,active,ltd,2019-04-04,133 St James Business Centre Linwood Road,Linwood,Paisley,PA3 3AT,Scotland,['33200'],OSAPIPEFITTERS,PA3,OSAPIPEFITTERS|PA3,micro-entity,2020-04-30,2022-01-31,True,True,33200,False,,,,False,False,6.751540041067762,33200,Industrial,-2,False,active
SC628075,NEWS 2 YOU LTD,active,ltd,2019-04-18,7 Larch Road,,Cumbernauld,G67 3AZ,Scotland,['47620'],NEWS2YOU,G67,NEWS2YOU|G67,micro-entity,2020-06-30,2022-06-30,True,True,47620,False,,,,False,False,6.713210130047912,47620,Other,-2,False,active
SC628475,WELLPARK ROOFING LTD,active,ltd,2019-04-24,17 Blair Crescent,Hurlford,Kilmarnock,KA1 5BL,Scotland,['42120'],WELLPARKROOFING,KA1,WELLPARKROOFING|KA1,dormant,2020-04-30,2022-01-31,True,True,42120,False,,,,False,False,6.69678302532512,42120,Buildings,-2,False,active
SC628596,MCKNOCKITER ENGINEERING LTD,active,ltd,2019-04-24,1 Catto Crescent,Cove Bay,Aberdeen,AB12 3PQ,Scotland,['71122'],MCKNOCKITERENGINEERING,AB12,MCKNOCKITERENGINEERING|AB12,micro-entity,2022-04-30,2024-01-31,True,True,71122,False,,,,False,False,6.69678302532512,71122,Other,-2,False,active
SC628642,AVE ELECTRONICS & TV PARTS LIMITED,active,ltd,2019-04-25,122 City Road City Road,,Dundee,DD2 2PW,Scotland,['46439'],AVEELECTRONICSANDTVPARTS,DD2,AVEELECTRONICSANDTVPARTS|DD2,micro-entity,2021-04-30,2023-01-31,True,True,46439,False,,,,False,False,6.694045174537988,46439,Other,-2,False,active
SC628849,ABNA CONSULTANCY LIMITED,active,ltd,2019-04-29,2 Taylor Place,Flat 24/8,Glasgow,G4 0PA,Scotland,['70229'],ABNACONSULTANCY,G4,ABNACONSULTANCY|G4,dormant,2022-04-30,2024-01-31,True,True,70229,False,,,,False,False,6.683093771389459,70229,Other,-2,False,active
SC629622,EDBROOK LIMITED,active,ltd,2019-05-07,14c Hamilton Way,,Greenock,PA15 1RH,Scotland,['47710'],EDBROOK,PA15,EDBROOK|PA15,micro-entity,2020-05-31,2022-02-28,True,True,47710,False,,,,False,False,6.661190965092403,47710,Other,-2,False,active
SC631183,AMDG ENGINEERING LTD,active,ltd,2019-05-22,Flat 3/3 20 Afton Street,,Glasgow,G41 3BU,Scotland,['71129'],AMDGENGINEERING,G41,AMDGENGINEERING|G41,micro-entity,2020-05-31,2022-02-28,True,True,71129,False,,,,False,False,6.620123203285421,71129,Other,-2,False,active
SC631352,JK TANDOORI LTD,active,ltd,2019-05-23,65 Glasgow Road,Rutherglen,Glasgow,G73 1LJ,Scotland,['56103'],JKTANDOORI,G73,JKTANDOORI|G73,micro-entity,2022-05-31,2024-02-29,True,True,56103,False,,,,False,False,6.617385352498289,56103,Other,-2,False,active
SC631905,COOPER AND SONS FORESTRY CONTRACTORS LIMITED,active,ltd,2019-05-29,Tigh Na Gall,Sandbank,Dunoon,PA23 8QS,Scotland,['02400'],COOPERANDSONSFORESTRYCONTRACTORS,PA23,COOPERANDSONSFORESTRYCONTRACTORS|PA23,micro-entity,2020-05-31,2022-02-28,True,True,02400,False,,,,False,False,6.6009582477754964,02400,Other,-2,False,active
SC631961,ISLAY WHISKY CONNECTION LTD,active,ltd,2019-05-30,17 Broomhill,Bowmore,Isle Of Islay,PA43 7HX,Scotland,['56290'],ISLAYWHISKYCONNECTION,PA43,ISLAYWHISKYCONNECTION|PA43,micro-entity,2021-05-31,2023-02-28,True,True,56290,False,,,,False,False,6.598220396988364,56290,Other,-2,False,active
SC632016,MINTED DECORATIVE & INDUSTRIAL COATINGS LTD,active,ltd,2019-05-30,17 Duthil Street,West Drumoyne,Glasgow,G51 4GX,Scotland,['43341'],MINTEDDECORATIVEANDINDUSTRIALCOATINGS,G51,MINTEDDECORATIVEANDINDUSTRIALCOATINGS|G51,micro-entity,2021-05-31,2023-02-28,True,True,43341,False,,,,False,False,6.598220396988364,43341,Buildings,-2,False,active
SC633360,AFGHAN KITCHEN LTD,active,ltd,2019-06-13,151 / 6 Balmoral Street,,Glasgow,G14 0HB,Scotland,['47290'],AFGHANKITCHEN,G14,AFGHANKITCHEN|G14,micro-entity,2022-09-30,2024-06-30,True,True,47290,False,,,,False,False,6.5598904859685145,47290,Other,-2,False,active
SC633405,A&I FOOD LTD,active,ltd,2019-06-14,165 Brook Street,Broughty Ferry,Dundee,DD5 1DJ,,['56103'],AANDIFOOD,DD5,AANDIFOOD|DD5,dormant,2022-06-30,2024-03-31,True,True,56103,False,,,,False,False,6.5571526351813825,56103,Other,-2,False,active
SC634059,NICE BUY LTD,active,ltd,2019-06-21,Transport House,3 Argyll Ave,Renfrew,PA4 9EB,,['47890'],NICEBUY,PA4,NICEBUY|PA4,,,2021-06-21,False,True,47890,False,,,,False,False,6.537987679671458,47890,Other,-2,False,active
SC635246,WAZIR & CO FOOD LTD,active,ltd,2019-07-04,Unit 3 Varnsdorf Way,Petersburn,Airdrie,ML6 8EQ,Scotland,['56103'],WAZIRANDCOFOOD,ML6,WAZIRANDCOFOOD|ML6,micro-entity,2020-07-31,2022-04-30,True,True,56103,False,,,,False,False,6.50239561943874,56103,Other,-2,False,active
SC635935,MMP SCOTLAND LIMITED,active,ltd,2019-07-12,63 Elm Row,Leith Walk,Edinburgh,EH7 4AQ,Scotland,['18129'],MMPSCOTLAND,EH7,MMPSCOTLAND|EH7,micro-entity,2022-07-31,2024-04-30,True,True,18129,False,,,,False,False,6.480492813141684,18129,Industrial,-2,False,active
SC635952,DUMFRIES HYDRO LIMITED,active,ltd,2019-07-12,Unit 8 Spitfire Road,,Dumfries,DG1 3PH,,['47760'],DUMFRIESHYDRO,DG1,DUMFRIESHYDRO|DG1,micro-entity,2020-07-31,2022-04-30,True,True,47760,False,,,,False,False,6.480492813141684,47760,Other,-2,False,active
SC637329,ANDERSON EXTERNAL CLEANING LTD,active,ltd,2019-07-30,23 Sherwood Way,,Bonnyrigg,EH19 3NG,Scotland,['81222'],ANDERSONEXTERNALCLEANING,EH19,ANDERSONEXTERNALCLEANING|EH19,micro-entity,2023-07-31,2025-04-30,True,True,81222,False,,,,False,False,6.431211498973306,81222,Buildings,-2,False,active
SC637371,GRC DEVELOPMENTS (TRADING) LIMITED,active,ltd,2019-07-30,Unit 13b Lawside Dye Works,47 Byron Street,Dundee,DD3 6QT,United Kingdom,['68320'],GRCDEVELOPMENTSTRADING,DD3,GRCDEVELOPMENTSTRADING|DD3,micro-entity,2020-07-31,2022-04-30,True,True,68320,False,,,,False,False,6.431211498973306,68320,Buildings,-2,False,active
SC637933,GORDONS 336 LTD,active,ltd,2019-08-05,10 Newton Place,,Glasgow,G3 7PR,Scotland,['56103'],GORDONS336,G3,GORDONS336|G3,micro-entity,2020-08-31,2022-05-31,True,True,56103,False,,,,False,False,6.414784394250513,56103,Other,-2,False,active
SC638180,RJB PLANNING LTD,active,ltd,2019-08-07,19 Gopher Avenue,Uddingston,Glasgow,G71 5HR,Scotland,['61900'],RJBPLANNING,G71,RJBPLANNING|G71,micro-entity,2020-07-31,2022-04-30,True,True,61900,False,,,,False,False,6.409308692676249,61900,Other,-2,False,active
SC638316,ESR LOGISTICS LTD,active,ltd,2019-08-08,Moffat Business Enterprise,Forrest Street,Airdrie,ML6 7AG,Scotland,['53202'],ESRLOGISTICS,ML6,ESRLOGISTICS|ML6,micro-entity,2020-08-31,2022-05-31,True,True,53202,False,,,,False,False,6.406570841889117,53202,Transport,-2,False,active
SC638337,KINETIC GAS SERVICES LTD,active,ltd,2019-08-08,Unit 3 Morris Park,37 Rosyth Road,Glasgow,G5 0YE,Scotland,['43220'],KINETICGAS,G5,KINETICGAS|G5,micro-entity,2020-08-31,2022-08-31,True,True,43220,False,,,,False,False,6.406570841889117,43220,Buildings,-2,False,active
SC638896,PT DRIVER LTD,active,ltd,2019-08-15,3 Dava Street,,Glasgow,G51 2JA,Scotland,['49410'],PTDRIVER,G51,PTDRIVER|G51,micro-entity,2024-08-31,2026-05-31,True,False,49410,False,,,,False,False,6.3874058863791925,49410,Transport,-2,False,active
SC638914,ASD CIVILS LIMITED,active,ltd,2019-08-15,Yonderton Farm Cottage,Lesmahagow,Lanark,ML11 0HL,Scotland,['42990'],ASDCIVILS,ML11,ASDCIVILS|ML11,micro-entity,2024-08-31,2026-05-31,True,False,42990,False,,,,False,False,6.3874058863791925,42990,Buildings,-2,False,active
SC639824,HORIZON MANAGEMENT SYSTEMS LIMITED,active,ltd,2019-08-27,6 Neilston Road,,Paisley,PA2 6LN,Scotland,['78300'],HORIZONMANAGEMENTSYSTEMS,PA2,HORIZONMANAGEMENTSYSTEMS|PA2,micro-entity,2020-08-31,2022-05-31,True,True,78300,False,,,,False,False,6.354551676933607,78300,Other,-2,False,active
SC641221,HOME FIRE PROTECTION SCOTLAND LTD,active,ltd,2019-09-11,3a Moss Street,,Paisley,PA1 1BG,Scotland,['43210'],HOMEFIREPROTECTIONSCOTLAND,PA1,HOMEFIREPROTECTIONSCOTLAND|PA1,micro-entity,2021-09-30,2023-06-30,True,True,43210,False,,,,False,False,6.313483915126626,43210,Buildings,-2,False,active
SC643929,BUCHAN CONSULTANCY LIMITED,active,ltd,2019-10-08,Box 602 (Mclennan) Mail Box Etc,145 Kilmarnock Road,Glasgow,G41 3JA,Scotland,['70229'],BUCHANCONSULTANCY,G41,BUCHANCONSULTANCY|G41,micro-entity,2020-10-31,2022-07-31,True,True,70229,False,,,,False,False,6.239561943874059,70229,Other,-2,False,active
SC644420,INDIGO COST CONSULTANCY LIMITED,active,ltd,2019-10-14,23 Saffronhall Lane,,Hamilton,ML3 6LS,Scotland,['81100'],INDIGOCOSTCONSULTANCY,ML3,INDIGOCOSTCONSULTANCY|ML3,micro-entity,2021-10-31,2023-07-31,True,True,81100,False,,,,False,False,6.223134839151267,81100,Buildings,-2,False,active
SC645127,JM OFFSHORE SERVICES LTD,active,ltd,2019-10-23,20 Redmire Crescent,Portlethen,Aberdeen,AB12 4AL,United Kingdom,['45200'],JMOFFSHORE,AB12,JMOFFSHORE|AB12,micro-entity,2020-10-31,2022-07-31,True,True,45200,False,,,,False,False,6.198494182067077,45200,Other,-2,False,active
SC646161,SOLUTIONS CIVIL ENGINEERING LIMITED,active,ltd,2019-11-04,48 Buttars Road,,Dundee,DD2 4LT,Scotland,['71122'],SOLUTIONSCIVILENGINEERING,DD2,SOLUTIONSCIVILENGINEERING|DD2,micro-entity,2020-11-30,2022-08-31,True,True,71122,False,,,,False,False,6.165639972621492,71122,Other,-2,False,active
SC648130,BLASTA CATERING LIMITED,active,ltd,2019-11-26,19 Murray Place,Stanley,Perth,PH1 4LX,Scotland,['56101'],BLASTACATERING,PH1,BLASTACATERING|PH1,micro-entity,2020-11-30,2022-08-31,True,True,56101,False,,,,False,False,6.105407255304586,56101,Other,-2,False,active
SC648575,PIZZA AMORE LTD,active,ltd,2019-12-02,4-8 Lochrin Lochrin Buildings,,Edinburgh,EH3 9NB,Scotland,['56101'],PIZZAAMORE,EH3,PIZZAAMORE|EH3,micro-entity,2020-12-31,2022-09-30,True,True,56101,False,,,,False,False,6.0889801505817935,56101,Other,-2,False,active
SC649514,NORTH EAST EQUIPMENT TRADING LTD,active,ltd,2019-12-12,The Steading Finnygaud,Aberchirder,Huntly,AB54 7QQ,United Kingdom,['70229'],NORTHEASTEQUIPMENTTRADING,AB54,NORTHEASTEQUIPMENTTRADING|AB54,micro-entity,2021-12-31,2023-09-30,True,True,70229,False,,,,False,False,6.061601642710472,70229,Other,-2,False,active
SC651097,BLACKHORSE CAFE & BISTRO LIMITED,active,ltd,2020-01-10,50 Island Street,,Galashiels,TD1 1NU,,['56102'],BLACKHORSECAFEANDBISTRO,TD1,BLACKHORSECAFEANDBISTRO|TD1,micro-entity,2021-01-31,2022-10-31,True,True,56102,False,,,,False,False,5.982203969883641,56102,Other,-2,False,active
SC651218,WELLROUND LIMITED,active,ltd,2020-01-10,58 Long Lane,Broughty Ferry,Dundee,DD5 1HH,,['56301'],WELLROUND,DD5,WELLROUND|DD5,dormant,2021-01-31,2022-10-31,True,True,56301,False,,,,False,False,5.982203969883641,56301,Other,-2,False,active
SC651277,ALLSTAR ACCESS LTD,active,ltd,2020-01-13,35 Berwick Castle Terrace,,Edinburgh,EH23 4QU,Scotland,['09100'],ALLSTARACCESS,EH23,ALLSTARACCESS|EH23,micro-entity,2022-01-31,2023-10-31,True,True,09100,False,,,,False,False,5.973990417522245,09100,Industrial,-2,False,active
SC651496,LITTLE INDIA (SCOT) LTD,active,ltd,2020-01-14,"Little India Take Away, 55",High Street,Tillicoultry,FK13 6AA,Scotland,['56103'],LITTLEINDIASCOT,FK13,LITTLEINDIASCOT|FK13,micro-entity,2022-01-31,2023-10-31,True,True,56103,False,,,,False,False,5.971252566735113,56103,Other,-2,False,active
SC652728,THUSA CONTRACT LTD,active,ltd,2020-01-27,Unit 2 The Ground Floor,"The Iron Works, Bankside",Falkirk,FK2 7XJ,Scotland,['32990'],THUSACONTRACT,FK2,THUSACONTRACT|FK2,dormant,2021-01-24,2022-10-31,True,True,32990,False,,,,False,False,5.935660506502396,32990,Industrial,-2,False,active
SC652743,BMA ENGINEERING SOLUTIONS LIMITED,active,ltd,2020-01-27,C/O Stewart And Co,Tom Johnston Road,Dundee,DD4 8XD,Scotland,['71129'],BMAENGINEERINGSOLUTIONS,DD4,BMAENGINEERINGSOLUTIONS|DD4,micro-entity,2021-01-31,2023-01-31,True,True,71129,False,,,,False,False,5.935660506502396,71129,Other,-2,False,active
SC653134,OUTSCOTLAND LTD,active,ltd,2020-01-31,15 Queen Street,,Edinburgh,EH2 1JE,Scotland,['63990'],OUTSCOTLAND,EH2,OUTSCOTLAND|EH2,micro-entity,2023-01-31,2024-10-31,True,True,63990,False,,,,False,False,5.924709103353867,63990,Other,-2,False,active
SC655033,LEASE RETAIL SCO LIMITED,active,ltd,2020-02-19,Post Office 224-226 Main Street,224-226,Bellshill,ML4 1AA,Scotland,['47110'],LEASERETAILSCO,ML4,LEASERETAILSCO|ML4,micro-entity,2023-02-28,2024-11-30,True,True,47110,False,,,,False,False,5.8726899383983575,47110,Other,-2,False,active
SC660983,XTELLIGENT LTD,active,ltd,2020-05-11,SC660983 - COMPANIES HOUSE DEFAULT ADDRESS,,Edinburgh,EH7 9HR,,['52290'],XTELLIGENT,EH7,XTELLIGENT|EH7,dormant,2022-05-31,2024-02-29,True,True,52290,False,,,,False,False,5.648186173853525,52290,Transport,-2,False,active
