company_number,company_name,company_status,company_type,date_of_creation,address_line_1,address_line_2,locality,postal_code,country,sic_codes,name_norm,outward_postcode,match_key
NI019095,CROWN OVERSEAS SERVICES LIMITED,active,ltd,1986-01-16,Unit 12,Graham Industrial Park,Dargan Crescent,BT3 9JP,,['27900'],CROWNOVERSEAS,BT3,CROWNOVERSEAS|BT3
NI020744,MORGAN & STEWART (LIFE & PENSIONS) LIMITED,active,ltd,1987-07-24,13 Castle Street,Lisburn,Co Antrim,BT27 4SP,,,MORGANANDSTEWARTLIFEANDPENSIONS,BT27,MORGANANDSTEWARTLIFEANDPENSIONS|BT27
NI026152,RUSHALL FARMS LIMITED,active,ltd,1991-11-29,73 Burnally Road,Limavady,Co. Derry,BT49 9DP,,['01110'],RUSHALLFARMS,BT49,RUSHALLFARMS|BT49
NI025749,B.M. & J.R. CRANFIELD LIMITED,active,ltd,1991-07-09,40 University Street,Belfast,,BT7 1FZ,,,BMANDJRCRANFIELD,BT7,BMANDJRCRANFIELD|BT7
NI027412,Q102 FM LIMITED,active,ltd,1993-04-14,C/O Flannigan Edmonds Bannon,Pearl Assurance House,2 Donegall Square East,BT1 5HB,,['59113'],Q102FM,BT1,Q102FM|BT1
NI032285,TOM BROWNE LIMITED,active,ltd,1997-04-17,Second Floor,16d Castle Street,Lisburn,BT27 4XD,,['68320'],TOMBROWNE,BT27,TOMBROWNE|BT27
NI033734,TIFFEN DEVELOPMENTS LTD,active,ltd,1998-03-03,55 Bovean Road,,Killyman,BT71 6HU,,['68100'],TIFFENDEVELOPMENTS,BT71,TIFFENDEVELOPMENTS|BT71
NI035705,ELMGOLD DEVELOPMENTS LIMITED,active,ltd,1999-02-26,53 High Street,Bangor,Co. Down,BT20 5BE,,,ELMGOLDDEVELOPMENTS,BT20,ELMGOLDDEVELOPMENTS|BT20
NI037454,G. P. WILLIAMS LIMITED,active,ltd,1999-11-29,Arthur House,Arthur Street,Belfast,BT1 4GB,,['4545'],GPWILLIAMS,BT1,GPWILLIAMS|BT1
NI038794,SUNLEA COURT LTD,active,ltd,2000-06-15,Gordon Barr,13a Rhanbuoy Park,Carrickfergus,BT38 8BS,,['4521'],SUNLEACOURT,BT38,SUNLEACOURT|BT38
NI043769,ROWLEY LEISURE PARKS LIMITED,active,ltd,2002-08-01,Unit 1 Bluebuild Business Park,210 Quarry Heights,Newtownards,BT23 7SZ,,['7415'],ROWLEYLEISUREPARKS,BT23,ROWLEYLEISUREPARKS|BT23
NI047536,FIRETEC (IRELAND) LTD,active,ltd,2003-08-12,83 Galdanagh Road,Dunloy,Ballymena,BT44 9ED,Northern Ireland,['43390'],FIRETECIRELAND,BT44,FIRETECIRELAND|BT44
NI013707,J.D. COULSON & CO LIMITED,active,ltd,1979-06-29,35(A) Irish Street,Downpatrick,Co.Down,BT30 6BW,,,JDCOULSONANDCO,BT30,JDCOULSONANDCO|BT30
NI050108,MCMILLEN CONSULTANTS LIMITED,active,ltd,2004-03-30,At The Offices Of Falconer Stewart,248-266 Upper Newtownards Road,Ballyhackamore,BT4 3EU,,['70229'],MCMILLENCONSULTANTS,BT4,MCMILLENCONSULTANTS|BT4
NI063033,DRUMLEE PROPERTIES LIMITED,active,ltd,2007-02-07,Fpm Chartered Accountants,1-3 Arthur Street,Belfast,BT1 4GA,,,DRUMLEEPROPERTIES,BT1,DRUMLEEPROPERTIES|BT1
NI603128,NI603128 LIMITED,active,ltd,2010-05-13,Lindsay House,10 Callender Street,Belfast,BT1 5BN,,['55100'],NI603128,BT1,NI603128|BT1
NI603481,EASSDA (LINDARA) LIMITED,active,ltd,2010-06-16,14-18 Great Victoria Street,,Belfast,BT2 7BA,,['41100'],EASSDALINDARA,BT2,EASSDALINDARA|BT2
NI606237,CARROWREAGH MANAGEMENT COMPANY LIMITED,active,ltd,2011-02-18,Thallon House Carrowreagh Business Park,Carrowreagh Road,Dundonald,BT16 1QQ,Northern Ireland,,CARROWREAGHMANAGEMENTCOMPANY,BT16,CARROWREAGHMANAGEMENTCOMPANY|BT16
NI607777,WC TRANSPORT SERVICES LTD,active,ltd,2011-06-08,3 Gleann Abhainn,Whitecross,Armagh,BT60 2TN,,"['45200', '49410', '52219']",WCTRANSPORT,BT60,WCTRANSPORT|BT60
NI607563,RESOURCE (NO.1) LIMITED,active,ltd,2011-05-24,Edgewater Business Park,8 Edgewater Road,Belfast,BT3 9JQ,,['70100'],RESOURCENO1,BT3,RESOURCENO1|BT3
NI618339,F150 INVESTMENTS LIMITED,active,ltd,2013-05-10,6 Old Caulfield Road,,Dungannon,BT70 3NE,Northern Ireland,,F150INVESTMENTS,BT70,F150INVESTMENTS|BT70
NI625348,MCCAFFREY CONTRACTS 2014 LTD,active,ltd,2014-06-25,Ummera,,Derrylin,BT92 9PZ,,['42990'],MCCAFFREYCONTRACTS2014,BT92,MCCAFFREYCONTRACTS2014|BT92
NI625848,3 SALMON RESTAURANTS LIMITED,active,ltd,2014-07-28,48 Hollybrook Manor,,Newtownabbey,BT36 7XR,Northern Ireland,,3SALMONRESTAURANTS,BT36,3SALMONRESTAURANTS|BT36
NI628743,CR FINANCIAL PLANNING LIMITED,active,ltd,2015-01-16,4 Rhanbuoy Gardens,Seahill,Holywood,BT18 0DZ,,['70221'],CRFINANCIALPLANNING,BT18,CRFINANCIALPLANNING|BT18
NI655439,AMELIA & BANEE LIMITED,active,ltd,2018-09-03,72 Glendale Park,,Belfast,BT8 6HS,Northern Ireland,['56102'],AMELIAANDBANEE,BT8,AMELIAANDBANEE|BT8
12523014,RM EXPORTS LIMITED,active,ltd,2020-03-18,Lonza Refinery,Wheldon Road,Castleford,WF10 2JT,England,['46690'],RMEXPORTS,WF10,RMEXPORTS|WF10
12549088,HH SPORTS CONSULTANCY LIMITED,active,ltd,2020-04-06,Milburn House Hexham Business Park,Burn Lane,Hexham,NE46 3RU,England,['70229'],HHSPORTSCONSULTANCY,NE46,HHSPORTSCONSULTANCY|NE46
12552579,APPROVED CLAIMS GROUP LTD,active,ltd,2020-04-09,20-22 Wenlock Road,,London,N1 7GU,England,['82990'],APPROVEDCLAIMS,N1,APPROVEDCLAIMS|N1
NI665319,K35 LIMITED,active,ltd,2019-10-23,32 Suffolk Road,Dc Complex,Belfast,BT11 9PE,Northern Ireland,['93130'],K35,BT11,K35|BT11
NI668027,CAUSEWAY FITNESS LIMITED,active,ltd,2020-02-27,8 Riverside Park North,,Coleraine,BT51 3GE,Northern Ireland,['93130'],CAUSEWAYFITNESS,BT51,CAUSEWAYFITNESS|BT51
NI671744,MAIDEN DETAIL TYRES LTD,active,ltd,2020-08-13,99 Clooney Road,Campsie,Eglinton,BT47 3PB,Northern Ireland,"['45200', '45320']",MAIDENDETAILTYRES,BT47,MAIDENDETAILTYRES|BT47
NI675139,BE A QUEEN BEAUTY & LASHES LTD,active,ltd,2020-12-23,4b Old Market Place,,Omagh,BT78 1BT,United Kingdom,['96020'],BEAQUEENBEAUTYANDLASHES,BT78,BEAQUEENBEAUTYANDLASHES|BT78
12340098,ONE DAY CARE CENTRE LTD,active,ltd,2019-11-29,3 Fern Avenue,,Nottingham,NG5 1BG,England,['86900'],ONEDAYCARECENTRE,NG5,ONEDAYCARECENTRE|NG5
12344447,BLACK DIAMOND LONDON LIMITED,active,ltd,2019-12-02,"Flat 2, Lavender Court",1 Fallowfields Drive,London,N12 0TA,England,['81299'],BLACKDIAMONDLONDON,N12,BLACKDIAMONDLONDON|N12
12395555,PORTSMOUTH TRAVELS LTD,active,ltd,2020-01-09,76 Kingston Road Kingston Road,,Portsmouth,PO2 7PA,England,['79110'],PORTSMOUTHTRAVELS,PO2,PORTSMOUTHTRAVELS|PO2
SC005574,SC005574 LIMITED,active,ltd,1904-04-05,Kintyre House,209 West George Street,Glasgow,G2 2LW,,"['2852', '3511']",SC005574,G2,SC005574|G2
SC012298,A. & P. STEVEN LIMITED,active,ltd,1922-07-12,Unit 3,17 Stafford Street,Glasgow,G3 0JJ,,['7499'],AANDPSTEVEN,G3,AANDPSTEVEN|G3
SC009252,RANKIN & BLACKMORE LIMITED,active,ltd,1914-10-09,112 West George Street,,Glasgow,,,,RANKINANDBLACKMORE,,RANKINANDBLACKMORE|
SC006409,SC006409 LIMITED,active,ltd,1907-02-05,C/O Zolfo Cooper Cornerstone,107 West Regent Street,Glasgow,G2 2BA,,['4521'],SC006409,G2,SC006409|G2
SC006331,MELVIN & GILLESPIE LIMITED,active,ltd,1906-11-06,28 Charles Street,,Glasgow,G21 2PN,Scotland,,MELVINANDGILLESPIE,G21,MELVINANDGILLESPIE|G21
SC014569,HUNTER & CLARK LIMITED,active,ltd,1927-04-16,C/O Zolfo Cooper Cornerstone,107 West Regent Street,Glasgow,G2 2BA,,['4521'],HUNTERANDCLARK,G2,HUNTERANDCLARK|G2
SC014834,SANROK LTD.,active,ltd,1927-11-22,37 Kirk Wynd,Kirkcaldy,Fife,KY1 1EN,,['1533'],SANROK,KY1,SANROK|KY1
SC009263,NATIONAL STEEL FOUNDRY (1914) LTD. (THE),active,ltd,1914-11-06,43 Colquhoun Avenue,Hillington,Glasgow,G52 4XA,,['7499'],NATIONALSTEELFOUNDRY1914LTDTHE,G52,NATIONALSTEELFOUNDRY1914LTDTHE|G52
SC011064,WYVERN STRUCTURES LIMITED,active,ltd,1920-03-24,Moores Rowland,Allan House,25 Bothwell Street,G2 6NL,,['7415'],WYVERNSTRUCTURES,G2,WYVERNSTRUCTURES|G2
SC014228,FRASER & BORTHWICK LIMITED,active,ltd,1926-06-13,Industrial Estate,Irvine,,,,,FRASERANDBORTHWICK,,FRASERANDBORTHWICK|
SC025190,FRANK B PRICE & CO (ROOFINGS) LIMITED,active,ltd,1947-03-24,37 Dalsetter Avenue,Glasgow,,G15 8TQ,,,FRANKBPRICEANDCOROOFINGS,G15,FRANKBPRICEANDCOROOFINGS|G15
SC022561,MYLES J. CALLAGHAN LIMITED,active,ltd,1943-09-30,175 West George Street,Glasgow,,G2 2LB,,,MYLESJCALLAGHAN,G2,MYLESJCALLAGHAN|G2
SC023005,SAWNOL LIMITED,active,ltd,1944-11-11,Seafield Road,Longmans,Inverness,,,,SAWNOL,,SAWNOL|
SC019522,HEGGIE & AITCHISON LIMITED,active,ltd,1937-01-12,60-62 Duff St,Edinburgh 11,,,,,HEGGIEANDAITCHISON,,HEGGIEANDAITCHISON|
SC003922,"FLEMING & FERGUSON, LIMITED",active,ltd,1898-06-23,Sir James Clark Building,Studio 21 Abbey Mill Business,Centre Seedhill Paisley,PA1 1JT,,['7420'],FLEMINGANDFERGUSON,PA1,FLEMINGANDFERGUSON|PA1
SC013643,EDWARD GIBBON & SONS LIMITED,active,ltd,1925-04-29,306 Springfield Road,Glasgow Se,,G40 3HY,,,EDWARDGIBBONANDSONS,G40,EDWARDGIBBONANDSONS|G40
SC020235,METBRO LIMITED,active,ltd,1938-03-03,239 Myreside Street,Glasgow,,G32 6DR,,['7499'],METBRO,G32,METBRO|G32
SC021731,J.B. HAY & COMPANY LIMITED,active,ltd,1941-05-08,37 Albyn Place,Aberdeen,,,,['4521'],JBHAYANDCOMPANY,,JBHAYANDCOMPANY|
SC014581,MCANDREW WORMALD & COMPANY LIMITED,active,ltd,1900-01-01,234 West George Street,Glasgow,,G2 4QY,,,MCANDREWWORMALDANDCOMPANY,G2,MCANDREWWORMALDANDCOMPANY|G2
SC017663,JAMES WALKER (INSULATORS) LIMITED,active,ltd,1900-01-01,61 Kingston Street,Glasgow,,,,,JAMESWALKERINSULATORS,,JAMESWALKERINSULATORS|
SC011043,THERMOTANK LIMITED,active,ltd,1920-03-17,Roseberry Road,Chapelhall Industrial Estate,Airdrie,ML6 8QE,,,THERMOTANK,ML6,THERMOTANK|ML6
SC029803,EXPRESS SHOPPING LIMITED,active,ltd,1954-01-02,Bo'Ness Road,Grangemouth,Stirlingshire,FK3 9XQ,,['7499'],EXPRESSSHOPPING,FK3,EXPRESSSHOPPING|FK3
SC022263,HALLYDOWN LIMITED,active,ltd,1942-12-31,Ballantine House,168 West George Street,Glasgow,G2 2PT,,,HALLYDOWN,G2,HALLYDOWN|G2
SC007252,FINNIESTON STREET INVESTMENTS LIMITED,active,ltd,1909-08-20,24 Blythswood Square,Glasgow,,G2 4QS,,['4525'],FINNIESTONSTREETINVESTMENTS,G2,FINNIESTONSTREETINVESTMENTS|G2
SC011235,CALEDONIA JOINERY (HOLDINGS) LIMITED,active,ltd,1920-05-15,3 Ardgowan Sqaure,Greenock,,PA16 8NG,,,CALEDONIAJOINERYHOLDINGS,PA16,CALEDONIAJOINERYHOLDINGS|PA16
SC027155,J.&T. LAWRIE LIMITED,active,ltd,1949-07-04,8 Earl Haig Road,Hillington,Glasgow,G52 4JN,,,JANDTLAWRIE,G52,JANDTLAWRIE|G52
SC006657,SUNARIAN HOLDINGS LIMITED (81/7),active,ltd,1917-12-01,7 West George Street,,Glasgow,G2 1BA,,,SUNARIANHOLDINGSLIMITED817,G2,SUNARIANHOLDINGSLIMITED817|G2
SC010033,THE BURNTISLAND SHIPBUILDING COMPANY LIMITED,active,ltd,1900-01-01,The Shipyard,Burntisland,Fife,,,,THEBURNTISLANDSHIPBUILDINGCOMPANY,,THEBURNTISLANDSHIPBUILDINGCOMPANY|
SC010202,THE GREENOCK DOCKYARD COMPANY LIMITED,active,ltd,1900-01-01,Cartsdyke Shipyard,Greenock,,,,,THEGREENOCKDOCKYARDCOMPANY,,THEGREENOCKDOCKYARDCOMPANY|
SC011620,"JAMES LAIDLAW & SONS, LIMITED",active,ltd,1921-02-17,3 Johns Place,Leith,Edinburgh,EH6 7HS,,,JAMESLAIDLAWANDSONS,EH6,JAMESLAIDLAWANDSONS|EH6
SC034143,CLYDE PIPEWORKS LIMITED,active,ltd,1959-07-06,280 Kirkintilloch Road,Bishopbriggs,Glasgow,,,,CLYDEPIPEWORKS,,CLYDEPIPEWORKS|
SC023871,J.B. MACKENZIE (HOLDINGS) LIMITED,active,ltd,1946-03-02,61 Dublin Street,,Edinburgh,EH3 6NL,Scotland,['70100'],JBMACKENZIEHOLDINGS,EH3,JBMACKENZIEHOLDINGS|EH3
SC031305,JOHN CROAL (ELECTRICAL CONTRACTORS) LIMITED (82/994),active,ltd,1956-02-09,22 Broughton Place,,Edinburgh,,,,JOHNCROALELECTRICALCONTRACTORSLIMITED82994,,JOHNCROALELECTRICALCONTRACTORSLIMITED82994|
SC033642,T.M. SIMPSON LIMITED,active,ltd,1959-02-05,Fyfe House,Westhill Industrial Estate,Skene,AB32 6TQ,,['7499'],TMSIMPSON,AB32,TMSIMPSON|AB32
SC018074,COLIN MACANDREW AND PARTNERS LIMITED (77/1420),active,ltd,1974-07-29,,Xxxxxxxx,Xxxxx,XXX XXX,,,COLINMACANDREWANDPARTNERSLIMITED771420,XXX,COLINMACANDREWANDPARTNERSLIMITED771420|XXX
SC029723,WRIGHT'S INSULATIONS LIMITED,active,ltd,1953-11-24,7 Lynedoch Crescent,Glasgow,,G3 6EQ,,['4532'],WRIGHTSINSULATIONS,G3,WRIGHTSINSULATIONS|G3
SC035987,MOTHERWELL BRIDGE FABRICATORS LIMITED,active,ltd,1960-12-31,Motherwell Bridge Works,Motherwell,,,,"['2811', '7499']",MOTHERWELLBRIDGEFABRICATORS,,MOTHERWELLBRIDGEFABRICATORS|
SC035953,HBG CONSTRUCTION SCOTLAND LIMITED,active,ltd,1960-12-29,C/O Kpmg Llp Saltire Court,20 Castle Terrace,Edinburgh,EH1 2EG,,['4521'],HBGCONSTRUCTIONSCOTLAND,EH1,HBGCONSTRUCTIONSCOTLAND|EH1
SC024381,ARMAC ENGINEERING COMPANY LIMITED,active,ltd,1946-07-20,2/5 Barcapel House,Capelrig Road,Newton Mearns,G77 6NL,,['7499'],ARMACENGINEERINGCOMPANY,G77,ARMACENGINEERINGCOMPANY|G77
SC014282,PHOENIX ELECTRICAL (SCOTLAND) LIMITED,active,ltd,1926-08-19,Kelvin Avenue,Hillingon Industrial Estate,Glasgow,G52 4XX,,,PHOENIXELECTRICALSCOTLAND,G52,PHOENIXELECTRICALSCOTLAND|G52
SC038468,REEMA LIMITED (81/75),active,ltd,1959-03-23,,Angusfield Lane,Aberdeen,AB15 6AQ,,,REEMALIMITED8175,AB15,REEMALIMITED8175|AB15
SC024842,JOHN BOYD ENGINEERS (ANNAN) LIMITED,active,ltd,1946-12-14,Carntyne Works,300 Myreside Street,Glasgow,G32 6FG,,,JOHNBOYDENGINEERSANNAN,G32,JOHNBOYDENGINEERSANNAN|G32
SC036181,GALLOWAY GROUP LTD.,active,ltd,1961-03-08,G1 5 George Square,,Glasgow,G2 1DY,,"['25990', '43210', '43999']",GALLOWAY,G2,GALLOWAY|G2
SC017003,TUBULAR SCAFFOLDING LIMITED,active,ltd,1932-10-12,4 Bell Drive,Hamilton International Technology Park,Blantyre,G72 0FB,,['74909'],TUBULARSCAFFOLDING,G72,TUBULARSCAFFOLDING|G72
SC038754,TROBASC LIMITED,active,ltd,1963-05-03,Fyfe House,Westhill Industrial Estate,Skene,AB32 6TQ,,['7499'],TROBASC,AB32,TROBASC|AB32
SC035278,WILLIAM JAMIESON & SON LIMITED,active,ltd,1960-05-24,140 Glasgow Road,Burnbank,Hamilton,,,,WILLIAMJAMIESONANDSON,,WILLIAMJAMIESONANDSON|
SC018480,GIBSON AND GOOLD LTD,active,ltd,1935-05-04,1-3 Scotland Street,Glasgow,,G5 8LS,,"['4525', '4533']",GIBSONANDGOOLD,G5,GIBSONANDGOOLD|G5
SC024917,SC024917 LIMITED,active,ltd,1946-12-31,135 Wellington Street,Glasgow,,G2 2XE,,['4543'],SC024917,G2,SC024917|G2
SC038266,THOMAS COULTER BUILDING SERVICES LIMITED,active,ltd,1962-12-19,54 Helen Street,Glasgow,,G51 3HQ,,['4533'],THOMASCOULTERBUILDING,G51,THOMASCOULTERBUILDING|G51
SC037439,WILLIAM V. FLEMING & COMPANY LIMITED,active,ltd,1962-03-30,Dalziel House,7 Claremont Terrace,Glasgow,G3 7XR,,,WILLIAMVFLEMINGANDCOMPANY,G3,WILLIAMVFLEMINGANDCOMPANY|G3
SC018583,FLOW PART LIMITED,active,ltd,1935-06-19,Ten George Street,Edinburgh,,EH2 2DZ,,['4531'],FLOWPART,EH2,FLOWPART|EH2
SC031378,JAMES SPENCER & COMPANY (STEVEDORES) LIMITED,active,ltd,1900-01-01,16 Robertson Street,Glasgow,,G2 8DS,,,JAMESSPENCERANDCOMPANYSTEVEDORES,G2,JAMESSPENCERANDCOMPANYSTEVEDORES|G2
SC046136,STEVENSON THERMAL INSULATION (HOLDINGS)LIMITED,active,ltd,1968-12-02,Quay House,Quay Road North,Rutherglen,G73 1LD,,['4532'],STEVENSONTHERMALINSULATIONHOLDINGSLIMITED,G73,STEVENSONTHERMALINSULATIONHOLDINGSLIMITED|G73
SC045557,TG REALISATIONS LIMITED,active,ltd,1968-03-26,C/O Kpmg Llp,191 West George Street,Glasgow,G2 2LJ,,"['3110', '4531']",TGREALISATIONS,G2,TGREALISATIONS|G2
SC053365,LAFFERTY CONSTRUCTION LIMITED,active,ltd,1973-06-13,191 West George Street,Glasgow,Lanarkshire,G2 2LB,,,LAFFERTYCONSTRUCTION,G2,LAFFERTYCONSTRUCTION|G2
SC046207,W.B. BLACK & SONS (HOLDINGS) LIMITED,active,ltd,1968-12-31,78 Carlton Place,Glasgow,,G5 9TH,,['4521'],WBBLACKANDSONSHOLDINGS,G5,WBBLACKANDSONSHOLDINGS|G5
SC050453,HASTINGS-BLACK CONSTRUCTION LIMITED,active,ltd,1972-05-02,175 West George Street,Glasgow,,G2 2LB,,,HASTINGSBLACKCONSTRUCTION,G2,HASTINGSBLACKCONSTRUCTION|G2
SC048173,COLVINAIRE LIMITED,active,ltd,1970-12-04,"First Floor, Quay 2,",139 Fountainbridge,Edinburgh,EH3 9QG,,['70100'],COLVINAIRE,EH3,COLVINAIRE|EH3
SC063922,MCMILLAN OFFSHORE (SCOTLAND) LIMITED,active,ltd,1978-01-20,Carloway Lodge Cadder Road,Bishopbriggs,Glasgow,,,['68209'],MCMILLANOFFSHORESCOTLAND,,MCMILLANOFFSHORESCOTLAND|
SC060355,W.A. WILSON CONSTRUCTION LIMITED,active,ltd,1976-07-12,C/O Kpmg Llp,3rd Floor,191 West George Street,G2 2LJ,,['4521'],WAWILSONCONSTRUCTION,G2,WAWILSONCONSTRUCTION|G2
SC083211,CRAIGMONIE HOTEL LIMITED,active,ltd,1983-05-20,14 Darnaway Road,Inverness,Inverness Shire,IV2 3HZ,,['56290'],CRAIGMONIEHOTEL,IV2,CRAIGMONIEHOTEL|IV2
SC071452,JOHN MITCHELL FOR OILS LIMITED,active,ltd,1980-05-15,Saltire Court,20 Castle Terrace,Edinburgh,EH1 2EG,,['7499'],JOHNMITCHELLFOROILS,EH1,JOHNMITCHELLFOROILS|EH1
SC088201,MITCHELL ENGINEERING LIMITED,active,ltd,1984-05-30,4 Atlantic Quay,70 York Street,Glasgow,G2 8JX,,['25620'],MITCHELLENGINEERING,G2,MITCHELLENGINEERING|G2
SC091922,"ARROW CAR,VAN AND TRUCK RENTAL LIMITED",active,ltd,1985-03-01,24 Blythswood Sqaure,Glasgow,,G2 4QS,,['6312'],ARROWCARVANANDTRUCKRENTAL,G2,ARROWCARVANANDTRUCKRENTAL|G2
SC119502,MARKET SIGNALS LIMITED,active,ltd,1989-08-15,7 Chapel Road,Strathaven,Lanarkshire,ML10 6NA,,['73110'],MARKETSIGNALS,ML10,MARKETSIGNALS|ML10
SC132832,BUKO HOLDINGS LIMITED,active,ltd,1991-07-09,SC132832: COMPANIES HOUSE DEFAULT ADDRESS,,Edinburgh,EH7 9HR,,['2873'],BUKO,EH7,BUKO|EH7
SC161838,SHAW'S MBM LIMITED,active,ltd,1995-11-23,16 Carden Place,Aberdeen,Aberdeenshire,AB10 1FX,,['4521'],SHAWSMBM,AB10,SHAWSMBM|AB10
SC180041,ST.ANDREWS DEMOLITION & CONSTRUCTION LTD.,active,ltd,1997-10-28,Pavillion 1 Finnieston Business Park,Minerva Way,Glasgow,G3 8AU,,['4511'],STANDREWSDEMOLITIONANDCONSTRUCTION,G3,STANDREWSDEMOLITIONANDCONSTRUCTION|G3
SC206976,B R L LIMITED,active,ltd,2000-05-09,Bishop's Court,29 Albyn Place,Aberdeen,AB10 1YL,,['78200'],BRL,AB10,BRL|AB10
12967045,ODIN FINANCE LIMITED,active,ltd,2020-10-22,29 Barnard Road,,London,SW11 1QT,England,['70229'],ODINFINANCE,SW11,ODINFINANCE|SW11
12973660,BEECHWAY FINANCIAL LTD,active,ltd,2020-10-26,38 Coniston Drive,Middleton,Manchester,M24 5RH,England,['70221'],BEECHWAYFINANCIAL,M24,BEECHWAYFINANCIAL|M24
13078988,MILLIE'S DELIVERY LIMITED,active,ltd,2020-12-14,20 Ffald Rd Ffald Road,Pyle,Bridgend,CF33 6AD,Wales,['56290'],MILLIESDELIVERY,CF33,MILLIESDELIVERY|CF33
13081133,DAVID THOMAS CONTRACTS LIMITED,active,ltd,2020-12-14,Studio 210 134-146 Curtain Road,,London,EC2A 3AR,England,['61900'],DAVIDTHOMASCONTRACTS,EC2A,DAVIDTHOMASCONTRACTS|EC2A
12790920,LUMINARY VENTURES LTD,active,ltd,2020-08-04,421 High Road,,London,N12 0AP,England,"['64205', '64991']",LUMINARYVENTURES,N12,LUMINARYVENTURES|N12
12838781,KNIGHTS RECOVERY & TRANSPORT LTD,active,ltd,2020-08-26,26 Rickyard,,Guildford,GU2 8JP,United Kingdom,['52219'],KNIGHTSRECOVERYANDTRANSPORT,GU2,KNIGHTSRECOVERYANDTRANSPORT|GU2
13015140,NANISO LTD,active,ltd,2020-11-12,13015140 - COMPANIES HOUSE DEFAULT ADDRESS,,Cardiff,CF14 8LH,,['47990'],NANISO,CF14,NANISO|CF14
13031226,CURE IT ROOFING SYSTEMS LTD,active,ltd,2020-11-19,13031226 - COMPANIES HOUSE DEFAULT ADDRESS,,Cardiff,CF14 8LH,,"['74909', '97000']",CUREITROOFINGSYSTEMS,CF14,CUREITROOFINGSYSTEMS|CF14
06963470,SOUTHWEST SPRAYERS LTD,active,ltd,2009-07-15,2 Kiel Place,,Plymouth,PL3 6DW,,['43341'],SOUTHWESTSPRAYERS,PL3,SOUTHWESTSPRAYERS|PL3
06963132,PETRO-CHEM TECHNOLOGIES LIMITED,active,ltd,2009-07-15,47 Bury New Road,Prestwich,Manchester,M25 9JY,,"['19209', '20590', '72200', '74909']",PETROCHEMTECHNOLOGIES,M25,PETROCHEMTECHNOLOGIES|M25
06979241,YOGI'S GIRL LIMITED,active,ltd,2009-08-04,27-28 Eastcastle Street,,London,W1W 8DH,,['62090'],YOGISGIRL,W1W,YOGISGIRL|W1W
06982442,CRIMZONE SOFTWARE LIMITED,active,ltd,2009-08-05,10/14 Accommodation Road,,Golders Green,NW11 8ED,United Kingdom,['7487'],CRIMZONESOFTWARE,NW11,CRIMZONESOFTWARE|NW11
07020772,PREMIER BUILDING SOLUTIONS (NORTH WEST) LIMITED,active,ltd,2009-09-16,191 St Mary's Road,Garston,Liverpool,L19 0NE,United Kingdom,['41201'],PREMIERBUILDINGSOLUTIONSNORTHWEST,L19,PREMIERBUILDINGSOLUTIONSNORTHWEST|L19
07027135,07027135 LIMITED,active,ltd,2009-09-23,25 Newtown Avenue,,Bognor Regis,PO21 5HS,England,['86900'],07027135,PO21,07027135|PO21
07038120,MAPTON LIMITED,active,ltd,2009-10-12,First Floor,27 Gloucester Place,London,W1U 8HU,,['99000'],MAPTON,W1U,MAPTON|W1U
07046474,BRIDGES DEVELOPMENTS LIMITED,active,ltd,2009-10-16,Willow Farm Ashby Road,Moira,Swadlincote,DE12 6DP,,['41100'],BRIDGESDEVELOPMENTS,DE12,BRIDGESDEVELOPMENTS|DE12
07386216,HOPEFULEARL LTD,active,ltd,2010-09-23,Painshill Farm Stables,Dunsfold Road,Cranleigh,GU6 8LF,England,['93199'],HOPEFULEARL,GU6,HOPEFULEARL|GU6
07394408,FONE TECH SOLUTIONS LIMITED,active,ltd,2010-10-01,38a Argyle Road,,Ilford,IG1 3BG,,['47890'],FONETECHSOLUTIONS,IG1,FONETECHSOLUTIONS|IG1
07394977,H J WHEELER LIMITED,active,ltd,2010-10-04,36 Queens Road,,Newbury,RG14 7NE,,['62020'],HJWHEELER,RG14,HJWHEELER|RG14
07409441,ADD-V LIMITED,active,ltd,2010-10-15,34 Lower Road,Denham,Uxbridge,UB9 5EB,,['99999'],ADDV,UB9,ADDV|UB9
07411304,EDEN LONDON LIFT SUPERVISORS LTD,active,ltd,2010-10-18,Adams & Moore House,Instone Road,Dartford,DA1 2AG,England,['49410'],EDENLONDONLIFTSUPERVISORS,DA1,EDENLONDONLIFTSUPERVISORS|DA1
07419692,SWING RECORDS LIMITED,active,ltd,2010-10-26,111 Kingston Road,,Oxford,OX2 6RN,,"['90020', '91011']",SWINGRECORDS,OX2,SWINGRECORDS|OX2
07431006,ACTION PLUS STAFFING AGENCY LIMITED,active,ltd,2010-11-05,The Hayloft,61d Bridge Road,Hampton Court,KT8 9ER,United Kingdom,['78109'],ACTIONPLUSSTAFFINGAGENCY,KT8,ACTIONPLUSSTAFFINGAGENCY|KT8
07438022,RICHWIND SOFTWARE DEVELOPMENT LIMITED,active,ltd,2010-11-12,91 Tennyson Road,Stratford,London,E15 4DJ,,['62020'],RICHWINDSOFTWAREDEVELOPMENT,E15,RICHWINDSOFTWAREDEVELOPMENT|E15
07440704,S MCGREGOR TRANSPORT LTD,active,ltd,2010-11-16,Centurion House The Point Business Park,Weaver Road,Lincoln,LN6 3QN,England,['49410'],SMCGREGORTRANSPORT,LN6,SMCGREGORTRANSPORT|LN6
07450808,TOWNSLEY CRANES LTD,active,ltd,2010-11-25,Centurion House The Point Business Park,Weaver Road,Lincoln,LN6 3QN,England,['43999'],TOWNSLEYCRANES,LN6,TOWNSLEYCRANES|LN6
07455543,IMPLANT PRACTICE LIMITED,active,ltd,2010-11-30,C/O Uhy Hacker Young,"6 Broadfield Court, Broadfield Way",Sheffield,S8 0XF,,['86230'],IMPLANTPRACTICE,S8,IMPLANTPRACTICE|S8
07237392,STRONE SUPPORTED LIVING LTD,active,ltd,2010-04-28,376 Strone Road,Manor Park,London,E12 6TN,,['87900'],STRONESUPPORTEDLIVING,E12,STRONESUPPORTEDLIVING|E12
07256308,KENILWORTH CONSULTING LTD,active,ltd,2010-05-18,18 Kenilworth Gardens,,Loughton,IG10 3AG,,['62020'],KENILWORTHCONSULTING,IG10,KENILWORTHCONSULTING|IG10
07270095,PRICE DYSON RESIDENTIAL LIMITED,active,ltd,2010-06-01,Swallows Bridge,Uttoxeter Road,Colton,WS15 3LR,,['68100'],PRICEDYSONRESIDENTIAL,WS15,PRICEDYSONRESIDENTIAL|WS15
07280246,07280246 LTD,active,ltd,2010-06-10,15 Streatleigh Parade,Streatham High Road,Streatham,SW16 1EQ,,['96010'],07280246,SW16,07280246|SW16
07308007,GRAHAM ALLEN PROPERTIES LIMITED,active,ltd,2010-07-08,306 Fawcett Road,Fawcett Road,Southsea,PO4 0LG,,"['68100', '81100']",GRAHAMALLENPROPERTIES,PO4,GRAHAMALLENPROPERTIES|PO4
07311677,BUSINESS CLEANERS LIMITED,active,ltd,2010-07-12,26 Oakes Crescent,,Dartford,DA1 5UF,,['7470'],BUSINESSCLEANERS,DA1,BUSINESSCLEANERS|DA1
07316651,MANSV LIMITED,active,ltd,2010-07-15,11 Tintern Way,,Harrow,HA2 0RZ,,['98000'],MANSV,HA2,MANSV|HA2
07352972,PETER HUFFER DAIRIES LTD,active,ltd,2010-08-23,C/O Approved Accounting Ltd,36 Fifth Avenue,Havant,PO9 2PL,England,['47990'],PETERHUFFERDAIRIES,PO9,PETERHUFFERDAIRIES|PO9
07763002,BEX &CO LTD,active,ltd,2011-09-05,55 Clovelly Way,55 Clovelly Way Commercial Road,London,E1 0SF,United Kingdom,['84110'],BEXANDCO,E1,BEXANDCO|E1
07773576,LIVE CULTURE TV LIMITED,active,ltd,2011-09-14,64awhite Hart Lane White Hart Lane,,London,SW13 0PZ,England,['59112'],LIVECULTURETV,SW13,LIVECULTURETV|SW13
07783188,STEWART & CO SOLUTIONS LIMITED,active,ltd,2011-09-22,72 Heol Hir,Llanishen,Cardiff,CF14 5AB,United Kingdom,['69109'],STEWARTANDCOSOLUTIONS,CF14,STEWARTANDCOSOLUTIONS|CF14
07785387,FLIPPING GORGEOUS LTD.,active,ltd,2011-09-23,5 Aldbourne Road,,London,W12 0LW,,['82990'],FLIPPINGGORGEOUS,W12,FLIPPINGGORGEOUS|W12
07795943,ACCOUNT MANAGEMENT EXPERT LIMITED,active,ltd,2011-10-04,Old Bank House,Market Cross,Sturminster Newton,DT10 1AN,,['70229'],ACCOUNTMANAGEMENTEXPERT,DT10,ACCOUNTMANAGEMENTEXPERT|DT10
07800438,BELLINI CORPORATION LIMITED,active,ltd,2011-10-06,211 Fulham Palace Road,,London,W6 8QX,,,BELLINICORPORATION,W6,BELLINICORPORATION|W6
07806235,CROWN VEHICLE MANAGEMENT LIMITED,active,ltd,2011-10-11,46 Compton Avenue,,Wembley,HA0 3FD,England,['77110'],CROWNVEHICLEMANAGEMENT,HA0,CROWNVEHICLEMANAGEMENT|HA0
07815650,3D STRUCTURAL DESIGN SOLUTIONS LTD,active,ltd,2011-10-19,6 Longden Road,Ashton In Makerfield,Wigan,WN4 9LF,England,['71122'],3DSTRUCTURALDESIGNSOLUTIONS,WN4,3DSTRUCTURALDESIGNSOLUTIONS|WN4
07839992,A.M. WORKS LTD,active,ltd,2011-11-09,Flat I,39 Farringdon Road,London,EC1M 3JB,,['82990'],AMWORKS,EC1M,AMWORKS|EC1M
07842735,SUPER TWEAKS LIMITED,active,ltd,2011-11-10,The Brentano Suite Lyttelton House,2 Lyttelton Road,London,N2 0EF,United Kingdom,"['45310', '45400']",SUPERTWEAKS,N2,SUPERTWEAKS|N2
07076590,Z E WILLIAMS COMPANY LTD,active,ltd,2009-11-14,85 Hanover Terrace,,Brighton,BN2 9SP,,['62090'],ZEWILLIAMSCOMPANY,BN2,ZEWILLIAMSCOMPANY|BN2
07083592,KLAS INTERNATIONAL LIMITED,active,ltd,2009-11-23,C/O React Business Services City Pavilion Cannon Green,27 Bush Lane,London,EC4R 0AA,United Kingdom,['96090'],KLAS,EC4R,KLAS|EC4R
07092442,A WORLD OF WEDDINGS LTD,active,ltd,2009-12-01,128 New Road,,Littleborough,OL15 8NL,,"['96090', '99999']",AWORLDOFWEDDINGS,OL15,AWORLDOFWEDDINGS|OL15
07125640,FIVE STAR FISH IN WAITING LIMITED,active,ltd,2010-01-14,6 Humberston Avenue,Humberston,Grimsby,DN36 4SJ,,['99999'],FIVESTARFISHINWAITING,DN36,FIVESTARFISHINWAITING|DN36
07127795,THE SEAFARER RESTAURANT LTD,active,ltd,2010-01-17,197b City Way,,Rochester,ME1 2TJ,,['56101'],THESEAFARERRESTAURANT,ME1,THESEAFARERRESTAURANT|ME1
07131047,KABLE SOLUTIONS LTD,active,ltd,2010-01-20,242/242a Farnham Road,,Slough,SL1 4XE,,['61900'],KABLESOLUTIONS,SL1,KABLESOLUTIONS|SL1
07143179,OMG JEWELLERY FOR YOUR KITCHEN LIMITED,active,ltd,2010-02-02,The Chancery,58 Spring Gardens,Manchester,M2 1EW,,['32990'],OMGJEWELLERYFORYOURKITCHEN,M2,OMGJEWELLERYFORYOURKITCHEN|M2
07178147,16 X 9 LTD,active,ltd,2010-03-04,Forest Lodge,Forest Road,Pyrford,GU22 8NA,,['59111'],16X9,GU22,16X9|GU22
07199508,786 SECURITY SERVICES LTD,active,ltd,2010-03-23,105 Howard Avenue,,Slough,SL2 1LB,England,['80100'],786SECURITY,SL2,786SECURITY|SL2
07200446,FOCUS LEISURE LIMITED,active,ltd,2010-03-23,12 Bridgford Road,West Bridgford,Nottingham,NG2 6AB,United Kingdom,['56302'],FOCUSLEISURE,NG2,FOCUSLEISURE|NG2
07216970,MOUSE & DE LOTZ LTD,active,ltd,2010-04-08,103 Shacklewell Lane,Hackney,London,E8 2EB,,['56102'],MOUSEANDDELOTZ,E8,MOUSEANDDELOTZ|E8
07506342,1ST ACTIVE ROOFING LIMITED,active,ltd,2011-01-26,109 Ravensbourne Avenue,Shortlands,Bromley,BR2 0AZ,,['43390'],1STACTIVEROOFING,BR2,1STACTIVEROOFING|BR2
07512353,TAILORED FLOORS LTD,active,ltd,2011-02-01,Unit 8 Kelvin Road,,Wallasey,CH44 7JW,,['47530'],TAILOREDFLOORS,CH44,TAILOREDFLOORS|CH44
07515754,AFFLUENZA LIMITED,active,ltd,2011-02-03,10a Riversdale Road,,London,N5 2JP,England,['74909'],AFFLUENZA,N5,AFFLUENZA|N5
07538322,EUROPE HIRE LTD,active,ltd,2011-02-22,33 Hanger Lane,,London,W5 3HJ,England,['96090'],EUROPEHIRE,W5,EUROPEHIRE|W5
07539116,07539116 LTD,active,ltd,2011-02-22,12e Manor Road,,London,N16 5SA,,['71111'],07539116,N16,07539116|N16
07584355,F & S BODIES LIMITED,active,ltd,2011-03-30,Station House,Midland Drive,Sutton Coldfield,B72 1TU,,['29201'],FANDSBODIES,B72,FANDSBODIES|B72
07589782,A BRIDGE LEISURE LIMITED,active,ltd,2011-04-04,Millstone Inn 52 Harvey Lane,Golborne,Warrington,WA3 3RS,,['56302'],ABRIDGELEISURE,WA3,ABRIDGELEISURE|WA3
07593993,G-JETS (UK) LIMITED,active,ltd,2011-04-06,Westgate Chambers 8a Elm Park Road,Pinner,Middx,HA5 3LA,,['70100'],GJETSUK,HA5,GJETSUK|HA5
07605672,BLUECLOUD PHOTOGRAPHY LIMITED,active,ltd,2011-04-15,50 Edington Close,Bishops Waltham,Southampton,SO32 1LX,England,"['74201', '74202']",BLUECLOUDPHOTOGRAPHY,SO32,BLUECLOUDPHOTOGRAPHY|SO32
07614219,TINACO LTD,active,ltd,2011-04-26,"Flat 1, 21 York Road",,Eastbourne,BN21 4SS,,['99999'],TINACO,BN21,TINACO|BN21
07617209,N EVANS DRIVER SERVICES LTD,active,ltd,2011-04-28,Centurion House The Point Business Park,Weaver Road,Lincoln,LN6 3QN,England,['49410'],NEVANSDRIVER,LN6,NEVANSDRIVER|LN6
06787272,OCTANE CARS LIMITED,active,ltd,2009-01-09,352 Fulham Road,,London,SW10 9UH,,['71129'],OCTANECARS,SW10,OCTANECARS|SW10
06799271,TOLLINGTON DEYES LTD,active,ltd,2009-01-22,Welwyndale Haydn Close,Kings Worthy,Winchester,SO23 7RD,,['62020'],TOLLINGTONDEYES,SO23,TOLLINGTONDEYES|SO23
06827459,06827459 LIMITED,active,ltd,2009-02-23,Office D Beresford House,Town Quay,Southampton,SO14 2AQ,,['33200'],06827459,SO14,06827459|SO14
06888134,INTUITION FINANCE LTD,active,ltd,2009-04-27,17 St Leonards Park,,East Grinstead,RH19 1EG,,,INTUITIONFINANCE,RH19,INTUITIONFINANCE|RH19
06895134,AD SECOND HEAVEN LTD,active,ltd,2009-05-05,76 Brocket Way,Chigwell,London,IG7 4ES,,['46420'],ADSECONDHEAVEN,IG7,ADSECONDHEAVEN|IG7
06888749,06888749 LIMITED,active,ltd,2009-04-27,Berkeley Square House,Berkeley Square,London,W1J 6BD,United Kingdom,['69109'],06888749,W1J,06888749|W1J
06912268,GLOBCON LIMITED,active,ltd,2009-05-21,112 Princes Gardens,,London,W3 0LJ,,"['68100', '68209']",GLOBCON,W3,GLOBCON|W3
06911978,06911978 LIMITED,active,ltd,2009-05-20,Unit 4 Hadleigh Bus Ctre,"351 London Road, Hadleigh",Benfleet,SS7 2BT,,['93290'],06911978,SS7,06911978|SS7
07881994,BTB (GRP) LIMITED,active,ltd,2011-12-14,10 Church Lane,Gaddesby,Leicester,LE7 4WE,,['33200'],BTBGRP,LE7,BTBGRP|LE7
07886515,13 CO-OPERATION ROAD LIMITED,active,ltd,2011-12-19,First Floor Flat 13 Co-Operation Road,Greenbank,Bristol,BS5 6EQ,England,['98000'],13COOPERATIONROAD,BS5,13COOPERATIONROAD|BS5
07901194,PARALLON LIMITED,active,ltd,2012-01-09,Acre House,11/15 William Road,London,NW1 3ER,,['90030'],PARALLON,NW1,PARALLON|NW1
07909334,S R AMBITION LIMITED,active,ltd,2012-01-13,20 Havelock Road,,Hastings,TN34 1BP,,['56302'],SRAMBITION,TN34,SRAMBITION|TN34
07947245,A J DHILLON LIMITED,active,ltd,2012-02-13,1 Ailsa Avenue,,Twickenham,TW1 1NF,,['74990'],AJDHILLON,TW1,AJDHILLON|TW1
07959995,KALREZ COMMUNICATION LTD,active,ltd,2012-02-22,07959995 - COMPANIES HOUSE DEFAULT ADDRESS,,Cardiff,CF14 8LH,,['61900'],KALREZCOMMUNICATION,CF14,KALREZCOMMUNICATION|CF14
06634113,LAOMEDEIA LIMITED,active,ltd,2008-07-01,15 Alexandra Corniche,,Hythe,CT21 5RW,England,['82990'],LAOMEDEIA,CT21,LAOMEDEIA|CT21
06657968,BELSIZE PARK DEVELOPMENTS LIMITED,active,ltd,2008-07-28,3rd Floor,Sterling House Langston Road,Loughton,IG10 3TS,,['82990'],BELSIZEPARKDEVELOPMENTS,IG10,BELSIZEPARKDEVELOPMENTS|IG10
06666865,P PASQUALON LIMITED,active,ltd,2008-08-07,3 Bromhurst Way,,Warwick,CV34 6NS,United Kingdom,['7420'],PPASQUALON,CV34,PPASQUALON|CV34
06674284,FARAON LIMITED,active,ltd,2008-08-15,Unit 14 Queens Court Trading Estate,Greets Green Road,West Bromwich,B70 9EG,,['5141'],FARAON,B70,FARAON|B70
06689584,PLASTICO GROUP LTD.,active,ltd,2008-09-04,06689584: COMPANIES HOUSE DEFAULT ADDRESS,,Cardiff,CF14 8LH,,['38320'],PLASTICO,CF14,PLASTICO|CF14
06708383,KUNDI CONSULTING LIMITED,active,ltd,2008-09-25,28 Rydal Drive,,Bexleyheath,DA7 5EE,,['70229'],KUNDICONSULTING,DA7,KUNDICONSULTING|DA7
06718888,06718888 LIMITED,active,ltd,2008-10-08,Dalton House,1 Hawksworth Street,Ilkley,LS29 9DU,England,['74901'],06718888,LS29,06718888|LS29
06725417,HIGH RISE RESIDENTIAL LTD,active,ltd,2008-10-16,5 Jupiter House,Calleva Park Aldermaston,Reading,RG7 8NN,,['68320'],HIGHRISERESIDENTIAL,RG7,HIGHRISERESIDENTIAL|RG7
06725793,CPM ACCOUNTANCY 32282 LIMITED,active,ltd,2008-10-16,Xp House One Tournament Court,Edgehill Drive,Warwick,CV34 6LG,England,['82990'],CPMACCOUNTANCY32282,CV34,CPMACCOUNTANCY32282|CV34
06753023,ACCIDENT CARE UK LIMITED,active,ltd,2008-11-19,114 Wheeler Street,Newtown,Birmingham,B19 2HB,,['82990'],ACCIDENTCARE,B19,ACCIDENTCARE|B19
06586743,STRESS-TECH 21 LIMITED,active,ltd,2008-05-07,"1st Floor, Queens Court",24 Queen Street,Manchester,M2 5HX,,['71129'],STRESSTECH21,M2,STRESSTECH21|M2
06621314,DWA DRAFTING LIMITED,active,ltd,2008-06-17,Highland House,Mayflower Close,Chandlers Ford,SO53 4AR,,['71122'],DWADRAFTING,SO53,DWADRAFTING|SO53
06640623,KENPLAID LTD,active,ltd,2008-07-08,Parkside House 41 Walsingham Road,,Enfield,EN2 6EY,,['99999'],KENPLAID,EN2,KENPLAID|EN2
06642149,GOULDEN SMITH GROUP LIMITED,active,ltd,2008-07-09,Atlantic Business Centre Atlantic Street,Broadheath,Altrincham,WA14 5NQ,,['70100'],GOULDENSMITH,WA14,GOULDENSMITH|WA14
06658367,TIRROL PROJECTS LIMITED,active,ltd,2008-07-29,Westfield Farm Westgate Hill Street,Tong,Bradford,BD4 0SL,,['99999'],TIRROLPROJECTS,BD4,TIRROLPROJECTS|BD4
06663893,CAVALIER CLUB LIMITED,active,ltd,2008-08-04,459 Endike Lane,,Hull,HU6 8AG,United Kingdom,['5211'],CAVALIERCLUB,HU6,CAVALIERCLUB|HU6
06668395,KEYBANK LTD,active,ltd,2008-08-08,Parkside House 41 Walsingham Road,,Enfield,EN2 6EY,,['99999'],KEYBANK,EN2,KEYBANK|EN2
06664775,POSITIVE CONCLUSIONS LTD,active,ltd,2008-08-05,Bespoke Insolvency Solutions,"Suite 6, 1-7 Taylor Street",Bury,BL9 6DT,,"['41100', '41201', '41202']",POSITIVECONCLUSIONS,BL9,POSITIVECONCLUSIONS|BL9
06675033,MILLGRANGE DEVELOPMENTS LIMITED,active,ltd,2008-08-18,Pattisson House,Addison Road,Chesham,HP5 2BD,,['41100'],MILLGRANGEDEVELOPMENTS,HP5,MILLGRANGEDEVELOPMENTS|HP5
06688256,JOHN VARLEY LTD,active,ltd,2008-09-03,Suite 16 Linden Business Centre,Linden Road,Colne,BB8 9BA,United Kingdom,['62090'],JOHNVARLEY,BB8,JOHNVARLEY|BB8
06743374,ACE AVIATION CONSULTANCY LIMITED,active,ltd,2008-11-06,5 Orchard Gardens,,Teignmouth,TQ14 8DP,,['51210'],ACEAVIATIONCONSULTANCY,TQ14,ACEAVIATIONCONSULTANCY|TQ14
11274193,11274193 LTD,active,ltd,2018-03-26,10 Harmer Street,,Gravesend,DA12 2AX,United Kingdom,['41100'],11274193,DA12,11274193|DA12
11300164,11300164 LIMITED,active,ltd,2018-04-09,5 Giffard Court,Millbrook Close,Northampton,NN5 5JF,England,['56101'],11300164,NN5,11300164|NN5
11315600,VINDYARD LTD,active,ltd,2018-04-18,"Unit 19 Atlas Business Centre,",Oxgate Lane,London,NW2 7HJ,England,['68209'],VINDYARD,NW2,VINDYARD|NW2
11325941,THANKS FOR THE MEMORIES LTD,active,ltd,2018-04-24,21 Sandringham Road,,London,E8 2LR,United Kingdom,['59111'],THANKSFORTHEMEMORIES,E8,THANKSFORTHEMEMORIES|E8
12121695,MANGO COMMERCE LTD,active,ltd,2019-07-25,12121695 - COMPANIES HOUSE DEFAULT ADDRESS,,Cardiff,CF14 8LH,,['62020'],MANGOCOMMERCE,CF14,MANGOCOMMERCE|CF14
11768206,BILL AGENCY LTD,active,ltd,2019-01-15,189 Holdenhurst Road,Flat 2,Bournemouth,,United Kingdom,"['70221', '96090']",BILLAGENCY,,BILLAGENCY|
11772504,8BRIDGES CONSULTING LTD.,active,ltd,2019-01-17,15 Cavalli Apartments,Modena Mews,Watford,WD18 7BJ,United Kingdom,"['70229', '78300']",8BRIDGESCONSULTING,WD18,8BRIDGESCONSULTING|WD18
11787047,SHL CONSULTANCY LTD,active,ltd,2019-01-24,2 Stamford Square,,London,SW15 2BF,United Kingdom,['69201'],SHLCONSULTANCY,SW15,SHLCONSULTANCY|SW15
11797482,CARNE CONSULTING LIMITED,active,ltd,2019-01-30,45 Wolsey Road,Hampton Hill,Hampton,TW12 1QP,United Kingdom,['73110'],CARNECONSULTING,TW12,CARNECONSULTING|TW12
11802520,ORIGINAL GALLERY LTD,active,ltd,2019-02-01,"1052 Shields Road, Walkerville 1052 Shields Road",,Newcastle Upon Tyne,NE6 4SR,United Kingdom,"['90030', '96020']",ORIGINALGALLERY,NE6,ORIGINALGALLERY|NE6
11811732,SJM CUMBRIA LIMITED,active,ltd,2019-02-07,6 Brunswick Street,,Carlisle,CA1 1PN,England,['41201'],SJMCUMBRIA,CA1,SJMCUMBRIA|CA1
11818190,INGLEBY SERVICES CONSULTANCY LIMITED,active,ltd,2019-02-11,11 Colin Park Road,,London,NW9 6HT,England,['68209'],INGLEBYSERVICESCONSULTANCY,NW9,INGLEBYSERVICESCONSULTANCY|NW9
12142361,PROPERTY INVEZ LIMITED,active,ltd,2019-08-06,"Office G29, Amber Court William Armstrong Drive",Newcastle Business Park,Newcastle Upon Tyne,NE4 7YA,England,"['68100', '68209']",PROPERTYINVEZ,NE4,PROPERTYINVEZ|NE4
12204452,SEREN SUPPORT GROUP LTD,active,ltd,2019-09-12,320 Garratt Lane,,London,SW18 4EJ,United Kingdom,['25110'],SERENSUPPORT,SW18,SERENSUPPORT|SW18
11606933,G R BELL LTD,active,ltd,2018-10-05,Wellington House,273-275 High Street,London Colney,AL2 1HA,United Kingdom,['59111'],GRBELL,AL2,GRBELL|AL2
11626340,A TO Z TRADING LTD,active,ltd,2018-10-16,117 Reidhaven Road,,London,SE18 1BX,United Kingdom,['70229'],ATOZTRADING,SE18,ATOZTRADING|SE18
11222705,WHITE'S DAUGHTERS ESTATES AND LETTINGS LIMITED,active,ltd,2018-02-23,"460b Building 4 Office 460b, Building 3, North London Business Par",Oakleigh Road South,London,N11 1GN,England,['68209'],WHITESDAUGHTERSESTATESANDLETTINGS,N11,WHITESDAUGHTERSESTATESANDLETTINGS|N11
11223858,ZEN CHELMSFORD LIMITED,active,ltd,2018-02-26,"Suite 3, 4th Floor Queens Gate",121 Suffolk Street Queensway,Birmingham,B1 1LX,United Kingdom,['56101'],ZENCHELMSFORD,B1,ZENCHELMSFORD|B1
11223542,ANGLO WELSH SECURITY LTD,active,ltd,2018-02-23,20-22 Wenlock Road,,London,N1 7GU,England,['80100'],ANGLOWELSHSECURITY,N1,ANGLOWELSHSECURITY|N1
11251233,M MARKS LIMITED,active,ltd,2018-03-13,11 Heath House Eastfield,,Cambridge,CB4 1BF,England,['43390'],MMARKS,CB4,MMARKS|CB4
11993422,SAFEGUARD HOME IMPROVEMENTS LIMITED,active,ltd,2019-05-13,20 Woodland Avenue Porthcawl,,Bridgend,CF36 5HU,Wales,['43390'],SAFEGUARDHOMEIMPROVEMENTS,CF36,SAFEGUARDHOMEIMPROVEMENTS|CF36
11898399,ULVYORA LTD,active,ltd,2019-03-22,"Office 221, Paddington House New Road",,Kidderminster,DY10 1AL,United Kingdom,['47990'],ULVYORA,DY10,ULVYORA|DY10
11900726,CG PERSONNEL LTD,active,ltd,2019-03-23,11900726 - COMPANIES HOUSE DEFAULT ADDRESS,,Cardiff,CF14 8LH,,"['78109', '78200']",CGPERSONNEL,CF14,CGPERSONNEL|CF14
11901574,AGENT ART LTD,active,ltd,2019-03-23,130 Old Street,,London,EC1V 9BD,England,['90030'],AGENTART,EC1V,AGENTART|EC1V
11909774,THE TETTENHALL FISH BAR LTD,active,ltd,2019-03-27,9 High Street,Tettenhall,Wolverhampton,WV6 8QS,England,['56103'],THETETTENHALLFISHBAR,WV6,THETETTENHALLFISHBAR|WV6
11852217,BONEGEVITY LTD,active,ltd,2019-02-28,Celtic House,Caxton Place,Cardiff,CF23 8HA,United Kingdom,['86900'],BONEGEVITY,CF23,BONEGEVITY|CF23
11883215,MOVEZ LTD,active,ltd,2019-03-14,Kemp House,City Road,London,EC1V 2NX,United Kingdom,['49410'],MOVEZ,EC1V,MOVEZ|EC1V
11919197,ZAWY LTD,active,ltd,2019-04-01,307 Wellington Road,Handsworth,Birmingham,B20 2QH,United Kingdom,['49410'],ZAWY,B20,ZAWY|B20
11924380,ALFIE MARKETING LTD,active,ltd,2019-04-03,10 Clayton Road,Lane End,High Wycombe,HP14 3GA,United Kingdom,['73110'],ALFIEMARKETING,HP14,ALFIEMARKETING|HP14
11926460,CARL MARSHALL PUBLIC RELATIONS LIMITED,active,ltd,2019-04-04,119 The Hub 300 Kensal Road,,London,W10 5BE,England,['96090'],CARLMARSHALLPUBLICRELATIONS,W10,CARLMARSHALLPUBLICRELATIONS|W10
11931318,LAMHOUSE LTD,active,ltd,2019-04-08,29a Hook Lane,,Welling,DA16 2DH,England,['82110'],LAMHOUSE,DA16,LAMHOUSE|DA16
SC654258,THE HAMILTON ARMS GIRVAN LTD,active,ltd,2020-02-11,22 Bridge Street,,Girvan,KA26 9HH,Scotland,['56302'],THEHAMILTONARMSGIRVAN,KA26,THEHAMILTONARMSGIRVAN|KA26
SC659013,EPIC 7 LIMITED,active,ltd,2020-04-08,Springfield House,Laurelhill Business Park,Stirling,FK7 9JQ,Scotland,['99999'],EPIC7,FK7,EPIC7|FK7
SC660983,XTELLIGENT LTD,active,ltd,2020-05-11,SC660983 - COMPANIES HOUSE DEFAULT ADDRESS,,Edinburgh,EH7 9HR,,['52290'],XTELLIGENT,EH7,XTELLIGENT|EH7
SC669246,ROASTED(ABERDEEN) LTD LIMITED,active,ltd,2020-07-29,11 Mile End Place,,Aberdeen,AB15 5PZ,United Kingdom,['56210'],ROASTEDABERDEEN,AB15,ROASTEDABERDEEN|AB15
SC670162,HIGHLAND TRAINS LTD,active,ltd,2020-08-07,48 Henderson Street,Bridge Of Allan,Stirling,FK9 4HS,Scotland,['33170'],HIGHLANDTRAINS,FK9,HIGHLANDTRAINS|FK9
SC670590,INVESTEC SOLUTIONS LTD,active,ltd,2020-08-12,SC670590 - COMPANIES HOUSE DEFAULT ADDRESS,,Edinburgh,EH7 9HR,,['64304'],INVESTECSOLUTIONS,EH7,INVESTECSOLUTIONS|EH7
SC671984,SPY CAR WASH LTD,active,ltd,2020-08-24,54 Ayr Road,Unit 2,Cumnock,KA18 1DW,Scotland,['96090'],SPYCARWASH,KA18,SPYCARWASH|KA18
SC678476,YONG XING LTD,active,ltd,2020-10-22,38 Alexander Street,,Airdrie,ML6 0BA,Scotland,['56103'],YONGXING,ML6,YONGXING|ML6
00316909,STIRLING LINGERIE LIMITED,active,ltd,1936-07-27,"Stirling Group Ltd, Atlantic","Street, Broadheath",Altrincham,WA14 5FY,,['7499'],STIRLINGLINGERIE,WA14,STIRLINGLINGERIE|WA14
00347220,ARTHUR SYDDALL (GRANTHAM) LIMITED,active,ltd,1938-12-12,Harlaxton Road,Grantham,Lincs,NG31 7AF,,"['4522', '4532', '4544', '4545']",ARTHURSYDDALLGRANTHAM,NG31,ARTHURSYDDALLGRANTHAM|NG31
00473581,00473581 LIMITED,active,ltd,1949-10-06,C/O Pricewaterhousecoopers Llp,Plumtree Court,London,EC4A 4HT,,['7499'],00473581,EC4A,00473581|EC4A
00700529,WINEMAKERS CHOICE LIMITED,active,ltd,1961-08-10,Sabmiller House,Church Street West,Woking,GU21 6HS,United Kingdom,['99999'],WINEMAKERSCHOICE,GU21,WINEMAKERSCHOICE|GU21
01598440,CHANNEL DISTRIBUTION LIMITED,active,ltd,1981-11-19,New Kings Court Tollgate,Chandler's Ford,Eastleigh,SO53 3LG,United Kingdom,['7020'],CHANNELDISTRIBUTION,SO53,CHANNELDISTRIBUTION|SO53
02144435,02144435 LIMITED,active,ltd,1987-07-02,BEGBIES TRAYNOR,340 Deansgate,Manchester,M3 4LY,,['4521'],02144435,M3,02144435|M3
SC467419,TEASEL & TWEED LIMITED,active,ltd,2014-01-14,Greystone Toll Farm,Kinellar,Aberdeen,AB21 0TT,,['47190'],TEASELANDTWEED,AB21,TEASELANDTWEED|AB21
00523009,PREPARED FOODS GROUP LIMITED,active,ltd,1953-08-25,The Innovation Centre,Warwick Technology Park,Gallows Hill,CV34 6UW,,['10890'],PREPAREDFOODS,CV34,PREPAREDFOODS|CV34
00589480,FDPF LIMITED,active,ltd,1957-08-28,C/O Dundas & Wilson,5th Floor Northwest Wing,"Bush House, Aldwych",WC2B 4PA,,['7499'],FDPF,WC2B,FDPF|WC2B
00663868,BALLARD (WINCHESTER) LIMITED,active,ltd,1960-06-30,Regent House,Clinton Avenue,Nottingham,NG5 1AW,,,BALLARDWINCHESTER,NG5,BALLARDWINCHESTER|NG5
00973918,00973918 LIMITED,active,ltd,1970-03-04,10 Orange Street,,London,WC2H 7WR,,['4522'],00973918,WC2H,00973918|WC2H
01017082,R.& E.LAKIN LIMITED,active,ltd,1971-07-08,Telford Crescent,Speedwell Industrial Estate,Staveley,S43 3PF,,['5020'],RANDELAKIN,S43,RANDELAKIN|S43
01103246,FOUR OAKS (LEICESTER) LIMITED,active,ltd,1973-03-22,17 Stoughton Drive South,,Leicester,LE2 2RJ,England,['7020'],FOUROAKSLEICESTER,LE2,FOUROAKSLEICESTER|LE2
01239086,MANDALL FABRICATIONS LIMITED,active,ltd,1975-12-31,Unit 8 Acorn Business Park,Woodseats Close,Sheffield,S8 0TB,,['7499'],MANDALLFABRICATIONS,S8,MANDALLFABRICATIONS|S8
01273683,MULTISERV (ASR) LIMITED,active,ltd,1976-08-18,Harsco House,Regent Park,299 Kingston Road Leatherhead,KT22 7SG,,['25990'],MULTISERVASR,KT22,MULTISERVASR|KT22
01341684,DANOR ELECTRONICS LIMITED,active,ltd,1977-12-01,C/O Mazars Llp,Cartwright House,Tottle Road,NG2 1RT,,['3162'],DANORELECTRONICS,NG2,DANORELECTRONICS|NG2
01411996,DE GROOT ENGINEERING LIMITED,active,ltd,1979-01-26,Greenland Road,Hartlepool,Cleveland,TS24 0RQ,,['7499'],DEGROOTENGINEERING,TS24,DEGROOTENGINEERING|TS24
01637865,WILLIAMS THE BAKERS LIMITED,active,ltd,1982-05-25,Site 9,Hobson Industrial Estate,Burnopfield,NE16 6EA,,['1581'],WILLIAMSTHEBAKERS,NE16,WILLIAMSTHEBAKERS|NE16
10413558,WAYNE STUBBS LIMITED,active,ltd,2016-10-06,Flat 35 Kings Oak Court,Queens Road,Reading,RG1 4PX,England,['63990'],WAYNESTUBBS,RG1,WAYNESTUBBS|RG1
10419514,CLOUD QUANTUM LIMITED,active,ltd,2016-10-10,5 West Mead,,Bridport,DT6 5RU,England,['62090'],CLOUDQUANTUM,DT6,CLOUDQUANTUM|DT6
10434621,LUZ RESTAURANTS LIMITED,active,ltd,2016-10-18,Jollys Farm Tunstall Road,Campsea Ashe,Wickham Market,IP13 0QH,England,['56101'],LUZRESTAURANTS,IP13,LUZRESTAURANTS|IP13
10548921,DARREN JORDAN MECHANICAL LABOUR SERVICES LTD,active,ltd,2017-01-05,62 Heath Road,Hillingdomn,Uxbridge,UB10 0SN,,['82990'],DARRENJORDANMECHANICALLABOUR,UB10,DARRENJORDANMECHANICALLABOUR|UB10
10565094,RY PROPERTY MANAGEMENT LIMITED,active,ltd,2017-01-16,"Brooks Green, 342 Regents Park Road",,London,N3 2LJ,United Kingdom,['68320'],RYPROPERTYMANAGEMENT,N3,RYPROPERTYMANAGEMENT|N3
10574414,PEPPER ROYD INVESTMENTS LTD,active,ltd,2017-01-20,23 St. John Street,,Dewsbury,WF13 2QX,United Kingdom,['41100'],PEPPERROYDINVESTMENTS,WF13,PEPPERROYDINVESTMENTS|WF13
10332846,P3 ENTERPRISE LTD,active,ltd,2016-08-17,566 Kingsbury Road,Kingsbury,London,NW9 9HJ,,['68209'],P3ENTERPRISE,NW9,P3ENTERPRISE|NW9
10358975,ALL ROUND BUILDING LIMITED,active,ltd,2016-09-05,198 Halfway Street,,Sidcup,DA15 8DJ,England,['41202'],ALLROUNDBUILDING,DA15,ALLROUNDBUILDING|DA15
10373307,JAIMAA CONSULTANT LTD,active,ltd,2016-09-13,1 Bramley Close,,Maidenhead,SL6 3HQ,United Kingdom,['70229'],JAIMAACONSULTANT,SL6,JAIMAACONSULTANT|SL6
10390441,MONOPOL NORTHAMPTON LTD,active,ltd,2016-09-22,60 Park Road,,Wellingborough,NN8 4QE,United Kingdom,['47110'],MONOPOLNORTHAMPTON,NN8,MONOPOLNORTHAMPTON|NN8
10094982,SURJIT SAUND TRADING LIMITED,active,ltd,2016-03-31,9a Leicester Road,Blaby,Leicester,LE8 4GR,United Kingdom,['56302'],SURJITSAUNDTRADING,LE8,SURJITSAUNDTRADING|LE8
10113689,WINNERS (CHEN) LTD,active,ltd,2016-04-08,15 Church Street,Little Shelford,Cambridge,CB22 5HG,United Kingdom,['56103'],WINNERSCHEN,CB22,WINNERSCHEN|CB22
10122954,DRAGONS HEAD SHOP LTD,active,ltd,2016-04-14,14 Broadview Road,,London,SW16 5AU,England,"['47910', '62012']",DRAGONSHEADSHOP,SW16,DRAGONSHEADSHOP|SW16
10126876,R T FASCIAS LIMITED,active,ltd,2016-04-15,"Unit 2, Greystones Court Towthorpe Moor Lane",Towthorpe,York,YO32 9ST,,['43910'],RTFASCIAS,YO32,RTFASCIAS|YO32
10688865,NEWTON BARNES JOINERY LTD,active,ltd,2017-03-24,65 Newton Road,Mumbles,Swansea,SA3 4BL,Wales,['43320'],NEWTONBARNESJOINERY,SA3,NEWTONBARNESJOINERY|SA3
10694306,KVEA SOLUTIONS LTD,active,ltd,2017-03-28,13 Johan Road,,Meopham,DA13 0LP,England,['62030'],KVEASOLUTIONS,DA13,KVEASOLUTIONS|DA13
10701504,FABULOUS PROPERTY MANAGEMENT LTD,active,ltd,2017-03-31,171 Culverley Road,,London,SE6 2JZ,United Kingdom,"['74100', '98000']",FABULOUSPROPERTYMANAGEMENT,SE6,FABULOUSPROPERTYMANAGEMENT|SE6
10709259,CHASE TECHNOLOGY SOLUTIONS LTD,active,ltd,2017-04-04,21 Market Place,,Blandford Forum,DT11 7AF,United Kingdom,['62020'],CHASETECHNOLOGYSOLUTIONS,DT11,CHASETECHNOLOGYSOLUTIONS|DT11
10721907,PLATINUM LIFTING SOLUTIONS LIMITED,active,ltd,2017-04-12,84 Romford Rd,Stratford,London,E15 4EJ,,['82990'],PLATINUMLIFTINGSOLUTIONS,E15,PLATINUMLIFTINGSOLUTIONS|E15
10736416,SALAAM AND MASHREQ PROPERTIES LTD,active,ltd,2017-04-24,406 Alfreton Road,,Nottingham,NG7 5NG,,['96090'],SALAAMANDMASHREQPROPERTIES,NG7,SALAAMANDMASHREQPROPERTIES|NG7
10752069,DMD GROUNDWORKS LIMITED,active,ltd,2017-05-03,54-56 Ormskirk Street,,St Helens,WA10 2TF,England,['43120'],DMDGROUNDWORKS,WA10,DMDGROUNDWORKS|WA10
10162009,SURREY GARDENS LIMITED,active,ltd,2016-05-04,Onega House,112 Main Road,Sidcup,DA14 6NE,United Kingdom,['81300'],SURREYGARDENS,DA14,SURREYGARDENS|DA14
10172954,PAUL GOSPEL LIMITED,active,ltd,2016-05-10,74 Ashbrow Road,,Huddersfield,HD2 1DF,England,,PAULGOSPEL,HD2,PAULGOSPEL|HD2
10207222,CALIBRE CONSULTING GROUP LIMITED,active,ltd,2016-05-31,Flat 103 Rossmore Court Park Road,,London,NW1 6XZ,United Kingdom,['70229'],CALIBRECONSULTING,NW1,CALIBRECONSULTING|NW1
10223264,OAK H INVESTMENTS LIMITED,active,ltd,2016-06-09,"The East Wing, The Newhall",Newhall Way,Bradford,BD5 8FF,,['68209'],OAKHINVESTMENTS,BD5,OAKHINVESTMENTS|BD5
09944412,STONE CROW TATTOO STUDIO LIMITED,active,ltd,2016-01-11,4 The Broadway,High Street,Bedford,MK40 2TE,England,['96090'],STONECROWTATTOOSTUDIO,MK40,STONECROWTATTOOSTUDIO|MK40
09961365,KHAN MEDICO LONDON LIMITED,active,ltd,2016-01-20,323 Halley Road,,London,E12 6UB,United Kingdom,['86210'],KHANMEDICOLONDON,E12,KHANMEDICOLONDON|E12
09963237,STICKY FILM LIMITED,active,ltd,2016-01-21,Unit 1 1 Market Street,,London,SE18 6FU,England,['59120'],STICKYFILM,SE18,STICKYFILM|SE18
09976003,173 HIGH STREET RICKMANSWORTH (FREEHOLD) LIMITED,active,ltd,2016-01-28,Langley House Park Road,East Finchley,London,N2 8EY,United Kingdom,['64209'],173HIGHSTREETRICKMANSWORTHFREEHOLD,N2,173HIGHSTREETRICKMANSWORTHFREEHOLD|N2
09982337,MICHAEL W LIMITED,active,ltd,2016-02-02,3 Hardman Street,,Manchester,M3 3HF,England,['62020'],MICHAELW,M3,MICHAELW|M3
09984948,ZARCOM LTD,active,ltd,2016-02-03,69 Sheldrick Close,,Colliers Wood,SW19 2UQ,England,['96090'],ZARCOM,SW19,ZARCOM|SW19
10006649,SOUTH COAST EMPORIUM LIMITED,active,ltd,2016-02-16,Universal Square Business Centre,Devonshire Street North,Manchester,M12 6JH,England,['47250'],SOUTHCOASTEMPORIUM,M12,SOUTHCOASTEMPORIUM|M12
10487500,GLOBAL EDUCATION SPECIALISTS LTD,active,ltd,2016-11-18,17 Cliffe Crest,Horbury,Wakefield,WF4 6NL,England,['74909'],GLOBALEDUCATIONSPECIALISTS,WF4,GLOBALEDUCATIONSPECIALISTS|WF4
10534377,BOLTON SHAWARMA LIMITED,active,ltd,2016-12-21,136 Debrby Street,,Bolton,BL3 6JR,United Kingdom,['56103'],BOLTONSHAWARMA,BL3,BOLTONSHAWARMA|BL3
10051522,10051522 LTD,active,ltd,2016-03-09,44 West Way,,Hounslow,TW5 0JF,United Kingdom,['62020'],10051522,TW5,10051522|TW5
10076162,SANTAFERENO RESTAURANT LIMITED,active,ltd,2016-03-21,54-61 Brixton Village,Coldharbour Lane,London,SW9 8PS,England,['56101'],SANTAFERENORESTAURANT,SW9,SANTAFERENORESTAURANT|SW9
10080042,ZABRZE CONTRACTING LTD,active,ltd,2016-03-23,Suite 107 Barcroft Street,,Bury,BL9 5BT,England,['82110'],ZABRZECONTRACTING,BL9,ZABRZECONTRACTING|BL9
10080791,FP INSIEME LIMITED,active,ltd,2016-03-23,19 Tanfield Lane,Rushmere,Northampton,NN1 5RN,United Kingdom,['70229'],FPINSIEME,NN1,FPINSIEME|NN1
10483014,HM ELECTRICAL SOLUTIONS LIMITED,active,ltd,2016-11-17,Rose Cottage Maltkiln Lane,Waddington,Lincoln,LN5 9RT,,['47540'],HMELECTRICALSOLUTIONS,LN5,HMELECTRICALSOLUTIONS|LN5
10485298,PACIFIC AVIATION CONSULTING LIMITED,active,ltd,2016-11-17,Knowledge Dock 4-6 University Way,London City Airport,London,E16 2RD,England,['46140'],PACIFICAVIATIONCONSULTING,E16,PACIFICAVIATIONCONSULTING|E16
10487131,ROBINSONS BUILDING & JOINERY LIMITED,active,ltd,2016-11-18,52 Woodhouse Road,,Guisborough,TS14 6LH,United Kingdom,"['43320', '43390']",ROBINSONSBUILDINGANDJOINERY,TS14,ROBINSONSBUILDINGANDJOINERY|TS14
10251132,MOLES MONSONIS LIMITED,active,ltd,2016-06-25,"99a, High Road Beeston",,Nottingham,NG9 2LH,England,['86230'],MOLESMONSONIS,NG9,MOLESMONSONIS|NG9
10279570,GUEVARA  PETS LTD,active,ltd,2016-07-14,74a High Street Wanstead,,London,E11 2RJ,England,['75000'],GUEVARAPETS,E11,GUEVARAPETS|E11
10304544,LAWRENCE DIVINE LTD,active,ltd,2016-08-01,22 Bayston Court,,Peterborough,PE2 9SF,England,['81210'],LAWRENCEDIVINE,PE2,LAWRENCEDIVINE|PE2
10608695,EVIDENCE & COMPASSION (EVIDCOM) LTD,active,ltd,2017-02-08,5 Clarke Court,Dinnington,Sheffield,S25 2UX,England,['86900'],EVIDENCEANDCOMPASSIONEVIDCOM,S25,EVIDENCEANDCOMPASSIONEVIDCOM|S25
10649484,S JACKSON AND SONS BOAT BUILDERS LIMITED,active,ltd,2017-03-02,"The Offices, 161 Manchester Road",,Accrington,BB5 2NY,England,['30110'],SJACKSONANDSONSBOATBUILDERS,BB5,SJACKSONANDSONSBOATBUILDERS|BB5
10682763,PRECIOUS HAIR AND BEAUTY SALON LIMITED,active,ltd,2017-03-21,35 Church Street,Waddon,Croydon,CR0 1RH,England,"['82990', '96020']",PRECIOUSHAIRANDBEAUTYSALON,CR0,PRECIOUSHAIRANDBEAUTYSALON|CR0
10859872,DDIRECOVERY.COM LTD,active,ltd,2017-07-11,19 Sandbach Road,Reddish,Stockport,SK5 6LZ,United Kingdom,['96090'],DDIRECOVERYCOM,SK5,DDIRECOVERYCOM|SK5
10894672,SPRING LOGISTICS (UK) LIMITED,active,ltd,2017-08-02,2 Brocket Cottages Coleman Green,Wheathampstead,St. Albans,AL4 8ES,England,['49410'],SPRINGLOGISTICSUK,AL4,SPRINGLOGISTICSUK|AL4
10780140,B.J.E L&D LTD,active,ltd,2017-05-19,9 Hall Drive,,Liverpool,L32 1TA,England,"['70229', '82990']",BJELANDD,L32,BJELANDD|L32
10795651,JACKS DIGITAL LTD.,active,ltd,2017-05-31,"Mha House Charter Court, Phoenix Way",Swansea Enterprise Park,Swansea,SA7 9FS,United Kingdom,"['62012', '62020', '70229']",JACKSDIGITAL,SA7,JACKSDIGITAL|SA7
10827981,FPI CO 149 LTD,active,ltd,2017-06-20,16 Carolina Way,Quays Reach,Salford,M50 2ZY,England,['68100'],FPICO149,M50,FPICO149|M50
10994654,ACHEASON PHARMACY LIMITED,active,ltd,2017-10-03,"C/O Amin, Patel & Shah Accountants",334 - 336 Goswell Road,London,EC1V 7RP,England,['47730'],ACHEASONPHARMACY,EC1V,ACHEASONPHARMACY|EC1V
10951606,WELCO CONSTRUCTION AND SERVICES LIMITED,active,ltd,2017-09-07,63 Charles Street,,Milford Haven,SA73 2HA,United Kingdom,['43991'],WELCOCONSTRUCTIONAND,SA73,WELCOCONSTRUCTIONAND|SA73
10717616,GINO'S FISH INN LTD,active,ltd,2017-04-08,200 Plessey Road,,Blyth,NE24 3HZ,United Kingdom,['56103'],GINOSFISHINN,NE24,GINOSFISHINN|NE24
10718325,TINONINO LTD.,active,ltd,2017-04-10,45 Stockbreach Road,,London,AL10 0BB,England,"['41201', '41202', '74100']",TINONINO,AL10,TINONINO|AL10
10721565,INNOVATIVE FITNESS FOR ALL LTD,active,ltd,2017-04-11,6 Hansel Road,,London,NW6 5DQ,England,['96090'],INNOVATIVEFITNESSFORALL,NW6,INNOVATIVEFITNESSFORALL|NW6
10744334,TULA YOGA LTD,active,ltd,2017-04-27,Unit 3 Vista Place,Ingworth Road,Poole,BH12 1JY,England,['93199'],TULAYOGA,BH12,TULAYOGA|BH12
11107836,EAST BAY CARDIFF LIMITED,active,ltd,2017-12-12,43 Palace Street,,London,SW1E 5HL,United Kingdom,['41202'],EASTBAYCARDIFF,SW1E,EASTBAYCARDIFF|SW1E
SC563215,LESSLIE LIMITED,active,ltd,2017-04-12,13 Alva Street,,Edinburgh,EH2 4PH,Scotland,['90010'],LESSLIE,EH2,LESSLIE|EH2
SC577696,HAMMER & THISTLE BUILDING AND DESIGN LTD,active,ltd,2017-10-02,"Suite 0297, 11 Glebe Street",,Dumfries,DG1 2LQ,Scotland,['43999'],HAMMERANDTHISTLEBUILDINGANDDESIGN,DG1,HAMMERANDTHISTLEBUILDINGANDDESIGN|DG1
SC578091,KITCHEN AND BATHROOM LOUNGE LIMITED,active,ltd,2017-10-05,Unit A&B Floors Street,Industrial Estate,Johnstone,PA5 8PE,Scotland,['47599'],KITCHENANDBATHROOMLOUNGE,PA5,KITCHENANDBATHROOMLOUNGE|PA5
SC596099,KW GALASHIELS LTD,active,ltd,2018-05-02,1 Lynedoch Place,,Edinburgh,EH3 7PX,Scotland,['56302'],KWGALASHIELS,EH3,KWGALASHIELS|EH3
SC597710,MILLER 2018 LIMITED,active,ltd,2018-05-21,2-4 Heath Avenue,,Lenzie,G66 4LG,United Kingdom,['82990'],MILLER2018,G66,MILLER2018|G66
SC603426,MAYFIELD EDINBURGH GUEST HOUSE LIMITED,active,ltd,2018-07-24,15 Mayfield Gardens,,Edinburgh,EH9 2AX,United Kingdom,['55100'],MAYFIELDEDINBURGHGUESTHOUSE,EH9,MAYFIELDEDINBURGHGUESTHOUSE|EH9
SC629666,ARCRYSS CONSULTING LIMITED,active,ltd,2019-05-07,Jsa Services Ltd,83 Princes Street,Edinburgh,EH2 2ER,United Kingdom,"['70229', '74990']",ARCRYSSCONSULTING,EH2,ARCRYSSCONSULTING|EH2
04526378,ORLANDO BUILDING SERVICES LIMITED,active,ltd,2002-09-04,54 Orlando Drive,Carlton,Nottingham,NG4 3FL,,"['4521', '4533', '4541', '4542']",ORLANDOBUILDING,NG4,ORLANDOBUILDING|NG4
04648423,NORMANDY CARAVANS LIMITED,active,ltd,2003-01-27,9th Floor Bond Street,,Leeds,LS1 2JZ,,['29203'],NORMANDYCARAVANS,LS1,NORMANDYCARAVANS|LS1
SC330577,BEXAR TECHNOLOGY LIMITED,active,ltd,2007-09-07,1 Louise Gardens,Holytown,Lanarkshire,ML1 4XF,,['62012'],BEXARTECHNOLOGY,ML1,BEXARTECHNOLOGY|ML1
SC356648,SC356648 LIMITED,active,ltd,2009-03-16,14-18 Hill Street,,Edinburgh,EH2 3JX,,['43910'],SC356648,EH2,SC356648|EH2
SC361442,GORTON TRADING LIMITED,active,ltd,2009-06-19,C/O Robert Gorton,73e Westwood Avenue,Ayr,KA8 0RL,Scotland,['32990'],GORTONTRADING,KA8,GORTONTRADING|KA8
SC363120,MAJOR MANAGEMENT (SCOTLAND) LIMITED,active,ltd,2009-07-27,115 George Street,,Edinburgh,EH2 4JN,,['81229'],MAJORMANAGEMENTSCOTLAND,EH2,MAJORMANAGEMENTSCOTLAND|EH2
SC364465,EDITION TAVERNS (ST.NINIANS) LIMITED,active,ltd,2009-08-24,Unit 5 Gateway Business Park,Beancross Road,Grangemouth,FK3 8WX,,['56302'],EDITIONTAVERNSSTNINIANS,FK3,EDITIONTAVERNSSTNINIANS|FK3
SC492417,DGNET RELOADED LTD,active,ltd,2014-12-01,101 Rose Street South Lane,,Edinburgh,EH2 3JG,Scotland,['64209'],DGNETRELOADED,EH2,DGNETRELOADED|EH2
SC493080,PRESTWICK KEBAB AND CURRY LTD.,active,ltd,2014-12-10,109 Main Street,,Prestwick,KA9 1JS,Scotland,['56103'],PRESTWICKKEBABANDCURRY,KA9,PRESTWICKKEBABANDCURRY|KA9
SC498558,ISASS LTD,active,ltd,2015-02-23,18a Douglas Terrace,Broughty Ferry,Dundee,DD5 1EA,Scotland,['74909'],ISASS,DD5,ISASS|DD5
SC544835,BUILDING AND FINANCE LTD,active,ltd,2016-09-07,272 Bath Street,,Glasgow,G2 4JR,,['82990'],BUILDINGANDFINANCE,G2,BUILDINGANDFINANCE|G2
12445910,MORTGAGESMITHS LIMITED,active,ltd,2020-02-06,"Unit 2, Manor Mills",Manor Road,Leeds,LS11 9AH,England,['69203'],MORTGAGESMITHS,LS11,MORTGAGESMITHS|LS11
02650622,SIMONS REEVE LIMITED,active,ltd,1991-10-02,The Zenith Building 5th Floor 26,Spring Gardens,Manchester,M2 1AB,,"['2922', '7134']",SIMONSREEVE,M2,SIMONSREEVE|M2
03472752,FENNER ENERKA HOLDINGS UK LIMITED,active,ltd,1997-11-28,Hesslewood Country Office Park,Ferriby Road,Hessle,HU13 0PW,,['7487'],FENNERENERKA,HU13,FENNERENERKA|HU13
03960904,LINPAC PAXTON HOLDINGS LIMITED,active,ltd,2000-03-30,3180 Park Square,Birmingham Business Park,Birmingham,B37 7YN,,['7499'],LINPACPAXTON,B37,LINPACPAXTON|B37
03983552,ARGONAUGHT NETWORK TECHNOLOGIES LIMITED,active,ltd,2000-04-28,9 Dunmow Road,Thaxted,Dunmow,CM6 2LU,,['4531'],ARGONAUGHTNETWORKTECHNOLOGIES,CM6,ARGONAUGHTNETWORKTECHNOLOGIES|CM6
12281833,JAH HEATING SERVICES LIMITED,active,ltd,2019-10-25,58 Pattens Lane,,Rochester,ME1 2RB,England,['43220'],JAHHEATING,ME1,JAHHEATING|ME1
12747933,HEDELUND INVEST LIMITED,active,ltd,2020-07-16,"Stron Legal, The Clubhouse St James","8 St James's Square, St James's",London,SW1Y 4JU,United Kingdom,['99999'],HEDELUNDINVEST,SW1Y,HEDELUNDINVEST|SW1Y
12779180,FORTEN LIMITED,active,ltd,2020-07-29,1st Floor 64 Baker Street,,London,W1U 7GB,United Kingdom,['64191'],FORTEN,W1U,FORTEN|W1U
12565206,SUNBOL LTD,active,ltd,2020-04-20,3 Brook Place,,Barnet,EN5 2DL,England,['99999'],SUNBOL,EN5,SUNBOL|EN5
12578630,QUBO CONSULTANTS LTD,active,ltd,2020-04-29,289a Burntwood Lane,Wandsworth Common,London,SW17 0AP,United Kingdom,"['70210', '70229', '94120']",QUBOCONSULTANTS,SW17,QUBOCONSULTANTS|SW17
12598124,CREATIVE EDUCATION ASSOCIATES LIMITED,active,ltd,2020-05-12,10 Stanley Square,,Carshalton,SM5 4LX,England,['85600'],CREATIVEEDUCATIONASSOCIATES,SM5,CREATIVEEDUCATIONASSOCIATES|SM5
12631044,INFINITYGLOBALUK LTD,active,ltd,2020-05-29,33 Shakespeare Drive,,Harrow,HA3 9TS,England,['47910'],INFINITYGLOBALUK,HA3,INFINITYGLOBALUK|HA3
12208279,ROSSO GROUP LTD,active,ltd,2019-09-16,12 Wellington Fold,2nd Floor,Darwen,BB3 1PU,England,['46410'],ROSSO,BB3,ROSSO|BB3
12634916,THE STATION BARBERS COLCHESTER LTD,active,ltd,2020-05-30,Suite 19 North Colchester Business Centre,340 The Crescent,Colchester,CO4 9AD,England,['96020'],THESTATIONBARBERSCOLCHESTER,CO4,THESTATIONBARBERSCOLCHESTER|CO4
12252531,UK HEALTH AND VITALITY CO LTD,active,ltd,2019-10-09,124 City Road,,London,EC1V 2NX,England,"['47910', '63110']",UKHEALTHANDVITALITYCO,EC1V,UKHEALTHANDVITALITYCO|EC1V
12254642,AZ086 LIMITED,active,ltd,2019-10-10,Unit 9 Pickford Street,,Birmingham,B5 5QH,England,['96090'],AZ086,B5,AZ086|B5
12258711,UNLOCK DIRECT LTD,active,ltd,2019-10-12,The Oakley,Kidderminster Road,Droitwich,WR9 9AY,England,['62020'],UNLOCKDIRECT,WR9,UNLOCKDIRECT|WR9
12457412,POLAND DEVELOPMENTS LTD,active,ltd,2020-02-12,Friarswood (Sas),Chipperfield Road,Kings Langley,WD4 9JB,England,['41201'],POLANDDEVELOPMENTS,WD4,POLANDDEVELOPMENTS|WD4
12465656,JC FLOORING SOLUTIONS LIMITED,active,ltd,2020-02-15,36 Brook Crescent,,London,E4 9EP,England,['47530'],JCFLOORINGSOLUTIONS,E4,JCFLOORINGSOLUTIONS|E4
12029809,NARVO LTD,active,ltd,2019-06-03,70 Hathersage Road,,Manchester,M13 0FN,England,['46190'],NARVO,M13,NARVO|M13
11425708,TRIUMVIRATE HOSPITALITY LIMITED,active,ltd,2018-06-21,Flat 2 97 Wardour Street,,London,W1F 0UF,England,['56101'],TRIUMVIRATEHOSPITALITY,W1F,TRIUMVIRATEHOSPITALITY|W1F
11430485,TOWNLEY SERVICES LIMITED,active,ltd,2018-06-25,28 Sparrowgrove,Otterbourne,Winchester,SO21 2DL,United Kingdom,['70229'],TOWNLEY,SO21,TOWNLEY|SO21
11430660,GOLDEN SPA LIMITED,active,ltd,2018-06-25,14a Margarets Buildings,,Bath,BA1 2LP,England,['86900'],GOLDENSPA,BA1,GOLDENSPA|BA1
11475887,RSD CONSULT LTD,active,ltd,2018-07-20,17 Drayton Place,Irthlingborough,Wellingborough,NN9 5TD,England,['62020'],RSDCONSULT,NN9,RSDCONSULT|NN9
11697813,LOTUS HOUSE 2018 LTD,active,ltd,2018-11-26,16 Bishop Bridge Road,,Norwich,NR1 4ET,England,['56103'],LOTUSHOUSE2018,NR1,LOTUSHOUSE2018|NR1
11698915,N&C PROPERTIES (MIDLANDS) LIMITED,active,ltd,2018-11-27,26 Bluestone Avenue Burslem,,Stoke-On-Trent,ST6 7EF,England,['43390'],NANDCPROPERTIESMIDLANDS,ST6,NANDCPROPERTIESMIDLANDS|ST6
11151768,BICESTER - HOJ LTD,active,ltd,2018-01-16,11151768 - COMPANIES HOUSE DEFAULT ADDRESS,,Cardiff,CF14 8LH,,['56101'],BICESTERHOJ,CF14,BICESTERHOJ|CF14
11678666,DAVID PROPERTY DEVELOPMENT LTD,active,ltd,2018-11-15,1 Nashenden Lane,,Rochester,ME1 3JQ,,['41100'],DAVIDPROPERTYDEVELOPMENT,ME1,DAVIDPROPERTYDEVELOPMENT|ME1
11523596,ETERNACLIN LTD,active,ltd,2018-08-17,32a Church Street,,Ashbourne,DE6 1AE,England,['82990'],ETERNACLIN,DE6,ETERNACLIN|DE6
11400181,ETIHAD CATERING LTD,active,ltd,2018-06-06,407 Buxton Road,,Stockport,SK2 7EY,United Kingdom,['56102'],ETIHADCATERING,SK2,ETIHADCATERING|SK2
11482836,A3 MOTORS LTD,active,ltd,2018-07-25,Philippe House,Wellington Crescent,New Malden,KT3 3NE,England,['45200'],A3MOTORS,KT3,A3MOTORS|KT3
11530841,B W DATACOMS LIMITED,active,ltd,2018-08-22,24 Saleby Close Lower Earley,,Reading,RG6 3BE,England,['61100'],BWDATACOMS,RG6,BWDATACOMS|RG6
11531712,WOLVERHAMPTON ACADEMY LIMITED,active,ltd,2018-08-22,Frederick Street,,Wolverhampton,WV2 4DU,England,['90010'],WOLVERHAMPTONACADEMY,WV2,WOLVERHAMPTONACADEMY|WV2
11726681,BILLY AMAZING SHIPPING SERVICE LTD,active,ltd,2018-12-14,20 Cosby Road,,Nottingham,NG2 4BW,England,['47990'],BILLYAMAZINGSHIPPINGSERVICE,NG2,BILLYAMAZINGSHIPPINGSERVICE|NG2
11756510,S. K. DYER ENTERPRISES LIMITED,active,ltd,2019-01-08,11756510 - COMPANIES HOUSE DEFAULT ADDRESS,,Cardiff,CF14 8LH,,['47789'],SKDYERENTERPRISES,CF14,SKDYERENTERPRISES|CF14
11649673,AUTA GROUP LIMITED,active,ltd,2018-10-30,Greystones Stroud Road,Bisley,Stroud,GL6 7BQ,United Kingdom,['64209'],AUTA,GL6,AUTA|GL6
10179435,NON MECH PLANT CO LTD,active,ltd,2016-05-13,Royal Eagle Close Royal Eagle Close,Medway City Estate,Rochester,ME2 4NF,England,['41201'],NONMECHPLANTCO,ME2,NONMECHPLANTCO|ME2
10228947,YORKSHIRE RENOVATIONS LTD LIMITED,active,ltd,2016-06-13,2 Laura Street,Laura Street,Halifax,HX3 6DT,United Kingdom,,YORKSHIRERENOVATIONS,HX3,YORKSHIRERENOVATIONS|HX3
09983225,ARC TRANSPORT SERVICES LIMITED,active,ltd,2016-02-02,12f Longney Place,Patchway,Bristol,BS34 5LQ,England,"['43999', '49410']",ARCTRANSPORT,BS34,ARCTRANSPORT|BS34
09985002,CAMBRIDGE ACADEMY FOR PROFESSIONAL TRAINING LTD,active,ltd,2016-02-03,1010 Cambourne Business Park Great Cambourne,,Cambridge,CB23 6DP,England,['85590'],CAMBRIDGEACADEMYFORPROFESSIONALTRAINING,CB23,CAMBRIDGEACADEMYFORPROFESSIONALTRAINING|CB23
09999784,HODGKINSON CONSULTANCY SERVICES LTD,active,ltd,2016-02-11,19 Lincoln Square,,Widnes,WA8 6SR,England,['70221'],HODGKINSONCONSULTANCY,WA8,HODGKINSONCONSULTANCY|WA8
09910478,ELEMENTERA LTD,active,ltd,2015-12-10,"Suite 64, The Enterprise Centre",Cranborne Road,Potters Bar,EN6 3DQ,,,ELEMENTERA,EN6,ELEMENTERA|EN6
09927240,GA CONSULTANCIES LIMITED,active,ltd,2015-12-22,10 Bolingbroke Road,,North Shields,NE29 7NF,,['82990'],GACONSULTANCIES,NE29,GACONSULTANCIES|NE29
10341776,TMCD LTD,active,ltd,2016-08-23,Suite 30 53 King Street,,Manchester,M2 4LQ,England,['82990'],TMCD,M2,TMCD|M2
10342783,WEG DIVING SERVICES LIMITED,active,ltd,2016-08-23,Francis House,Humber Place,Hull,HU1 1UD,England,['96090'],WEGDIVING,HU1,WEGDIVING|HU1
10345852,WALISE LTD.,active,ltd,2016-08-25,42 High Street,,Soham,CB7 5HE,,['99999'],WALISE,CB7,WALISE|CB7
10346008,ALOATEN LTD.,active,ltd,2016-08-25,42 High Street,,Soham,CB7 5HE,,['99999'],ALOATEN,CB7,ALOATEN|CB7
10085182,ANTI-AGEING LIMITED,active,ltd,2016-03-25,3 Pembridge Place,,London,SW15 2QE,England,['47290'],ANTIAGEING,SW15,ANTIAGEING|SW15
10266613,MESOLEAN GROUP LTD.,active,ltd,2016-07-07,University Of Wolverhampton Science Park Glaisher Drive,Pa103,Wolverhampton,WV10 9RU,United Kingdom,"['70229', '78109', '78300']",MESOLEAN,WV10,MESOLEAN|WV10
10282337,TBD ACCOUNTANTS LIMITED,active,ltd,2016-07-16,2 St Chads Court,School Lane,Rochdale,OL16 1QU,England,['69201'],TBDACCOUNTANTS,OL16,TBDACCOUNTANTS|OL16
10046809,K GILL & SON LTD,active,ltd,2016-03-07,11 Maytree Crescent,,Watford,WD24 5NJ,United Kingdom,['43320'],KGILLANDSON,WD24,KGILLANDSON|WD24
10067893,MIMANSA LIMITED,active,ltd,2016-03-17,27 Trenear Close,,Orpington,BR6 9XT,England,['82990'],MIMANSA,BR6,MIMANSA|BR6
10068818,CHISWICK HRA LTD,active,ltd,2016-03-17,30-34 Chiswick High Road,,London,W4 1TE,United Kingdom,['47791'],CHISWICKHRA,W4,CHISWICKHRA|W4
09844568,GET SOFTWARE LTD,active,ltd,2015-10-27,10 Brownrigg Crescent,,Bracknell,RG12 2PZ,United Kingdom,['62012'],GETSOFTWARE,RG12,GETSOFTWARE|RG12
09864800,9864800 LIMITED,active,ltd,2015-11-10,61-67 King Street,,Manchester,M2 4PD,England,['41202'],9864800,M2,9864800|M2
00214466,C.B.JACKSON & COMPANY LIMITED,active,ltd,1926-06-19,11 Dingwall Road,,Croydon,CR9 3DB,,,CBJACKSONANDCOMPANY,CR9,CBJACKSONANDCOMPANY|CR9
07479824,FUNCTION1 LIMITED,active,ltd,2010-12-30,18 Valentine Road,Bishops Cleeve,Cheltenham,GL52 8FU,England,['62020'],FUNCTION1,GL52,FUNCTION1|GL52
01453063,RIVERSIDE WORKS LIMITED,active,ltd,1979-10-09,21 Lombard Street,,London,EC3V 9AH,United Kingdom,['32990'],RIVERSIDEWORKS,EC3V,RIVERSIDEWORKS|EC3V
11005152,MOBILE TEK8 LIMITED,active,ltd,2017-10-10,Mobile Tek 8,Gabriel's Hill,Maidstone,ME15 6JG,United Kingdom,['95110'],MOBILETEK8,ME15,MOBILETEK8|ME15
12429234,LEADWOOD ENGINEERING LTD,active,ltd,2020-01-28,Desai & Co Northside House,Mount Pleasant,Barnet,EN4 9EB,England,['43220'],LEADWOODENGINEERING,EN4,LEADWOODENGINEERING|EN4
12427116,OZ GROUP LTD,active,ltd,2020-01-27,10 Eydon Drive,,Corby,NN17 5FB,United Kingdom,['49410'],OZ,NN17,OZ|NN17
12428633,COREMEL LIMITED,active,ltd,2020-01-28,41 Scalebor Square,Burley In Wharfedale,Ilkley,LS29 7SP,England,['56302'],COREMEL,LS29,COREMEL|LS29
12441609,HIRE A LTD,active,ltd,2020-02-04,16 Brook Close,,Storrington,RH20 3NT,England,"['77210', '77390', '93290']",HIREA,RH20,HIREA|RH20
09169280,G.K. IT SOLUTIONS LTD,active,ltd,2014-08-11,40 Starbeck Way Ormesby,,Middlesbrough,TS7 9QQ,,['62020'],GKITSOLUTIONS,TS7,GKITSOLUTIONS|TS7
07183006,NIGHTINGALE CONSULTING LIMITED,active,ltd,2010-03-09,St Mary's House Crewe Road,Alsager,Stoke-On-Trent,ST7 2EW,England,"['70229', '80100', '80300']",NIGHTINGALECONSULTING,ST7,NIGHTINGALECONSULTING|ST7
12814293,KHALBROS (SAXTON LANE) LIMITED,active,ltd,2020-08-14,20 York Place,,Leeds,LS1 2EX,England,['64209'],KHALBROSSAXTONLANE,LS1,KHALBROSSAXTONLANE|LS1
11962519,BTB GYM WINSFORD LTD,active,ltd,2019-04-25,3 Bunbury Close,,Northwich,CW9 8SF,England,['93130'],BTBGYMWINSFORD,CW9,BTBGYMWINSFORD|CW9
10694065,RAABI MODEST FASHION LTD,active,ltd,2017-03-28,54 Coldharbour Lane,,Hayes,UB3 3ES,United Kingdom,['47710'],RAABIMODESTFASHION,UB3,RAABIMODESTFASHION|UB3
06870039,TS JOHNSON VAUXHALL SPARES LIMITED,active,ltd,2009-04-04,Callerton House,Callerton Place,Stanley,DH9 6EJ,,['45310'],TSJOHNSONVAUXHALLSPARES,DH9,TSJOHNSONVAUXHALLSPARES|DH9
09992579,ELXI HOLDING UK LTD,active,ltd,2016-02-08,Unit 2a Belvue Road,,Northolt,UB5 5QJ,England,['70100'],ELXI,UB5,ELXI|UB5
12418487,MB TELECOMS AND SECURITY LTD,active,ltd,2020-01-22,5 Clydesdale Gardens,,Bognor Regis,PO22 9BE,England,['42220'],MBTELECOMSANDSECURITY,PO22,MBTELECOMSANDSECURITY|PO22
10288604,NPJS ENTERPRISES LIMITED,active,ltd,2016-07-20,Ground Floor,189 Richmond Road,Kingston,KT2 5DD,,['56290'],NPJSENTERPRISES,KT2,NPJSENTERPRISES|KT2
08140876,THE WE TECHNOLOGY (UK) LTD,active,ltd,2012-07-12,Flat 49 Clarewood Court,Seymour Place,London,W1H 2NN,England,"['62012', '62090', '70229', '74909']",THEWETECHNOLOGYUK,W1H,THEWETECHNOLOGYUK|W1H
09114070,AMIE & GRACIE LIMITED,active,ltd,2014-07-03,10 Holland Close,New Barnet,Barnet,EN5 1DJ,,['47910'],AMIEANDGRACIE,EN5,AMIEANDGRACIE|EN5
09822897,SUBLIMITY BATHROOMS LTD,active,ltd,2015-10-13,65a Field Street,,Boston,PE21 6TR,England,['96090'],SUBLIMITYBATHROOMS,PE21,SUBLIMITYBATHROOMS|PE21
10514849,JB RAILWAY LIMITED,active,ltd,2016-12-07,10514849 - COMPANIES HOUSE DEFAULT ADDRESS,,Cardiff,CF14 8LH,,['33170'],JBRAILWAY,CF14,JBRAILWAY|CF14
08584305,VICKY EASTON CONSULTING LIMITED,active,ltd,2013-06-25,58 Kelham Hall Drive,Wheatley,Oxford,OX33 1YB,,['82990'],VICKYEASTONCONSULTING,OX33,VICKYEASTONCONSULTING|OX33
10033501,M SKI ENGINEERING LIMITED,active,ltd,2016-02-29,5 Albert Road,,Southsea,PO5 2SE,United Kingdom,['45200'],MSKIENGINEERING,PO5,MSKIENGINEERING|PO5
06228235,SIGMA ( WALES ) LTD,active,ltd,2007-04-26,Citibase,101 Lockhurst Lane,Coventry,CV6 5SF,,['82990'],SIGMAWALES,CV6,SIGMAWALES|CV6
04030011,STARKWOOD MEDIA GROUP LIMITED,active,ltd,2000-07-10,Victoria House 50-58 Victoria Road,,Farnborough,GU14 7PG,,['62090'],STARKWOODMEDIA,GU14,STARKWOODMEDIA|GU14
09155711,WORKR UMBRELLA LIMITED,active,ltd,2014-07-31,4th Floor Radius House,51 Clarendon Road,Watford,WD17 1HP,England,['69201'],WORKRUMBRELLA,WD17,WORKRUMBRELLA|WD17
12438337,CAR SERVICE ALI LTD,active,ltd,2020-02-03,130 Verdant Lane,,Catford,SE6 1LG,United Kingdom,"['45200', '45320']",CARSERVICEALI,SE6,CARSERVICEALI|SE6
12413515,M&S SHAR LTD,active,ltd,2020-01-20,108 Gloucester Road North,Filton,Bristol,BS34 7PF,England,['63910'],MANDSSHAR,BS34,MANDSSHAR|BS34
12411880,HAMI SPICE LTD,active,ltd,2020-01-20,74 Church Street,,Hartlepool,TS24 7DN,England,['56101'],HAMISPICE,TS24,HAMISPICE|TS24
12402600,R21 INVESTMENTS LTD,active,ltd,2020-01-14,15 Phillip Road,,Walsall,WS2 9DS,United Kingdom,"['68100', '68209']",R21INVESTMENTS,WS2,R21INVESTMENTS|WS2
10116066,BALLYHANA ELECTRICAL SOLUTIONS LIMITED,active,ltd,2016-04-10,23 Howe Hill Road,,York,YO26 4SL,England,['74909'],BALLYHANAELECTRICALSOLUTIONS,YO26,BALLYHANAELECTRICALSOLUTIONS|YO26
12439353,SAIGON BAR AND GRILL LTD,active,ltd,2020-02-03,203 Petts Wood Road,Petts Wood,Orpington,BR5 1LA,England,['56101'],SAIGONBARANDGRILL,BR5,SAIGONBARANDGRILL|BR5
10845563,MAUDSLEY LTD,active,ltd,2017-06-30,44 Hazell Road,,Farnham,GU9 7BP,England,['70229'],MAUDSLEY,GU9,MAUDSLEY|GU9
11683792,LUXSTON LTD,active,ltd,2018-11-19,42 Barnham Road,Barnham,Bognor Regis,PO22 0ES,United Kingdom,['96020'],LUXSTON,PO22,LUXSTON|PO22
12440816,JTM QUALITY USED CARS LTD,active,ltd,2020-02-04,"C/O Taxassist Accountants, Unit 4 Ffordd Richard Davies",St. Asaph Business Park,St. Asaph,LL17 0LJ,Wales,['96090'],JTMQUALITYUSEDCARS,LL17,JTMQUALITYUSEDCARS|LL17
07229765,MPC INDUSTRIAL COATINGS LIMITED,active,ltd,2010-04-21,7 St John Street,,Mansfield,NG18 1QH,,['82990'],MPCINDUSTRIALCOATINGS,NG18,MPCINDUSTRIALCOATINGS|NG18
12420087,RS APPS LIMITED,active,ltd,2020-01-23,57 Jordan Street,,Liverpool,L1 0BW,England,['62012'],RSAPPS,L1,RSAPPS|L1
10883920,CELTAVINI.COM LIMITED,active,ltd,2017-07-26,Y Bwthyn,Ro-Fawr Farm,Dryslwyn,SA32 8RP,United Kingdom,['62020'],CELTAVINICOM,SA32,CELTAVINICOM|SA32
12423136,KPMUK LTD,active,ltd,2020-01-24,482 Halifax Road,,Bradford,BD6 2LH,England,['70229'],KPMUK,BD6,KPMUK|BD6
09840894,HARRIS LEGAL (UK) LIMITED,active,ltd,2015-10-26,Office 1 Annex House Rcm Business Centre,Dewsbury Road,Ossett,WF5 9NF,England,['82990'],HARRISLEGALUK,WF5,HARRISLEGALUK|WF5
06267967,AVSIDYA SERVICES LTD,active,ltd,2007-06-04,Moulsham Mill,Parkway,Chelmsford,CM2 7PX,England,['70229'],AVSIDYA,CM2,AVSIDYA|CM2
12428718,ZENITH INDUSTRIES LTD,active,ltd,2020-01-28,2 Frederick Street,Kings Cross,London,WC1X 0ND,United Kingdom,"['68100', '68209']",ZENITHINDUSTRIES,WC1X,ZENITHINDUSTRIES|WC1X
11439429,INDIGO RENOVATIONS LIMITED,active,ltd,2018-06-28,85 Great Portland Street,,London,W1W 7LT,England,"['43310', '43341', '95290', '98000']",INDIGORENOVATIONS,W1W,INDIGORENOVATIONS|W1W
09729896,POOLE BRIDGE MOTOR COMPANY LTD,active,ltd,2015-08-12,1 Rigler Road,,Poole,BH15 4BN,England,['46190'],POOLEBRIDGEMOTORCOMPANY,BH15,POOLEBRIDGEMOTORCOMPANY|BH15
11799956,PWB INVESTMENTS LTD,active,ltd,2019-01-31,27 Winford Court,Portbury Close,London,SE15 5JE,United Kingdom,['68310'],PWBINVESTMENTS,SE15,PWBINVESTMENTS|SE15
10728903,T FRANCIS (UK) LTD,active,ltd,2017-04-19,Kemp House,160 City Road,London,EC1V 2NX,United Kingdom,"['70229', '74909', '86220']",TFRANCISUK,EC1V,TFRANCISUK|EC1V
06516998,HIDS DIRECT LIMITED,active,ltd,2008-02-28,"140 Lee Lane, Horwich",,Bolton,BL6 7AF,,['45320'],HIDSDIRECT,BL6,HIDSDIRECT|BL6
12421456,CHANGE AND GO LIMITED,active,ltd,2020-01-23,51 Glenwood Close,,Harrow,HA1 2QN,England,['96090'],CHANGEANDGO,HA1,CHANGEANDGO|HA1
10301103,LOUGHMAN PLANT OPERATIONS LTD,active,ltd,2016-07-28,1st Floor Enterprise House,202-206 Linthorpe Road,Middlesbrough,TS1 3QW,England,['43999'],LOUGHMANPLANTOPERATIONS,TS1,LOUGHMANPLANTOPERATIONS|TS1
09999066,CIMS NETWORKS LIMITED,active,ltd,2016-02-11,Halifax House 2nd Floor,Bridge Street,Manchester,M3 2GX,England,['61900'],CIMSNETWORKS,M3,CIMSNETWORKS|M3
10278674,CHOWANIEC LTD,active,ltd,2016-07-14,226-228 King Street,,London,W6 0RA,England,['82990'],CHOWANIEC,W6,CHOWANIEC|W6
11319012,MONARCH VENTURES LTD,active,ltd,2018-04-19,85 (First Floor) Great Portland Street,,London,W1W 7LT,,['82990'],MONARCHVENTURES,W1W,MONARCHVENTURES|W1W
11386761,SZM MEDIA LIMITED,active,ltd,2018-05-29,Szm,Portal Way,London,W3 6RT,England,['47240'],SZMMEDIA,W3,SZMMEDIA|W3
11892173,YASMIN FASHION LTD,active,ltd,2019-03-19,150 Church Road,,London,NW10 9NH,England,"['46420', '47710']",YASMINFASHION,NW10,YASMINFASHION|NW10
02381347,IMAGEDISPLAY LIMITED,active,ltd,1989-05-09,"Morton House, 9 Beacon Court",Pitstone Green Business Park,Pitstone,LU7 9GY,,['74990'],IMAGEDISPLAY,LU7,IMAGEDISPLAY|LU7
NI634958,EWETWO DEVELOPMENTS LTD,active,ltd,2015-11-20,31 Church Street,,Dromore,BT25 1AA,Northern Ireland,['68100'],EWETWODEVELOPMENTS,BT25,EWETWODEVELOPMENTS|BT25
11983121,TRSTMGT HOLDINGS LIMITED,active,ltd,2019-05-07,"Unit 7, Portal Business Park",Eaton Lane,Tarporley,CW6 9DL,England,['64209'],TRSTMGT,CW6,TRSTMGT|CW6
09201808,CAPISCAN LIMITED,active,ltd,2014-09-03,High Lane,Newbiggin On Lune,Kirkby Stephen,CA17 4NY,,['01629'],CAPISCAN,CA17,CAPISCAN|CA17
NI021273,KARY HILL PROPERTIES LIMITED,active,ltd,1988-02-05,112 Market Street,Downpatrick,Co Down,BT30 6LZ,,['68209'],KARYHILLPROPERTIES,BT30,KARYHILLPROPERTIES|BT30
08181520,SILVER STAR YACHTING LTD,active,ltd,2012-08-16,60 St. Martin's Lane,,London,WC2N 4JS,England,['74909'],SILVERSTARYACHTING,WC2N,SILVERSTARYACHTING|WC2N
03564077,BROOK FARM SAUSAGES LIMITED,active,ltd,1998-05-14,Unit 1 1 Brook Road,,London,N22 6TR,England,['10130'],BROOKFARMSAUSAGES,N22,BROOKFARMSAUSAGES|N22
10062120,CARNOT CONSTRUCTION LIMITED,active,ltd,2016-03-14,128 City Road,,London,EC1V 2NX,United Kingdom,"['41100', '41202']",CARNOTCONSTRUCTION,EC1V,CARNOTCONSTRUCTION|EC1V
08024400,ATHENA LAW SERVICES LTD,active,ltd,2012-04-10,5 Coxwold View,Coxwold View,Wetherby,LS22 7PU,England,"['78300', '82990', '85600']",ATHENALAW,LS22,ATHENALAW|LS22
02651928,MERGESWIFT PROPERTY MANAGEMENT LIMITED,active,ltd,1991-10-07,29 West Street,,Ringwood,BH24 1DY,England,['98000'],MERGESWIFTPROPERTYMANAGEMENT,BH24,MERGESWIFTPROPERTYMANAGEMENT|BH24
09501673,YY ESTATES LTD,active,ltd,2015-03-20,115 Craven Park Road South Tottenham,,London,N15 6BL,England,['68320'],YYESTATES,N15,YYESTATES|N15
05207119,OPTIK PROPERTIES LIMITED,active,ltd,2004-08-16,The Greenhouse,106-108 Ashbourne Road,Derby,DE22 3AG,,['68209'],OPTIKPROPERTIES,DE22,OPTIKPROPERTIES|DE22
11503016,KELZ SWEET CREATIONS LTD,active,ltd,2018-08-07,144 New Road,,Rubery,B45 9JA,United Kingdom,['56290'],KELZSWEETCREATIONS,B45,KELZSWEETCREATIONS|B45
08525474,J & J ASSOCIATES (UK) LTD.,active,ltd,2013-05-13,The Evergreen Inn,Overthorpe Road,Banbury,OX17 2XA,England,['74300'],JANDJASSOCIATESUK,OX17,JANDJASSOCIATESUK|OX17
SC476383,MCGARRY FASHION LTD,active,ltd,2014-04-29,The Vine,Magdalen Yard Road,Dundee,DD1 4NE,Scotland,['62090'],MCGARRYFASHION,DD1,MCGARRYFASHION|DD1
04512358,OPTIK LEISURE LIMITED,active,ltd,2002-08-15,The Greenhouse,106-108 Ashbourne Road,Derby,DE22 3AG,,['43390'],OPTIKLEISURE,DE22,OPTIKLEISURE|DE22
NI046467,P.A. MCKEEVER LIMITED,active,ltd,2003-05-12,16 Mount Charles,Belfast,,BT7 1NZ,,['47730'],PAMCKEEVER,BT7,PAMCKEEVER|BT7
07729793,HARD TO INSURE LIMITED,active,ltd,2011-08-04,4 - 6 Aaron Road Whittlesey,,Peterborough,PE7 2EX,United Kingdom,['66220'],HARDTOINSURE,PE7,HARDTOINSURE|PE7
08066612,NIK WOODS TREE SERVICES LIMITED,active,ltd,2012-05-11,Crawford Accountants Ralls House Parklands Business Park Forest Road,Denmead,Waterlooville,PO7 6XP,,['02400'],NIKWOODSTREE,PO7,NIKWOODSTREE|PO7
09423868,FLAME UK BUSINESS SERVICES GROUP LTD,active,ltd,2015-02-05,White House,Wollaton Street,Nottingham,NG1 5GF,United Kingdom,['70229'],FLAMEUKBUSINESS,NG1,FLAMEUKBUSINESS|NG1
02961990,MONKTON FLATS MANAGEMENT COMPANY LIMITED,active,ltd,1994-08-24,28 Fairholme Gardens,Finchley,London,N3 3EB,,['98000'],MONKTONFLATSMANAGEMENTCOMPANY,N3,MONKTONFLATSMANAGEMENTCOMPANY|N3
10714133,THE PHYSIOTHERAPY CENTRE CROSBY LIMITED,active,ltd,2017-04-07,Unit 5 The Enterprise Centre,Salisbury Street,St. Helens,WA10 1FY,England,['86900'],THEPHYSIOTHERAPYCENTRECROSBY,WA10,THEPHYSIOTHERAPYCENTRECROSBY|WA10
12161719,BMS EVENT MEDICS LTD,active,ltd,2019-08-19,1 Richmond Road,,Lytham St. Annes,FY8 1PE,England,['96090'],BMSEVENTMEDICS,FY8,BMSEVENTMEDICS|FY8
07740842,DECOUPLE LIMITED,active,ltd,2011-08-15,Ashlea Merrybank Lane,Huby,Leeds,LS17 0EW,,['70229'],DECOUPLE,LS17,DECOUPLE|LS17
06237795,BEECHCROFT CARE HOMES LTD,active,ltd,2007-05-04,Holmfield,Grafton Road,Torquay,TQ1 1QJ,United Kingdom,['87300'],BEECHCROFTCAREHOMES,TQ1,BEECHCROFTCAREHOMES|TQ1
10755800,ELENKO SPORTS GLOBAL LIMITED,active,ltd,2017-05-05,14 David Mews,,London,W1U 6EQ,England,['93199'],ELENKOSPORTSGLOBAL,W1U,ELENKOSPORTSGLOBAL|W1U
10003008,PPA FINANCE LIMITED,active,ltd,2016-02-12,1 Grosvenor House,Melton Road,Oakham,LE15 6AX,United Kingdom,['82990'],PPAFINANCE,LE15,PPAFINANCE|LE15
10952302,LEAFY LTD,active,ltd,2017-09-08,1 Market Hill,,Calne,SN11 0BT,United Kingdom,['68209'],LEAFY,SN11,LEAFY|SN11
11984375,STONECASTLE PRODUCTIONS LIMITED,active,ltd,2019-05-08,8 Wades Hill,,London,N21 1BG,England,"['59112', '74202', '90010', '90030']",STONECASTLEPRODUCTIONS,N21,STONECASTLEPRODUCTIONS|N21
09719669,DANNY RIDERS LTD,active,ltd,2015-08-05,34 Montpelier,,Weston-Super-Mare,BS23 2RJ,England,['49410'],DANNYRIDERS,BS23,DANNYRIDERS|BS23
10180741,LA CULTURA GROUP LTD,active,ltd,2016-05-16,4 Yeomanry Close,,Sutton Coldfield,B75 7HN,England,['70210'],LACULTURA,B75,LACULTURA|B75
12143753,CHIROTONSOR LTD,active,ltd,2019-08-07,"1 Cathedral Courtyard, Southgate",,Chichester,PO19 1EU,England,['96020'],CHIROTONSOR,PO19,CHIROTONSOR|PO19
07361419,MACQUARIE METERS 3 (UK) LIMITED,active,ltd,2010-08-31,Ropemaker Place,28 Ropemaker Street,London,EC2Y 9HD,,['77390'],MACQUARIEMETERS3UK,EC2Y,MACQUARIEMETERS3UK|EC2Y
08736803,MCC INFRA ADVISORY LIMITED,active,ltd,2013-10-17,4 Gayton Avenue,Littleover,Derby,DE23 1GA,England,['74909'],MCCINFRAADVISORY,DE23,MCCINFRAADVISORY|DE23
06248921,BARROON DESIGN LIMITED,active,ltd,2007-05-16,35 Westgate,,Huddersfield,HD1 1PA,United Kingdom,['74909'],BARROONDESIGN,HD1,BARROONDESIGN|HD1
07714877,GOEL PROFESSIONALS LTD,active,ltd,2011-07-22,71-75 Shelton Street,,London,WC2H 9JQ,,['82990'],GOELPROFESSIONALS,WC2H,GOELPROFESSIONALS|WC2H
SC197917,NPL PH CLEARING COMPANY LTD,active,ltd,1999-07-08,183 St. Vincent Street,First Floor,Glasgow,G2 5QD,Scotland,['68100'],NPLPHCLEARINGCOMPANY,G2,NPLPHCLEARINGCOMPANY|G2
09726484,JAZ MICHELLE LTD.,active,ltd,2015-08-11,244 Amersham Road,Hazlemere,High Wycombe,HP15 7QN,England,['68209'],JAZMICHELLE,HP15,JAZMICHELLE|HP15
07250015,AUSTIN'S CARPETS LIMITED,active,ltd,2010-05-11,Unit 4 Byron Industrial Estate,Brookfield Road,Arnold,NG5 7EW,United Kingdom,['82990'],AUSTINSCARPETS,NG5,AUSTINSCARPETS|NG5
NI644620,SUMMIT MINERALS LIMITED,active,ltd,2017-03-16,21 Arthur Street,,Belfast,BT1 4GA,Northern Ireland,['64209'],SUMMITMINERALS,BT1,SUMMITMINERALS|BT1
04448756,DAWLISH LIMITED,active,ltd,2002-05-28,2 Mountview Court 310 Friern Barnet Lane,Whetstone,London,N20 0YZ,,['73110'],DAWLISH,N20,DAWLISH|N20
09665411,MARK SCHMITT REPRESENTATION LIMITED,active,ltd,2015-07-01,Dilston Lodge,"2 Clarence Road, Walton-On-Thames",Hersham,KT12 5JU,,['79120'],MARKSCHMITTREPRESENTATION,KT12,MARKSCHMITTREPRESENTATION|KT12
12383584,SILVER PROPERTY LETTINGS LIMITED,active,ltd,2020-01-02,74 Upper Ratton Drive,,Eastbourne,BN20 9DQ,England,['68209'],SILVERPROPERTYLETTINGS,BN20,SILVERPROPERTYLETTINGS|BN20
SC662141,PROGRESS ACADEMY LTD,active,ltd,2020-05-26,115 Main Street,,Pathhead,EH37 5PT,Scotland,['85590'],PROGRESSACADEMY,EH37,PROGRESSACADEMY|EH37
12774958,PURE FASHION (MCR) LIMITED,active,ltd,2020-07-28,86 Milton Road,Stretford,Manchester,M32 0TG,England,"['47510', '47710']",PUREFASHIONMCR,M32,PUREFASHIONMCR|M32
SC351572,ENRGY RESOURCES LTD,active,ltd,2008-11-20,2 Dunree Place,Gartcosh,Glasgow,G69 8FJ,Scotland,['09100'],ENRGYRESOURCES,G69,ENRGYRESOURCES|G69
11510096,DATA SYSTEMS EVOLUTION LTD,active,ltd,2018-08-10,4th Floor Radius House,51 Clarendon Road,Watford,WD17 1HP,England,"['62020', '72190']",DATASYSTEMSEVOLUTION,WD17,DATASYSTEMSEVOLUTION|WD17
12808606,SAFEKEY LIMITED,active,ltd,2020-08-12,"C/O The Accountancy Partnership Suite 5, 5th Floor, City Reach",5 Greenwich View Place,London,E14 9NN,England,"['68209', '86210']",SAFEKEY,E14,SAFEKEY|E14
05128130,OG PROPERTIES LIMITED,active,ltd,2004-05-14,32 Highland Drive,Fleet,Hampshire,GU51 2TH,,['68100'],OGPROPERTIES,GU51,OGPROPERTIES|GU51
SC124173,R & P PROPERTY AND DEVELOPMENT LIMITED,active,ltd,1990-04-04,16 Hornock Road,,Coatbridge,ML5 2QJ,Scotland,['68209'],RANDPPROPERTYANDDEVELOPMENT,ML5,RANDPPROPERTYANDDEVELOPMENT|ML5
01291453,"SCRIVEN & CO., AUCTIONEERS, SURVEYORS, VALUERS AND ESTATE AGENTS LIMITED",active,ltd,1976-12-20,Estate House,821 Hagley Road West,Quinton,B32 1AD,,"['68310', '68320']",SCRIVENANDCOAUCTIONEERSSURVEYORSVALUERSANDESTATEAGENTS,B32,SCRIVENANDCOAUCTIONEERSSURVEYORSVALUERSANDESTATEAGENTS|B32
SC638376,KINTYRE CONNECTIONS LIMITED,active,ltd,2019-08-09,107 Valleyfield Crescent,Ferniegair,Hamilton,ML3 7FJ,Scotland,['74909'],KINTYRECONNECTIONS,ML3,KINTYRECONNECTIONS|ML3
07253374,I2I ENTERPRISES LIMITED,active,ltd,2010-05-13,4th Floor 399-401 Strand,,London,WC2R 0LT,United Kingdom,['68209'],I2IENTERPRISES,WC2R,I2IENTERPRISES|WC2R
06832151,YELLOW 47 LIMITED,active,ltd,2009-02-27,Lennox House,3 Pierrepont Street,Bath,BA1 1LB,United Kingdom,['82990'],YELLOW47,BA1,YELLOW47|BA1
09573661,DEVON HOME & LIFE ORGANISERS LIMITED,active,ltd,2015-05-05,9 Lyte Lane,West Charleton,Kingsbridge,TQ7 2BW,United Kingdom,['41100'],DEVONHOMEANDLIFEORGANISERS,TQ7,DEVONHOMEANDLIFEORGANISERS|TQ7
11978192,KEY TO LET LTD,active,ltd,2019-05-03,52 Sheridan Road,,London,E12 6QX,England,['68310'],KEYTOLET,E12,KEYTOLET|E12
10528701,G&C OPERATIONS LTD,active,ltd,2016-12-16,1 Thornton Villas,Hampton Lane,Feltham,TW13 6NP,United Kingdom,['49410'],GANDCOPERATIONS,TW13,GANDCOPERATIONS|TW13
12293966,TECREA ANIMAL HEALTH LIMITED,active,ltd,2019-11-01,London Bioscience Innovation Centre,Royal College Street,London,NW1 0NH,England,['72110'],TECREAANIMALHEALTH,NW1,TECREAANIMALHEALTH|NW1
12598554,RDR PROPERTY INVESTMENTS LTD,active,ltd,2020-05-12,19/21 Swan Street,,West Malling,ME19 6JU,United Kingdom,['68209'],RDRPROPERTYINVESTMENTS,ME19,RDRPROPERTYINVESTMENTS|ME19
07628707,PETERSON-WILLIS PROPERTIES LTD,active,ltd,2011-05-10,Box Cottage Lower Lane,Kinsham,Tewkesbury,GL20 8HT,England,['68209'],PETERSONWILLISPROPERTIES,GL20,PETERSONWILLISPROPERTIES|GL20
13082747,HARADA HOMES LTD,active,ltd,2020-12-15,Plantation View The Vownog,Sychdyn,Mold,CH7 6EW,United Kingdom,"['41202', '68100', '68209']",HARADAHOMES,CH7,HARADAHOMES|CH7
09739023,GAS SMART HEATING & PLUMBING SERVICES LTD,active,ltd,2015-08-19,Turnpike House,1208-1210 London Road,Leigh On Sea,SS9 2UA,,['43220'],GASSMARTHEATINGANDPLUMBING,SS9,GASSMARTHEATINGANDPLUMBING|SS9
07822646,777 PLUMBING LIMITED,active,ltd,2011-10-25,1453 High Road,,London,N20 9PH,England,['43220'],777PLUMBING,N20,777PLUMBING|N20
02773512,RUPERT TAYLOR LIMITED,active,ltd,1992-12-14,The Courtyard Shoreham Road,Upper Beeding,Steyning,BN44 3TN,,"['01420', '01430', '70229', '71129']",RUPERTTAYLOR,BN44,RUPERTTAYLOR|BN44
NI645633,BONJOUR DEVELOPMENTS LTD,active,ltd,2017-05-08,23 Church View,Dunamanagh,Strabane,BT82 0PB,Northern Ireland,['41100'],BONJOURDEVELOPMENTS,BT82,BONJOURDEVELOPMENTS|BT82
SC393232,CENTRAL SCOTLAND MAINTENANCE LTD,active,ltd,2011-02-09,12 Lomond View,Earnock,Hamilton,ML3 9UZ,Scotland,['43999'],CENTRALSCOTLANDMAINTENANCE,ML3,CENTRALSCOTLANDMAINTENANCE|ML3
10334885,GEORGIANAUK SERVICES LTD,active,ltd,2016-08-18,14 The Moorings,,Bishop's Stortford,CM23 3DQ,United Kingdom,['86102'],GEORGIANAUK,CM23,GEORGIANAUK|CM23
03287112,BUILDING FUTURE DEVELOPMENTS LIMITED,active,ltd,1996-12-03,12 Victoria Road,,Barnsley,S70 2BB,England,['47990'],BUILDINGFUTUREDEVELOPMENTS,S70,BUILDINGFUTUREDEVELOPMENTS|S70
SC460508,CETACEAN WAVE LIMITED,active,ltd,2013-10-02,8 Arran View,Dunure,Ayr,KA7 4LP,Scotland,['74909'],CETACEANWAVE,KA7,CETACEANWAVE|KA7
12023080,GLOBAL PRIVATE EQUITY LIMITED,active,ltd,2019-05-29,Bank Chambers,St. Petersgate,Stockport,SK1 1AR,England,['70221'],GLOBALPRIVATEEQUITY,SK1,GLOBALPRIVATEEQUITY|SK1
12098568,MON CHER CAFE LTD,active,ltd,2019-07-11,116 Wellingborough Road,,Northampton,NN1 4DR,United Kingdom,['56102'],MONCHERCAFE,NN1,MONCHERCAFE|NN1
12200565,EVERWARME HEATING LIMITED,active,ltd,2019-09-11,Glebe Business Park,Lunts Heath Road,Widnes,WA8 5SQ,United Kingdom,['47990'],EVERWARMEHEATING,WA8,EVERWARMEHEATING|WA8
12315069,SEETRANG LTD,active,ltd,2019-11-14,50 Marine Parade,,Great Yarmouth,NR30 2EN,England,['56101'],SEETRANG,NR30,SEETRANG|NR30
11999390,JUPITER INTERIOR FITTING LIMITED,active,ltd,2019-05-16,Olive Cottage Jack Lane,Weston,Crewe,CW2 5LE,United Kingdom,['43290'],JUPITERINTERIORFITTING,CW2,JUPITERINTERIORFITTING|CW2
08382243,WHITE LAUREL LIMITED,active,ltd,2013-01-30,Edinburgh House,1-5 Bellevue Road,Clevedon,BS21 7NP,England,['62020'],WHITELAUREL,BS21,WHITELAUREL|BS21
12332400,CITYWYDE LIMITED,active,ltd,2019-11-25,65 Brimfield Road,,Purfleet,RM19 1RQ,England,['62030'],CITYWYDE,RM19,CITYWYDE|RM19
12003094,HMO PROPERTY INVEST LIMITED,active,ltd,2019-05-17,40 Upper Northgate Street,,Chester,CH1 4EF,England,['41100'],HMOPROPERTYINVEST,CH1,HMOPROPERTYINVEST|CH1
12026238,TB & TG LIMITED,active,ltd,2019-05-31,116 Duke Street,,Liverpool,L1 5JW,England,['56302'],TBANDTG,L1,TBANDTG|L1
12296274,UKKEN LIMITED,active,ltd,2019-11-04,7 Thomas Lane Street,,Coventry,CV6 7FE,England,['68209'],UKKEN,CV6,UKKEN|CV6
12050314,MUSCLE TARGET GYM LTD,active,ltd,2019-06-13,28 Wellington Road,,Dewsbury,WF13 1HL,England,['93130'],MUSCLETARGETGYM,WF13,MUSCLETARGETGYM|WF13
12009676,LXNG RVN LIMITED,active,ltd,2019-05-21,The Old Workshop,1 Ecclesall Road South,Sheffield,S11 9PA,England,['59200'],LXNGRVN,S11,LXNGRVN|S11
12004716,BVSYSTEMS LTD,active,ltd,2019-05-20,43 Manor Road,,Bournemouth,BH1 3HG,England,['81299'],BVSYSTEMS,BH1,BVSYSTEMS|BH1
11995478,FNS LEISURE GROUP LTD,active,ltd,2019-05-14,167-169 Great Portland Street,5th Floor,London,W1W 5PF,,['56302'],FNSLEISURE,W1W,FNSLEISURE|W1W
11998674,A G BELVEDERE PROPERTIES LTD,active,ltd,2019-05-16,5 St. Thomas Road,,Belvedere,DA17 6AG,England,['68100'],AGBELVEDEREPROPERTIES,DA17,AGBELVEDEREPROPERTIES|DA17
12168603,GH CARS LTD,active,ltd,2019-08-21,Unit 1 Spring Street Back Road,,Barnsley,S70 1EG,,"['45112', '45200', '47910']",GHCARS,S70,GHCARS|S70
12285658,L&JT LIMITED,active,ltd,2019-10-28,36 Abbey Meadows,,Morpeth,NE61 2YD,United Kingdom,['82990'],LANDJT,NE61,LANDJT|NE61
12019760,ACE RESOURCES LTD,active,ltd,2019-05-28,Office 4 Roebuck House 2-3 Cromwell Centre,Hainault Business Park,Ilford,IG6 3UT,England,['39000'],ACERESOURCES,IG6,ACERESOURCES|IG6
12213527,ACHOLI NATIONAL CONFERENCE LIMITED,active,ltd,2019-09-18,18 Upton Lane,,London,E7 9LN,England,['63990'],ACHOLINATIONALCONFERENCE,E7,ACHOLINATIONALCONFERENCE|E7
12009275,ADCOM GRANT LIMITED,active,ltd,2019-05-21,Corner Chambers,590a Kingsbury Road,Birmingham,B24 9ND,United Kingdom,['82110'],ADCOMGRANT,B24,ADCOMGRANT|B24
12017611,MBC280 ESTATES LIMITED,active,ltd,2019-05-25,10-11 Gray's Inn Square,,London,WC1R 5JD,England,"['68100', '68209', '68320']",MBC280ESTATES,WC1R,MBC280ESTATES|WC1R
12012993,LOCO TEXTILES LTD,active,ltd,2019-05-23,"The Office, Gothic House",Barker Gate,Nottingham,NG1 1JU,England,"['46410', '46420']",LOCOTEXTILES,NG1,LOCOTEXTILES|NG1
06580001,DESIGN DENIM LIMITED,active,ltd,2008-04-29,Villa Cross Pointe 243 Lozells Road,,Birmingham,B19 1RJ,England,"['46130', '46160']",DESIGNDENIM,B19,DESIGNDENIM|B19
12020036,DC SKILLS LTD,active,ltd,2019-05-28,26 Napier Road,,Wembley,HA0 4UA,England,['74909'],DCSKILLS,HA0,DCSKILLS|HA0
12098003,PROVISION ELECTRIC’S LTD,active,ltd,2019-07-11,Blackboys,Roses Lane,Windsor,SL4 4JU,England,"['43210', '61900']",PROVISIONELECTRICS,SL4,PROVISIONELECTRICS|SL4
12243865,PORTUGA LTD,active,ltd,2019-10-04,Flat 2 49 Marine Parade,,Great Yarmouth,NR30 2EJ,England,['53202'],PORTUGA,NR30,PORTUGA|NR30
11997718,PRESTINE PROFESSIONAL SERVICES LTD,active,ltd,2019-05-15,11997718 - COMPANIES HOUSE DEFAULT ADDRESS,,Cardiff,CF14 8LH,,"['78200', '81299', '85600']",PRESTINEPROFESSIONAL,CF14,PRESTINEPROFESSIONAL|CF14
12225279,J&B BUILDING SERVICES LIMITED,active,ltd,2019-09-24,21 Boulevard Avenue,,Grimsby,DN31 2JL,England,"['41201', '41202']",JANDBBUILDING,DN31,JANDBBUILDING|DN31
12066366,MATRIX MACHINERY SUPPLIES LTD,active,ltd,2019-06-24,12066366 - COMPANIES HOUSE DEFAULT ADDRESS,,Cardiff,CF14 8LH,,"['46140', '46190']",MATRIXMACHINERYSUPPLIES,CF14,MATRIXMACHINERYSUPPLIES|CF14
12229701,PHOTOGENE UK LTD,active,ltd,2019-09-26,923 Finchley Road,,Golders Green,NW11 7PE,United Kingdom,"['74202', '74209']",PHOTOGENE,NW11,PHOTOGENE|NW11
12845531,GURKHAS ENTERPRISES LIMITED,active,ltd,2020-08-31,3a High Street,,Ashford,TN24 8TH,England,['47110'],GURKHASENTERPRISES,TN24,GURKHASENTERPRISES|TN24
05880613,NEIL AUGHTON LIMITED,active,ltd,2006-07-19,3 Crostons Brow,Marshside,Southport,PR9 9QU,,['43220'],NEILAUGHTON,PR9,NEILAUGHTON|PR9
12014043,HAPPY FOOT LTD,active,ltd,2019-05-23,"Office 10, 15a Market Street",Oakengates,Telford,TF2 6EL,England,"['15200', '18129', '47721']",HAPPYFOOT,TF2,HAPPYFOOT|TF2
12034502,NIK INTERIORS LTD,active,ltd,2019-06-05,37 Macdonald Road,,London,E17 4AY,England,['43390'],NIKINTERIORS,E17,NIKINTERIORS|E17
08075384,REDBURN MECHANICAL SERVICES LTD,active,ltd,2012-05-18,24 Pemerton Road,,Winchester,SO22 6EU,,['43220'],REDBURNMECHANICAL,SO22,REDBURNMECHANICAL|SO22
12195976,PRODUCTS SOURCING LTD,active,ltd,2019-09-09,"Level 3, Redcar Beacon",Esplanade,Redcar,TS10 3AA,England,['47990'],PRODUCTSSOURCING,TS10,PRODUCTSSOURCING|TS10
12331907,TPM INTERNATIONAL LTD,active,ltd,2019-11-25,Unit10a- 2nd Floor - Domestos House,20-22 Mary Street,Manchester,M3 1DZ,England,"['46900', '47910']",TPM,M3,TPM|M3
12018278,MARIE BEAUTY LIMITED,active,ltd,2019-05-28,35 Princess Avenue,,Windsor,SL4 3LU,England,['96020'],MARIEBEAUTY,SL4,MARIEBEAUTY|SL4
12077632,INSIDE CONNECTIONS MOBILE LIMITED,active,ltd,2019-07-01,302 Queens Dock Business Centre,67-83 Norfolk Street,Liverpool,L1 0BG,England,['61900'],INSIDECONNECTIONSMOBILE,L1,INSIDECONNECTIONSMOBILE|L1
12242490,BITSECURE LTD,active,ltd,2019-10-03,Courtyard Business Ctr,Southwold Drive,Nottingham,NG8 1PA,England,"['62012', '62020', '63110', '63120']",BITSECURE,NG8,BITSECURE|NG8
12299333,PROFESSIONAL STOVE INSTALLATIONS LTD,active,ltd,2019-11-05,71 Wilton Drive,West Monkseaton,Whitley Bay,NE25 9NX,,['43290'],PROFESSIONALSTOVEINSTALLATIONS,NE25,PROFESSIONALSTOVEINSTALLATIONS|NE25
12043054,SAGE BISTRO LIMITED,active,ltd,2019-06-11,28 Lawrence Road,,London,N15 4EG,,['56101'],SAGEBISTRO,N15,SAGEBISTRO|N15
09220681,INNOVATION DEVELOPMENT (PROJECTS) LIMITED,active,ltd,2014-09-16,45-49 Greek Street,,Stockport,SK3 8AX,,['70229'],INNOVATIONDEVELOPMENTPROJECTS,SK3,INNOVATIONDEVELOPMENTPROJECTS|SK3
12001965,CWTCH DESIGNS LTD,active,ltd,2019-05-17,81 Treowen Road,Newbridge,Newport,NP11 3DP,Wales,['74100'],CWTCHDESIGNS,NP11,CWTCHDESIGNS|NP11
12325682,ELLY'S CUISINE LTD,active,ltd,2019-11-20,27 Pannier Place,Downs Barn,Milton Keynes,MK14 7QJ,United Kingdom,['56101'],ELLYSCUISINE,MK14,ELLYSCUISINE|MK14
12241885,DMC RESIDENTIAL PROJECTS LTD,active,ltd,2019-10-03,30-32 Gildredge Road,,Eastbourne,BN21 4SH,United Kingdom,['41100'],DMCRESIDENTIALPROJECTS,BN21,DMCRESIDENTIALPROJECTS|BN21
04749464,PROBROD ESTATES LIMITED,active,ltd,2003-04-30,C/O Rpgcc,40 Gracechurch Street,London,EC3V 0BT,England,['96090'],PROBRODESTATES,EC3V,PROBRODESTATES|EC3V
12013160,GOODNEWS PROPERTY DEVELOPMENT LTD,active,ltd,2019-05-23,50 Southampton Way,,London,SE5 7TT,England,['68310'],GOODNEWSPROPERTYDEVELOPMENT,SE5,GOODNEWSPROPERTYDEVELOPMENT|SE5
12017695,WILKINSON CONSTRUCTION LIMITED,active,ltd,2019-05-25,99 Aylesbury Road,Aston Clinton,Aylesbury,HP22 5AJ,England,['41100'],WILKINSONCONSTRUCTION,HP22,WILKINSONCONSTRUCTION|HP22
12142282,CASTLE RICH (UK) LIMITED,active,ltd,2019-08-06,"Ground Floor, Finchale House",Belmont Business Park,Durham,DH1 1TW,England,['68209'],CASTLERICHUK,DH1,CASTLERICHUK|DH1
12250009,PREVNT LIMITED,active,ltd,2019-10-08,154 Leicester Road Oadby,,Leicester,LE2 4AA,United Kingdom,"['63120', '74909']",PREVNT,LE2,PREVNT|LE2
12304712,MERLINPUB LTD,active,ltd,2019-11-08,Collingwood House,Church Square,Hartlepool,TS24 7EN,England,['56302'],MERLINPUB,TS24,MERLINPUB|TS24
NI072400,HEFFRON'S BAR LTD,active,ltd,2009-04-21,Dawson Nangle Tumelty,33b Church Street,Antrim,BT41 4BE,,['56302'],HEFFRONSBAR,BT41,HEFFRONSBAR|BT41
12297662,RGS TRADERS LTD,active,ltd,2019-11-04,Newpoint House,56 Windsor Avenue,London,SW19 2RR,England,"['46770', '46900']",RGSTRADERS,SW19,RGSTRADERS|SW19
11995835,AT TRADING (MCR) LTD,active,ltd,2019-05-14,11995835 - COMPANIES HOUSE DEFAULT ADDRESS,,Cardiff,CF14 8LH,,['46390'],ATTRADINGMCR,CF14,ATTRADINGMCR|CF14
12070225,RATED SQUARE LTD,active,ltd,2019-06-26,4 Belford Street,,Burnley,BB12 0DF,England,['47910'],RATEDSQUARE,BB12,RATEDSQUARE|BB12
12132732,VILLAGE DRY CLEANING AND LAUNDRY LTD,active,ltd,2019-08-01,10 Ridgway,,London,SW19 4QN,England,['96010'],VILLAGEDRYCLEANINGANDLAUNDRY,SW19,VILLAGEDRYCLEANINGANDLAUNDRY|SW19
12006263,"K,S,K GROUP LTD",active,ltd,2019-05-20,23 Chapel Road,,Warlingham,CR6 9LH,United Kingdom,['41100'],KSK,CR6,KSK|CR6
12021035,BUD GREMLIN LTD,active,ltd,2019-05-29,4 Willow Park,,Denby,DE5 8RE,United Kingdom,['96090'],BUDGREMLIN,DE5,BUDGREMLIN|DE5
12326630,CONTINENTAL BUSINESS AND SERVICES LTD,active,ltd,2019-11-21,30 Lonsdale Road,,Nottingham,NG7 3DU,England,['81299'],CONTINENTALBUSINESSAND,NG7,CONTINENTALBUSINESSAND|NG7
12094676,VOLTIGEUR DEVELOPMENT MANAGEMENT LIMITED,active,ltd,2019-07-10,Upper Deck,Portsmouth Road,Thames Ditton,KT7 0XA,United Kingdom,['41100'],VOLTIGEURDEVELOPMENTMANAGEMENT,KT7,VOLTIGEURDEVELOPMENTMANAGEMENT|KT7
12237185,HOT CURRY LTD,active,ltd,2019-10-01,4&4a London Road,,Wickford,SS12 0AN,England,['56101'],HOTCURRY,SS12,HOTCURRY|SS12
12151585,SCRIBE (NORFOLK) LTD,active,ltd,2019-08-12,11 Stratton Close,,Swaffham,PE37 7TJ,England,['85200'],SCRIBENORFOLK,PE37,SCRIBENORFOLK|PE37
12017374,SHARPR BUILD LTD,active,ltd,2019-05-24,3 Fleetwood Way,,Watford,WD19 6NB,England,"['41201', '41202', '43320']",SHARPRBUILD,WD19,SHARPRBUILD|WD19
11993461,CROSS KEYS LLANTRISANT LIMITED,active,ltd,2019-05-13,Trinder House Free Street,Bishops Waltham,Southampton,SO32 1EE,England,['56302'],CROSSKEYSLLANTRISANT,SO32,CROSSKEYSLLANTRISANT|SO32
12305350,AUGAN DELIVERY LIMITED,active,ltd,2019-11-08,10 A Regent Street,Haslingden,Rossendale,BB4 5HQ,England,['52290'],AUGANDELIVERY,BB4,AUGANDELIVERY|BB4
12332552,SWISS COTTAGE DRY CLEANING LTD,active,ltd,2019-11-25,11 Fairhazel Gardens,,London,NW6 3QE,England,['96010'],SWISSCOTTAGEDRYCLEANING,NW6,SWISSCOTTAGEDRYCLEANING|NW6
12114125,TPS DRIVER HIRE LTD,active,ltd,2019-07-20,Unit 10 Silver End Business Park,Brettell Lane,Brierley Hill,DY5 3LG,England,['49410'],TPSDRIVERHIRE,DY5,TPSDRIVERHIRE|DY5
12042485,RP CONTRACTING LIMITED,active,ltd,2019-06-10,5 Moelyn Mews,,Harrow,HA1 2RD,United Kingdom,['66290'],RPCONTRACTING,HA1,RPCONTRACTING|HA1
12166752,HAMPSHIRE COURT LTD,active,ltd,2019-08-21,371 Bordesley Green,,Birmingham,B9 5RP,England,"['68100', '98000']",HAMPSHIRECOURT,B9,HAMPSHIRECOURT|B9
12181895,DOM'S SQUAD LTD,active,ltd,2019-08-30,96 Stag Lane,,Edgware,HA8 5LW,England,"['41201', '41202']",DOMSSQUAD,HA8,DOMSSQUAD|HA8
12187309,PRO SCAFFOLDING ACCESS MIDLANDS LTD,active,ltd,2019-09-03,98 Cot Lane,,Kingswinford,DY6 9TY,England,['43991'],PROSCAFFOLDINGACCESSMIDLANDS,DY6,PROSCAFFOLDINGACCESSMIDLANDS|DY6
12002953,RIFCO PROPERTY SERVICES LTD,active,ltd,2019-05-17,9 Vermont Place,Tongwell,Milton Keynes,MK15 8JA,England,"['68209', '68320', '81100', '82990']",RIFCOPROPERTY,MK15,RIFCOPROPERTY|MK15
12229502,ACTION INVEST LTD,active,ltd,2019-09-26,20-22 Wenlock Road,,London,N1 7GU,England,['68310'],ACTIONINVEST,N1,ACTIONINVEST|N1
12000709,GE-AN SPEED LIMITED,active,ltd,2019-05-16,74 Odessa Road,,London,E7 9BN,England,['49410'],GEANSPEED,E7,GEANSPEED|E7
12303619,BUDDHA EXPRESS LTD,active,ltd,2019-11-07,203 West Street,,Fareham,PO16 0EN,,['56101'],BUDDHAEXPRESS,PO16,BUDDHAEXPRESS|PO16
11995893,MHPMS INC. LIMITED,active,ltd,2019-05-14,22 Stockton Road,,Edmonton,N18 2BA,United Kingdom,['68320'],MHPMSINC,N18,MHPMSINC|N18
12064135,STEELE TRADING CORPORATION LTD,active,ltd,2019-06-21,3 Quilter Close,,Luton,LU3 2LL,England,"['49410', '49420']",STEELETRADINGCORPORATION,LU3,STEELETRADINGCORPORATION|LU3
12191365,CHARLOTTE TOMS LONDON LTD,active,ltd,2019-09-05,124 Cleveland Street,,London,W1T 6PG,United Kingdom,['96020'],CHARLOTTETOMSLONDON,W1T,CHARLOTTETOMSLONDON|W1T
12239192,VOLTSANDWATTS LTD,active,ltd,2019-10-02,23 Bridport Road,,Dorchester,DT1 2NG,England,['74901'],VOLTSANDWATTS,DT1,VOLTSANDWATTS|DT1
11577456,ADDERSTONE (208) LIMITED,active,ltd,2018-09-19,"Nelson House The Fleming, Burdon Terrace",Jesmond,Newcastle Upon Tyne,NE2 3AE,United Kingdom,"['68100', '68209']",ADDERSTONE208,NE2,ADDERSTONE208|NE2
12006171,10 BELOW LIMITED,active,ltd,2019-05-20,74 Bute Street,,Treorchy,CF42 6AH,Wales,['47290'],10BELOW,CF42,10BELOW|CF42
12066646,LONDON ACCOMMODATIONS & SERVICES LTD,active,ltd,2019-06-24,596 Edgware Road,,London,W2 2RB,England,['68209'],LONDONACCOMMODATIONSAND,W2,LONDONACCOMMODATIONSAND|W2
12040203,TOC (HODDESDON) LIMITED,active,ltd,2019-06-10,114 Colindale Avenue Colindale,,London,NW9 5GX,United Kingdom,['56101'],TOCHODDESDON,NW9,TOCHODDESDON|NW9
12014147,VC2 LIMITED,active,ltd,2019-05-23,2 Leman Street,,London,E1W 9US,United Kingdom,['82990'],VC2,E1W,VC2|E1W
12019962,VERSATILE SEATING LTD,active,ltd,2019-05-28,1a Kingsburys Lane,,Ringwood,BH24 1EL,England,['31090'],VERSATILESEATING,BH24,VERSATILESEATING|BH24
12020456,FIT PERFECT LTD,active,ltd,2019-05-28,20 Wavell Road,,Southampton,SO18 4SA,England,"['46720', '53202', '77110', '78200']",FITPERFECT,SO18,FITPERFECT|SO18
12017442,SMART REPAIR CAR CLINIC LTD,active,ltd,2019-05-24,Unit 15 Tal Y Sarn,Tremarl Industrial Estate,Llandudno Junction,LL31 9PW,Wales,['45200'],SMARTREPAIRCARCLINIC,LL31,SMARTREPAIRCARCLINIC|LL31
12009458,REBECCA IVAN LTD,active,ltd,2019-05-21,35 Fairlop Road,,London,E11 1BH,England,['41202'],REBECCAIVAN,E11,REBECCAIVAN|E11
12017418,CONCORD HOUSING GROUP LTD,active,ltd,2019-05-24,220 Warwick Road,Sparkhill,Birmingham,B11 2NB,England,['68100'],CONCORDHOUSING,B11,CONCORDHOUSING|B11
12156330,ORCHARD LIVING LTD,active,ltd,2019-08-14,106 Lonsdale Street,,Bradford,BD3 0AP,England,['55100'],ORCHARDLIVING,BD3,ORCHARDLIVING|BD3
12221474,SIGNATURE GROUP NE LIMITED,active,ltd,2019-09-23,2 West Denton Way,,Newcastle Upon Tyne,NE5 2QZ,England,['84250'],SIGNATUREGROUPNE,NE5,SIGNATUREGROUPNE|NE5
12123411,COLES CATERING LTD,active,ltd,2019-07-26,11 Felcourt Drive,,Shrewsbury,SY3 5LB,United Kingdom,"['56210', '56290']",COLESCATERING,SY3,COLESCATERING|SY3
11992623,J.E.L TRANSPORTATION LTD,active,ltd,2019-05-13,5 Copper Beech Close,Much Hoole,Preston,PR4 4GF,United Kingdom,['49410'],JELTRANSPORTATION,PR4,JELTRANSPORTATION|PR4
12018482,CROSSFIRE GROUP LIMITED,active,ltd,2019-05-28,Mansley Business Centre Timothys Bridge Road,Stratford Enterprise Park,Stratford-Upon-Avon,CV37 9NQ,England,['84250'],CROSSFIRE,CV37,CROSSFIRE|CV37
12007217,DV KEYS LTD,active,ltd,2019-05-20,4 Rectory Road,,Stanford-Le-Hope,SS17 0DL,England,['45200'],DVKEYS,SS17,DVKEYS|SS17
12201809,ESSENTIALLY COFFEE LTD,active,ltd,2019-09-11,6-8 Freeman Street,,Grimsby,DN32 7AA,England,['10832'],ESSENTIALLYCOFFEE,DN32,ESSENTIALLYCOFFEE|DN32
11996581,BLUE MORPHO CONSULTING LTD,active,ltd,2019-05-15,First Floor,44 High Street,Newport Pagnell,MK16 8AQ,,['82990'],BLUEMORPHOCONSULTING,MK16,BLUEMORPHOCONSULTING|MK16
12027490,DEEKEV HEALTHCARE LIMITED,active,ltd,2019-05-31,12 Cippenham Lane,,Sough,SL1 5BS,England,['82990'],DEEKEVHEALTHCARE,SL1,DEEKEVHEALTHCARE|SL1
12022955,FRENCH UNITY LTD,active,ltd,2019-05-29,Flat 7 49 Semilong Road,,Northampton,NN2 6BT,England,"['61900', '62020', '62090']",FRENCHUNITY,NN2,FRENCHUNITY|NN2
12020212,SHIKARA WHITLEY LIMITED,active,ltd,2019-05-28,Adam's Building,West Road,Newcastle Upon Tyne,NE4 9PT,England,['56101'],SHIKARAWHITLEY,NE4,SHIKARAWHITLEY|NE4
12137199,CLEAR VIEW ROOFING LTD,active,ltd,2019-08-02,32 The Crescent,,Spalding,PE11 1AF,England,['41202'],CLEARVIEWROOFING,PE11,CLEARVIEWROOFING|PE11
12258410,SHEPHERD PROPERTY SOURCING LTD,active,ltd,2019-10-12,102 Garrard House Garrard Street,,Reading,RG1 1NR,England,['68310'],SHEPHERDPROPERTYSOURCING,RG1,SHEPHERDPROPERTYSOURCING|RG1
12261072,PRESTIGE HOMES HAYLING ISLAND LTD,active,ltd,2019-10-14,71-75 Shelton Street,,London,WC2H 9JQ,United Kingdom,['41202'],PRESTIGEHOMESHAYLINGISLAND,WC2H,PRESTIGEHOMESHAYLINGISLAND|WC2H
12107459,KALAA COURIERS LIMITED,active,ltd,2019-07-17,6-8 Freeman Street,,Grimsby,DN32 7AA,England,['82990'],KALAACOURIERS,DN32,KALAACOURIERS|DN32
11995765,V R GERMAN AUTO SALES LTD,active,ltd,2019-05-14,301 Rooley Lane,,Bradford,BD5 8LE,England,['45112'],VRGERMANAUTOSALES,BD5,VRGERMANAUTOSALES|BD5
12240318,CHELSEA CLUBS LIMITED,active,ltd,2019-10-02,2 Leman Street,,London,E1W 9US,United Kingdom,['82990'],CHELSEACLUBS,E1W,CHELSEACLUBS|E1W
12017545,HOUSE CLEARANCE CAERPHILLY LIMITED,active,ltd,2019-05-24,107 Lansbury Avenue,Cefn Hengoed,Hengoed,CF82 7HB,Wales,['79110'],HOUSECLEARANCECAERPHILLY,CF82,HOUSECLEARANCECAERPHILLY|CF82
11997327,SMART HEATHROW PARKING LTD,active,ltd,2019-05-15,56 Ribblesdale Avenue,,Northolt,UB5 4NQ,United Kingdom,"['45112', '49390']",SMARTHEATHROWPARKING,UB5,SMARTHEATHROWPARKING|UB5
12001570,OLJAG LTD,active,ltd,2019-05-17,1 College Street,,St. Albans,AL3 4PW,England,['85510'],OLJAG,AL3,OLJAG|AL3
12003448,LORNA K LTD,active,ltd,2019-05-17,16 Nicoll Circus,,London,NW7 1FW,England,"['86102', '87100', '87300', '87900']",LORNAK,NW7,LORNAK|NW7
12008243,MAHDI GROUP LTD,active,ltd,2019-05-21,4 Capricorn Centre,Cranes Farm Road,Basildon,SS14 3JJ,,['62012'],MAHDI,SS14,MAHDI|SS14
12278388,WYSTERIA BEAUTY LIMITED,active,ltd,2019-10-23,Units 1 & 2 Pilkington Court,George Street,Chorley,PR7 2BE,England,['96020'],WYSTERIABEAUTY,PR7,WYSTERIABEAUTY|PR7
12041735,JK UPHOLSTERY LTD,active,ltd,2019-06-10,Flat 6 208 Barrack Road,,Christchurch,BH23 2BQ,England,['95240'],JKUPHOLSTERY,BH23,JKUPHOLSTERY|BH23
12013809,WN NETWORKS LTD,active,ltd,2019-05-23,68 Holgate Road,,Sheffield,S5 9LG,United Kingdom,['43210'],WNNETWORKS,S5,WNNETWORKS|S5
10153671,N & W INVESTMENTS LIMITED,active,ltd,2016-04-28,2 Minster Court,Mincing Lane,London,EC3R 7PD,United Kingdom,['82990'],NANDWINVESTMENTS,EC3R,NANDWINVESTMENTS|EC3R
12004545,PETCON LIMITED,active,ltd,2019-05-20,36 Lathom Road,East Ham,London,E6 2DX,England,['81221'],PETCON,E6,PETCON|E6
12028732,DREAMZ TALENT MANAGEMENT LIMITED,active,ltd,2019-06-03,13 The Boltons,,Waterlooville,PO7 5QR,England,"['60200', '78101']",DREAMZTALENTMANAGEMENT,PO7,DREAMZTALENTMANAGEMENT|PO7
12199092,AGENT ELITES LTD,active,ltd,2019-09-10,137 Pycroft Way,,London,N9 9XX,England,"['46370', '46410', '46450', '70229']",AGENTELITES,N9,AGENTELITES|N9
12020374,PNP60 LIMITED,active,ltd,2019-05-28,25 White House Drive,,Stanmore,HA7 4NQ,England,['62020'],PNP60,HA7,PNP60|HA7
12101073,SOS HAIR LTD,active,ltd,2019-07-12,19 Southchurch Road,,Southend-On-Sea,SS1 2NG,England,['96020'],SOSHAIR,SS1,SOSHAIR|SS1
12251860,BOULEVARD MARKETING LTD,active,ltd,2019-10-09,12a Marlborough Place,,Brighton,BN1 1WN,England,['73110'],BOULEVARDMARKETING,BN1,BOULEVARDMARKETING|BN1
12075176,VARLEY INTERNATIONAL HOLDINGS LIMITED,active,ltd,2019-06-28,101 New Cavendish Street,1st Floor South,London,W1W 6XH,United Kingdom,['64209'],VARLEY,W1W,VARLEY|W1W
09033522,AMPG 2 LTD,active,ltd,2014-05-12,Donic House Wike Ridge Lane,Slaid Hill,Leeds,LS17 9JE,England,['52219'],AMPG2,LS17,AMPG2|LS17
08755535,ACORN UK YORKSHIRE LTD,active,ltd,2013-10-31,2 North Queen Street,,Keighley,BD21 3DL,England,['35140'],ACORNUKYORKSHIRE,BD21,ACORNUKYORKSHIRE|BD21
10836028,SLR CARE LIMITED,active,ltd,2017-06-26,27 Vantage Meadow,,Northampton,NN3 5EJ,England,['86900'],SLRCARE,NN3,SLRCARE|NN3
01640829,VERGEVIEW LIMITED,active,ltd,1982-06-03,Maple Lodge,Standen Close,Felbridge,RH19 2RL,,['68100'],VERGEVIEW,RH19,VERGEVIEW|RH19
02161522,LEWIS REDGRAVE INVESTMENTS LIMITED,active,ltd,1987-09-04,48 King Street,"King,S Lynn",Norfolk,PE30 1HE,,['68209'],LEWISREDGRAVEINVESTMENTS,PE30,LEWISREDGRAVEINVESTMENTS|PE30
SC303728,LANDCO FOUR LIMITED,active,ltd,2006-06-12,1st Floor,183 St. Vincent Street,Glasgow,G2 5QD,,['39000'],LANDCOFOUR,G2,LANDCOFOUR|G2
03540721,LUCY FAITHFULL FOUNDATION TRADING LIMITED,active,ltd,1998-04-03,2 Birch House Harris Business Park,Hanbury Road,Stoke Prior,B60 4DJ,England,['99999'],LUCYFAITHFULLFOUNDATIONTRADING,B60,LUCYFAITHFULLFOUNDATIONTRADING|B60
10317189,ZUBRA CONSTRUCTION LTD,active,ltd,2016-08-08,84 Ashurst Drive,,Ilford,IG2 6SB,United Kingdom,['41100'],ZUBRACONSTRUCTION,IG2,ZUBRACONSTRUCTION|IG2
NI638335,KLUBFUNDER LIMITED,active,ltd,2016-05-09,Unit 1 Sperrin View Business Park,,Maghera,BT46 5LT,Northern Ireland,['82990'],KLUBFUNDER,BT46,KLUBFUNDER|BT46
11354503,EGIS BUSINESS CONSULTING LTD,active,ltd,2018-05-10,94 Botwell Common Road,,Hayes,UB3 1JD,,['84240'],EGISBUSINESSCONSULTING,UB3,EGISBUSINESSCONSULTING|UB3
SC302776,LANDCO FIVE LIMITED,active,ltd,2006-05-23,1st Floor,183 St. Vincent Street,Glasgow,G2 5QD,,['39000'],LANDCOFIVE,G2,LANDCOFIVE|G2
SC218825,TOTAL TEMP LIMITED,active,ltd,2001-05-03,32 Quarry Drive,,Kirkintilloch,G66 3RZ,Scotland,['52219'],TOTALTEMP,G66,TOTALTEMP|G66
11804301,HHS ELECTRICAL LIMITED,active,ltd,2019-02-04,102 Newthorpe Common,Newthorpe,Nottingham,NG16 2EH,England,['43210'],HHSELECTRICAL,NG16,HHSELECTRICAL|NG16
NI629817,BALLYHANNON DEVELOPMENTS LTD,active,ltd,2015-03-06,31 Church Street,,Dromore,BT25 1AA,United Kingdom,['41100'],BALLYHANNONDEVELOPMENTS,BT25,BALLYHANNONDEVELOPMENTS|BT25
12099832,ADDERSTONE (212) LIMITED,active,ltd,2019-07-12,"Nelson House The Fleming, Burdon Terrace",Jesmond,Newcastle Upon Tyne,NE2 3AE,England,"['68100', '68209']",ADDERSTONE212,NE2,ADDERSTONE212|NE2
02592331,GOLD BROS. LIMITED,active,ltd,1991-03-18,336a Regents Park Road,Finchley,London,N3 2LN,,['25930'],GOLDBROS,N3,GOLDBROS|N3
11642985,DSV AIR & SEA 2018 (UK) LIMITED,active,ltd,2018-10-25,Scandinavia House Refinery Road,Parkeston,Harwich,CO12 4QG,England,['52290'],DSVAIRANDSEA2018UK,CO12,DSVAIRANDSEA2018UK|CO12
11588309,ADDERSTONE (209) LIMITED,active,ltd,2018-09-25,"Nelson House The Fleming, Burdon Terrace",Jesmond,Newcastle Upon Tyne,NE2 3AE,United Kingdom,"['68100', '68209']",ADDERSTONE209,NE2,ADDERSTONE209|NE2
NI054978,FRANCES STREET SERVICE STATION LIMITED,active,ltd,2005-04-28,,107-117 Frances Street,Newtownards,BT23 7DX,,['47300'],FRANCESSTREETSERVICESTATION,BT23,FRANCESSTREETSERVICESTATION|BT23
07707662,THE FULL HOUSE FOR FAMILIES LTD,active,ltd,2011-07-18,Flat 49 Clarewood Court,Seymour Place,London,W1H 2NN,England,"['62090', '70229', '73200']",THEFULLHOUSEFORFAMILIES,W1H,THEFULLHOUSEFORFAMILIES|W1H
12808478,STEPHEN PARKINSON CONSULTING LTD,active,ltd,2020-08-12,264 Manchester Road,,Warrington,WA1 3RB,England,['62020'],STEPHENPARKINSONCONSULTING,WA1,STEPHENPARKINSONCONSULTING|WA1
04424839,G2 SPEECH UK LIMITED,active,ltd,2002-04-25,202 Coppergate House 007d 10 Whites Row,202 Coppergate House,London,E1 7NF,England,['62090'],G2SPEECH,E1,G2SPEECH|E1
08779406,CLW PROPERTIES LIMITED,active,ltd,2013-11-18,Granary House The Street,Tuddenham,Ipswich,IP6 9BT,England,['41100'],CLWPROPERTIES,IP6,CLWPROPERTIES|IP6
11504523,DOCTORS IN BUSINESS LTD,active,ltd,2018-08-07,Ams Accountants Medical Limited Floor 2,9 Portland Street,Manchester,M1 3BE,United Kingdom,"['73110', '86900']",DOCTORSINBUSINESS,M1,DOCTORSINBUSINESS|M1
07622483,IT INFRASTRUCTURE CONSULTANTS LTD,active,ltd,2011-05-05,6 Haley Street,,Manchester,M8 0PR,,['62020'],ITINFRASTRUCTURECONSULTANTS,M8,ITINFRASTRUCTURECONSULTANTS|M8
11996628,RLG-INNOVATIONS LIMITED,active,ltd,2019-05-15,Office 3 Ashby House,105 Ashby Road,Loughborough,LE11 3AB,United Kingdom,['30990'],RLGINNOVATIONS,LE11,RLGINNOVATIONS|LE11
05180629,NUCLEUS COMPLETE BUSINESS ADVICE LIMITED,active,ltd,2004-07-15,17 Hall Lane,Kirkburton,Huddersfield,HD8 0QW,England,['70229'],NUCLEUSCOMPLETEBUSINESSADVICE,HD8,NUCLEUSCOMPLETEBUSINESSADVICE|HD8
11608921,PROPERTYNUMBERTEN LIMITED,active,ltd,2018-10-08,"1st Floor, Units 3 & 4 Cranmere Court Lustleigh Close",Matford Business Park,Exeter,EX2 8PW,United Kingdom,['68209'],PROPERTYNUMBERTEN,EX2,PROPERTYNUMBERTEN|EX2
12894398,ION BUILDING LTD,active,ltd,2020-09-21,16 Clements Road,,London,E6 2DE,England,"['30110', '41201', '41202']",IONBUILDING,E6,IONBUILDING|E6
09018582,ABBEYSTONE FREEHOLD INVESTMENT LIMITED,active,ltd,2014-04-30,Maulak Chambers The Centre,High Street,Halstead,CO9 2AJ,England,['68320'],ABBEYSTONEFREEHOLDINVESTMENT,CO9,ABBEYSTONEFREEHOLDINVESTMENT|CO9
12444842,PLATINUM CAR CLUB LTD,active,ltd,2020-02-05,9 Albert Road,,Dagenham,RM8 1LR,England,['77110'],PLATINUMCARCLUB,RM8,PLATINUMCARCLUB|RM8
06035444,LOUISE T. BLOUIN FOUNDATION TRADING LIMITED,active,ltd,2006-12-21,Crown House,72 Hammersmith Road,London,W14 8TH,England,"['56102', '68209']",LOUISETBLOUINFOUNDATIONTRADING,W14,LOUISETBLOUINFOUNDATIONTRADING|W14
12443729,BRIDGE BBQ LIMITED,active,ltd,2020-02-05,8 North Circular Road,,London,N13 6BG,England,['56102'],BRIDGEBBQ,N13,BRIDGEBBQ|N13
12475168,OM FOODS EXTINCT LTD,active,ltd,2020-02-20,Tng Operations - Regus Fast Track House,Pearson Way,Thornaby,TS17 6PT,United Kingdom,['10890'],OMFOODSEXTINCT,TS17,OMFOODSEXTINCT|TS17
12340934,RESIDENTIAL LEWISHAM LTD,active,ltd,2019-11-29,Romer House 132 Lewisham High Street,,London,SE13 6EE,England,['68310'],RESIDENTIALLEWISHAM,SE13,RESIDENTIALLEWISHAM|SE13
10141297,G&L SCIENTIFIC LTD,active,ltd,2016-04-22,The Old Barrel Store Brewery Courtyard,Draymans Lane,Marlow,SL7 2FF,United Kingdom,"['78200', '78300']",GANDLSCIENTIFIC,SL7,GANDLSCIENTIFIC|SL7
12442652,DCWORKS LIMITED,active,ltd,2020-02-04,Unit 331-332 Hartlebury Trading Estate,Hartlebury,Kidderminster,DY10 4JB,England,['74100'],DCWORKS,DY10,DCWORKS|DY10
08527854,OMAR KHAN SURGICAL SERVICES LIMITED,active,ltd,2013-05-14,8 Manor Park Church Road,Great Barton,Bury St. Edmunds,IP31 2QR,England,['86220'],OMARKHANSURGICAL,IP31,OMARKHANSURGICAL|IP31
09573379,MON BUILDERS LIMITED,active,ltd,2015-05-05,7 Park Road,,Colwyn Bay,LL29 7UG,Wales,['41202'],MONBUILDERS,LL29,MONBUILDERS|LL29
10758368,BB'S SALON LIMITED,active,ltd,2017-05-08,Laurel Cottage,High Street,Welford On Avon,CV37 8EF,United Kingdom,['96020'],BBSSALON,CV37,BBSSALON|CV37
12563916,KABOKY LTD,active,ltd,2020-04-20,3 Chapel Street,,Hyde,SK14 1LF,,"['46140', '66220', '70229', '79110']",KABOKY,SK14,KABOKY|SK14
12453759,RED RING CONSTRUCTION LTD,active,ltd,2020-02-10,5 Howards Wood Drive,,Gerrards Cross,SL9 7HR,England,['41100'],REDRINGCONSTRUCTION,SL9,REDRINGCONSTRUCTION|SL9
12458955,LEGEND HOLDINGS LIMITED,active,ltd,2020-02-12,122 North Street,,Keighley,BD21 4AL,England,['68209'],LEGEND,BD21,LEGEND|BD21
12383054,TASTE STORY LIMITED,active,ltd,2020-01-02,256b Queensbridge Road,,London,E8 3NB,England,['56290'],TASTESTORY,E8,TASTESTORY|E8
12360654,THECULTIVATION LIMITED,active,ltd,2019-12-12,5 Ruddington Close,5 Ruddington Close,London,E5 0SR,United Kingdom,['73200'],THECULTIVATION,E5,THECULTIVATION|E5
12414469,ZEROCODE SOFTWARE LIMITED,active,ltd,2020-01-20,34b York Way,,London,N1 9AB,England,['62012'],ZEROCODESOFTWARE,N1,ZEROCODESOFTWARE|N1
12463457,LITTLEAQUA CAMBRIDGESHIRE LIMITED,active,ltd,2020-02-14,16 Bardolph Way,Alconbury Weald,Huntingdon,PE28 4BP,England,['85510'],LITTLEAQUACAMBRIDGESHIRE,PE28,LITTLEAQUACAMBRIDGESHIRE|PE28
12589379,EATBEAUTY LIMITED,active,ltd,2020-05-06,242 Court Lane,,Birmingham,B23 5RH,England,"['10520', '10890', '96020']",EATBEAUTY,B23,EATBEAUTY|B23
NI644434,SJS DISTRIBUTION LIMITED,active,ltd,2017-03-09,25 Clones Road,,Newtownbutler,BT92 6SB,United Kingdom,['46499'],SJSDISTRIBUTION,BT92,SJSDISTRIBUTION|BT92
12461098,PLUTO CREATIVE LABS LTD,active,ltd,2020-02-13,Flat 25 Seagull Lane,The Grainstore,London,E16 1AZ,England,['73120'],PLUTOCREATIVELABS,E16,PLUTOCREATIVELABS|E16
12338555,PMT CONTRACTING LIMITED,active,ltd,2019-11-28,37 Mcdermott Close,,London,SW11 2LY,England,"['62020', '68209', '82990', '94110']",PMTCONTRACTING,SW11,PMTCONTRACTING|SW11
NI628801,FOREGLEN DEVELOPMENTS LIMITED,active,ltd,2015-01-20,Diamond Centre 630 Baranailt Road,Claudy,Londonderry,BT47 4EA,United Kingdom,['41202'],FOREGLENDEVELOPMENTS,BT47,FOREGLENDEVELOPMENTS|BT47
12152548,JAGATI LIMITED,active,ltd,2019-08-12,9 Lyndhurst Close,,Croydon,CR0 5LU,United Kingdom,"['68100', '68209', '68320']",JAGATI,CR0,JAGATI|CR0
11030492,NEW LAND OPTIONS LIMITED,active,ltd,2017-10-25,"C/O Ayling Ware Ltd, 48",Spelthorne Lane,Ashford,TW15 1UJ,England,"['45112', '45200', '68100']",NEWLANDOPTIONS,TW15,NEWLANDOPTIONS|TW15
SC355425,CAREVIEW HOMES LIMITED,active,ltd,2009-02-23,68 Mill Street,,Alloa,FK10 1DY,Scotland,['86900'],CAREVIEWHOMES,FK10,CAREVIEWHOMES|FK10
SC444530,COLART PFP (GP) LIMITED,active,ltd,2013-03-07,17 Viewfield Road,,Ayr,KA8 8HJ,,['74909'],COLARTPFPGP,KA8,COLARTPFPGP|KA8
10454831,LAST MINUTE DOT COM SAP TRAINERS LTD,active,ltd,2016-11-01,"C/O Ayling Ware Ltd, 48",Spelthorne Lane,Ashford,TW15 1UJ,England,['82990'],LASTMINUTEDOTCOMSAPTRAINERS,TW15,LASTMINUTEDOTCOMSAPTRAINERS|TW15
SC342355,CP 24 INSTALLATIONS LIMITED,active,ltd,2008-05-06,7 Agnew Grove,,Bellshill,ML4 3NE,,['43220'],CP24INSTALLATIONS,ML4,CP24INSTALLATIONS|ML4
12966358,CANDOR PROPERTY LTD,active,ltd,2020-10-21,"15a, Tiger Court Kings Business Park",Knowsley,Liverpool,L34 1BH,United Kingdom,['68310'],CANDORPROPERTY,L34,CANDORPROPERTY|L34
01637975,PEARLGATE PROPERTY MANAGEMENT LIMITED,active,ltd,1982-05-25,9 Beechwood Close,,Hertford,SG13 7HW,England,['98000'],PEARLGATEPROPERTYMANAGEMENT,SG13,PEARLGATEPROPERTYMANAGEMENT|SG13
07890149,HARDY NELSON LTD,active,ltd,2011-12-22,"C/O Ayling Ware Ltd, 48",Spelthorne Lane,Ashford,TW15 1UJ,England,['74909'],HARDYNELSON,TW15,HARDYNELSON|TW15
10578844,EASTVIEW INVESTMENTS LIMITED,active,ltd,2017-01-23,53 Rodney Street,,Liverpool,L1 9ER,England,['68100'],EASTVIEWINVESTMENTS,L1,EASTVIEWINVESTMENTS|L1
12063746,CAMDEN RETRO DREAM LTD,active,ltd,2019-06-21,Unit 74 Papyrus Road,,Peterborough,PE4 5BH,England,['47789'],CAMDENRETRODREAM,PE4,CAMDENRETRODREAM|PE4
07786777,GIBSON GIRL (UK) LTD,active,ltd,2011-09-26,15 Woodland Heights,,Newport,TF10 7NF,England,['90010'],GIBSONGIRLUK,TF10,GIBSONGIRLUK|TF10
08133192,ARCHVIEW PROPERTIES LIMITED,active,ltd,2012-07-06,Docklands Business Centre Suite 12/3d,"10-16 Tiller Road, Docklands",London,E14 8PX,England,['41202'],ARCHVIEWPROPERTIES,E14,ARCHVIEWPROPERTIES|E14
07350686,SPORTDOCLONDON LIMITED,active,ltd,2010-08-19,4th Floor Fitzrovia House,153-157 Cleveland Street,London,W1T 6QW,,['86210'],SPORTDOCLONDON,W1T,SPORTDOCLONDON|W1T
11966675,KL NAILS & SPA LIMITED,active,ltd,2019-04-29,Unit 3 Ibex House 2 Leytonstone Road,Stratford,London,E15 1SE,United Kingdom,['96020'],KLNAILSANDSPA,E15,KLNAILSANDSPA|E15
06221901,ACCOUNTING & LICENCE SOLUTIONS LIMITED,active,ltd,2007-04-23,1 Cricklade Court Cricklade Street,Old Town,Swindon,SN1 3EY,,"['62020', '69202']",ACCOUNTINGANDLICENCESOLUTIONS,SN1,ACCOUNTINGANDLICENCESOLUTIONS|SN1
06986208,COCKERTON GREEN DEVELOPMENTS LTD,active,ltd,2009-08-10,"Unit 14 Halegrove Court, Cygnet Drive",,Stockton-On-Tees,TS18 3DB,,['68100'],COCKERTONGREENDEVELOPMENTS,TS18,COCKERTONGREENDEVELOPMENTS|TS18
11351269,CHRIS SMART LIMITED,active,ltd,2018-05-09,4 Elgar Close,,Clevedon,BS21 5BS,United Kingdom,['43330'],CHRISSMART,BS21,CHRISSMART|BS21
11579423,TECHLAWYER CONSULTANCY LIMITED,active,ltd,2018-09-20,22 Groveside Court Lombard Road,,London,SW11 3RQ,England,['70229'],TECHLAWYERCONSULTANCY,SW11,TECHLAWYERCONSULTANCY|SW11
11406349,TEAWISHES LTD,active,ltd,2018-06-08,223 Camrose Avenue,,Edgware,HA8 6AJ,England,['56102'],TEAWISHES,HA8,TEAWISHES|HA8
11362523,KARLENA LIMITED,active,ltd,2018-05-15,"Suite 17, Barnfield House Sandpits Lane",Accrington Road,Blackburn,BB1 3NY,,['56302'],KARLENA,BB1,KARLENA|BB1
11324972,PROEDYL LTD,active,ltd,2018-04-24,3 Grange Road,,Grays,RM17 6RE,England,['43390'],PROEDYL,RM17,PROEDYL|RM17
11349460,ATC VISION UK LTD,active,ltd,2018-05-08,74 Woodgrange Road,,London,E7 0EN,England,['49390'],ATCVISION,E7,ATCVISION|E7
11381093,KARKINGS LTD,active,ltd,2018-05-24,1a Kingsburys Lane,,Ringwood,BH24 1EL,England,['45112'],KARKINGS,BH24,KARKINGS|BH24
12926627,SJ SUPERSTORE LTD,active,ltd,2020-10-04,14 Crosslands Avenue,,Southall,UB2 5QY,England,['47110'],SJSUPERSTORE,UB2,SJSUPERSTORE|UB2
11413386,CODFATHER HOUSE LTD,active,ltd,2018-06-13,52 King Street,Darlaston,Wednesbury,WS10 8DE,United Kingdom,['56103'],CODFATHERHOUSE,WS10,CODFATHERHOUSE|WS10
11355110,CANDY BUNNIES LIMITED,active,ltd,2018-05-10,2 Burgess Way,,Norwich,NR15 1JY,England,['96090'],CANDYBUNNIES,NR15,CANDYBUNNIES|NR15
11341834,ALLIANCE MORTGAGES LTD,active,ltd,2018-05-02,Diamond House Office 6 & 7 20a Vaux Road,Finedon Road Industrial Estate,Wellingborough,NN8 4TG,England,['64922'],ALLIANCEMORTGAGES,NN8,ALLIANCEMORTGAGES|NN8
11443543,FENCO LIMITED,active,ltd,2018-07-02,Alexander House,60-61 Tenby Street North,Birmingham,B1 3EG,England,['82990'],FENCO,B1,FENCO|B1
11497001,JBE SEARCH LIMITED,active,ltd,2018-08-02,C/O Azets Burnham Yard,London End,Beaconsfield,HP9 2JH,United Kingdom,['78109'],JBESEARCH,HP9,JBESEARCH|HP9
11532237,NATIONWIDE EVENT MEDICAL SERVICES (NEMS) LIMITED,active,ltd,2018-08-22,55 Coot Way,,Stoke Bardolph,NG14 5JP,United Kingdom,['85590'],NATIONWIDEEVENTMEDICALSERVICESNEMS,NG14,NATIONWIDEEVENTMEDICALSERVICESNEMS|NG14
11549170,DEREK MURRAY FORMWORK LTD,active,ltd,2018-09-03,Flat 6 36 Sefton Park Road,,Bristol,BS7 9AJ,England,['42990'],DEREKMURRAYFORMWORK,BS7,DEREKMURRAYFORMWORK|BS7
11323619,R&D JOL INVESTMENTS LIMITED,active,ltd,2018-04-23,5 Daleside,,Gerrards Cross,SL9 7JF,England,['64301'],RANDDJOLINVESTMENTS,SL9,RANDDJOLINVESTMENTS|SL9
11380678,RUBBA DUCKIES SWIM SCHOOL LIMITED,active,ltd,2018-05-24,10 Fort Road,,Guildford,GU1 3TD,England,['85510'],RUBBADUCKIESSWIMSCHOOL,GU1,RUBBADUCKIESSWIMSCHOOL|GU1
11450771,L J NAILS & BEAUTY LIMITED,active,ltd,2018-07-05,10 High Street,,Kidlington,OX5 2DH,England,['96020'],LJNAILSANDBEAUTY,OX5,LJNAILSANDBEAUTY|OX5
11465498,IMPERIAL ARTIST MANAGEMENT LTD,active,ltd,2018-07-16,2 Frederick Street,Kings Cross,London,WC1X 0ND,United Kingdom,"['41100', '41202', '59200']",IMPERIALARTISTMANAGEMENT,WC1X,IMPERIALARTISTMANAGEMENT|WC1X
11462174,GSP BRICKWORK LTD,active,ltd,2018-07-12,6-8 Freeman Street,,Grimsby,DN32 7AA,England,['41202'],GSPBRICKWORK,DN32,GSPBRICKWORK|DN32
11559049,UK S K FOOD & WINE LIMITED,active,ltd,2018-09-07,15 15 Elmcroft Gardens,Kingsbury,Kingsbury,NW9 9QP,England,['47110'],UKSKFOODANDWINE,NW9,UKSKFOODANDWINE|NW9
11464308,SDCY SERVICES LIMITED,active,ltd,2018-07-13,137 Gilbourne Road,,London,SE18 2NX,United Kingdom,"['86900', '87200']",SDCY,SE18,SDCY|SE18
11316163,FABULOUS HOME FURNISHINGS LTD,active,ltd,2018-04-18,1c Augusta Road East,Moseley,Birmingham,B13 8AJ,United Kingdom,['47910'],FABULOUSHOMEFURNISHINGS,B13,FABULOUSHOMEFURNISHINGS|B13
11344781,SF TRADING ONLINE LTD,active,ltd,2018-05-03,Unit 7 Sherwood Network Centre,Sherwood Energy Village,Ollerton,NG22 9FD,England,"['47910', '52103']",SFTRADINGONLINE,NG22,SFTRADINGONLINE|NG22
11470044,CONSTANTDOTCO LIMITED,active,ltd,2018-07-18,3rd Floor 86-90 Paul Street,,London,EC2A 4NE,,['62012'],CONSTANTDOTCO,EC2A,CONSTANTDOTCO|EC2A
11350980,SUMMER TRADING POOLE LIMITED,active,ltd,2018-05-09,23a Worthington Crescent,23a,Poole,BH14 8BW,United Kingdom,['56101'],SUMMERTRADINGPOOLE,BH14,SUMMERTRADINGPOOLE|BH14
11382677,YAHAM UK LTD,active,ltd,2018-05-25,First Floor Suite,2 Hillside Business Park,Bury St Edmunds,IP32 7EA,United Kingdom,['47990'],YAHAM,IP32,YAHAM|IP32
11347264,DS&T LIMITED,active,ltd,2018-05-04,12 Cherry Hinton Close,Ebbsfleet Valley,Dartford,DA10 1FW,United Kingdom,['62020'],DSANDT,DA10,DSANDT|DA10
11326323,TINCEY CONSULTING LTD,active,ltd,2018-04-24,53 Granville Place,,London,N12 0AX,England,['62020'],TINCEYCONSULTING,N12,TINCEYCONSULTING|N12
11320410,FIRST CHOICE FOR HOME IMPROVEMENTS LIMITED,active,ltd,2018-04-20,9a Birkdale Avenue,,Birmingham,B29 6UB,England,['43390'],FIRSTCHOICEFORHOMEIMPROVEMENTS,B29,FIRSTCHOICEFORHOMEIMPROVEMENTS|B29
11344133,APPLE AND ORCHID LTD,active,ltd,2018-05-03,92 Wimborne Ave,,Middlesex,UB4 0HH,England,['47760'],APPLEANDORCHID,UB4,APPLEANDORCHID|UB4
11411029,M&M CARS (HUDDS) LTD,active,ltd,2018-06-12,124 City Road,,London,EC1V 2NX,England,['45112'],MANDMCARSHUDDS,EC1V,MANDMCARSHUDDS|EC1V
11461823,GWRH LTD,active,ltd,2018-07-12,48 - 52 Penny Lane Mossley Hill,,Liverpool,L18 1DG,United Kingdom,['56302'],GWRH,L18,GWRH|L18
11365822,WILSHER INSPECTION LTD,active,ltd,2018-05-16,35 Toddington Drive Toddington Drive,,Stockton-On-Tees,TS20 1RQ,United Kingdom,['09100'],WILSHERINSPECTION,TS20,WILSHERINSPECTION|TS20
11372443,AARUSHI FASHION HUB LIMITED,active,ltd,2018-05-21,24 Brackley Close,,Leicester,LE4 9BH,England,['13990'],AARUSHIFASHIONHUB,LE4,AARUSHIFASHIONHUB|LE4
11390438,MAYPORT LIMITED,active,ltd,2018-05-31,14 Sandhill Lawns Sandhill Lane,,Leeds,LS17 6TT,England,['96090'],MAYPORT,LS17,MAYPORT|LS17
11310806,AJ GROUP OF COMPANIES LTD,active,ltd,2018-04-16,1 Kings Avenue,,London,N21 3NA,United Kingdom,['64209'],AJGROUPOFCOMPANIES,N21,AJGROUPOFCOMPANIES|N21
11414102,DP LACZ LTD,active,ltd,2018-06-13,2a Luther Street,,Leicester,LE3 0QG,United Kingdom,['82990'],DPLACZ,LE3,DPLACZ|LE3
11415320,SECURACAR LTD,active,ltd,2018-06-14,5a Church Road South,Woolton Village,Liverpool,L25 7RJ,England,['45320'],SECURACAR,L25,SECURACAR|L25
11379337,PLAN CARE SOLUTIONS LIMITED,active,ltd,2018-05-24,Apartment 8 Benedict Court,Gowthorpe,Selby,YO8 4EY,England,['87100'],PLANCARESOLUTIONS,YO8,PLANCARESOLUTIONS|YO8
11317052,SONNING CARS LTD,active,ltd,2018-04-18,The Beeches Bath Road,Sonning On Thames,Reading,RG4 6TB,United Kingdom,['45112'],SONNINGCARS,RG4,SONNINGCARS|RG4
11317160,DENDROBIUM ADVANCED TECHNOLOGIES LIMITED,active,ltd,2018-04-18,2 Toomers Wharf,Canal Walk,Newbury,RG14 1DY,England,['96090'],DENDROBIUMADVANCEDTECHNOLOGIES,RG14,DENDROBIUMADVANCEDTECHNOLOGIES|RG14
11323395,LEGACY SPORTS INTERNATIONAL LTD,active,ltd,2018-04-23,47 Bellflower Lodge 63 Gubbins Lane,Harold Wood,Romford,RM3 0NQ,England,['79909'],LEGACYSPORTS,RM3,LEGACYSPORTS|RM3
11369627,ASSURED DIRECT LTD,active,ltd,2018-05-18,7 Bell Yard,,London,WC2A 2JR,England,['82990'],ASSUREDDIRECT,WC2A,ASSUREDDIRECT|WC2A
11379542,ADL GENERAL HAULAGE LIMITED,active,ltd,2018-05-24,70 Gladstone Street,Desborough,Kettering,NN14 2QT,England,['49410'],ADLGENERALHAULAGE,NN14,ADLGENERALHAULAGE|NN14
11335682,NORTHFIELD RENTS LIMITED,active,ltd,2018-04-30,Northfield Stonehill,Hatfield Woodhouse,Doncaster,DN7 6NP,United Kingdom,"['41201', '41202', '43120', '68209']",NORTHFIELDRENTS,DN7,NORTHFIELDRENTS|DN7
11447321,DE FOUNTAIN CHILDCARE LIMITED,active,ltd,2018-07-04,44-45 Windmill Street,,Gravesend,DA12 1BA,,['85100'],DEFOUNTAINCHILDCARE,DA12,DEFOUNTAINCHILDCARE|DA12
11315178,TDL CONVENIENCE LTD,active,ltd,2018-04-17,18 Trapwood,,Close,WA10 5NQ,England,['47190'],TDLCONVENIENCE,WA10,TDLCONVENIENCE|WA10
11379871,LS FIRE SAFETY LIMITED,active,ltd,2018-05-24,456 D Upper Richmond Road,,London,SW15 5RQ,England,['84250'],LSFIRESAFETY,SW15,LSFIRESAFETY|SW15
10304362,RVL SERVICES LTD,active,ltd,2016-08-01,1 Welkin Green,,Hemel Hempstead,HP2 4XE,England,['82990'],RVL,HP2,RVL|HP2
11576643,SJS REPAIRS LTD,active,ltd,2018-09-19,21 Seaford Road,,Enfield,EN1 1NS,United Kingdom,['43390'],SJSREPAIRS,EN1,SJSREPAIRS|EN1
11379794,SHM SECURITIES LIMITED,active,ltd,2018-05-24,23-27 King Street,,Luton,LU1 2DW,England,['96090'],SHMSECURITIES,LU1,SHMSECURITIES|LU1
11359029,TRILOGY GAS AND POWER LTD,active,ltd,2018-05-14,2 St. Edmunds Road,,Gateshead,NE8 4AX,,"['35130', '35140', '35220', '35230']",TRILOGYGASANDPOWER,NE8,TRILOGYGASANDPOWER|NE8
11377425,MUMMY FOOD LIMITED,active,ltd,2018-05-23,21 London Road,,Hastings,TN37 6AJ,United Kingdom,['56103'],MUMMYFOOD,TN37,MUMMYFOOD|TN37
11319927,EQUICOBS LIMITED,active,ltd,2018-04-19,3 High Street,Birstall,Batley,WF17 9ES,England,"['47510', '47640', '47990']",EQUICOBS,WF17,EQUICOBS|WF17
11581762,DRIVEIT GLOBAL LTD,active,ltd,2018-09-21,14 Rochester Avenue,,Feltham,TW13 4EA,England,['62030'],DRIVEITGLOBAL,TW13,DRIVEITGLOBAL|TW13
11586401,BUILD FIX PAINT LTD,active,ltd,2018-09-25,336 Carr Road,,Northolt,UB5 4RW,England,['41202'],BUILDFIXPAINT,UB5,BUILDFIXPAINT|UB5
11315735,AJC CARS LTD,active,ltd,2018-04-18,Stormy Petrel Chester Road,Tern Hill,Market Drayton,TF9 3QD,England,"['45112', '45190']",AJCCARS,TF9,AJCCARS|TF9
11311659,SVYTURYS LIMITED,active,ltd,2018-04-16,31a Market Place,,Boston,PE21 6EH,England,['56101'],SVYTURYS,PE21,SVYTURYS|PE21
11389254,NAGA PROPERTIES LTD,active,ltd,2018-05-30,41 Brettas Park,,Barnsley,S71 1XU,England,['68209'],NAGAPROPERTIES,S71,NAGAPROPERTIES|S71
10343164,LAB PLASTERING LIMITED,active,ltd,2016-08-23,56 Golf Road,,Deal,CT14 6QB,England,['43310'],LABPLASTERING,CT14,LABPLASTERING|CT14
11322384,ARJUN CONSTRUCTION LTD,active,ltd,2018-04-23,Crab Apple Way,Vale Park,Evesham,WR11 1GP,England,['41201'],ARJUNCONSTRUCTION,WR11,ARJUNCONSTRUCTION|WR11
11373106,OPULENCE MOTORS LTD,active,ltd,2018-05-21,Rushdown Crouch Lane,Goffs Oak,Waltham Cross,EN7 6TH,England,"['45200', '45320']",OPULENCEMOTORS,EN7,OPULENCEMOTORS|EN7
11462995,STONELEIGH RESTAURANT LTD,active,ltd,2018-07-13,481 London Road,North Cheam,Sutton,SM3 8JW,England,['56101'],STONELEIGHRESTAURANT,SM3,STONELEIGHRESTAURANT|SM3
11487800,ACORN FREIGHT SERVICES LTD,active,ltd,2018-07-27,90 Powell Street,,Wolverhampton,WV10 0BN,England,['49410'],ACORNFREIGHT,WV10,ACORNFREIGHT|WV10
11553298,HAZELWOOD JOINERY AND CONSERVATION LTD,active,ltd,2018-09-05,2 Billet Close,Coxheath,Maidstone,ME17 4TY,England,['43320'],HAZELWOODJOINERYANDCONSERVATION,ME17,HAZELWOODJOINERYANDCONSERVATION|ME17
11387140,LEX HOMES CAPITAL LIMITED,active,ltd,2018-05-29,Miller House,Rosslyn Crescent,Harrow,HA1 2RZ,United Kingdom,"['64301', '64304', '64306', '68100']",LEXHOMESCAPITAL,HA1,LEXHOMESCAPITAL|HA1
11408009,KATANA ORGANISATION LIMITED,active,ltd,2018-06-11,25a Park Square West,,Leeds,LS1 2PW,England,['82990'],KATANAORGANISATION,LS1,KATANAORGANISATION|LS1
11433934,FOR ANYTHING ART LTD,active,ltd,2018-06-26,27 Mortimer Street,,London,W1T 3BL,United Kingdom,['73120'],FORANYTHINGART,W1T,FORANYTHINGART|W1T
11337991,ALADDINS MEMBERS CLUB (ILFORD) LIMITED,active,ltd,2018-05-01,Global Link,Dunleavy Drive,Cardiff,CF11 0SN,Wales,['93290'],ALADDINSMEMBERSCLUBILFORD,CF11,ALADDINSMEMBERSCLUBILFORD|CF11
08660210,HARMAN & HUNTER ACCOUNTANTS AND BUSINESS ADVISERS LTD,active,ltd,2013-08-22,43a St Mary's Road,,Market Harborough,LE16 7DS,,['69201'],HARMANANDHUNTERACCOUNTANTSANDBUSINESSADVISERS,LE16,HARMANANDHUNTERACCOUNTANTSANDBUSINESSADVISERS|LE16
11388975,RUSTICA PIZZERIA LIMITED,active,ltd,2018-05-30,9 Cameron Road,,Croydon,CR0 2SR,England,['56103'],RUSTICAPIZZERIA,CR0,RUSTICAPIZZERIA|CR0
11580575,CRAKEN FOODS LTD,active,ltd,2018-09-20,4 Littler Avenue,,Manchester,M21 7WA,United Kingdom,['56103'],CRAKENFOODS,M21,CRAKENFOODS|M21
11457132,INDIAN BRENTWOOD SPICE LTD,active,ltd,2018-07-10,20 Hessel Street,,London,E1 2LP,England,"['56103', '56290']",INDIANBRENTWOODSPICE,E1,INDIANBRENTWOODSPICE|E1
11359891,B HIVE LEISURE LIMITED,active,ltd,2018-05-14,Riddings Farm,Longley Green,Suckley,WR6 5EF,England,['56302'],BHIVELEISURE,WR6,BHIVELEISURE|WR6
11390044,24 CAR CONCIERGE LTD,active,ltd,2018-05-31,28 Prothero Gardens,,London,NW4 3SL,England,['49390'],24CARCONCIERGE,NW4,24CARCONCIERGE|NW4
11343283,ATHUS LTD,active,ltd,2018-05-03,6 High Street,,Slough,SL1 1EE,England,"['47990', '82990']",ATHUS,SL1,ATHUS|SL1
11348042,PRANGLE & WREN CONSTRUCTION LTD,active,ltd,2018-05-07,33 33 Sunbeam Drive,Patterdown,Chippenham,SN15 2FR,United Kingdom,"['43320', '43330', '43390']",PRANGLEANDWRENCONSTRUCTION,SN15,PRANGLEANDWRENCONSTRUCTION|SN15
11382160,VIVA SUPPLY LTD,active,ltd,2018-05-25,967 Forest Road,,London,E17 4BP,United Kingdom,['47910'],VIVASUPPLY,E17,VIVASUPPLY|E17
11391120,FIRST DUCT WORKERS LTD,active,ltd,2018-05-31,1 Searles Drive,,Beckton,E6 6NE,England,['43220'],FIRSTDUCTWORKERS,E6,FIRSTDUCTWORKERS|E6
11352199,HWL 002 LIMITED,active,ltd,2018-05-09,Suite 13 Durham Tees Valley Business Centre,Orde Wingate Way,Stockton-On-Tees,TS19 0GD,England,['68209'],HWL002,TS19,HWL002|TS19
11461702,TANDOORI COTTAGE (LONDON) LIMITED,active,ltd,2018-07-12,Office 4 Prospect House,399 Hendon Way,London,NW4 3LH,England,['56101'],TANDOORICOTTAGELONDON,NW4,TANDOORICOTTAGELONDON|NW4
11564283,ABBEYGLEN (COULSDON) LTD,active,ltd,2018-09-11,22 Wilhelmina Avenue,,Coulsdon,CR5 1NH,England,['41100'],ABBEYGLENCOULSDON,CR5,ABBEYGLENCOULSDON|CR5
11378955,LONDON SCHOOL OF TRENDZ LIMITED,active,ltd,2018-05-23,Maruti House,"1st Floor, 369 Station Road",Harrow,HA1 2AW,United Kingdom,['85320'],LONDONSCHOOLOFTRENDZ,HA1,LONDONSCHOOLOFTRENDZ|HA1
11357763,AD PUB LEISURE LIMITED,active,ltd,2018-05-12,Starting Gate,West Dyke Road,Redcar,TS10 4PS,United Kingdom,['56302'],ADPUBLEISURE,TS10,ADPUBLEISURE|TS10
11377712,SMARTSERVE TECHNOLOGIES LTD,active,ltd,2018-05-23,86-90 Paul Street Paul Street,,London,EC2A 4NE,United Kingdom,"['61200', '62090']",SMARTSERVETECHNOLOGIES,EC2A,SMARTSERVETECHNOLOGIES|EC2A
11468417,VNTY UK LIMITED,active,ltd,2018-07-17,12 London Road,,Morden,SM4 5BQ,England,['86900'],VNTY,SM4,VNTY|SM4
11363404,HUSARIA LTD,active,ltd,2018-05-15,63 Gilmour Crescent,,Worcester,WR3 7PJ,England,"['47990', '49420']",HUSARIA,WR3,HUSARIA|WR3
11375674,EVENTS OF ELEGANCE LIMITED,active,ltd,2018-05-22,1 Gurneys Lane,Gurneys Lane,Droitwich,WR9 8EL,United Kingdom,['82301'],EVENTSOFELEGANCE,WR9,EVENTSOFELEGANCE|WR9
11378284,MZ RENTALS LIMITED,active,ltd,2018-05-23,Beaumont Accountancy Services 1st Floor Enterprise House,202-206 Linthorpe Road,Middlesbrough,TS1 3QW,United Kingdom,['96090'],MZRENTALS,TS1,MZRENTALS|TS1
11350155,THOMAS BALLARD CONSTRUCTION LTD,active,ltd,2018-05-08,84a St. Faiths Road,,Alcester,B49 6AQ,England,"['41100', '41202']",THOMASBALLARDCONSTRUCTION,B49,THOMASBALLARDCONSTRUCTION|B49
11351537,KIROJ LIMITED,active,ltd,2018-05-09,Flat 11 729-735 Christchurch Road,,Bournemouth,BH7 6AQ,England,['33150'],KIROJ,BH7,KIROJ|BH7
11582000,SPARKLE CONSULTANCY LTD,active,ltd,2018-09-21,124 City Road,,London,EC1V 2NX,,['70229'],SPARKLECONSULTANCY,EC1V,SPARKLECONSULTANCY|EC1V
11459202,LEATHERHEAD (T) HAIRDRESSING LIMITED,active,ltd,2018-07-11,Berkeley House,Amery Street,Alton,GU34 1HN,England,['96020'],LEATHERHEADTHAIRDRESSING,GU34,LEATHERHEADTHAIRDRESSING|GU34
11486350,NK&B COMPANY LIMITED,active,ltd,2018-07-26,48 Europa Avenue,,West Bromwich,B70 6TU,United Kingdom,"['52290', '87200']",NKANDBCOMPANY,B70,NKANDBCOMPANY|B70
11381911,GOLDEN LABOUR LIMITED,active,ltd,2018-05-24,912b Alum Rock Road,,Birmingham,B8 2LU,England,['69201'],GOLDENLABOUR,B8,GOLDENLABOUR|B8
11367960,INTRIDA LIMITED,active,ltd,2018-05-17,St John's Innovation Centre,Cowley Road,Cambridge,CB4 0WS,England,"['58290', '62012']",INTRIDA,CB4,INTRIDA|CB4
11323762,AVIATION SOLUTIONS INTERNATIONAL (UK) LTD,active,ltd,2018-04-23,Beechfell Salterley Grange,Leckhampton Hill,Cheltenham,GL53 9QW,England,['82990'],AVIATIONSOLUTIONSINTERNATIONALUK,GL53,AVIATIONSOLUTIONSINTERNATIONALUK|GL53
11363419,FINANZA LONDON LTD,active,ltd,2018-05-15,30 Ash Tree Way,,Croydon,CR0 7SG,United Kingdom,['66220'],FINANZALONDON,CR0,FINANZALONDON|CR0
11432756,UK LUXURY VAPE LTD,active,ltd,2018-06-25,140 Church Street,,London,NW8 8EX,England,"['46350', '46520']",UKLUXURYVAPE,NW8,UKLUXURYVAPE|NW8
11466848,GTECH SELECTION LTD,active,ltd,2018-07-16,71 High Storrs Drive,,Sheffield,S11 7LN,England,"['78109', '78200']",GTECHSELECTION,S11,GTECHSELECTION|S11
11309264,AK EXPORTS LTD,active,ltd,2018-04-13,6 Rosewood Place,,Kettering,NN16 9PY,United Kingdom,['46900'],AKEXPORTS,NN16,AKEXPORTS|NN16
11337773,SHAPE YOUR FUTURE ONLINE LTD,active,ltd,2018-04-30,219 219 Providence Road,,Sheffield,S6 5BH,England,['70229'],SHAPEYOURFUTUREONLINE,S6,SHAPEYOURFUTUREONLINE|S6
11338180,CARDIFF TRANSPORT LTD,active,ltd,2018-05-01,175 Albany Road,,Cardiff,CF24 3NU,United Kingdom,['49320'],CARDIFFTRANSPORT,CF24,CARDIFFTRANSPORT|CF24
11312012,MK DART LIMITED,active,ltd,2018-04-16,2 Manor Farm Court Old Wolverton Road,Old Wolverton,Milton Keynes,MK12 5NN,United Kingdom,"['47540', '95220']",MKDART,MK12,MKDART|MK12
11359415,THE CURL CLINIC LTD,active,ltd,2018-05-14,40 Sholebroke Mount,,Leeds,LS7 3JG,United Kingdom,['96020'],THECURLCLINIC,LS7,THECURLCLINIC|LS7
11320227,HRH BUILDING CONTRACTORS LTD,active,ltd,2018-04-20,Unit 10 Newton Road,The Bell Centre,Crawley,RH10 9FZ,United Kingdom,"['43210', '43220', '43390', '43910']",HRHBUILDINGCONTRACTORS,RH10,HRHBUILDINGCONTRACTORS|RH10
11358305,OOPS INSURANCE SERVICES LIMITED,active,ltd,2018-05-12,10 Guildhall Street,,Grantham,NG31 6NJ,England,['66220'],OOPSINSURANCE,NG31,OOPSINSURANCE|NG31
11388524,JOE CRUISE LIMITED,active,ltd,2018-05-30,30 Harborough Road,,Northampton,NN2 7AZ,England,['42990'],JOECRUISE,NN2,JOECRUISE|NN2
11312736,T & F CATERING LIMITED,active,ltd,2018-04-17,29a Camden Road,,Tunbridge Wells,TN1 2PS,England,['99999'],TANDFCATERING,TN1,TANDFCATERING|TN1
11974109,FLAB HOUSE LTD,active,ltd,2019-05-01,1a Falmer Court,London Road,Uckfield,TN22 1HN,England,"['74203', '82990']",FLABHOUSE,TN22,FLABHOUSE|TN22
11371758,CMJ CONTRACTORS LIMITED,active,ltd,2018-05-21,28-30 Wilbraham Road,,Manchester,M14 7DW,England,['41201'],CMJCONTRACTORS,M14,CMJCONTRACTORS|M14
11331406,MORTOM LIMITED,active,ltd,2018-04-26,35 Stork Road,,London,E7 9HR,England,"['38320', '46720', '47290', '47520']",MORTOM,E7,MORTOM|E7
11381912,TOTAL FOOTBALL GROUP LTD,active,ltd,2018-05-24,Ground Floor,73 Liverpool Road,Crosby,L23 5SE,United Kingdom,['96090'],TOTALFOOTBALL,L23,TOTALFOOTBALL|L23
11448420,KEYAAN LOGISTICS LTD,active,ltd,2018-07-04,26 Bredbury Street,Chadderton,Oldham,OL9 8QW,,['96090'],KEYAANLOGISTICS,OL9,KEYAANLOGISTICS|OL9
11346812,MERSEY ELECTRICAL LTD,active,ltd,2018-05-04,Suite 304 C/O Venture Finance Management,"Suite 304, Cotton Exchange",Liverpool,L3 9LQ,United Kingdom,['43210'],MERSEYELECTRICAL,L3,MERSEYELECTRICAL|L3
11338351,COTE D'AZUR PROPERTY LIMITED,active,ltd,2018-05-01,"Flat 123, Free Trade Wharf",340 The Highway,London,E1W 3EU,England,['68100'],COTEDAZURPROPERTY,E1W,COTEDAZURPROPERTY|E1W
11365420,HAVILAND SIGNALLING LTD,active,ltd,2018-05-16,Unit 1 West Links Tollgate Business Park,Chandlers Ford,Southampton,SO53 3TG,England,['43999'],HAVILANDSIGNALLING,SO53,HAVILANDSIGNALLING|SO53
11379475,ART OF LONDON LTD,active,ltd,2018-05-24,248 Church Lane,,Kingsbury,NW9 8SL,England,['74100'],ARTOFLONDON,NW9,ARTOFLONDON|NW9
11487843,KINGMAKER RACEDAYS LIMITED,active,ltd,2018-07-27,8 Knowle Lane,,Darwen,BB3 0EG,England,['93191'],KINGMAKERRACEDAYS,BB3,KINGMAKERRACEDAYS|BB3
11309854,DENTFLEX LTD,active,ltd,2018-04-13,10 Park Plaza Battlefield Enterprise Park,,Shrewsbury,SY1 3AF,United Kingdom,['70100'],DENTFLEX,SY1,DENTFLEX|SY1
SC032630,GRAHAM MCGRATH LIMITED,active,ltd,1957-10-28,27-29 Eastgate,Peebles,Scottish Borders,EH45 8AB,,['47710'],GRAHAMMCGRATH,EH45,GRAHAMMCGRATH|EH45
11337549,FOICARE LIMITED,active,ltd,2018-04-30,3 Glendale Grove,,Wirral,CH63 9FP,,"['46690', '82990']",FOICARE,CH63,FOICARE|CH63
11342437,TOMLINSON TREES CONTRACTORS LIMITED,active,ltd,2018-05-02,40 Conway Road,,Paignton,TQ4 5LH,England,['02400'],TOMLINSONTREESCONTRACTORS,TQ4,TOMLINSONTREESCONTRACTORS|TQ4
NI643999,WILTSHIRE FABRICATION LTD,active,ltd,2017-02-17,28 Slatmore Road,,Clogher,BT76 0HQ,Northern Ireland,['33110'],WILTSHIREFABRICATION,BT76,WILTSHIREFABRICATION|BT76
04266272,PRESCOT PROPERTIES LIMITED,active,ltd,2001-08-07,173 College Road,,Liverpool,L23 3AT,England,['68209'],PRESCOTPROPERTIES,L23,PRESCOTPROPERTIES|L23
11686882,JIMMY JAMES COMPANIES UK LTD,active,ltd,2018-11-20,40 Castlebar Road,,London,W5 2DD,England,['73110'],JIMMYJAMESCOMPANIES,W5,JIMMYJAMESCOMPANIES|W5
04318831,MOORHOUSE PROPERTY INVESTMENTS LIMITED,active,ltd,2001-11-07,Elmfield South Road,Lympsham,Weston-Super-Mare,BS24 0DY,,"['41100', '41202', '68100', '68209']",MOORHOUSEPROPERTYINVESTMENTS,BS24,MOORHOUSEPROPERTYINVESTMENTS|BS24
09068458,WHISKYINVESTDIRECT LTD,active,ltd,2014-06-03,"7th Floor, 3 Shortlands Shortlands",,London,W6 8DA,England,['62090'],WHISKYINVESTDIRECT,W6,WHISKYINVESTDIRECT|W6
10180235,SAGACITI CONSULTING LTD,active,ltd,2016-05-13,Unit 4b Winford Business Park,Winford,Bristol,BS40 8HJ,United Kingdom,['70229'],SAGACITICONSULTING,BS40,SAGACITICONSULTING|BS40
10469692,MOTIONLOVE LIMITED,active,ltd,2016-11-08,Demsa Accounts 565 Green Lanes,Haringey,London,N8 0RL,England,"['62020', '96090']",MOTIONLOVE,N8,MOTIONLOVE|N8
06885283,A C L WINDOWS LIMITED,active,ltd,2009-04-23,1 Cricklade Court,Old Town,Swindon,SN1 3EY,,['43342'],ACLWINDOWS,SN1,ACLWINDOWS|SN1
11887600,DA VINCI HOLDINGS LIMITED,active,ltd,2019-03-18,1 The Village Offices,Westfield Ariel Way,London,W12 7GF,United Kingdom,['64209'],DAVINCI,W12,DAVINCI|W12
12817509,MIROXNICH CLOTHING LTD,active,ltd,2020-08-17,27 The Dashes,,Harlow,CM20 3RP,England,['47910'],MIROXNICHCLOTHING,CM20,MIROXNICHCLOTHING|CM20
04313493,COLIN SHARPE MECHANICAL SERVICES LIMITED,active,ltd,2001-10-30,59 Tenter Balk Lane,Adwick-Le-Street,Doncaster,DN6 7EE,,['43290'],COLINSHARPEMECHANICAL,DN6,COLINSHARPEMECHANICAL|DN6
11951060,BEECHHILL TRAVEL LIMITED,active,ltd,2019-04-17,1st Floor 8b Lonsdale Gardens,,Tunbridge Wells,TN1 1NU,United Kingdom,['79110'],BEECHHILLTRAVEL,TN1,BEECHHILLTRAVEL|TN1
08020771,TUFF GEAR LIMITED,active,ltd,2012-04-05,51 Lord Street,,Manchester,M3 1HE,,['47910'],TUFFGEAR,M3,TUFFGEAR|M3
12301799,BP ELECTRONICS YORKSHIRE LTD,active,ltd,2019-11-06,Unit 3 Bowling Park Close,,Bradford,BD4 7HG,England,['47910'],BPELECTRONICSYORKSHIRE,BD4,BPELECTRONICSYORKSHIRE|BD4
09750693,ULTIMATE CLIENTELE LIMITED,active,ltd,2015-08-26,82 James Carter Road,Mildenhall,Bury St. Edmunds,IP28 7DE,England,['70229'],ULTIMATECLIENTELE,IP28,ULTIMATECLIENTELE|IP28
08700039,BLOCKS ONLINE LIMITED,active,ltd,2013-09-20,79 College Road,,Harrow,HA1 1BD,England,['62012'],BLOCKSONLINE,HA1,BLOCKSONLINE|HA1
10179974,3C & J LTD,active,ltd,2016-05-13,26 The Green,Kings Norton,Birmingham,B38 8SD,United Kingdom,['47640'],3CANDJ,B38,3CANDJ|B38
02935660,OSBORN ASSOCIATES LIMITED,active,ltd,1994-06-06,South Barn,Crockham Park Crockham Hill,Edenbridge,TN8 6SR,,['71129'],OSBORNASSOCIATES,TN8,OSBORNASSOCIATES|TN8
05112664,QUINTAIN TECHNOLOGY SOLUTIONS LIMITED,active,ltd,2004-04-26,2nd Floor 168 Shoreditch High Street,,London,E1 6RA,United Kingdom,['62090'],QUINTAINTECHNOLOGYSOLUTIONS,E1,QUINTAINTECHNOLOGYSOLUTIONS|E1
10441664,JASP DEVELOPMENTS LTD,active,ltd,2016-10-24,1-2 Basford House Derby Road,,Heanor,DE75 7QL,England,['41100'],JASPDEVELOPMENTS,DE75,JASPDEVELOPMENTS|DE75
12060205,UNALAN BARBER SERVICES LTD,active,ltd,2019-06-19,17 Market Place,,Hexham,NE46 1XQ,England,['96020'],UNALANBARBER,NE46,UNALANBARBER|NE46
08640007,DYNAMO LED DISPLAYS LIMITED,active,ltd,2013-08-06,The White House Mill Road,Goring,Reading,RG8 9DD,England,['27400'],DYNAMOLEDDISPLAYS,RG8,DYNAMOLEDDISPLAYS|RG8
10434507,FDP DEVELOPMENT LTD,active,ltd,2016-10-18,17 Millpond Lane,Faygate,Horsham,RH12 0AQ,England,['41100'],FDPDEVELOPMENT,RH12,FDPDEVELOPMENT|RH12
09537466,ST GEORGES REHAB SERVICES LIMITED,active,ltd,2015-04-13,Haslam House,105 Chorley Old Road,Bolton,BL1 3AS,England,['86900'],STGEORGESREHAB,BL1,STGEORGESREHAB|BL1
10937728,SHERINGHAM CROFT MANAGEMENT LTD,active,ltd,2017-08-30,46 Holway Road,,Sheringham,NR26 8HR,United Kingdom,['70221'],SHERINGHAMCROFTMANAGEMENT,NR26,SHERINGHAMCROFTMANAGEMENT|NR26
04425004,AZTEC CONSULTANTS (GB) LIMITED,active,ltd,2002-04-25,12 High Street,,Stanford-Le-Hope,SS17 0EY,England,['70229'],AZTECCONSULTANTSGB,SS17,AZTECCONSULTANTSGB|SS17
SC239274,AC&H 159 LIMITED,active,ltd,2002-11-07,92 Silverknowes Eastway,,Edinburgh,EH4 5NE,Scotland,['74990'],ACANDH159,EH4,ACANDH159|EH4
06002783,MH (NO.4) GENERAL PARTNER LIMITED,active,ltd,2006-11-20,2nd Floor 168 Shoreditch High Street,,London,E1 6RA,United Kingdom,['68100'],MHNO4GENERALPARTNER,E1,MHNO4GENERALPARTNER|E1
12586457,MUMMA SUE'S LIMITED,active,ltd,2020-05-05,5 Minton Place,Victoria Road,Bicester,OX26 6QB,England,['56103'],MUMMASUES,OX26,MUMMASUES|OX26
03103808,WELMANAGE LTD.,active,ltd,1995-09-19,277 West End Lane,London,,NW6 1QS,,['68320'],WELMANAGE,NW6,WELMANAGE|NW6
02578341,WOOTTON STORES LIMITED,active,ltd,1991-01-30,Hordley,Wootton,Woodstock,OX20 1EP,,['47110'],WOOTTONSTORES,OX20,WOOTTONSTORES|OX20
03472499,ALL SEASONS FLOWERS LIMITED,active,ltd,1997-11-27,Falcon House,Central Way,Feltham,TW14 0UQ,England,['46220'],ALLSEASONSFLOWERS,TW14,ALLSEASONSFLOWERS|TW14
09226773,DANNEZ LTD,active,ltd,2014-09-19,1st Floor North Westgate House,The High,Harlow,CM20 1YS,England,['74909'],DANNEZ,CM20,DANNEZ|CM20
11018157,COSCIMA LTD.,active,ltd,2017-10-17,Mill Pool,Wargrave Road,Henley,RG9 3HY,England,['99999'],COSCIMA,RG9,COSCIMA|RG9
09762552,SANDCREST CONSULTING LIMITED,active,ltd,2015-09-04,The Dairy,Manor Courtyard,Aston Sandford,HP17 8JB,England,['70229'],SANDCRESTCONSULTING,HP17,SANDCRESTCONSULTING|HP17
03869864,LISCR (UK) LIMITED,active,ltd,1999-11-02,The Courtyard Shoreham Road,Upper Beeding,Steyning,BN44 3TN,United Kingdom,['99000'],LISCRUK,BN44,LISCRUK|BN44
06590794,ICJR CONSULTANCY LIMITED,active,ltd,2008-05-13,3 Selwood Way,,New Milton,BH25 7SY,,['70229'],ICJRCONSULTANCY,BH25,ICJRCONSULTANCY|BH25
06590119,MAGIC MEZZANINE FLOORS LTD.,active,ltd,2008-05-12,1 Tower House,Tower Centre,Hoddesdon,EN11 8UR,,['43330'],MAGICMEZZANINEFLOORS,EN11,MAGICMEZZANINEFLOORS|EN11
09049180,APEX ISS (HOLDINGS) LIMITED,active,ltd,2014-05-21,Regency Court,62-66 Deansgate,Manchester,M3 2EN,United Kingdom,['70100'],APEXISSHOLDINGS,M3,APEXISSHOLDINGS|M3
04762263,PAUL GURNEY COMMUNICATIONS LIMITED,active,ltd,2003-05-13,Unit 2 Lakeview Stables,Lower St Clere,Kemsing,TN15 6NL,,['74100'],PAULGURNEYCOMMUNICATIONS,TN15,PAULGURNEYCOMMUNICATIONS|TN15
11686324,HOPPER ANAESTHESIA LTD,active,ltd,2018-11-20,Rex Buildings,Alderley Road,Wilmslow,SK9 1HY,United Kingdom,['86220'],HOPPERANAESTHESIA,SK9,HOPPERANAESTHESIA|SK9
11596476,FLOYD JOINERY LIMITED,active,ltd,2018-10-01,10-12 Commercial Street,,Shipley,BD18 3SR,United Kingdom,['43320'],FLOYDJOINERY,BD18,FLOYDJOINERY|BD18
11193736,FARHAD BARBER LIMITED,active,ltd,2018-02-07,169 Elm Grove,,Southsea,PO5 1LU,United Kingdom,['96020'],FARHADBARBER,PO5,FARHADBARBER|PO5
08800582,RADHA KRISHNA AGS LTD,active,ltd,2013-12-03,Rex House,354 Ballards Lane,London,N12 0DD,England,"['41202', '43999', '69202', '70229']",RADHAKRISHNAAGS,N12,RADHAKRISHNAAGS|N12
07682728,J RUSSELL ENGINEERING LIMITED,active,ltd,2011-06-27,"22 22 Cribyn Close, Ingleby Barwick",Ingleby Barwick,Stockton On Tees,TS17 5EQ,England,['62020'],JRUSSELLENGINEERING,TS17,JRUSSELLENGINEERING|TS17
NI668156,PRO4MEDIA LTD,active,ltd,2020-03-04,"Office 6, Bramabley Business Center",38 Main Street,Richhill,BT61 9PW,Northern Ireland,['73120'],PRO4MEDIA,BT61,PRO4MEDIA|BT61
07238534,LOREGA SOLUTIONS LIMITED,active,ltd,2010-04-29,2 Minster Court,Mincing Lane,London,EC3R 7PD,England,['65120'],LOREGASOLUTIONS,EC3R,LOREGASOLUTIONS|EC3R
SC659373,OJ SOLICITORS LTD,active,ltd,2020-04-16,Lime Tree Business Centre,551 Sauchiehall Street,Glasgow,G3 7PQ,Scotland,['69102'],OJSOLICITORS,G3,OJSOLICITORS|G3
SC357017,SHARPER IMAGING LIMITED,active,ltd,2009-03-23,6 Market Buildings,,Stonehaven,AB39 2BY,,['47190'],SHARPERIMAGING,AB39,SHARPERIMAGING|AB39
10073888,THORNFIELD LIMITED,active,ltd,2016-03-21,47 Stonehouse Road,,Liphook,GU30 7DD,England,['68310'],THORNFIELD,GU30,THORNFIELD|GU30
09049633,VAPE2VAPE LTD,active,ltd,2014-05-21,09049633 - COMPANIES HOUSE DEFAULT ADDRESS,,Cardiff,CF14 8LH,,['46900'],VAPE2VAPE,CF14,VAPE2VAPE|CF14
11980683,CLIVE THOROGOOD BUILDING SURVEYING LIMITED,active,ltd,2019-05-07,Springfield Church Road,Havenstreet,Ryde,PO33 4DG,England,['74909'],CLIVETHOROGOODBUILDINGSURVEYING,PO33,CLIVETHOROGOODBUILDINGSURVEYING|PO33
SC648901,NORTHTECH SOLUTION1 LIMITED,active,ltd,2019-12-04,16 Duddingston Ave,,Edinburgh,EH15 1SJ,Scotland,['45200'],NORTHTECHSOLUTION1,EH15,NORTHTECHSOLUTION1|EH15
SC653134,OUTSCOTLAND LTD,active,ltd,2020-01-31,15 Queen Street,,Edinburgh,EH2 1JE,Scotland,['63990'],OUTSCOTLAND,EH2,OUTSCOTLAND|EH2
NI667091,PEERLESS HOMES LTD,active,ltd,2020-01-20,29 Tullagh Drive,,Cookstown,BT80 8ED,Northern Ireland,['41100'],PEERLESSHOMES,BT80,PEERLESSHOMES|BT80
SC203352,DEBI GLIORI LIMITED,active,ltd,2000-01-27,17 Letham Mains Holdings,Haddington,East Lothian,EH41 4NW,,['90030'],DEBIGLIORI,EH41,DEBIGLIORI|EH41
05780518,REAL INTERNATIONAL LIMITED,active,ltd,2006-04-13,125 Parkway,,London,NW1 7PS,England,['68310'],REAL,NW1,REAL|NW1
NI667159,A & K VAPE DISTRO LTD,active,ltd,2020-01-21,67 Holywood Road,,Belfast,BT4 3BA,Northern Ireland,['47260'],AANDKVAPEDISTRO,BT4,AANDKVAPEDISTRO|BT4
SC651307,HYFLEX REPAIR SERVICES LTD,active,ltd,2020-01-13,Oakfield House,376 - 378 Brandon Street,Motherwell,ML1 1XA,Scotland,['33190'],HYFLEXREPAIR,ML1,HYFLEXREPAIR|ML1
SC628596,MCKNOCKITER ENGINEERING LTD,active,ltd,2019-04-24,1 Catto Crescent,Cove Bay,Aberdeen,AB12 3PQ,Scotland,['71122'],MCKNOCKITERENGINEERING,AB12,MCKNOCKITERENGINEERING|AB12
09967043,PEPPER ENGINEERING LTD,active,ltd,2016-01-25,39 Camp View Road,,St. Albans,AL1 5LN,United Kingdom,"['33140', '35130', '42120']",PEPPERENGINEERING,AL1,PEPPERENGINEERING|AL1
SC593078,FMM RAIL LTD LTD,active,ltd,2018-04-03,11 Calderpark Gardens,Uddingston,Glasgow,G71 7RQ,United Kingdom,['42120'],FMMRAIL,G71,FMMRAIL|G71
SC558920,SOUTHSIDE BARBER ACADEMY LIMITED,active,ltd,2017-02-28,34 Minard Road,,Glasgow,G41 2HR,Scotland,['85590'],SOUTHSIDEBARBERACADEMY,G41,SOUTHSIDEBARBERACADEMY|G41
SC564792,HALES (SCOTLAND) LIMITED,active,ltd,2017-05-03,2j Second Avenue,Heatherhouse Industrial Estate,Irvine,KA12 8HL,Scotland,"['43210', '43220', '43320', '43330']",HALESSCOTLAND,KA12,HALESSCOTLAND|KA12
11399362,AHMED ALKAISY ESTATES LTD,active,ltd,2018-06-05,76a The Broadway,,Greenford,UB6 9QA,England,['77400'],AHMEDALKAISYESTATES,UB6,AHMEDALKAISYESTATES|UB6
SC426631,HS128367 LTD,active,ltd,2012-06-20,58 Long Lane,Broughty Ferry,Dundee,DD5 1HH,,['14132'],HS128367,DD5,HS128367|DD5
SC562402,OLIVE BOUGH LTD,active,ltd,2017-04-03,SC562402 - COMPANIES HOUSE DEFAULT ADDRESS,,Edinburgh,EH7 9HR,,['56103'],OLIVEBOUGH,EH7,OLIVEBOUGH|EH7
SC536558,J-R BROWN HIRE LTD,active,ltd,2016-05-27,Glendale Cottage Main Street,Kilsyth,Glasgow,G65 9QE,Scotland,['43120'],JRBROWNHIRE,G65,JRBROWNHIRE|G65
SC590091,MCKINNON ELECTRICAL LTD,active,ltd,2018-02-28,24 Great Southern Road,,Aberdeen,AB11 7XU,United Kingdom,['43210'],MCKINNONELECTRICAL,AB11,MCKINNONELECTRICAL|AB11
SC608638,AGB CONTRACTING LTD,active,ltd,2018-09-20,South Lodge,Castle Huntly,Longforgan,DD2 5JF,United Kingdom,['09100'],AGBCONTRACTING,DD2,AGBCONTRACTING|DD2
03249058,NINEVEH SHIPYARD MANAGEMENT LIMITED,active,ltd,1996-09-12,41a Beach Road,,Littlehampton,BN17 5JA,,['98000'],NINEVEHSHIPYARDMANAGEMENT,BN17,NINEVEHSHIPYARDMANAGEMENT|BN17
11793423,BLUEBOX EXECUTIVE GROUP LTD,active,ltd,2019-01-28,117 Dartford Road,,Dartford,DA1 3EN,England,['82990'],BLUEBOXEXECUTIVE,DA1,BLUEBOXEXECUTIVE|DA1
SC447929,ESHA ENTERPRISES LTD,active,ltd,2013-04-18,46 Busby Road,Clarkston,Glasgow,G76 7XJ,Scotland,['86101'],ESHAENTERPRISES,G76,ESHAENTERPRISES|G76
SC503198,R CAMPBELL COMMERCIALS LIMITED,active,ltd,2015-04-14,Unit 4 Block 2,Vale Of Leven Industrial Estate,Dumbarton,G82 3PD,Scotland,['38310'],RCAMPBELLCOMMERCIALS,G82,RCAMPBELLCOMMERCIALS|G82
11450610,KMR AVIATION SERVICES LTD,active,ltd,2018-07-05,23 Glebelands,Claygate,Esher,KT10 0LF,England,['33160'],KMRAVIATION,KT10,KMRAVIATION|KT10
SC418345,TP TOOLS LTD,active,ltd,2012-03-01,Sandholme The Long Walk,Meigle,Blairgowrie,PH12 8SW,Scotland,['46190'],TPTOOLS,PH12,TPTOOLS|PH12
SC556818,SHOPCOM LIMITED,active,ltd,2017-02-07,21 Crown Terrace,,Aberdeen,AB11 6HD,Scotland,"['56302', '68100', '68209', '68320']",SHOPCOM,AB11,SHOPCOM|AB11
SC629901,YEEZY LIMITED,active,ltd,2019-05-09,Rfl House,Anderson Street,Dunblane,FK15 9AJ,Scotland,['46420'],YEEZY,FK15,YEEZY|FK15
10345530,KAZIM-TYLOR CONSULTING LIMITED,active,ltd,2016-08-25,"Lower Farmhouse, Stud Lane",Crawley,Hampshire,SO21 2QG,England,['63990'],KAZIMTYLORCONSULTING,SO21,KAZIMTYLORCONSULTING|SO21
SC556295,ABERDEEN MASTIC & SERVICES LTD,active,ltd,2017-02-01,337 North Anderson Drive,,Aberdeen,AB16 7GX,United Kingdom,['43390'],ABERDEENMASTICAND,AB16,ABERDEENMASTICAND|AB16
SC545631,JOY THAI LTD,active,ltd,2016-09-16,41 Argyle Place,,Edinburgh,EH9 1JT,United Kingdom,['56103'],JOYTHAI,EH9,JOYTHAI|EH9
SC277836,FWM DEVELOPMENTS LIMITED,active,ltd,2004-12-23,28 Forest Road,,Aberdeen,AB15 4BS,,"['68100', '68209']",FWMDEVELOPMENTS,AB15,FWMDEVELOPMENTS|AB15
SC532970,BM TILING LIMITED,active,ltd,2016-04-18,Unit 5a Cadzow Industrial Estate,,Hamilton,ML3 7QU,Scotland,['43330'],BMTILING,ML3,BMTILING|ML3
SC532505,POLIT LTD,active,ltd,2016-04-13,12 King Street,,Aberdeen City,AB24 5AX,United Kingdom,"['47110', '47240', '47290', '47789']",POLIT,AB24,POLIT|AB24
SC567247,ADVENTURE HIGHLAND LTD,active,ltd,2017-05-30,Chisholm Stone House,Struy,Beauly,IV4 7JS,Scotland,['93199'],ADVENTUREHIGHLAND,IV4,ADVENTUREHIGHLAND|IV4
SC497657,MKN MOTORS LTD,active,ltd,2015-02-12,Office 2 30/2 Eskbank Office Complex,Hardengreen Industrial Estate,Dalkeith,EH22 3NX,Scotland,['45200'],MKNMOTORS,EH22,MKNMOTORS|EH22
SC630265,FVS GROUP LTD,active,ltd,2019-05-13,19 Donaldson Avenue 19 Donaldson Avenue,,Saltcoats,KA21 5AG,Scotland,"['13300', '90030']",FVS,KA21,FVS|KA21
SC567107,STEELE INC LIMITED,active,ltd,2017-05-25,Citypoint,"3rd Floor, 65 Haymarket Terrace",Edinburgh,EH12 5HD,Scotland,['62012'],STEELEINC,EH12,STEELEINC|EH12
SC622470,PRIME SEAL LIMITED,active,ltd,2019-02-26,249 Govan Road,,Glasgow,G51 1HJ,Scotland,['43290'],PRIMESEAL,G51,PRIMESEAL|G51
SC376666,AMBELCO LTD,active,ltd,2010-04-12,36 Seafield Road,,Edinburgh,EH6 7LD,United Kingdom,['56210'],AMBELCO,EH6,AMBELCO|EH6
SC532828,AXIAQOM LTD,active,ltd,2016-04-15,17/2 55 Kirkton Avenue,,Glasgow,G13 3SB,Scotland,['43390'],AXIAQOM,G13,AXIAQOM|G13
SC620716,MAKORLS PVT LTD,active,ltd,2019-02-08,33 Ashley Terrace,,Edinburgh,EH11 1RE,United Kingdom,"['47910', '47990']",MAKORLSPVT,EH11,MAKORLSPVT|EH11
10835823,DR N AL-SUDANI (MRCGP) LTD,active,ltd,2017-06-26,18 Rutland Crescent,,Luton,LU2 0RF,England,['86210'],DRNALSUDANIMRCGP,LU2,DRNALSUDANIMRCGP|LU2
SC413867,S BIRNIE TRAINING AND DEVELOPMENT LTD,active,ltd,2012-01-04,"Unit 4b Gateway Business Park, Beancross Road",,Grangemouth,FK3 8WX,Scotland,['70229'],SBIRNIETRAININGANDDEVELOPMENT,FK3,SBIRNIETRAININGANDDEVELOPMENT|FK3
SC527130,CAROLE FITZGERALD LIMITED,active,ltd,2016-02-17,18 Swansacre,,Kinross,KY13 8TE,Scotland,['56210'],CAROLEFITZGERALD,KY13,CAROLEFITZGERALD|KY13
SC579695,PARKER PRIVATE HIRE LIMITED,active,ltd,2017-10-24,25 Brodie Avenue,,North Berwick,EH39 4EP,Scotland,"['49320', '49390']",PARKERPRIVATEHIRE,EH39,PARKERPRIVATEHIRE|EH39
SC629392,THISTLEROCK LTD,active,ltd,2019-05-02,3b Ormiston Terrace,,Edinburgh,EH12 7SJ,Scotland,['43320'],THISTLEROCK,EH12,THISTLEROCK|EH12
SC554893,CCLE FABRICATION LTD,active,ltd,2017-01-18,"18 Macsween Drive, Aird",Point,Isle Of Lewis,HS2 0ER,Scotland,['09100'],CCLEFABRICATION,HS2,CCLEFABRICATION|HS2
09160133,QZK LTD,active,ltd,2014-08-04,43 Overland Crescent,,Bradford,BD10 9TG,England,['66290'],QZK,BD10,QZK|BD10
SC207379,GREENHOLLOW LIMITED,active,ltd,2000-05-23,9 Priory Wynd,Kilwinning,Ayrshire,KA13 6AU,,['74909'],GREENHOLLOW,KA13,GREENHOLLOW|KA13
11871965,MAPLEBROOK WILLS NORTH SOMERSET LIMITED,active,ltd,2019-03-09,Leigh Court Pill Road,Abbots Leigh,Bristol,BS8 3RA,United Kingdom,['69109'],MAPLEBROOKWILLSNORTHSOMERSET,BS8,MAPLEBROOKWILLSNORTHSOMERSET|BS8
12152902,CITY AND SUBURB HOMES LTD,active,ltd,2019-08-13,356 St. Helens Road,,Bolton,BL3 3RR,United Kingdom,['68100'],CITYANDSUBURBHOMES,BL3,CITYANDSUBURBHOMES|BL3
SC554518,CAFE PICCANTE EDINBURGH LIMITED,active,ltd,2017-01-13,13a/3 Milton Road East,,Edinburgh,EH15 2ND,Scotland,"['56102', '56103']",CAFEPICCANTEEDINBURGH,EH15,CAFEPICCANTEEDINBURGH|EH15
SC631352,JK TANDOORI LTD,active,ltd,2019-05-23,65 Glasgow Road,Rutherglen,Glasgow,G73 1LJ,Scotland,['56103'],JKTANDOORI,G73,JKTANDOORI|G73
09418604,LIZBAN CONSULTING LTD.,active,ltd,2015-02-03,18 Wavel Place,,London,SE26 6SF,England,['70229'],LIZBANCONSULTING,SE26,LIZBANCONSULTING|SE26
SC593381,KAKAFOODS LIMITED,active,ltd,2018-04-04,79 Main Street,,West Calder,EH55 8EB,United Kingdom,['56101'],KAKAFOODS,EH55,KAKAFOODS|EH55
SC585421,S&S SERVICES (HIRES) LTD,active,ltd,2018-01-11,Headquarters,Oyne,Insch,AB52 6QS,United Kingdom,['77320'],SANDSSERVICESHIRES,AB52,SANDSSERVICESHIRES|AB52
SC631278,KANE HEATING AND PLUMBING LIMITED,active,ltd,2019-05-23,9 Cockhill Way,,Bellshill,ML4 3LN,Scotland,['43220'],KANEHEATINGANDPLUMBING,ML4,KANEHEATINGANDPLUMBING|ML4
SC629497,BRAND 21 LTD,active,ltd,2019-05-03,1 Holburn Road,,Aberdeen,AB10 6EY,Scotland,['96090'],BRAND21,AB10,BRAND21|AB10
SC620544,PICARESQUE LIMITED,active,ltd,2019-02-07,55 High Street,,Dingwall,IV15 9HL,United Kingdom,['47791'],PICARESQUE,IV15,PICARESQUE|IV15
SC640540,DESSERT GROUP LTD,active,ltd,2019-09-03,29c Harbour Place,,Ardrossan,KA22 8BU,Scotland,['56102'],DESSERT,KA22,DESSERT|KA22
SC606968,WESTACRES GROUP CAR SALES LTD,active,ltd,2018-09-03,34 Drummond Way,Newton Mearns,Glasgow,G77 6XW,United Kingdom,['45112'],WESTACRESGROUPCARSALES,G77,WESTACRESGROUPCARSALES|G77
SC532026,CLYDE ESCALATORS LIMITED,active,ltd,2016-04-07,28-30 North Street,,Dalry,KA24 5DW,Scotland,['33120'],CLYDEESCALATORS,KA24,CLYDEESCALATORS|KA24
SC550004,JLS LOGISTICS LIMITED,active,ltd,2016-11-11,Dunaird Cottage,Woodside,Ashgill,ML9 3BW,Scotland,['82990'],JLSLOGISTICS,ML9,JLSLOGISTICS|ML9
SC619823,EDGE CATERING SCOTLAND LTD,active,ltd,2019-01-31,1 Cromwell Road,,Inverness,IV1 1SX,Scotland,['71129'],EDGECATERINGSCOTLAND,IV1,EDGECATERINGSCOTLAND|IV1
10671929,AUROUS PIZZA LIMITED,active,ltd,2017-03-15,598 Holloway Road,,London,N19 3PH,United Kingdom,['56103'],AUROUSPIZZA,N19,AUROUSPIZZA|N19
SC588746,CHENGDU LTD,active,ltd,2018-02-14,34 Hamilton Road,,Glasgow,G71 8NB,Scotland,['56101'],CHENGDU,G71,CHENGDU|G71
SC589177,HIGHLAND LIQUOR COMPANY LTD,active,ltd,2018-02-19,23 Market Street,Ullapool,Ullapool,IV26 2XE,United Kingdom,"['11010', '46342']",HIGHLANDLIQUORCOMPANY,IV26,HIGHLANDLIQUORCOMPANY|IV26
SC516318,LIMEWOOD BEETHAM LIMITED,active,ltd,2015-09-23,Summit House,Mitchell Street,Edinburgh,EH6 7BD,Scotland,['64209'],LIMEWOODBEETHAM,EH6,LIMEWOODBEETHAM|EH6
SC566207,I AM BRAVESTAR LTD,active,ltd,2017-05-17,11 Calderglen Road,East Kilbride,Glasgow,G74 2LQ,Scotland,"['62090', '72200']",IAMBRAVESTAR,G74,IAMBRAVESTAR|G74
SC555051,BABES HORSES LTD,active,ltd,2017-01-19,Oakfield House,378 Brandon Street,Motherwell,ML1 1XA,Scotland,['46230'],BABESHORSES,ML1,BABESHORSES|ML1
SC572643,CHERRY7 LTD,active,ltd,2017-08-02,Office 15 63 Dunnock Road,,Dunfirmline,KY11 8QE,Scotland,['56302'],CHERRY7,KY11,CHERRY7|KY11
SC523549,OAKLEA (SCOTLAND) LTD,active,ltd,2016-01-06,27 Highstonehall Road,,Hamilton,ML3 8LU,Scotland,['49410'],OAKLEASCOTLAND,ML3,OAKLEASCOTLAND|ML3
SC631933,STUART & MOFFAT ROOFING CONTRACTORS LTD,active,ltd,2019-05-30,Unit 44 Mayfield Industrial Estate,,Dalkeith,EH22 4AD,Scotland,['43910'],STUARTANDMOFFATROOFINGCONTRACTORS,EH22,STUARTANDMOFFATROOFINGCONTRACTORS|EH22
11871535,ATLANTICO HAND CAR WASH LTD,active,ltd,2019-03-09,The Brook,Leigh Road,Betchworth,RH3 7AW,United Kingdom,['96090'],ATLANTICOHANDCARWASH,RH3,ATLANTICOHANDCARWASH|RH3
SC563126,JUNIPER AND PEAT LTD,active,ltd,2017-04-11,4 Alexandra Place,,Stirling,FK8 1UN,Scotland,['47910'],JUNIPERANDPEAT,FK8,JUNIPERANDPEAT|FK8
SC248758,AC&H 172 LIMITED,active,ltd,2003-05-02,14/9 Albion Gardens,,Edinburgh,EH7 5NS,Scotland,['49320'],ACANDH172,EH7,ACANDH172|EH7
SC563424,GARRELL HOLDINGS LIMITED,active,ltd,2017-04-13,90 Mitchell Street,6th Floor,Glasgow,G1 3NQ,Scotland,['68320'],GARRELL,G1,GARRELL|G1
04433096,OMANTRAVEL LTD,active,ltd,2002-05-08,38 Newtown Road,,Liphook,GU30 7DX,,['79110'],OMANTRAVEL,GU30,OMANTRAVEL|GU30
11505070,HEFENG LTD,active,ltd,2018-08-08,5 Westcliffe Court,13 Westcliffe Road,Birkdale,PR8 2TF,United Kingdom,['71121'],HEFENG,PR8,HEFENG|PR8
SC593375,ABERDEEN CORPORATION LTD,active,ltd,2018-04-04,4 Queens Court,,Aberdeen,AB15 4ZZ,Scotland,['68100'],ABERDEENCORPORATION,AB15,ABERDEENCORPORATION|AB15
10116809,CRACKING 120 LTD,active,ltd,2016-04-11,46 Galena Close,,Sittingbourne,ME10 5LB,United Kingdom,['43210'],CRACKING120,ME10,CRACKING120|ME10
SC538754,JS&TT LTD,active,ltd,2016-06-23,26 Castlegreen Road,,Thurso,KW14 7LZ,Scotland,['47190'],JSANDTT,KW14,JSANDTT|KW14
13092008,H3O GLOBAL LTD,active,ltd,2020-12-21,2 Saxon Business Park,Owen Avenue,Hessle,HU13 9PD,England,['64209'],H3OGLOBAL,HU13,H3OGLOBAL|HU13
12440535,FLAVIADRIVER LTD,active,ltd,2020-02-04,91 Yale Road,,Willenhall,WV13 2JR,England,"['49410', '53202']",FLAVIADRIVER,WV13,FLAVIADRIVER|WV13
SC587963,ANSPRO LTD,active,ltd,2018-02-07,28 Bannermill Place,,Aberdeen,AB24 5EA,United Kingdom,['70229'],ANSPRO,AB24,ANSPRO|AB24
SC648390,J.C.M SERVICES SCOTLAND LTD,active,ltd,2019-11-29,33 Keithleigh Gardens Pitmedden,,Ellon,AB41 7GF,Scotland,['74909'],JCMSERVICESSCOTLAND,AB41,JCMSERVICESSCOTLAND|AB41
SC284675,CHUNK OF THE EARTH LIMITED,active,ltd,2005-05-12,11 1st Floor,Park Circus,Glasgow,G3 6AX,Scotland,['68100'],CHUNKOFTHEEARTH,G3,CHUNKOFTHEEARTH|G3
SC262374,MAXINE GORMAN TAXIS LTD.,active,ltd,2004-01-23,Flat 1 Wards Place,,Kilmarnock,KA1 1RH,,['49320'],MAXINEGORMANTAXIS,KA1,MAXINEGORMANTAXIS|KA1
SC568186,HUSSIES LIMITED,active,ltd,2017-06-07,Askari & Co Limited,162 Darnley Street,Glasgow,G41 2LL,Scotland,['56103'],HUSSIES,G41,HUSSIES|G41
SC627286,RIVERVIEW TRADING LTD,active,ltd,2019-04-10,Orbital House,East Kilbride,Glasgow,G74 5PR,Scotland,"['85200', '85310']",RIVERVIEWTRADING,G74,RIVERVIEWTRADING|G74
11303430,NEW RUPOSHI BANGLA LIMITED,active,ltd,2018-04-11,2 Daventry Road,Dunchurch,Rugby,CV22 6NS,United Kingdom,['56101'],NEWRUPOSHIBANGLA,CV22,NEWRUPOSHIBANGLA|CV22
11306923,GROSVENOR INVESTIGATIONS LIMITED,active,ltd,2018-04-12,33 Havering Drive,,Romford,RM1 4BH,United Kingdom,['80300'],GROSVENORINVESTIGATIONS,RM1,GROSVENORINVESTIGATIONS|RM1
SC628262,CABLE CUTS LIMITED,active,ltd,2019-04-23,Unit 1 Alloa Trade Centre,Bruce Street,Alloa,FK10 1RX,United Kingdom,['47910'],CABLECUTS,FK10,CABLECUTS|FK10
SC630039,FIRAK COURIERS LTD,active,ltd,2019-05-10,57 Wellington Street,,Aberdeen,AB11 5BX,Scotland,['53100'],FIRAKCOURIERS,AB11,FIRAKCOURIERS|AB11
SC585842,BRIGHT LIFT LTD,active,ltd,2018-01-16,0/2 5 Drumry Place,,Glasgow,G15 8PP,Scotland,"['49420', '62020', '81222']",BRIGHTLIFT,G15,BRIGHTLIFT|G15
SC631398,NIMBU MIRCHI LTD,active,ltd,2019-05-23,50 Darnley Street,,Glasgow,G41 2SE,Scotland,"['10850', '56101', '56210', '72200']",NIMBUMIRCHI,G41,NIMBUMIRCHI|G41
SC585860,SGI SOLUTIONS LIMITED,active,ltd,2018-01-16,48 Hayfield Road,,Kirkcaldy,KY2 5DT,Scotland,['70229'],SGISOLUTIONS,KY2,SGISOLUTIONS|KY2
SC566622,DYNAMIC DRINKS RETAIL LTD,active,ltd,2017-05-23,Unit 6 Castle Court,Bankside,Falkirk,FK2 7UU,Scotland,['47250'],DYNAMICDRINKSRETAIL,FK2,DYNAMICDRINKSRETAIL|FK2
SC565469,GREENSTED LIMITED,active,ltd,2017-05-09,151 Glasgow Road,,Dumbarton,G82 1RH,Scotland,['56101'],GREENSTED,G82,GREENSTED|G82
SC627578,FORKLIFT INSTRUCTOR LTD,active,ltd,2019-04-12,44 Greenburn Drive,,Aberdeen,AB21 9ER,Scotland,['85530'],FORKLIFTINSTRUCTOR,AB21,FORKLIFTINSTRUCTOR|AB21
SC630601,MDC GROUP LTD,active,ltd,2019-05-15,272 Bath Street,,Glasgow,G2 4JR,Scotland,['49320'],MDC,G2,MDC|G2
07015074,TARSIN LIMITED,active,ltd,2009-09-10,C/O Archer Associates Churchill House,120 Bunns Lane,London,NW7 2AS,United Kingdom,['45310'],TARSIN,NW7,TARSIN|NW7
SC535750,NODFAB LIMITED,active,ltd,2016-05-18,Logielea,Stranthnaver St,Helmsdale,KW8 6JJ,Scotland,['41201'],NODFAB,KW8,NODFAB|KW8
SC550239,A C PROPERTIES AIRDRIE LIMITED,active,ltd,2016-11-14,165 Main Street,,Wishaw,ML2 7AU,Scotland,['43320'],ACPROPERTIESAIRDRIE,ML2,ACPROPERTIESAIRDRIE|ML2
SC635759,NEW A1 PRIVATE LIMITED,active,ltd,2019-07-10,43 Lademill Whins Of Milton,,Stirling,FK7 0HL,Scotland,['56101'],NEWA1PRIVATE,FK7,NEWA1PRIVATE|FK7
SC568787,HOT & SPICY GRILL LTD,active,ltd,2017-06-15,6 Carlibar Road,Barrhead,Glasgow,G78 1AA,Scotland,['82990'],HOTANDSPICYGRILL,G78,HOTANDSPICYGRILL|G78
SC595548,LETS COMPLY LIMITED,active,ltd,2018-04-27,127 Calderbank Road,Uddingston,Glasgow,G71 7FU,Scotland,['98000'],LETSCOMPLY,G71,LETSCOMPLY|G71
SC376753,A TO B CAR & VAN SERVICES LIMITED,active,ltd,2010-04-13,The Old Garage,Hills Farm,Crieff,PH7 3QW,Scotland,['96090'],ATOBCARANDVAN,PH7,ATOBCARANDVAN|PH7
SC502368,NORTHERN CARPETS AND BEDS LTD,active,ltd,2015-04-02,172 Western Road,,Kilmarnock,KA3 1NJ,Scotland,"['47530', '47599']",NORTHERNCARPETSANDBEDS,KA3,NORTHERNCARPETSANDBEDS|KA3
SC618290,S.A.S. PLUMBING & HEATING (SCOT) LTD,active,ltd,2019-01-15,14 Newton Place,,Glasgow,G3 7PY,Scotland,['35230'],SASPLUMBINGANDHEATINGSCOT,G3,SASPLUMBINGANDHEATINGSCOT|G3
09177045,EVIE'S PARLOUR LIMITED,active,ltd,2014-08-15,29 Collingwood Way,,North Shoeburyness,SS3 8BT,,['56102'],EVIESPARLOUR,SS3,EVIESPARLOUR|SS3
SC262456,CELEBRE LIMITED,active,ltd,2004-01-26,"Abercorn School, Newton",Broxburn,West Lothian,EH52 6PZ,,['70229'],CELEBRE,EH52,CELEBRE|EH52
SC532496,VELOCITY GOURMET LIMITED,active,ltd,2016-04-13,9 Royal Crescent,,Glasgow,G3 7SP,Scotland,['68209'],VELOCITYGOURMET,G3,VELOCITYGOURMET|G3
SC525966,QUEST SERVICES LTD,active,ltd,2016-02-04,1 Donibristle Gardens,Dalgety Bay,Dunfermline,KY11 9NQ,United Kingdom,['82990'],QUEST,KY11,QUEST|KY11
11933165,CHIBBY CONSTRUCTION LTD,active,ltd,2019-04-08,Flat 1 51 Morland Road,,London,CR0 6HA,England,"['41201', '41202', '43110', '43290']",CHIBBYCONSTRUCTION,CR0,CHIBBYCONSTRUCTION|CR0
SC587851,MILTON & STIRLING LTD,active,ltd,2018-02-06,10 Payne Street,,Glasgow,G4 0LF,Scotland,['96090'],MILTONANDSTIRLING,G4,MILTONANDSTIRLING|G4
07005883,SMART ANSWERS (UK) LIMITED,active,ltd,2009-09-01,Quiet Waters,51 Red Rose,Binfield,RG42 5LJ,,['82990'],SMARTANSWERSUK,RG42,SMARTANSWERSUK|RG42
12129016,UKC PROPERTY INVESTMENT LTD,active,ltd,2019-07-30,43 Ben Jonson Road,,London,E1 4SA,England,"['68310', '68320', '98000']",UKCPROPERTYINVESTMENT,E1,UKCPROPERTYINVESTMENT|E1
10311356,STYLO SALOON LIMITED,active,ltd,2016-08-04,Flat 9 Hamblin House The Broadway,,Southall,UB1 1NZ,England,['96020'],STYLOSALOON,UB1,STYLOSALOON|UB1
07590839,KEITH LOWE MOTOR VEHICLE REPAIRS LIMITED,active,ltd,2011-04-05,1 Abbots Quay,Monks Ferry,Birkenhead,CH41 5LH,,['45200'],KEITHLOWEMOTORVEHICLEREPAIRS,CH41,KEITHLOWEMOTORVEHICLEREPAIRS|CH41
05384846,CONFIDENT LABORATORIES LIMITED,active,ltd,2005-03-08,Broomfield,6 Broomfield Close,Heswall,CH60 9HD,United Kingdom,['74909'],CONFIDENTLABORATORIES,CH60,CONFIDENTLABORATORIES|CH60
06349836,PROPERTY SEARCH ADVICE LIMITED,active,ltd,2007-08-22,1 Grosvenor House,Melton Road,Oakham,LE15 6AX,,['62090'],PROPERTYSEARCHADVICE,LE15,PROPERTYSEARCHADVICE|LE15
10659564,STITCH PERFECT LTD,active,ltd,2017-03-08,18 Mossbrow Road Huyton,,Liverpool,L36 7SZ,England,['96090'],STITCHPERFECT,L36,STITCHPERFECT|L36
09040250,53 SKYLARK LTD,active,ltd,2014-05-14,18 Carlisle Street,,London,W1D 3BX,England,['68100'],53SKYLARK,W1D,53SKYLARK|W1D
09258298,EMISSAT LIMITED,active,ltd,2014-10-10,Little Rough,Petworth Road,Witley,GU8 5PL,England,['61300'],EMISSAT,GU8,EMISSAT|GU8
10180324,CHESTER FALAFEL LIMITED,active,ltd,2016-05-13,73 Watergate Street,,Chester,CH1 2LB,United Kingdom,['56103'],CHESTERFALAFEL,CH1,CHESTERFALAFEL|CH1
06933435,AMICI BRICKWORK CONTRACTORS LTD,active,ltd,2009-06-15,2nd Floor 4 Finkin Street,,Grantham,NG31 6QZ,England,['43999'],AMICIBRICKWORKCONTRACTORS,NG31,AMICIBRICKWORKCONTRACTORS|NG31
08064438,PASS MOVE GRIN LIMITED,active,ltd,2012-05-10,Newstead House,Pelham Road,Nottingham,NG5 1AP,United Kingdom,['93199'],PASSMOVEGRIN,NG5,PASSMOVEGRIN|NG5
08965688,DSC NUTRITION LTD,active,ltd,2014-03-28,Unit M1 Hazleton Interchange,"Lakesmere Road, Horndean",Waterlooville,PO8 9JU,United Kingdom,['47990'],DSCNUTRITION,PO8,DSCNUTRITION|PO8
03370099,BARONS COURT RESIDENTS MANAGEMENT COMPANY LIMITED,active,ltd,1997-05-14,23 Spinfield Park,,Marlow,SL7 2DD,England,['98000'],BARONSCOURTRESIDENTSMANAGEMENTCOMPANY,SL7,BARONSCOURTRESIDENTSMANAGEMENTCOMPANY|SL7
08512790,4 STARS PRIVATE LIMITED,active,ltd,2013-05-01,629 London Road,,Westcliff-On-Sea,SS0 9PE,,['56101'],4STARSPRIVATE,SS0,4STARSPRIVATE|SS0
12339080,PENINSULASETTLECARS LTD,active,ltd,2019-11-28,36 Baffin Close,,Wirral,CH46 2QW,England,['77110'],PENINSULASETTLECARS,CH46,PENINSULASETTLECARS|CH46
11454418,MY FIRST FINANCES LTD,active,ltd,2018-07-09,65 Severn Road,,Weston-Super-Mare,BS23 1DR,United Kingdom,"['59112', '59120']",MYFIRSTFINANCES,BS23,MYFIRSTFINANCES|BS23
09134411,AYUTHAYA RESTAURANTS LTD,active,ltd,2014-07-16,Masri & Co Accountants,Rainford Square,Liverpool,L2 6PX,England,['96090'],AYUTHAYARESTAURANTS,L2,AYUTHAYARESTAURANTS|L2
12855135,MADIHA H LTD,active,ltd,2020-09-03,4 Woodlea Avenue,,Huddersfield,HD3 4EF,England,['86900'],MADIHAH,HD3,MADIHAH|HD3
NI631093,SAMUEL STEVENSON TRACTORS LTD,active,ltd,2015-05-05,46 Drumarkin Road Rathfriland,,Newry,BT34 5ND,United Kingdom,['33120'],SAMUELSTEVENSONTRACTORS,BT34,SAMUELSTEVENSONTRACTORS|BT34
02954712,CRYSTAL DESIGN SERVICES LIMITED,active,ltd,1994-08-02,8 Wincel Road,Winchcombe,Cheltenham,GL54 5YE,,"['62020', '63990', '70229', '85590']",CRYSTALDESIGN,GL54,CRYSTALDESIGN|GL54
SC081141,WARDEN PRIVATE TRUST COMPANY LIMITED,active,ltd,1982-12-10,Caledonian Exchange,19a Canning Street,Edinburgh,EH3 8HE,Scotland,['74990'],WARDENPRIVATETRUSTCOMPANY,EH3,WARDENPRIVATETRUSTCOMPANY|EH3
00552859,M. & J. STEINER LIMITED,active,ltd,1955-08-03,220 The Vale,,London,NW11 8SR,England,['68209'],MANDJSTEINER,NW11,MANDJSTEINER|NW11
12564749,DAVID & JUWON LTD,active,ltd,2020-04-20,28 Shafter Road,,Dagenham,RM10 8SE,England,['99999'],DAVIDANDJUWON,RM10,DAVIDANDJUWON|RM10
12394831,GORGEOUS GATES LTD,active,ltd,2020-01-09,100 Garnett Street,,Bradford,BD3 9HB,England,['25990'],GORGEOUSGATES,BD3,GORGEOUSGATES|BD3
12399015,ARISTICA LUNGU LTD,active,ltd,2020-01-13,29 Eld Road,,Coventry,CV6 5DA,England,"['49410', '52290']",ARISTICALUNGU,CV6,ARISTICALUNGU|CV6
06670576,FLYING-SPIRITS LTD,active,ltd,2008-08-12,Suite 22 5 Bridge Street,,Maidenhead,SL6 1JN,United Kingdom,['70229'],FLYINGSPIRITS,SL6,FLYINGSPIRITS|SL6
12444152,ITALIAN EXPRESS RUGELEY LTD,active,ltd,2020-02-05,29 Horse Fair,,Rugeley,WS15 2EJ,England,['56103'],ITALIANEXPRESSRUGELEY,WS15,ITALIANEXPRESSRUGELEY|WS15
NI652344,BARROS D'SA & LEYBURN LIMITED,active,ltd,2018-04-12,10 Mallview Terrace Mall West,,Armagh,BT61 9AN,United Kingdom,['90030'],BARROSDSAANDLEYBURN,BT61,BARROSDSAANDLEYBURN|BT61
12411968,BROTHERS FOOD SERVICE LTD,active,ltd,2020-01-20,214 Baker Street,,Enfield,EN1 3JT,,['56290'],BROTHERSFOODSERVICE,EN1,BROTHERSFOODSERVICE|EN1
12460721,CARROLL BUILDING CONTRACTORS LTD,active,ltd,2020-02-13,81 Cobden Road,,London,SE25 5NU,England,['43390'],CARROLLBUILDINGCONTRACTORS,SE25,CARROLLBUILDINGCONTRACTORS|SE25
12469045,CAREPAYES LIMITED,active,ltd,2020-02-18,28 St. Helens Road,,Ilford,IG1 3QJ,England,['78300'],CAREPAYES,IG1,CAREPAYES|IG1
12405958,PERFECT !MPERFECTIONS LTD,active,ltd,2020-01-15,23 Pick Wick Mews,,Edmonton,N18 1PD,England,['96020'],PERFECTMPERFECTIONS,N18,PERFECTMPERFECTIONS|N18
12442645,FAB CAKES LTD,active,ltd,2020-02-04,227 High Street North,,London,E6 1JG,England,"['10710', '56102']",FABCAKES,E6,FABCAKES|E6
12459244,RAJA TRADING LIMITED,active,ltd,2020-02-12,246 Ashton Road,,Oldham,OL8 1QN,England,"['46170', '46190', '47240']",RAJATRADING,OL8,RAJATRADING|OL8
12592286,TWO WHEEL NATION LIMITED,active,ltd,2020-05-07,13 Huddersfield Road,,Barnsley,S70 2LW,United Kingdom,['45400'],TWOWHEELNATION,S70,TWOWHEELNATION|S70
12358817,ROSAA LTD,active,ltd,2019-12-11,302 St. Marys Road,,Manchester,M40 0BD,England,['47910'],ROSAA,M40,ROSAA|M40
12474223,EMANUEL SECURITY SERVICES LTD,active,ltd,2020-02-20,Flat 51 Myrdale Lodge,415 Edgware Road,London,NW2 6FA,England,['80100'],EMANUELSECURITY,NW2,EMANUELSECURITY|NW2
12448943,JW COMPANIES GROUP LIMITED,active,ltd,2020-02-07,Unit 3a Lansil Walk,Lansil Industrial Estate,Lancaster,LA1 3PQ,United Kingdom,['43999'],JWCOMPANIES,LA1,JWCOMPANIES|LA1
12475377,BORACCO IT SOLUTIONS LTD,active,ltd,2020-02-21,17 Green Lanes,,London,N16 9BS,England,"['46190', '62020', '62090', '63990']",BORACCOITSOLUTIONS,N16,BORACCOITSOLUTIONS|N16
NI666793,CLIFMAC LIMITED,active,ltd,2020-01-07,15 Braefield,Claudy,Derry,BT47 4DX,Northern Ireland,['42220'],CLIFMAC,BT47,CLIFMAC|BT47
12462229,OK VALETING LONDON LTD,active,ltd,2020-02-13,35 - 37 The Green,,Southall,UB2 4AN,England,['45200'],OKVALETINGLONDON,UB2,OKVALETINGLONDON|UB2
12406895,CAR BODY REPAIR & PAINT LTD,active,ltd,2020-01-16,24 Queens Road,,Castleford,WF10 3EQ,England,['45200'],CARBODYREPAIRANDPAINT,WF10,CARBODYREPAIRANDPAINT|WF10
NI617393,SOFAKINGCOOL LTD,active,ltd,2013-03-19,14 Orchardville Gardens,,Belfast,BT10 0JX,Northern Ireland,['98100'],SOFAKINGCOOL,BT10,SOFAKINGCOOL|BT10
12450434,AF MECHANICAL ENGINEERING LIMITED,active,ltd,2020-02-07,155 Normanton Road,,Derby,DE23 6UR,England,['33170'],AFMECHANICALENGINEERING,DE23,AFMECHANICALENGINEERING|DE23
NI660928,MULLIGAN ENTERTAINMENT LTD,active,ltd,2019-04-26,83 Church Street,,Cookstown,BT80 8HT,Northern Ireland,['56302'],MULLIGANENTERTAINMENT,BT80,MULLIGANENTERTAINMENT|BT80
12401498,BAIRD RECRUITMENT LTD,active,ltd,2020-01-14,7 Princes Square,,Harrogate,HG1 1ND,England,['78200'],BAIRDRECRUITMENT,HG1,BAIRDRECRUITMENT|HG1
07257854,DANFRAMPTON.COM LIMITED,active,ltd,2010-05-18,70 Warescot Road,Brentwood,Essex,CM15 9HE,,['59200'],DANFRAMPTONCOM,CM15,DANFRAMPTONCOM|CM15
12387679,TOP SHEET CLADDING LIMITED,active,ltd,2020-01-06,Equitable House 55,Pellon Lane,Halifax,HX1 5SP,United Kingdom,"['43330', '43390']",TOPSHEETCLADDING,HX1,TOPSHEETCLADDING|HX1
NI651924,JAPANESE PERFORMANCE CAR SERVICES LTD,active,ltd,2018-03-26,Unit 7 12 Ballybeen Road,Moneyreagh,Newtownards,BT23 5PY,Northern Ireland,['96090'],JAPANESEPERFORMANCECAR,BT23,JAPANESEPERFORMANCECAR|BT23
12403200,TASTE OF CARIBBEAN LTD,active,ltd,2020-01-14,207 Rye Lane,Peckham,London,SE15 4TP,United Kingdom,['56101'],TASTEOFCARIBBEAN,SE15,TASTEOFCARIBBEAN|SE15
SC617898,FIELDER AI LIMITED,active,ltd,2019-01-11,Kinburn Castle,Doubledykes Road,St. Andrews,KY16 9DR,Scotland,['62090'],FIELDERAI,KY16,FIELDERAI|KY16
12464987,ASH AFRICA LTD,active,ltd,2020-02-14,43 Shirland Mews,,London,W9 3DY,United Kingdom,"['49100', '52213']",ASHAFRICA,W9,ASHAFRICA|W9
12380146,E K 1 SERVICES LTD,active,ltd,2019-12-30,149 Victoria Road,,Barking,IG11 8PZ,United Kingdom,['81299'],EK1,IG11,EK1|IG11
12444784,MADDOX BUILDINGS LTD,active,ltd,2020-02-05,"6th Floor, Amp House",Dingwall Road,Croydon,CR0 2LX,United Kingdom,"['41201', '41202']",MADDOXBUILDINGS,CR0,MADDOXBUILDINGS|CR0
12450486,WESTCOTT FINANCIAL LIMITED,active,ltd,2020-02-07,"Flat 2, 1 Lansdowne Gardens",,London,SW8 2EQ,England,['64999'],WESTCOTTFINANCIAL,SW8,WESTCOTTFINANCIAL|SW8
12409820,EXPERT PROPERTY HOLDINGS LTD,active,ltd,2020-01-17,Unit 7 Overton Road,Holles House,London,SW9 7AP,England,['68100'],EXPERTPROPERTY,SW9,EXPERTPROPERTY|SW9
09580067,GLAM READY LIMITED,active,ltd,2015-05-07,34 Clarence Street,,Southend-On-Sea,SS1 1BD,England,['96020'],GLAMREADY,SS1,GLAMREADY|SS1
12454453,DIAL A PIZZA LTD,active,ltd,2020-02-11,"Flat 8, 70 Foundation Street",,Ipswich,IP4 1BN,England,['56103'],DIALAPIZZA,IP4,DIALAPIZZA|IP4
12457037,AV LOGIC SOLUTIONS LTD,active,ltd,2020-02-11,99a Cobbold Road,,London,NW10 9SL,England,"['43220', '43390']",AVLOGICSOLUTIONS,NW10,AVLOGICSOLUTIONS|NW10
NI643066,MAJESTIC GARDEN ROOMS LTD,active,ltd,2017-01-09,4 Culmore Road,,Londonderry,BT48 7RJ,Northern Ireland,['41202'],MAJESTICGARDENROOMS,BT48,MAJESTICGARDENROOMS|BT48
11863400,JUMEIRAH PALM LOUNGE LIMITED,active,ltd,2019-03-06,"Ground Floor, Bradford House","14 Victoria Road, Unit 1",Romford,RM1 2JH,England,['56102'],JUMEIRAHPALMLOUNGE,RM1,JUMEIRAHPALMLOUNGE|RM1
12473922,CRAZY CARNEYS LTD,active,ltd,2020-02-20,21 Brayton Square,,Leeds,LS14 5EZ,England,['96090'],CRAZYCARNEYS,LS14,CRAZYCARNEYS|LS14
12449115,BYZZANTINE LTD,active,ltd,2020-02-07,483 Green Lanes,,London,N13 4BS,England,['47910'],BYZZANTINE,N13,BYZZANTINE|N13
12401270,TOP KEK LTD,active,ltd,2020-01-14,5 Milne Feild,,Pinner,HA5 4DP,England,['70229'],TOPKEK,HA5,TOPKEK|HA5
07937027,COBHAM MSA BUSINESS CENTRE LIMITED,active,ltd,2012-02-06,Peterborough Services Great North Road,Haddon,Peterborough,PE7 3UQ,,['68202'],COBHAMMSABUSINESSCENTRE,PE7,COBHAMMSABUSINESSCENTRE|PE7
12359111,TARRA PROJECT LTD,active,ltd,2019-12-11,26 Empress Avenue,,Ilford,IG1 3DD,England,['41201'],TARRAPROJECT,IG1,TARRAPROJECT|IG1
12384725,SILVER PROPERTY INTERNATIONAL LIMITED,active,ltd,2020-01-03,"C/O Cwa, Unit 4, 3rd Floor Pride Court",80-82 White Lion Street,London,N1 9PF,England,"['68100', '68320']",SILVERPROPERTY,N1,SILVERPROPERTY|N1
NI652250,WENI LTD,active,ltd,2018-04-10,Unit 10 Hanwood Business Park,Old Dundonald Road,Belfast,BT16 1DE,Northern Ireland,['96090'],WENI,BT16,WENI|BT16
NI629254,OLAM LTD,active,ltd,2015-02-10,40 Rathlin Road,,Ballycastle,BT54 6AQ,Northern Ireland,['74909'],OLAM,BT54,OLAM|BT54
12453524,ALI & DAOOD LIMITED,active,ltd,2020-02-10,23-25 Market Street,Little Lever,Bolton,BL3 1HH,United Kingdom,['47620'],ALIANDDAOOD,BL3,ALIANDDAOOD|BL3
12397987,SNACK CURE LTD,active,ltd,2020-01-13,252a High Road,,Loughton,IG10 1RB,England,['56102'],SNACKCURE,IG10,SNACKCURE|IG10
12398854,DANIELCHANTEL LIMITED,active,ltd,2020-01-13,31 Chasewater Crescent,Broughton,Milton Keynes,MK10 9QJ,England,['56290'],DANIELCHANTEL,MK10,DANIELCHANTEL|MK10
SC565377,FOREST COTTAGE LIMITED,active,ltd,2017-05-08,Rothiemurchus Estate Office Dell Of Rothiemurchus,Rothiemurchus Estate,Aviemore,PH22 1QH,Scotland,['55209'],FORESTCOTTAGE,PH22,FORESTCOTTAGE|PH22
11820174,HERON ON THE FORD LTD,active,ltd,2019-02-11,Heron On The Ford,Lands End Lane,Charvil,RG10 0UE,England,['56302'],HERONONTHEFORD,RG10,HERONONTHEFORD|RG10
12443206,DELUXE FOODS LTD,active,ltd,2020-02-05,120 Manchester Road,,Nelson,BB9 7AQ,England,['56103'],DELUXEFOODS,BB9,DELUXEFOODS|BB9
12341579,HOME SERVICES BATH LTD,active,ltd,2019-11-29,92 Nore Road,Portishead,Bristol,BS20 8DX,United Kingdom,['33140'],HOMESERVICESBATH,BS20,HOMESERVICESBATH|BS20
12397144,CAMBRIDGE BUFFET COMPANY LIMITED,active,ltd,2020-01-10,10 High Street,Fulbourn,Cambridge,CB21 5DH,England,['56210'],CAMBRIDGEBUFFETCOMPANY,CB21,CAMBRIDGEBUFFETCOMPANY|CB21
07249987,ANN LEDGARD COPY LIMITED,active,ltd,2010-05-11,25 Whitesand Drive,Camber,Rye,TN31 7SJ,,"['58190', '82990']",ANNLEDGARDCOPY,TN31,ANNLEDGARDCOPY|TN31
12396053,HILLTOP PLUMBING LTD,active,ltd,2020-01-10,2 Abbot Ridge,Long Crendon,Aylesbury,HP18 9AZ,England,['43220'],HILLTOPPLUMBING,HP18,HILLTOPPLUMBING|HP18
12597199,SYNTAX LTD,active,ltd,2020-05-12,136 Dark Lane,,Batley,WF17 7PW,England,['62020'],SYNTAX,WF17,SYNTAX|WF17
12442266,COGNISENT LTD,active,ltd,2020-02-04,43 Gabriel Square,,St Albans,AL1 3AS,England,['62020'],COGNISENT,AL1,COGNISENT|AL1
12481233,ARLIQUE LTD,active,ltd,2020-02-25,Ivy Court Stonehall Common,Kempsey,Worcester,WR5 3QQ,United Kingdom,"['77299', '77390']",ARLIQUE,WR5,ARLIQUE|WR5
12404694,GUILDACE LTD,active,ltd,2020-01-15,Flat 8 Cranbrook Lane,Everlast House,London,N11 1PF,England,"['41100', '41201', '41202']",GUILDACE,N11,GUILDACE|N11
12453562,RAPID MOBILE REPAIRS LIMITED,active,ltd,2020-02-10,462 Becontree Avenue,,Dagenham,RM8 3UA,England,"['47410', '47421']",RAPIDMOBILEREPAIRS,RM8,RAPIDMOBILEREPAIRS|RM8
12449935,SHALINIS LONDON LIMITED,active,ltd,2020-02-07,Unit 4-6 East Shopping Centre,232-236 Green Street,London,E7 8LE,England,['47710'],SHALINISLONDON,E7,SHALINISLONDON|E7
12462210,WHITE PLANET LTD,active,ltd,2020-02-13,4 Greystoke Gardens,,London,W5 1EP,United Kingdom,['73120'],WHITEPLANET,W5,WHITEPLANET|W5
12450044,BEKI&IVAN LTD,active,ltd,2020-02-07,50 Johnstone Road,,London,E6 6JA,England,['49410'],BEKIANDIVAN,E6,BEKIANDIVAN|E6
12459589,HINDLEY COMMUNICATIONS LTD,active,ltd,2020-02-12,Hindley House,Hindley Estate,Stocksfield,NE43 7SA,United Kingdom,['61900'],HINDLEYCOMMUNICATIONS,NE43,HINDLEYCOMMUNICATIONS|NE43
08056115,ACR HEATING SOLUTIONS LTD,active,ltd,2012-05-03,White Gables Fosse Way,Hunningham,Leamington Spa,CV33 9EG,England,['43220'],ACRHEATINGSOLUTIONS,CV33,ACRHEATINGSOLUTIONS|CV33
NI630708,PODS TV LTD,active,ltd,2015-04-16,5 Antrim Road,,Belfast,BT15 2BJ,Northern Ireland,['33140'],PODSTV,BT15,PODSTV|BT15
05441709,QL2 EUROPE LTD,active,ltd,2005-05-03,Third Floor One London Square,Cross Lanes,Guildford,GU1 1UN,United Kingdom,['62090'],QL2EUROPE,GU1,QL2EUROPE|GU1
10157712,REGINALD COOPLAND LIMITED,active,ltd,2016-04-30,37 Flanderwell Lane Bramley,,Rotherham,S66 3QW,England,['43320'],REGINALDCOOPLAND,S66,REGINALDCOOPLAND|S66
10747819,CB ODDIE LTD,active,ltd,2017-05-02,Odd One Out,28 Mersea Road,Colchester,CO2 7ET,England,['56302'],CBODDIE,CO2,CBODDIE|CO2
12403698,CARMARTHEN ASSETS LIMITED,active,ltd,2020-01-14,Cambrian House,Cambrian Place,Swansea,SA1 1RH,Wales,['68100'],CARMARTHENASSETS,SA1,CARMARTHENASSETS|SA1
12457947,MUNCHBOX 1066 LIMITED,active,ltd,2020-02-12,75 Pinders Road,,Hastings,TN35 5HE,England,"['56103', '56290']",MUNCHBOX1066,TN35,MUNCHBOX1066|TN35
12402299,HARLEY-JAMES ELECTRICAL SERVICES LTD,active,ltd,2020-01-14,103 Hurst Street,,Oxford,OX4 1HE,England,['43210'],HARLEYJAMESELECTRICAL,OX4,HARLEYJAMESELECTRICAL|OX4
12485299,MP DEVELOPMENTS (BILSTON) LIMITED,active,ltd,2020-02-26,Sterling House,"71 Francis Road, Edgbaston,",Birmingham,B16 8SP,United Kingdom,['41100'],MPDEVELOPMENTSBILSTON,B16,MPDEVELOPMENTSBILSTON|B16
12484238,MAKE THIS HAPPEN LTD,active,ltd,2020-02-26,Pooh Corner,Dimmocks Lane,Sarratt,WD3 6AP,United Kingdom,['96090'],MAKETHISHAPPEN,WD3,MAKETHISHAPPEN|WD3
NI656731,SPRINGHILL TRADING (IRELAND) LIMITED,active,ltd,2018-10-30,6 Rock Road,Moneymore,Magherafelt,BT45 7XQ,Northern Ireland,"['49410', '77320']",SPRINGHILLTRADINGIRELAND,BT45,SPRINGHILLTRADINGIRELAND|BT45
12487090,RVR AUTO GROUP LIMITED T/A RANDYS VEHICLE RECOVERY LTD,active,ltd,2020-02-27,483 Green Lanes,,London,N13 4BS,United Kingdom,['45200'],RVRAUTOGROUPLIMITEDTARANDYSVEHICLERECOVERY,N13,RVRAUTOGROUPLIMITEDTARANDYSVEHICLERECOVERY|N13
12409340,MASSIMO 5 LIMITED,active,ltd,2020-01-17,15 Birklands Road,,Shipley,BD18 3BY,England,['45112'],MASSIMO5,BD18,MASSIMO5|BD18
04987476,MICHAEL MCKELL LIMITED,active,ltd,2003-12-08,"Chapel Cottage, 5/7 Head Street",Goldhanger,Maldon,CM9 8AY,,['90010'],MICHAELMCKELL,CM9,MICHAELMCKELL|CM9
07880450,SLICKSHOOT LIMITED,active,ltd,2011-12-13,18a Bridge Street,,Morpeth,NE61 1NB,,"['59111', '59120']",SLICKSHOOT,NE61,SLICKSHOOT|NE61
12401868,MA MIA'S LTD,active,ltd,2020-01-14,"C/O The Accounting Practice Ltd 2nd Floor, 2 Alexandra Terrace",Alexandra Road,Aldershot,GU11 3HU,England,"['56101', '56102', '56103', '56290']",MAMIAS,GU11,MAMIAS|GU11
12483313,S C GROUNDS MAINTENANCE LTD,active,ltd,2020-02-26,40 St. Thomas Way,Hawksyard,Rugeley,WS15 1GZ,England,['96090'],SCGROUNDSMAINTENANCE,WS15,SCGROUNDSMAINTENANCE|WS15
NI650395,BITRONIX CRYPTOWORKS LIMITED,active,ltd,2018-01-19,6 Coronation Road,,Carrickfergus,BT38 7EX,United Kingdom,['99999'],BITRONIXCRYPTOWORKS,BT38,BITRONIXCRYPTOWORKS|BT38
NI645731,IKOLO LIMITED,active,ltd,2017-05-12,2nd Floor 15 Gray's Hill,,Bangor,BT20 3BB,Northern Ireland,['73110'],IKOLO,BT20,IKOLO|BT20
12379807,HECKINGTON PAVILION LIMITED,active,ltd,2019-12-30,6-8 Freeman Street,,Grimsby,DN32 7AA,England,['88990'],HECKINGTONPAVILION,DN32,HECKINGTONPAVILION|DN32
12490286,A J DUNLOP CONSULTING LIMITED,active,ltd,2020-02-28,27 Church Lane,Tydd St. Giles,Wisbech,PE13 5LX,England,['70229'],AJDUNLOPCONSULTING,PE13,AJDUNLOPCONSULTING|PE13
12437873,INVESTIFY LTD,active,ltd,2020-02-03,9 Howard Road,Howard Road,Ilford,IG1 2EX,England,"['66110', '68100', '85590']",INVESTIFY,IG1,INVESTIFY|IG1
09242407,LEX LEGAL LTD,active,ltd,2014-09-30,42 Upper Berkeley Street,Meridien House,London,W1H 5PW,England,"['69109', '70100', '96090']",LEXLEGAL,W1H,LEXLEGAL|W1H
12432322,TURANTEKIN LTD,active,ltd,2020-01-29,7 Coronation Road,Dephna House,London,NW10 7PQ,United Kingdom,['47910'],TURANTEKIN,NW10,TURANTEKIN|NW10
12426993,WE CAN DESIGN GROUP LTD,active,ltd,2020-01-27,37 Rose Hill,,Oxford,OX4 4JP,England,"['63120', '74100']",WECANDESIGN,OX4,WECANDESIGN|OX4
11591725,ATC PLUMBING AND HEATING LTD,active,ltd,2018-09-27,7 Fountain Square,Barrowford,Nelson,BB9 6EJ,England,['43220'],ATCPLUMBINGANDHEATING,BB9,ATCPLUMBINGANDHEATING|BB9
08630754,FINISHING TOUCHES ETC LIMITED,active,ltd,2013-07-30,4 Murtwell Drive,,Chigwell,IG7 5ED,,['96090'],FINISHINGTOUCHESETC,IG7,FINISHINGTOUCHESETC|IG7
10938999,TREW HOLDINGS LTD,active,ltd,2017-08-30,4 Low Moor Road,,Lincoln,LN6 3JY,United Kingdom,['68100'],TREW,LN6,TREW|LN6
09911311,ANGEL CLEANING & MAINTENANCE LIMITED,active,ltd,2015-12-10,33 Camberwell Road,,London,SE5 0EZ,England,['81210'],ANGELCLEANINGANDMAINTENANCE,SE5,ANGELCLEANINGANDMAINTENANCE|SE5
03192624,PRINCES MANSIONS MANAGEMENT COMPANY LIMITED,active,ltd,1996-04-30,19 Princes Mansions,Harefield Road,Uxbridge,UB8 1PH,,['98000'],PRINCESMANSIONSMANAGEMENTCOMPANY,UB8,PRINCESMANSIONSMANAGEMENTCOMPANY|UB8
10652950,OPES MARKETING CONSULTANCY LIMITED,active,ltd,2017-03-06,91-93 Windsor Road,Prestwich,Manchester,M25 0DB,United Kingdom,['73200'],OPESMARKETINGCONSULTANCY,M25,OPESMARKETINGCONSULTANCY|M25
09165564,UNS PROPERTIES LTD,active,ltd,2014-08-07,16 Park Road,,Ilford,IG1 1SD,,['68100'],UNSPROPERTIES,IG1,UNSPROPERTIES|IG1
07725608,LANDWISE RURAL RESOURCE MANAGEMENT LIMITED,active,ltd,2011-08-02,Suite 204 Warner House 123 Castle Street,,Salisbury,SP1 3TB,England,['70229'],LANDWISERURALRESOURCEMANAGEMENT,SP1,LANDWISERURALRESOURCEMANAGEMENT|SP1
12677468,OREGANO LEAF PIZZERIA (TW) LTD,active,ltd,2020-06-17,Liberty House,30 Whitchurch Lane,Edgware,HA8 6LE,England,['56103'],OREGANOLEAFPIZZERIATW,HA8,OREGANOLEAFPIZZERIATW|HA8
11124259,TOPRAK CATERING LTD,active,ltd,2017-12-22,166 Hoe Street,Walthamstow,London,E17 4QH,England,['56101'],TOPRAKCATERING,E17,TOPRAKCATERING|E17
05103928,MING DESIGNS LIMITED,active,ltd,2004-04-16,32 Grosvenor Gardens,,London,SW1W 0DH,,['47990'],MINGDESIGNS,SW1W,MINGDESIGNS|SW1W
11826595,ESSEX ADVERTISING SERVICES LTD,active,ltd,2019-02-14,181-183 Station Lane,,Hornchurch,RM12 6LL,United Kingdom,['73110'],ESSEXADVERTISING,RM12,ESSEXADVERTISING|RM12
12428953,CHERRY CATERING LTD,active,ltd,2020-01-28,The Queens Head,54 Ely Street,Stratford-Upon-Avon,CV37 6LN,England,"['56101', '56103', '56210', '56290']",CHERRYCATERING,CV37,CHERRYCATERING|CV37
12439146,STAY SAFE SCAFFOLDING LTD,active,ltd,2020-02-03,5 Beauchamp Court,Victors Way,Barnet,EN5 5TZ,England,"['43991', '43999']",STAYSAFESCAFFOLDING,EN5,STAYSAFESCAFFOLDING|EN5
12414898,DREAMSCAPE AND MAINTENANCE LTD,active,ltd,2020-01-20,40 Oakmere Lane,,Potters Bar,EN6 5LT,England,['81300'],DREAMSCAPEANDMAINTENANCE,EN6,DREAMSCAPEANDMAINTENANCE|EN6
12432721,MICROHARD COMMUNICATIONS LIMITED,active,ltd,2020-01-29,35 Station Road,,Edgware,HA8 7HX,England,['47910'],MICROHARDCOMMUNICATIONS,HA8,MICROHARDCOMMUNICATIONS|HA8
09296015,TANNYA LIMITED,active,ltd,2014-11-05,74 Vellan Avenue,Fishermead,Milton Keynes,MK6 2SW,England,['86900'],TANNYA,MK6,TANNYA|MK6
11446142,APEX FITNESS AND PERFORMANCE LIMITED,active,ltd,2018-07-03,11446142: COMPANIES HOUSE DEFAULT ADDRESS,,Cardiff,CF14 8LH,,['86900'],APEXFITNESSANDPERFORMANCE,CF14,APEXFITNESSANDPERFORMANCE|CF14
12430218,JANEART UK LIMITED,active,ltd,2020-01-28,Unit 8 Holles House,,London,SW9 7AP,England,['46180'],JANEART,SW9,JANEART|SW9
05256769,NORDIC GEOTHERMAL LIMITED,active,ltd,2004-10-12,Carleton House 266-268 Stratford Road,Shirley,Solihull,B90 3AD,,['82990'],NORDICGEOTHERMAL,B90,NORDICGEOTHERMAL|B90
09155390,THELO LTD,active,ltd,2014-07-31,99 Issigonis House Cowley Road,,London,W3 7UN,,['56290'],THELO,W3,THELO|W3
10108876,LAJ ELECTRICAL LIMITED,active,ltd,2016-04-07,Flat 1 Temple Street,,Llandrindod Wells,LD1 5HF,Wales,['43210'],LAJELECTRICAL,LD1,LAJELECTRICAL|LD1
11990856,BLUE SKY MEDICAL LIMITED,active,ltd,2019-05-13,Units 3-4 Coppen Road,,Dagenham,RM8 1HJ,England,['86220'],BLUESKYMEDICAL,RM8,BLUESKYMEDICAL|RM8
12411405,JUNGLE FILM SPV LTD,active,ltd,2020-01-20,Unit 4 Waterhouse,8 Orsman Road,London,N1 5QJ,,['59111'],JUNGLEFILMSPV,N1,JUNGLEFILMSPV|N1
10735121,NEVADA INVESTMENTS 7 LIMITED,active,ltd,2017-04-21,2 Minster Court,Mincing Lane,London,EC3R 7PD,United Kingdom,['64209'],NEVADAINVESTMENTS7,EC3R,NEVADAINVESTMENTS7|EC3R
08642130,AGC IT LTD,active,ltd,2013-08-07,20 North Lane,,Canterbury,CT2 7PG,England,['62020'],AGCIT,CT2,AGCIT|CT2
10661273,MOLD CAR WASH LIMITED,active,ltd,2017-03-09,"76,78 Smithdown Road",,Liverpool,L7 4JQ,England,['96090'],MOLDCARWASH,L7,MOLDCARWASH|L7
06937286,DELPHINIUM PARTNERS LIMITED,active,ltd,2009-06-18,Rivendell,Faircrouch Lane,Wadhurst,TN5 6PN,England,['82990'],DELPHINIUMPARTNERS,TN5,DELPHINIUMPARTNERS|TN5
11943295,HASTING CATERING SERVICES LTD,active,ltd,2019-04-12,68 Mount Pleasant Road,,Hastings,TN34 3SN,England,['56103'],HASTINGCATERING,TN34,HASTINGCATERING|TN34
12414290,FIREFLY TIPIS & EVENTS LTD,active,ltd,2020-01-20,Fir Tree Barn Low Road,Carleton Forehoe,Norwich,NR9 4AP,England,['77210'],FIREFLYTIPISANDEVENTS,NR9,FIREFLYTIPISANDEVENTS|NR9
09798803,MANDY OAKLEY DESIGNS LIMITED,active,ltd,2015-09-29,First Floor,39 High Street,Billericay,CM12 9BA,England,"['46499', '74100']",MANDYOAKLEYDESIGNS,CM12,MANDYOAKLEYDESIGNS|CM12
11601529,I V WASTE GROUP LTD,active,ltd,2018-10-03,30 South Island Place,,London,SW9 0DX,,['96090'],IVWASTE,SW9,IVWASTE|SW9
05129149,TAILORED CARPETS LIMITED,active,ltd,2004-05-17,76c Davyhulme Road,Urmston,Manchester,M41 7DN,England,['81299'],TAILOREDCARPETS,M41,TAILOREDCARPETS|M41
11508952,J WHITE PROPERTIES LTD,active,ltd,2018-08-09,Moreton House,31 High Street,Buckingham,MK18 1NU,England,['68100'],JWHITEPROPERTIES,MK18,JWHITEPROPERTIES|MK18
12438470,EPHRATAH HEALTH LIMITED,active,ltd,2020-02-03,82 Stanton House Coxhill Way,,Aylesbury,HP21 8FQ,England,['78200'],EPHRATAHHEALTH,HP21,EPHRATAHHEALTH|HP21
08534121,ENG2SEA LTD,active,ltd,2013-05-17,08534121 - COMPANIES HOUSE DEFAULT ADDRESS,,Cardiff,CF14 8LH,,['71121'],ENG2SEA,CF14,ENG2SEA|CF14
10890943,FABB DOMESTIC AND COMMERCIAL SERVICES LIMITED,active,ltd,2017-07-31,10890943: COMPANIES HOUSE DEFAULT ADDRESS,,Cardiff,CF14 8LH,,['94110'],FABBDOMESTICANDCOMMERCIAL,CF14,FABBDOMESTICANDCOMMERCIAL|CF14
03851089,ACORN DEVELOPMENTS (KENDAL) LIMITED,active,ltd,1999-09-30,Kendal Autobody Limited,Shap Road Industrial Estate,Kendal,LA9 6NZ,England,['41100'],ACORNDEVELOPMENTSKENDAL,LA9,ACORNDEVELOPMENTSKENDAL|LA9
11700135,AUTO ASSIST PLUS LTD,active,ltd,2018-11-27,52 Alexandra Road,Suite 115,Enfield,EN3 7EH,England,"['43210', '45200', '45320']",AUTOASSISTPLUS,EN3,AUTOASSISTPLUS|EN3
11816017,R P PROCESSING LTD,active,ltd,2019-02-08,4-12 Russel Square,,Leicester,LE1 2DS,England,['25990'],RPPROCESSING,LE1,RPPROCESSING|LE1
07957008,PHIL COMBS DESIGN MANAGEMENT LIMITED,active,ltd,2012-02-20,4 Farleigh Lane,,Maidstone,ME16 9AY,,['82990'],PHILCOMBSDESIGNMANAGEMENT,ME16,PHILCOMBSDESIGNMANAGEMENT|ME16
12438522,RELIEF REMOVALS & CLEARANCE LTD,active,ltd,2020-02-03,International House,12 Constance Street,London,E16 2DQ,United Kingdom,['49420'],RELIEFREMOVALSANDCLEARANCE,E16,RELIEFREMOVALSANDCLEARANCE|E16
08646533,DIASPORA FREIGHT SERVICES LTD,active,ltd,2013-08-12,248 Countess Way,Broughton,Milton Keynes,MK10 7EW,England,['49410'],DIASPORAFREIGHT,MK10,DIASPORAFREIGHT|MK10
11600249,TASTE RIGHT LIMITED,active,ltd,2018-10-02,Flat 12 Merrow Court,Phipps Bridge Rd,Mitcham Surrey,CR4 3PN,,['56210'],TASTERIGHT,CR4,TASTERIGHT|CR4
12429524,AADO SERVICES LIMITED,active,ltd,2020-01-28,Flat 2 33 Campshill Road,,London,SE13 6QU,England,"['41202', '43341', '81222']",AADO,SE13,AADO|SE13
11754700,EVERYTHING TECHNO LTD,active,ltd,2019-01-08,20-22 Wenlock Road,,London,N1 7GU,England,"['47410', '47421', '47429', '47430']",EVERYTHINGTECHNO,N1,EVERYTHINGTECHNO|N1
11530701,LA SORORITÉ LTD,active,ltd,2018-08-22,Edgemere Stables Edge Green Lane,Edge,Malpas,SY14 8LG,England,['47710'],LASORORITE,SY14,LASORORITE|SY14
11219154,PORK PEDDLER LTD,active,ltd,2018-02-22,15 Cromwell Road,,Malvern,WR14 1NA,England,"['47290', '47990', '56103', '56210']",PORKPEDDLER,WR14,PORKPEDDLER|WR14
10919691,N & Y FACILITIES LTD,active,ltd,2017-08-16,Coleridge House,5-7a Park Street,Slough,SL1 1PE,England,['47910'],NANDYFACILITIES,SL1,NANDYFACILITIES|SL1
12409170,M&N WELDON SUPERMARKET LIMITED,active,ltd,2020-01-17,4 High Street,Weldon,Corby,NN17 3JJ,England,['47110'],MANDNWELDONSUPERMARKET,NN17,MANDNWELDONSUPERMARKET|NN17
12436083,ASSET GROVE PROPERTIES LTD,active,ltd,2020-01-31,1 Mychell House,Pincott Road,London,SW19 2NN,England,['41100'],ASSETGROVEPROPERTIES,SW19,ASSETGROVEPROPERTIES|SW19
11711821,BOSAL ENTERPRISES LIMITED,active,ltd,2018-12-05,11711821: COMPANIES HOUSE DEFAULT ADDRESS,,Cardiff,CF14 8LH,,['96090'],BOSALENTERPRISES,CF14,BOSALENTERPRISES|CF14
12426554,NSZ LEGAL CONSULTANCY LTD,active,ltd,2020-01-27,"Office 316, Imperial Chambers 10-17 Seven Ways Parade","Woodford Avenue, Gants Hill",Ilford,IG2 6JX,United Kingdom,['69109'],NSZLEGALCONSULTANCY,IG2,NSZLEGALCONSULTANCY|IG2
11934947,STERLING MEDIA HOLDINGS LTD,active,ltd,2019-04-09,11934947 - COMPANIES HOUSE DEFAULT ADDRESS,,Cardiff,CF14 8LH,,['59113'],STERLINGMEDIA,CF14,STERLINGMEDIA|CF14
11342484,SIX POINT BLUE TRADING LIMITED,active,ltd,2018-05-02,Churchill House,137-139 Brent Street,London,NW4 4DJ,England,['47910'],SIXPOINTBLUETRADING,NW4,SIXPOINTBLUETRADING|NW4
03379517,TREVOR JONES BRASS & WOODWIND LIMITED,active,ltd,1997-06-02,13 Christmas Steps,Bristol,,BS1 5BS,,['47591'],TREVORJONESBRASSANDWOODWIND,BS1,TREVORJONESBRASSANDWOODWIND|BS1
02598089,STRINGER LIMITED,active,ltd,1991-04-04,151-161 Tunnel Avenue,Greenwich Peninsula,London,SE10 0PW,,['25990'],STRINGER,SE10,STRINGER|SE10
11550186,TEMDEM LIMITED,active,ltd,2018-09-03,"1st Floor North Westgate House, The High,",,"Harlow,",CM20 1YS,England,"['68100', '68209']",TEMDEM,CM20,TEMDEM|CM20
07233543,TRAFALGAR MEDIA SERVICES LIMITED,active,ltd,2010-04-23,Enterprise House,Harmire Enterprise Park,Barnard Castle,DL12 8XT,England,['58190'],TRAFALGARMEDIA,DL12,TRAFALGARMEDIA|DL12
11894514,ID NETWORK LTD,active,ltd,2019-03-20,10 Cliff Parade,,Wakefield,WF1 2TA,England,"['62030', '62090', '63110', '63120']",IDNETWORK,WF1,IDNETWORK|WF1
11003969,STEAM CLEAN YOUR CARPET LIMITED,active,ltd,2017-10-10,4 Alderton Crescent,,London,NW4 3XT,United Kingdom,['81210'],STEAMCLEANYOURCARPET,NW4,STEAMCLEANYOURCARPET|NW4
11852129,W CARWASH LTD,active,ltd,2019-02-28,Unit 1 Finway,,Luton,LU1 1TR,England,"['45112', '81299']",WCARWASH,LU1,WCARWASH|LU1
11917623,HCI GROUP OF COMPANIES LTD,active,ltd,2019-04-01,20-22 Wenlock Road,,London,N1 7GU,,"['64209', '70229']",HCIGROUPOFCOMPANIES,N1,HCIGROUPOFCOMPANIES|N1
11955919,BEYOURFOOD LTD,active,ltd,2019-04-20,Landlords Flat The Crown Inn,Upton,Andover,SP11 0JS,England,"['55100', '56302']",BEYOURFOOD,SP11,BEYOURFOOD|SP11
11934416,MY TRADE WARRIORS LIMITED,active,ltd,2019-04-09,C/O Pearl Accounting Limited Suite 1,116 Ballards Lane,Finchley,N3 2DN,United Kingdom,"['43290', '43390']",MYTRADEWARRIORS,N3,MYTRADEWARRIORS|N3
05188261,WARGRAVE NURSERY LIMITED,active,ltd,2004-07-23,"Wargrave Nursery New Bath Road,",Wargrave,Reading,RG10 8AL,,['99999'],WARGRAVENURSERY,RG10,WARGRAVENURSERY|RG10
11948906,C & G INNS (BRISTOL) LTD,active,ltd,2019-04-16,"C/O Steele Financial Ltd Orion House, Axis 4-5","Woodlands, Bradley Stoke",Bristol,BS32 4JT,England,['56302'],CANDGINNSBRISTOL,BS32,CANDGINNSBRISTOL|BS32
11947610,HARVEYSON CONSULT LTD,active,ltd,2019-04-15,Flat 1 7 Grosvenor Road,,Norwich,NR2 2PY,England,['82110'],HARVEYSONCONSULT,NR2,HARVEYSONCONSULT|NR2
11990071,WHITE MANSION LTD,active,ltd,2019-05-10,43 Berkeley Square,,London,W1J 5AP,,"['46900', '47990']",WHITEMANSION,W1J,WHITEMANSION|W1J
11928306,CHURCH STUDIO LIMITED,active,ltd,2019-04-05,16 Malvern Road,,Redditch,B97 5DH,United Kingdom,['90030'],CHURCHSTUDIO,B97,CHURCHSTUDIO|B97
11985944,MY TRAINING RESOURCES LTD,active,ltd,2019-05-09,23 Saxon Close,Northfleet,Gravesend,DA11 8HA,England,['70229'],MYTRAININGRESOURCES,DA11,MYTRAININGRESOURCES|DA11
11950825,GILBERT AL & SONS LTD,active,ltd,2019-04-17,38 Market Street,,Watford,WD18 0PY,England,['56102'],GILBERTALANDSONS,WD18,GILBERTALANDSONS|WD18
11980360,CHANIK LIMITED,active,ltd,2019-05-07,73 Old Place Road,,Norwich,NR2 4JW,England,['86900'],CHANIK,NR2,CHANIK|NR2
11975047,PMPMC SERVICES LTD,active,ltd,2019-05-02,62 Lowbrook Road,,Ilford,IG1 2HB,England,['41201'],PMPMC,IG1,PMPMC|IG1
11850376,RENEWABLES CONSULTANTS LIMITED,active,ltd,2019-02-27,27 Range View,Whitburn,Sunderland,SR6 7FA,England,['71122'],RENEWABLESCONSULTANTS,SR6,RENEWABLESCONSULTANTS|SR6
11918890,UKOETTE ENTERPRISE LIMITED,active,ltd,2019-04-01,98 Parkway,,Erith,DA18 4HH,United Kingdom,['86101'],UKOETTEENTERPRISE,DA18,UKOETTEENTERPRISE|DA18
11929419,TONISAVIO HAIR STUDIO LTD,active,ltd,2019-04-05,31 Princes Street,,Nuneaton,CV11 5NW,England,"['47820', '47890', '96020']",TONISAVIOHAIRSTUDIO,CV11,TONISAVIOHAIRSTUDIO|CV11
11957182,PRINCIPLES HOUSEKEEP AND CLEANING SERVICES LIMITED,active,ltd,2019-04-23,10 Livingstone House,Wyndham Road,London,SE5 0UY,United Kingdom,['81222'],PRINCIPLESHOUSEKEEPANDCLEANING,SE5,PRINCIPLESHOUSEKEEPANDCLEANING|SE5
11951779,LEAF TRADING LIMITED,active,ltd,2019-04-17,18 8 Lee Street,Flat 18,Leicester,LE1 3AT,England,"['46360', '46390', '46900', '47910']",LEAFTRADING,LE1,LEAFTRADING|LE1
11983460,KLM TYRES LTD,active,ltd,2019-05-08,76 Wellington Street,,Millom,LA18 4DQ,United Kingdom,['45200'],KLMTYRES,LA18,KLMTYRES|LA18
11989494,BASELINE LEEDS LTD,active,ltd,2019-05-10,612 Yarm Road,,Eaglescliffe,TS16 0DQ,,"['47640', '47710']",BASELINELEEDS,TS16,BASELINELEEDS|TS16
11935762,OTIS MANAGEMENT CONSULTANTS LTD,active,ltd,2019-04-09,"Jubilee House, Townsend Lane",,London,NW9 8TZ,England,['70229'],OTISMANAGEMENTCONSULTANTS,NW9,OTISMANAGEMENTCONSULTANTS|NW9
11972130,BURNHAM SPICE LTD,active,ltd,2019-05-01,Flat At The Queen Adelaide High Street,Blagdon,Bristol,BS40 7RA,England,['56101'],BURNHAMSPICE,BS40,BURNHAMSPICE|BS40
11884752,NFS(UK) LTD,active,ltd,2019-03-15,13 Stamford Close,,London,N15 4PX,England,['56103'],NFSUK,N15,NFSUK|N15
11937194,PB PAULA BEAUTY ACADEMY&AESTHETIC CLINIC LTD,active,ltd,2019-04-10,11 Bradshaw Street,,Northampton,NN1 2HL,England,['96020'],PBPAULABEAUTYACADEMYANDAESTHETICCLINIC,NN1,PBPAULABEAUTYACADEMYANDAESTHETICCLINIC|NN1
NI003804,THOMAS HUTCHINSON AND SONS LIMITED,active,ltd,1956-12-17,Druminard Mills,4 Ballygillen Road,Cookstown,BT80 0AL,Northern Ireland,['10910'],THOMASHUTCHINSONANDSONS,BT80,THOMASHUTCHINSONANDSONS|BT80
11986098,PP MARKETING & ADVERTISING LTD,active,ltd,2019-05-09,67 Fulmar Lane,,Wellingborough,NN8 4AF,England,['73110'],PPMARKETINGANDADVERTISING,NN8,PPMARKETINGANDADVERTISING|NN8
11963512,PREMEDICAL LIFELINE LTD,active,ltd,2019-04-25,International House,142 Cromwell Road,London,SW7 4EF,United Kingdom,['82990'],PREMEDICALLIFELINE,SW7,PREMEDICALLIFELINE|SW7
11932714,VIRETTI LTD,active,ltd,2019-04-08,38 Leopold Street,,Derby,DE1 2HF,England,"['62090', '71129', '96090']",VIRETTI,DE1,VIRETTI|DE1
11960023,SAFE MAINTENANCE BUILDING CONTRACTOR LTD,active,ltd,2019-04-24,124 Ashville Road,,London,E11 4DU,,"['41201', '81210', '81229']",SAFEMAINTENANCEBUILDINGCONTRACTOR,E11,SAFEMAINTENANCEBUILDINGCONTRACTOR|E11
11844896,MYVOUCHERS LIMITED,active,ltd,2019-02-25,Onega House,112 Main Road,Sidcup,DA14 6NE,United Kingdom,['82990'],MYVOUCHERS,DA14,MYVOUCHERS|DA14
11927804,EUROSTANDARD GROUP LTD,active,ltd,2019-04-05,Unit 7 7 Knightley Walk,,London,SW18 1HD,England,"['47190', '47910']",EUROSTANDARD,SW18,EUROSTANDARD|SW18
11949669,VICTORIA DECORATION LTD,active,ltd,2019-04-16,37 Swindon Lane,,Romford,RM3 9RJ,United Kingdom,['43999'],VICTORIADECORATION,RM3,VICTORIADECORATION|RM3
11988656,MS PROPERTY MANAGEMENT NE LTD,active,ltd,2019-05-10,22 Shellbark,,Houghton Le Spring,DH4 7TD,England,['68209'],MSPROPERTYMANAGEMENTNE,DH4,MSPROPERTYMANAGEMENTNE|DH4
11953461,CASE CONSTRUCTION ADVISORY LTD,active,ltd,2019-04-18,11953461: COMPANIES HOUSE DEFAULT ADDRESS,,Cardiff,CF14 8LH,,['43999'],CASECONSTRUCTIONADVISORY,CF14,CASECONSTRUCTIONADVISORY|CF14
11929843,CMSK LTD,active,ltd,2019-04-05,41 St Marks Cresent,Ladywood,Birmingham,B1 2PY,England,['56302'],CMSK,B1,CMSK|B1
11922941,CHEER TEAM CORPORATION LTD,active,ltd,2019-04-03,93 Littleworth Road,Downley,High Wycombe,HP13 5XA,England,['68320'],CHEERTEAMCORPORATION,HP13,CHEERTEAMCORPORATION|HP13
11942191,AUTO INTELLIGENCE LTD,active,ltd,2019-04-12,423b Southend Lane,,London,SE26 5BH,England,['71129'],AUTOINTELLIGENCE,SE26,AUTOINTELLIGENCE|SE26
11945494,SANDBROOK BEVERAGES LTD,active,ltd,2019-04-13,"Office 33 Flexspace, Lythgoe House,",,Bolton,BL3 2NZ,England,['56290'],SANDBROOKBEVERAGES,BL3,SANDBROOKBEVERAGES|BL3
11923073,DD IT SERVICES LTD,active,ltd,2019-04-03,Office 15 Ideal Offices,23a London Road,Peterborough,PE2 8AN,England,"['62020', '62030', '62090', '70221']",DDIT,PE2,DDIT|PE2
11861305,SOUTHCITY FOOD LTD,active,ltd,2019-03-05,262 Park Barn Parade,Southway,Guildford,GU2 8DY,England,"['46320', '46380', '47220', '47230']",SOUTHCITYFOOD,GU2,SOUTHCITYFOOD|GU2
11930134,PE FOR GROWNUPS LTD,active,ltd,2019-04-08,Almond Studios A301.1 Workspace The Biscuit Factory,,London,SE16 4DG,United Kingdom,['82990'],PEFORGROWNUPS,SE16,PEFORGROWNUPS|SE16
11970647,HOUSE OF ELEGANCE UK LTD,active,ltd,2019-04-30,300 St Mary's Road,Garston,Liverpool,L19 0NQ,England,['47910'],HOUSEOFELEGANCE,L19,HOUSEOFELEGANCE|L19
11977845,HOMAROMA LTD,active,ltd,2019-05-03,135a Shaw Road,,Oldham,OL1 3HZ,England,['20420'],HOMAROMA,OL1,HOMAROMA|OL1
11841256,MP MARANTOS LTD,active,ltd,2019-02-22,36c Birley Moor Road,,Sheffield,S12 4WD,United Kingdom,['56103'],MPMARANTOS,S12,MPMARANTOS|S12
08522524,UNI CYCLES (MIDLANDS) LIMITED,active,ltd,2013-05-09,Office 3 Ashby House,105 Ashby Road,Loughborough,LE11 3AB,United Kingdom,['47640'],UNICYCLESMIDLANDS,LE11,UNICYCLESMIDLANDS|LE11
11950661,ZAGY HAULIERS LIMITED,active,ltd,2019-04-17,16 Five Fields Close,,Watford,WD19 5BZ,England,['52103'],ZAGYHAULIERS,WD19,ZAGYHAULIERS|WD19
11180858,BELLS CONSULTING LIMITED,active,ltd,2018-01-31,11180858 - COMPANIES HOUSE DEFAULT ADDRESS,,Cardiff,CF14 8LH,,['96090'],BELLSCONSULTING,CF14,BELLSCONSULTING|CF14
11949197,KUMARAN TRADERS LTD,active,ltd,2019-04-16,14 Victoria Road,,Wellingborough,NN8 1HN,England,"['47110', '47190']",KUMARANTRADERS,NN8,KUMARANTRADERS|NN8
11982005,S G ELECTRICAL (MANCHESTER) LTD,active,ltd,2019-05-07,7 Japan Street,,Salford,M7 4HP,United Kingdom,['43210'],SGELECTRICALMANCHESTER,M7,SGELECTRICALMANCHESTER|M7
11951086,MAAHIS WREXHAM LTD,active,ltd,2019-04-17,A483 Ruabon By Pass,Ruabon,Wrexham,LL14 6YY,Wales,['56101'],MAAHISWREXHAM,LL14,MAAHISWREXHAM|LL14
11923692,HOLLOWAY BATHROOMS PLUMBING CONTRACTORS LIMITED,active,ltd,2019-04-03,The White House 19 Ash Street,Ash,Guildford,GU12 6LD,United Kingdom,"['43220', '46740']",HOLLOWAYBATHROOMSPLUMBINGCONTRACTORS,GU12,HOLLOWAYBATHROOMSPLUMBINGCONTRACTORS|GU12
11987435,RELIANCE CREATIONS LTD,active,ltd,2019-05-09,Flat 6 5 Heathfield Road,Handsworth,Birmingham,B19 1HA,England,['31090'],RELIANCECREATIONS,B19,RELIANCECREATIONS|B19
11851642,SOLAS COLLECTION LTD,active,ltd,2019-02-28,9 Lickey Rock,Marlbrook,Bromsgrove,B60 1HF,England,['82990'],SOLASCOLLECTION,B60,SOLASCOLLECTION|B60
11978006,ALEEN BEAUTY LTD,active,ltd,2019-05-03,24 Queensway,,London,W2 3RX,England,['96020'],ALEENBEAUTY,W2,ALEENBEAUTY|W2
11944899,TECHNOLOGISTKIWI LTD,active,ltd,2019-04-13,Apollo House Hallam Way,Whitehills Business Park,Blackpool,FY4 5FS,England,['62020'],TECHNOLOGISTKIWI,FY4,TECHNOLOGISTKIWI|FY4
11989587,LILBLUEPRINTS LTD,active,ltd,2019-05-10,18 18 Berkeley Waye,,Hounslow,TW5 9HL,England,['62020'],LILBLUEPRINTS,TW5,LILBLUEPRINTS|TW5
11973890,MOTAHUB LIMITED,active,ltd,2019-05-01,1a 1a Esperanto Way,,Newport,NP19 0RD,Wales,['45112'],MOTAHUB,NP19,MOTAHUB|NP19
11964971,INNOX KITCHENS & BATHROOMS LTD,active,ltd,2019-04-26,Richard Hall House Bridgnorth Road,Wombourne,Wolverhampton,WV5 0AF,England,['43220'],INNOXKITCHENSANDBATHROOMS,WV5,INNOXKITCHENSANDBATHROOMS|WV5
11981027,YG INVESTMENT GROUP LTD,active,ltd,2019-05-07,Rear Of 164 Doncaster Road,,Barnsley,S70 1UD,England,['96090'],YGINVESTMENT,S70,YGINVESTMENT|S70
07247456,CONSILLIUM LIMITED,active,ltd,2010-05-10,Annandale 224 London Road,Charlton Kings,Cheltenham,GL52 6HW,,['69102'],CONSILLIUM,GL52,CONSILLIUM|GL52
11972499,EAST LONDON COMPUTER SOLUTION LTD,active,ltd,2019-05-01,6 Storey House,Cottage Street,London,E14 0HE,England,"['74909', '82990']",EASTLONDONCOMPUTERSOLUTION,E14,EASTLONDONCOMPUTERSOLUTION|E14
11974831,ANSS LOCUMS LIMITED,active,ltd,2019-05-02,Eagle House,14 Queens Road,Coventry,CV1 3EG,England,['86210'],ANSSLOCUMS,CV1,ANSSLOCUMS|CV1
11992064,EXACT CLICK LIMITED,active,ltd,2019-05-13,365 High Road High Road,,London,N17 6QN,England,['47410'],EXACTCLICK,N17,EXACTCLICK|N17
11943221,GLOW EURO LTD,active,ltd,2019-04-12,23 Mornington Crescent,,London,NW1 7RG,United Kingdom,['96090'],GLOWEURO,NW1,GLOWEURO|NW1
12434325,PROGRESSIVE PURCHASING LTD,active,ltd,2020-01-30,2 Lockram Cottages Wokefield,Mortimer,Reading,RG7 3AR,England,['70229'],PROGRESSIVEPURCHASING,RG7,PROGRESSIVEPURCHASING|RG7
11962486,SELECT MOTORS DONCASTER LTD,active,ltd,2019-04-25,Unit 3 Springwell Garage,Springwell Lane,Doncaster,DN4 9AA,United Kingdom,"['45112', '45200']",SELECTMOTORSDONCASTER,DN4,SELECTMOTORSDONCASTER|DN4
11984302,KARTA SERVICES LTD,active,ltd,2019-05-08,129 Sandstone Road,,London,SE12 0UT,United Kingdom,"['41201', '41202']",KARTA,SE12,KARTA|SE12
11988977,NEW YORK EATERY LTD,active,ltd,2019-05-10,46 Houghton Place,,Bradford,BD1 3RG,England,['56102'],NEWYORKEATERY,BD1,NEWYORKEATERY|BD1
11878503,TRANCCLUB.ORG LTD,active,ltd,2019-03-13,Flat 1 11 North Crescent,,London,N3 3LL,England,['45112'],TRANCCLUBORG,N3,TRANCCLUBORG|N3
11935773,INTEGER DATA LIMITED,active,ltd,2019-04-09,3 Kendal Close,,Chester,CH2 2PR,United Kingdom,"['62020', '70229']",INTEGERDATA,CH2,INTEGERDATA|CH2
11991328,SWF (SUNDERLAND) LIMITED,active,ltd,2019-05-13,10 Hilltop Gardens New Silkworth,,Sunderland,SR3 2AS,United Kingdom,['43290'],SWFSUNDERLAND,SR3,SWFSUNDERLAND|SR3
SC342727,ERGON EQUINE LIMITED,active,ltd,2008-05-12,Estate Office,Whittingehame,Haddington,EH41 4QA,Scotland,['15120'],ERGONEQUINE,EH41,ERGONEQUINE|EH41
11984552,PP MUSIK LTD,active,ltd,2019-05-08,67 Fulmar Lane,,Wellingborough,NN8 4AF,United Kingdom,"['47630', '59200']",PPMUSIK,NN8,PPMUSIK|NN8
11930913,AC BUILDERS LTD,active,ltd,2019-04-08,1 Griffen Cottages The Heath,Appledore,Ashford,TN26 2AX,England,['41202'],ACBUILDERS,TN26,ACBUILDERS|TN26
11862268,S ROBLES LTD,active,ltd,2019-03-05,44 Cherry Tree Road,Cherry Tree Road,Hoddesdon,EN11 9JS,United Kingdom,['49410'],SROBLES,EN11,SROBLES|EN11
11935433,BEST ONE FLEETWOOD LIMITED,active,ltd,2019-04-09,93 Manor Road,,Fleetwood,FY7 7HY,England,['47110'],BESTONEFLEETWOOD,FY7,BESTONEFLEETWOOD|FY7
11943130,TIATC LTD,active,ltd,2019-04-12,20 St Catherines Court,Star Hill,Rochester,ME1 1GA,England,['70229'],TIATC,ME1,TIATC|ME1
11986209,SPACE FORMATION LTD,active,ltd,2019-05-09,43 Devonshire Road,,London,NW7 1NE,England,['43390'],SPACEFORMATION,NW7,SPACEFORMATION|NW7
11940462,GUISBOROUGH DEVELOPMENT LIMITED,active,ltd,2019-04-11,19 Brantingham Drive,Ingleby Barwick,Stockton-On-Tees,TS17 5LS,England,['41202'],GUISBOROUGHDEVELOPMENT,TS17,GUISBOROUGHDEVELOPMENT|TS17
11932046,ELITE MOVING SPECIALISTS LTD,active,ltd,2019-04-08,15 Clifton Road,,Gillingham,ME7 1NA,England,['49420'],ELITEMOVINGSPECIALISTS,ME7,ELITEMOVINGSPECIALISTS|ME7
11959805,REBELZ CUTZ LIMITED,active,ltd,2019-04-24,21-22 Great Castle St,,London,W1G 0HZ,England,['96020'],REBELZCUTZ,W1G,REBELZCUTZ|W1G
11973424,KIXX PETERBOROUGH LIMITED,active,ltd,2019-05-01,12 Meadow Road,Dunston,Lincoln,LN4 2EF,England,['85510'],KIXXPETERBOROUGH,LN4,KIXXPETERBOROUGH|LN4
11989135,AK JEWELERS AND WATCHES LTD,active,ltd,2019-05-10,61 Cranbrook Road Cranbrook House Suit 9,2nd Floor,Ilford,IG1 4PG,England,"['46480', '46720']",AKJEWELERSANDWATCHES,IG1,AKJEWELERSANDWATCHES|IG1
10969223,CATER CARE GROUP SERVICES LIMITED,active,ltd,2017-09-18,"Unit 14, Sterling Complex",Farthing Road Industrial Estate,Ipswich,IP1 5AP,United Kingdom,"['33190', '33200']",CATERCARE,IP1,CATERCARE|IP1
07628450,REMARKABLE TUTORING LTD,active,ltd,2011-05-10,27a Bancroft,,Hitchin,SG5 1JW,,['85600'],REMARKABLETUTORING,SG5,REMARKABLETUTORING|SG5
11925416,ND PLUMBING SERVICES LIMITED,active,ltd,2019-04-04,48 Firsway,,Whitchurch,RG28 7HD,England,['43220'],NDPLUMBING,RG28,NDPLUMBING|RG28
11948590,IVANOV & SONS LOGISTICS LTD,active,ltd,2019-04-16,182 Hathaway Road,,Grays,RM17 5LJ,England,['49410'],IVANOVANDSONSLOGISTICS,RM17,IVANOVANDSONSLOGISTICS|RM17
11878456,ITALO BALCANIC LIMITED,active,ltd,2019-03-13,4 East Laith Gate,,Doncaster,DN1 1HZ,United Kingdom,"['56101', '56103']",ITALOBALCANIC,DN1,ITALOBALCANIC|DN1
11927450,LOVE FREEDOM GROUP LTD,active,ltd,2019-04-05,11927450 - COMPANIES HOUSE DEFAULT ADDRESS,,Cardiff,CF14 8LH,,"['68209', '68310', '68320', '98000']",LOVEFREEDOM,CF14,LOVEFREEDOM|CF14
11973469,KISAKYE CARE LIMITED,active,ltd,2019-05-01,17 Pointer Close Pointer Close,,London,SE28 8PN,England,"['86102', '86900', '87200', '88910']",KISAKYECARE,SE28,KISAKYECARE|SE28
11960446,MOBILE GURU (INT) LTD,active,ltd,2019-04-24,90 High Street,,King's Lynn,PE30 1BL,England,"['47421', '47429']",MOBILEGURUINT,PE30,MOBILEGURUINT|PE30
07852961,T2 PROJECTS SUBCO LTD,active,ltd,2011-11-18,C/O Caat Advisory Ltd Studio 19a Oru Space Sutton,7 Throwley Way,Sutton,SM1 4AF,,['71111'],T2PROJECTSSUBCO,SM1,T2PROJECTSSUBCO|SM1
11954590,LC CONVEYANCING SERVICES LTD,active,ltd,2019-04-18,Ivy Business Centre Lc Conveyancing Services Ltd,"Ivy Business Centre, Regal Suite 1.2, Crown Street",Manchester,M35 9BG,United Kingdom,['82990'],LCCONVEYANCING,M35,LCCONVEYANCING|M35
11968239,L&S TRANS LTD,active,ltd,2019-04-29,26 South View Road,,Peterborough,PE4 6AG,England,['49410'],LANDSTRANS,PE4,LANDSTRANS|PE4
11934003,BAUHAUS CRAFTS LTD,active,ltd,2019-04-09,"Office 10, 15a Market Street",Oakengates,Telford,TF2 6EL,England,"['16230', '31010', '31090', '41202']",BAUHAUSCRAFTS,TF2,BAUHAUSCRAFTS|TF2
11935148,STEFID LTD,active,ltd,2019-04-09,Tattersall House 23 E,Castle Road,Boston,PE21 9QQ,England,['86101'],STEFID,PE21,STEFID|PE21
11967116,M CAN BUILDERS LTD,active,ltd,2019-04-29,184 Holly Park Estate,,London,N4 4BN,England,['43390'],MCANBUILDERS,N4,MCANBUILDERS|N4
11985314,CLC COMPLIANCE SERVICES LIMITED,active,ltd,2019-05-08,Flat 93 Nankeville Court,Guildford Road,Woking,GU22 7RF,England,['70229'],CLCCOMPLIANCE,GU22,CLCCOMPLIANCE|GU22
11978447,VAGRIS LTD,active,ltd,2019-05-03,135 Hamilton Road,,Felixstowe,IP11 7BL,England,['49410'],VAGRIS,IP11,VAGRIS|IP11
11988761,AJ FINANCE & LOGISTICS LTD,active,ltd,2019-05-10,11988761 - COMPANIES HOUSE DEFAULT ADDRESS,,Cardiff,CF14 8LH,,['64205'],AJFINANCEANDLOGISTICS,CF14,AJFINANCEANDLOGISTICS|CF14
11917943,MULTISKILLED DRYLINING LTD,active,ltd,2019-04-01,7a Gordon Road,,Ilford,IG1 1SP,England,['43999'],MULTISKILLEDDRYLINING,IG1,MULTISKILLEDDRYLINING|IG1
11963090,SBH 1B LIMITED,active,ltd,2019-04-25,1b Court Lane,,Skipton,BD23 1DD,England,['56101'],SBH1B,BD23,SBH1B|BD23
11966140,CRAIG STONE PROPERTY LTD,active,ltd,2019-04-26,32 Great Jones Street,,Manchester,M12 5NX,England,"['68100', '68209', '68310', '68320']",CRAIGSTONEPROPERTY,M12,CRAIGSTONEPROPERTY|M12
11968127,ONE WINDOW BUSINESS SOLUTION LTD,active,ltd,2019-04-29,"Suit 17, Marshall House",124 Middleton Road,Morden,SM4 6RW,England,"['73200', '96090']",ONEWINDOWBUSINESSSOLUTION,SM4,ONEWINDOWBUSINESSSOLUTION|SM4
11933125,SUCCESS AND CHIMAMANDA ULTRASOUND SERVICE LIMITED,active,ltd,2019-04-08,26 Malcolm Court Lower Vauxhall,,Wolverhampton,WV1 4SS,England,['78109'],SUCCESSANDCHIMAMANDAULTRASOUNDSERVICE,WV1,SUCCESSANDCHIMAMANDAULTRASOUNDSERVICE|WV1
11940653,E-GUARANTEED LIMITED,active,ltd,2019-04-11,617 Romford Road,Manor Park,London,E12 5AD,England,['46520'],EGUARANTEED,E12,EGUARANTEED|E12
11853177,SWEET INTERIORS LTD,active,ltd,2019-02-28,22 Chatsworth Road,,London,E5 0LP,United Kingdom,['47791'],SWEETINTERIORS,E5,SWEETINTERIORS|E5
11924371,ASKER LIMITED,active,ltd,2019-04-03,68 Prince Of Wales Road,,Norwich,NR1 1LT,England,['56103'],ASKER,NR1,ASKER|NR1
11956401,BENGAL COTTAGE LTD,active,ltd,2019-04-20,Bengal Cottage Ltd Great North Road,Micklefield,Leeds,LS25 4AQ,England,['56103'],BENGALCOTTAGE,LS25,BENGALCOTTAGE|LS25
09011821,CRYSTALSIGHT LIMITED,active,ltd,2014-04-25,16 Laceby Avenue,,Oldham,OL8 1QF,,['86900'],CRYSTALSIGHT,OL8,CRYSTALSIGHT|OL8
11829253,DABETH JAMES CONSULTING LIMITED,active,ltd,2019-02-15,26 Woodhill Close,Middleton,Manchester,M24 5SL,England,['82990'],DABETHJAMESCONSULTING,M24,DABETHJAMESCONSULTING|M24
07253198,CANTERBURY LOCAL LINK LIMITED,active,ltd,2010-05-13,The Shrubbery Felderland Lane,Worth,Deal,CT14 0BT,,['68209'],CANTERBURYLOCALLINK,CT14,CANTERBURYLOCALLINK|CT14
11424852,TYREWISE NORTHWICH LTD,active,ltd,2018-06-20,Unit 1 Canal Walk,Rudheath,Northwich,CW9 7XP,United Kingdom,['47190'],TYREWISENORTHWICH,CW9,TYREWISENORTHWICH|CW9
08449561,ROBERTS CONTRACTING LTD,active,ltd,2013-03-18,18 St. Marys Crescent,Ruddington,Nottingham,NG11 6FQ,,['43210'],ROBERTSCONTRACTING,NG11,ROBERTSCONTRACTING|NG11
01504408,SEBO (U.K.) LIMITED,active,ltd,1980-06-27,"Unit One,The Merlin Centre",Cressex Business Park,"High Wycombe,Buckinghamshire",HP12 3QL,,['46439'],SEBOUK,HP12,SEBOUK|HP12
10130771,NG ACCOUNTING & PAYROLL LTD,active,ltd,2016-04-18,19 Pontymason Rise,Rogerstone,Newport,NP10 9GJ,United Kingdom,"['69201', '69202']",NGACCOUNTINGANDPAYROLL,NP10,NGACCOUNTINGANDPAYROLL|NP10
03549183,31 WOODVILLE GARDENS LIMITED,active,ltd,1998-04-20,82 Chertsey Road,Chobham,Woking,GU24 8PJ,,['68320'],31WOODVILLEGARDENS,GU24,31WOODVILLEGARDENS|GU24
12594642,44-MEDIA LTD,active,ltd,2020-05-11,"Suite 23, 63-66 Hatton Garden, London Hatton Garden",,London,EC1N 8LE,England,['47789'],44MEDIA,EC1N,44MEDIA|EC1N
11380071,MATTHEW FOX COACHING AND THERAPY SERVICES LIMITED,active,ltd,2018-05-24,34 Boulevard,,Weston-Super-Mare,BS23 1NF,United Kingdom,['86900'],MATTHEWFOXCOACHINGANDTHERAPY,BS23,MATTHEWFOXCOACHINGANDTHERAPY|BS23
11324336,S.TAYLOR LOGISTICS CONSULTING LTD,active,ltd,2018-04-23,5 Coxwold View,,Wetherby,LS22 7PU,United Kingdom,['70229'],STAYLORLOGISTICSCONSULTING,LS22,STAYLORLOGISTICSCONSULTING|LS22
12979654,DYNAMIC CONSULTANCY SPECIALISTS LIMITED,active,ltd,2020-10-28,32 Highfield Road,Saxilby,Lincoln,LN1 2QP,England,['70210'],DYNAMICCONSULTANCYSPECIALISTS,LN1,DYNAMICCONSULTANCYSPECIALISTS|LN1
10786759,CALCULUS8 LTD,active,ltd,2017-05-24,338 Old York Road,,London,SW18 1SS,United Kingdom,['63990'],CALCULUS8,SW18,CALCULUS8|SW18
10575180,YNAP MIDDLE EAST HOLDING LIMITED,active,ltd,2017-01-20,1 The Village Offices,Westfield Ariel Way,London,W12 7GF,United Kingdom,['47910'],YNAPMIDDLEEAST,W12,YNAPMIDDLEEAST|W12
SC376359,MG PROPERTY & INVESTMENTS LIMITED,active,ltd,2010-04-07,2 Fitzroy Place,Sauchihall Street,Glasgow,G3 7RH,Scotland,['68209'],MGPROPERTYANDINVESTMENTS,G3,MGPROPERTYANDINVESTMENTS|G3
10498532,SUGARFLAIR GROUP LIMITED,active,ltd,2016-11-25,2a Armstrong Road,Manor Trading Estate,Benfleet,SS7 4PW,United Kingdom,['64209'],SUGARFLAIR,SS7,SUGARFLAIR|SS7
01939642,METRO MANAGEMENT LIMITED,active,ltd,1985-08-15,4 Chaucer Grove,,Borehamwood,WD6 2FF,England,['68320'],METROMANAGEMENT,WD6,METROMANAGEMENT|WD6
12560582,RH FLOORING LIMITED,active,ltd,2020-04-16,20 Hawthorn Way,Hartshill,Nuneaton,CV10 0XQ,United Kingdom,['43330'],RHFLOORING,CV10,RHFLOORING|CV10
10692838,WMR PRIVATE LTD,active,ltd,2017-03-27,10 Thomas More Place Rydens Way,Old Woking,Woking,GU22 9DU,England,['82990'],WMRPRIVATE,GU22,WMRPRIVATE|GU22
07620284,TEENVOICE INTERNATIONAL LIMITED,active,ltd,2011-05-03,27 Old Gloucester Street,,London,WC1N 3AX,,['59132'],TEENVOICE,WC1N,TEENVOICE|WC1N
04503691,JONATHAN PEARSON ENGINEERING LIMITED,active,ltd,2002-08-05,27 Windsor Road,Newark,Nottinghamshire,NG24 4HX,,['71122'],JONATHANPEARSONENGINEERING,NG24,JONATHANPEARSONENGINEERING|NG24
06200712,CENTRAL GROUP LIMITED,active,ltd,2007-04-03,Central House Vulcan Way,Hermitage Industrial Estate,Coalville,LE67 3AP,,['70100'],CENTRAL,LE67,CENTRAL|LE67
07235607,MICHAEL DRAKE ARCHITECTS LTD,active,ltd,2010-04-27,83 Greenbank Road,Greenbank,Bristol,BS5 6HE,,['71111'],MICHAELDRAKEARCHITECTS,BS5,MICHAELDRAKEARCHITECTS|BS5
09578972,MORE SMILES LTD.,active,ltd,2015-05-07,Ashlow Orthodontic Practice Ashlands Avenue,Hartshill,Stoke-On-Trent,ST4 6BN,,['86230'],MORESMILES,ST4,MORESMILES|ST4
09019555,MELIOR HOLDINGS NOTTINGHAM LIMITED,active,ltd,2014-04-30,Edgefield House Vicarage Lane,North Muskham,Newark,NG23 6ES,England,['64209'],MELIORHOLDINGSNOTTINGHAM,NG23,MELIORHOLDINGSNOTTINGHAM|NG23
10070299,MIDLAND TRAINING SERVICES LTD,active,ltd,2016-03-17,Able House Unit 1,50 Bradfield Road,Wellingborough,NN8 4HB,England,['52290'],MIDLANDTRAINING,NN8,MIDLANDTRAINING|NN8
09572293,DIRECT SALES SOLUTIONS LTD,active,ltd,2015-05-01,12 Churchill Meadow,,Ledbury,HR8 2DG,England,['82990'],DIRECTSALESSOLUTIONS,HR8,DIRECTSALESSOLUTIONS|HR8
11362492,TB CARPENTRY & JOINERY LTD,active,ltd,2018-05-15,43 Oakwood Hill,,Loughton,IG10 3EW,England,['43320'],TBCARPENTRYANDJOINERY,IG10,TBCARPENTRYANDJOINERY|IG10
10744684,CHIB LTD,active,ltd,2017-04-27,Cedar House Vine Lane,Uxbridge,London,UB10 0NF,England,"['62020', '69202', '71111', '74909']",CHIB,UB10,CHIB|UB10
05458545,NOTTINGHAMSHIRE PROPERTIES (ESTATE AGENTS) LIMITED,active,ltd,2005-05-20,1 Derby Road,Eastwood,Nottingham,NG16 3PA,,['99999'],NOTTINGHAMSHIREPROPERTIESESTATEAGENTS,NG16,NOTTINGHAMSHIREPROPERTIESESTATEAGENTS|NG16
11941994,ENGAGE GLOBAL 2019 LIMITED,active,ltd,2019-04-12,18 Sovereign Avenue,,Gosport,PO12 4GT,United Kingdom,['46370'],ENGAGEGLOBAL2019,PO12,ENGAGEGLOBAL2019|PO12
07236614,DBCONCEPTS LIMITED,active,ltd,2010-04-27,Office 3 Chilton House,Charnham Lane,Hungerford,RG17 0EY,United Kingdom,['62012'],DBCONCEPTS,RG17,DBCONCEPTS|RG17
11569124,CETD CONSULTING LTD,active,ltd,2018-09-14,88 Boundary Road,,Hove,BN3 7GA,United Kingdom,['70229'],CETDCONSULTING,BN3,CETDCONSULTING|BN3
09679578,WMT ENERGY SOLUTIONS LIMITED,active,ltd,2015-07-09,42 Scotts Green Close,,Dudley,DY1 2DU,United Kingdom,['43999'],WMTENERGYSOLUTIONS,DY1,WMTENERGYSOLUTIONS|DY1
02184896,ILLINGWORTH SUPPLIES LIMITED,active,ltd,1987-10-29,Rear Of 72 Otley Road,Guiseley,Leeds,LS20 8BH,England,['46740'],ILLINGWORTHSUPPLIES,LS20,ILLINGWORTHSUPPLIES|LS20
NI662272,TIGER FEET (N.I.) LTD,active,ltd,2019-06-14,248 Upper Newtownards Road,,Belfast,BT4 3EU,Northern Ireland,['49390'],TIGERFEETNI,BT4,TIGERFEETNI|BT4
SC534396,NATIONAL PHOTONIC LTD,active,ltd,2016-05-04,Cowan & Partners 60 Constitution Street,Leith,Edinburgh,EH6 6RR,Scotland,['47789'],NATIONALPHOTONIC,EH6,NATIONALPHOTONIC|EH6
05820532,MOBIUS SERVICES LIMITED,active,ltd,2006-05-17,3 Mountbatten Drive,Ringstead,Kettering,NN14 4TX,England,['70229'],MOBIUS,NN14,MOBIUS|NN14
11752370,DESIGNER DISMANTLES LTD,active,ltd,2019-01-07,11752370 - COMPANIES HOUSE DEFAULT ADDRESS,,Cardiff,CF14 8LH,,"['43320', '49420']",DESIGNERDISMANTLES,CF14,DESIGNERDISMANTLES|CF14
SC649723,CENTRAL SCOTLAND GAS AUDITING SERVICES LTD,active,ltd,2019-12-16,1 Waverley Park,Redding,Falkirk,FK2 9RT,Scotland,['82990'],CENTRALSCOTLANDGASAUDITING,FK2,CENTRALSCOTLANDGASAUDITING|FK2
12846804,AIO APP LIMITED,active,ltd,2020-08-31,"4th Floor, 18 St. Cross Street",,London,EC1N 8UN,England,"['62090', '70221']",AIOAPP,EC1N,AIOAPP|EC1N
10148526,EAGLE 6 LTD,active,ltd,2016-04-26,33 Boston Road South,Holbeach,Spalding,PE12 7LR,England,['47910'],EAGLE6,PE12,EAGLE6|PE12
11799069,DELHI KI HANDI LTD,active,ltd,2019-01-31,5 Osborne Road,Handsworth,Birmingham,B21 9EG,England,['96090'],DELHIKIHANDI,B21,DELHIKIHANDI|B21
11821132,QUALITACARE LTD,active,ltd,2019-02-12,Flat 77 Dumbarton Court,,London,SW2 5LW,England,['87200'],QUALITACARE,SW2,QUALITACARE|SW2
11589213,QUICK PIZZA LTD,active,ltd,2018-09-26,7 Westmoreland House Cumberland Park,Scrubs Lane,London,NW10 6RE,United Kingdom,['56103'],QUICKPIZZA,NW10,QUICKPIZZA|NW10
11760127,EMMA MARIE BARTON CARE LTD,active,ltd,2019-01-10,9 Abberley Close,,Halesowen,B63 4LU,United Kingdom,['87100'],EMMAMARIEBARTONCARE,B63,EMMAMARIEBARTONCARE|B63
11663397,PROPERTY ONE SOURCING LTD,active,ltd,2018-11-06,6 Leyswood Drive,,Ilford,IG2 7JE,United Kingdom,['98000'],PROPERTYONESOURCING,IG2,PROPERTYONESOURCING|IG2
11665960,VISION RETAIL LTD,active,ltd,2018-11-07,295 West Green Road,,London,N15 3PA,England,['47190'],VISIONRETAIL,N15,VISIONRETAIL|N15
11753240,ABG RECRUITMENT LTD,active,ltd,2019-01-07,Haldon House Unit 18,Brettell Lane,Brierley Hill,DY5 3LQ,England,['78200'],ABGRECRUITMENT,DY5,ABGRECRUITMENT|DY5
11806121,INTERNATIONAL HYGIENE GROUP LTD,active,ltd,2019-02-05,5 Queen Marys Road,,Coventry,CV6 5LN,United Kingdom,['96090'],INTERNATIONALHYGIENE,CV6,INTERNATIONALHYGIENE|CV6
11768102,SERVICES4U LIMITED,active,ltd,2019-01-15,"Office 7, Crown Commercial Centre 71-73 Nathan Way",Crown Commercial Centre,London,SE28 0BQ,England,"['47910', '52242', '53100', '56290']",SERVICES4U,SE28,SERVICES4U|SE28
11803377,D&A HILLCREST DEVELOPMENTS LTD,active,ltd,2019-02-04,Hillcrest House Wellington Road,Raunds,Wellingborough,NN9 6DL,United Kingdom,['99999'],DANDAHILLCRESTDEVELOPMENTS,NN9,DANDAHILLCRESTDEVELOPMENTS|NN9
11823646,DIRILIS YORKSHIRE LIMITED,active,ltd,2019-02-13,Trust House C/O Isaacs,"St James Business Park, 5 New Augustus Street",Bradford,BD1 5LL,England,['56102'],DIRILISYORKSHIRE,BD1,DIRILISYORKSHIRE|BD1
11810892,WELLINGTONS ANTIQUES LIMITED,active,ltd,2019-02-06,42 Thames Street,,Windsor,SL4 1PR,United Kingdom,['47791'],WELLINGTONSANTIQUES,SL4,WELLINGTONSANTIQUES|SL4
11771760,ONE ENVIRONMENTAL GAS LTD,active,ltd,2019-01-16,Unit 2 Swanbridge Est,Black Croft Road,Witham,CM8 3YN,England,['43999'],ONEENVIRONMENTALGAS,CM8,ONEENVIRONMENTALGAS|CM8
11813231,ACTIVE STAFFING LIMITED,active,ltd,2019-02-07,25 St. Nicholas Place,2nd Floor,Leicester,LE1 4LD,United Kingdom,['78200'],ACTIVESTAFFING,LE1,ACTIVESTAFFING|LE1
11765808,HAWARDEN VILLAGE STORE LTD,active,ltd,2019-01-14,Kentigern Rectory Lane,Hawarden,Deeside,CH5 3NN,United Kingdom,['47110'],HAWARDENVILLAGESTORE,CH5,HAWARDENVILLAGESTORE|CH5
11770698,MIRAAJ LIMITED,active,ltd,2019-01-16,8 Barmouth Avenue,,Leicester,LE2 6JB,United Kingdom,['52243'],MIRAAJ,LE2,MIRAAJ|LE2
11786920,OPUS PEOPLE LIMITED,active,ltd,2019-01-24,4th Floor Radius House,51 Clarendon Road,Watford,WD17 1HP,England,['82990'],OPUSPEOPLE,WD17,OPUSPEOPLE|WD17
11631718,REGENCY ASSOCIATES LTD,active,ltd,2018-10-19,117 Promenade,,Cheltenham,GL50 1NW,United Kingdom,['68320'],REGENCYASSOCIATES,GL50,REGENCYASSOCIATES|GL50
11749800,JYM FREAKS LIMITED,active,ltd,2019-01-04,59 Bevan Avenue,,Barking,IG11 9NW,England,"['46420', '47820']",JYMFREAKS,IG11,JYMFREAKS|IG11
11776410,JONO'S TAVERN LIMITED,active,ltd,2019-01-18,248 Church Lane,,London,NW9 8SL,,['56302'],JONOSTAVERN,NW9,JONOSTAVERN|NW9
11790111,THOMAS AND THOMAS (BRISTOL) LIMITED,active,ltd,2019-01-28,10 Meadow Street Avonmouth,,Bristol,BS11 9AR,United Kingdom,['70229'],THOMASANDTHOMASBRISTOL,BS11,THOMASANDTHOMASBRISTOL|BS11
11691479,SIXTY ONE WALCOT LTD,active,ltd,2018-11-22,61 Walcot Street,,Bath,BA1 5BN,England,['47240'],SIXTYONEWALCOT,BA1,SIXTYONEWALCOT|BA1
11786296,AHIC HOMES LIMITED,active,ltd,2019-01-24,6 Trinity Place,Midland Drive,Sutton Coldfield,B72 1TX,England,['68100'],AHICHOMES,B72,AHICHOMES|B72
11774185,SPAID LIMITED,active,ltd,2019-01-17,71-75 Shelton Street,,London,WC2H 9JQ,United Kingdom,['74100'],SPAID,WC2H,SPAID|WC2H
11681267,BFM LONDON LIMITED,active,ltd,2018-11-16,135 Withy Mead,,London,E4 6JW,United Kingdom,['70229'],BFMLONDON,E4,BFMLONDON|E4
11694999,YINDEE LIMITED,active,ltd,2018-11-26,85 Layton Road,,Brentford,TW8 0PU,United Kingdom,['56101'],YINDEE,TW8,YINDEE|TW8
11764531,DIAMOND PROPERTIES NE LIMITED,active,ltd,2019-01-14,11764531 - COMPANIES HOUSE DEFAULT ADDRESS,,Cardiff,CF14 8LH,,['98000'],DIAMONDPROPERTIESNE,CF14,DIAMONDPROPERTIESNE|CF14
11780619,VENU J COLLECTION LTD,active,ltd,2019-01-22,74 Highlands,,Watford,WD19 4LZ,England,['47990'],VENUJCOLLECTION,WD19,VENUJCOLLECTION|WD19
11761950,MOTORCYCLE TRAINING LONDON LTD,active,ltd,2019-01-11,7 The Steadings,Ford,Salisbury,SP4 6BH,United Kingdom,['85530'],MOTORCYCLETRAININGLONDON,SP4,MOTORCYCLETRAININGLONDON|SP4
11798127,TIMOTHY & RACHAEL PUBLISHING LIMITED,active,ltd,2019-01-30,"Suite G04 1 Quality Court, Chancery Lane",,London,WC2A 1HR,England,"['47990', '58110']",TIMOTHYANDRACHAELPUBLISHING,WC2A,TIMOTHYANDRACHAELPUBLISHING|WC2A
11815309,1313 TRANSPORT LTD,active,ltd,2019-02-08,7d Eldon Place,,Bradford,BD1 3AZ,England,['49410'],1313TRANSPORT,BD1,1313TRANSPORT|BD1
11816651,TREX CONSULTANCY LIMITED,active,ltd,2019-02-11,135 Flat 2 Braemar House,Maida Vale,London,W9 1UT,United Kingdom,['70229'],TREXCONSULTANCY,W9,TREXCONSULTANCY|W9
11774302,OCTOPUS BUSINESS (UK) LIMITED,active,ltd,2019-01-17,47 Marsham Street,,London,SW1P 3DR,England,"['62020', '62090', '70229', '82990']",OCTOPUSBUSINESSUK,SW1P,OCTOPUSBUSINESSUK|SW1P
11758250,KJ CONSTRUCTION AND TRADING LTD,active,ltd,2019-01-09,23 Sherwell Road Sherwell Road,,Manchester,M9 8JA,England,['41202'],KJCONSTRUCTIONANDTRADING,M9,KJCONSTRUCTIONANDTRADING|M9
11761334,ARK - ITUK LTD,active,ltd,2019-01-11,12 Adrian Court,,Crawley,RH11 9LQ,United Kingdom,['62090'],ARKITUK,RH11,ARKITUK|RH11
11797154,DBB (PS) LIMITED,active,ltd,2019-01-30,142a Canterbury Road,,Folkestone,CT19 5PH,United Kingdom,['43999'],DBBPS,CT19,DBBPS|CT19
11765580,STOLEN THE FILM UK LTD,active,ltd,2019-01-14,108 Grangemill Road,,London,SE6 3JZ,England,['59120'],STOLENTHEFILM,SE6,STOLENTHEFILM|SE6
11822583,TAGORE EATERY LTD,active,ltd,2019-02-12,12 Long Lane,,London,N3 2PT,England,['56101'],TAGOREEATERY,N3,TAGOREEATERY|N3
11643942,A S T LOGISTICS LIMITED,active,ltd,2018-10-26,4 High Street,Hanging Heaton,Batley,WF17 6DX,,['33170'],ASTLOGISTICS,WF17,ASTLOGISTICS|WF17
11817534,JEITTA LIMITED,active,ltd,2019-02-11,9-11 Church Path,,Woking,GU21 6EJ,United Kingdom,['56102'],JEITTA,GU21,JEITTA|GU21
11605431,FOOD STORE PLUS LTD,active,ltd,2018-10-04,165 St. James Road,,Northampton,NN5 5LE,England,['47110'],FOODSTOREPLUS,NN5,FOODSTOREPLUS|NN5
13034675,WEALD RIDGE ADVISORY LIMITED,active,ltd,2020-11-20,Churchdown Chambers,Bordyke,Tonbridge,TN9 1NR,England,['70229'],WEALDRIDGEADVISORY,TN9,WEALDRIDGEADVISORY|TN9
11781224,KUTSI PROPERTY SERVICES LTD,active,ltd,2019-01-22,Studio 6 6 Hornsey Street,,London,N7 8GR,England,['68320'],KUTSIPROPERTY,N7,KUTSIPROPERTY|N7
11708736,TETOZLIVING CARE SERVICES LTD,active,ltd,2018-12-03,10 Young Road,,London,E16 3RP,United Kingdom,"['55900', '87900']",TETOZLIVINGCARE,E16,TETOZLIVINGCARE|E16
11824179,H&H AUTOS LIMITED,active,ltd,2019-02-13,23-27 Bolton Street,,Chorley,PR7 3AA,United Kingdom,"['45112', '45200', '45320', '49410']",HANDHAUTOS,PR7,HANDHAUTOS|PR7
11825388,KRS RENOVATION LTD,active,ltd,2019-02-13,Falcon House 19 Deer Park Road,South Wimbledon,London,SW19 3UX,,"['41201', '41202', '43999']",KRSRENOVATION,SW19,KRSRENOVATION|SW19
11606857,ROSIE NAIL BAR LTD,active,ltd,2018-10-05,8b Ellingfort Road,,London,E8 3PA,United Kingdom,['96020'],ROSIENAILBAR,E8,ROSIENAILBAR|E8
11786882,FLAMES (BURTON) LTD,active,ltd,2019-01-24,23 Derby Street,,Burton On Trent,DE14 2LA,England,['56103'],FLAMESBURTON,DE14,FLAMESBURTON|DE14
11672925,SPENCER & SONS SURFACING LTD,active,ltd,2018-11-12,43a Market Place,Bawtry,Doncaster,DN10 6JL,England,['42110'],SPENCERANDSONSSURFACING,DN10,SPENCERANDSONSSURFACING|DN10
11792623,NORDIXFITNESS LTD,active,ltd,2019-01-28,Lindens House,Copse Wood Way,Northwood,HA6 2UE,England,"['32300', '47640']",NORDIXFITNESS,HA6,NORDIXFITNESS|HA6
11605130,MELL & A LTD,active,ltd,2018-10-04,32 Lanchester Gardens,,Worksop,S80 2PN,England,['49320'],MELLANDA,S80,MELLANDA|S80
11609957,LIKE HOLDINGS LTD,active,ltd,2018-10-08,"C/O Like Media Group, No 1 Business Centre",Alvin Street,Gloucester,GL1 3EJ,England,['60100'],LIKE,GL1,LIKE|GL1
11779445,PPC PROJECT SERVICES LTD,active,ltd,2019-01-21,First Floor,102 Mile End Road,London,E1 4UN,,"['41100', '41202']",PPCPROJECT,E1,PPCPROJECT|E1
11741091,GREEN MAYA UK LTD,active,ltd,2018-12-24,Queens Court Flat 4,27 Billet Lane,Hornchurch,RM11 1XP,England,"['10832', '46370', '47250', '56102']",GREENMAYA,RM11,GREENMAYA|RM11
11797791,OAK TREE NANNIES LTD,active,ltd,2019-01-30,Suite 702 Crown House North Circular Road,,London,NW10 7PN,England,['87300'],OAKTREENANNIES,NW10,OAKTREENANNIES|NW10
11835883,GOODLAD DEVELOPMENTS LIMITED,active,ltd,2019-02-19,Douglas Bank House,Wigan Lane,Wigan,WN1 2TB,United Kingdom,['68209'],GOODLADDEVELOPMENTS,WN1,GOODLADDEVELOPMENTS|WN1
11628545,UK FILM STUDIO PICTURES LIMITED,active,ltd,2018-10-17,585a Fulham Road,,London,SW6 5UA,England,['82990'],UKFILMSTUDIOPICTURES,SW6,UKFILMSTUDIOPICTURES|SW6
11674091,BIKE CLINIC LIMITED,active,ltd,2018-11-13,91 Nether Hall Road,1st Floor,Doncaster,DN1 2QA,United Kingdom,"['33190', '45400', '47640']",BIKECLINIC,DN1,BIKECLINIC|DN1
11781933,S K GROCERS LIMITED,active,ltd,2019-01-22,272 Tat Bank Road,,Oldbury,B68 8NR,England,['47110'],SKGROCERS,B68,SKGROCERS|B68
11797807,EVOLUTION NETWORK SERVICES LTD,active,ltd,2019-01-30,Brookland House,Peterfield Ave,Slough,SL2 5DY,,"['61100', '61200', '61900', '62020']",EVOLUTIONNETWORK,SL2,EVOLUTIONNETWORK|SL2
10914136,BLOSE ARCHITECTURAL SERVICES LTD,active,ltd,2017-08-14,90 Rupert House Little Hardings,,Welwyn Garden City,AL7 2EW,United Kingdom,['71111'],BLOSEARCHITECTURAL,AL7,BLOSEARCHITECTURAL|AL7
11790012,MGEC NORTH WEST LTD,active,ltd,2019-01-28,2 The Courtyard,Greenfields Industrial Estate,Congleton,CW12 4TR,United Kingdom,['43210'],MGECNORTHWEST,CW12,MGECNORTHWEST|CW12
11763993,LAKES LIVING LIMITED,active,ltd,2019-01-14,57a Wordsworth Street,,Penrith,CA11 7QY,United Kingdom,"['47530', '47599']",LAKESLIVING,CA11,LAKESLIVING|CA11
11788428,FLAME N GRILL (NE) LTD,active,ltd,2019-01-25,2 Marlborough Crescent,,Newcastle Upon Tyne,NE1 4EE,United Kingdom,['56103'],FLAMENGRILLNE,NE1,FLAMENGRILLNE|NE1
11765653,"SEE IT,OWN IT. LTD",active,ltd,2019-01-14,37 South Park Road,,Liverpool,L32 2AG,United Kingdom,"['81210', '82990']",SEEITOWNIT,L32,SEEITOWNIT|L32
11766390,WRS GROUP LTD,active,ltd,2019-01-14,9 Cockleton Lane,Gurnard,Cowes,PO31 8JE,England,"['81100', '81300']",WRS,PO31,WRS|PO31
11761249,IL SALVATORE LIMITED,active,ltd,2019-01-11,Cumberland House,24-28 Baxter Avenue,Southend-On-Sea,SS2 6HZ,England,['56101'],ILSALVATORE,SS2,ILSALVATORE|SS2
11750104,OOBERFIT LIMITED,active,ltd,2019-01-04,77 Forest Road,Piddington,Northampton,NN7 2DA,England,['58290'],OOBERFIT,NN7,OOBERFIT|NN7
11823626,SOCIETY BAR LTD,active,ltd,2019-02-13,5 Birley Rise Road,,Sheffield,S6 1HQ,England,['56302'],SOCIETYBAR,S6,SOCIETYBAR|S6
11775549,SAUNDER DEVELOPMENTS LTD,active,ltd,2019-01-18,19 Ysgubor Fach St,,Swansea,SA1 2DD,United Kingdom,['41100'],SAUNDERDEVELOPMENTS,SA1,SAUNDERDEVELOPMENTS|SA1
11759722,JURBAN LTD,active,ltd,2019-01-10,46 Morris Road,Ribbleton,Preston,PR2 6BQ,United Kingdom,"['47791', '47799', '95110', '96020']",JURBAN,PR2,JURBAN|PR2
11770414,S MACG SERVICES LIMITED,active,ltd,2019-01-16,C/O Fortis Accountancy Servies Limited,"13t Queensway House, Queensway",Middlesbrough,TS3 8TF,United Kingdom,['74909'],SMACG,TS3,SMACG|TS3
11749202,PHOENIX MASON INVESTMENTS LTD,active,ltd,2019-01-04,Unit C20 Rosehill Industrial Estate,,Market Drayton,TF9 2JU,England,"['41100', '74909']",PHOENIXMASONINVESTMENTS,TF9,PHOENIXMASONINVESTMENTS|TF9
11775626,GROUND CONTROL MMA LTD,active,ltd,2019-01-18,Norden House,Stowell Street,Newcastle Upon Tyne,NE1 4YB,England,['93130'],GROUNDCONTROLMMA,NE1,GROUNDCONTROLMMA|NE1
11773249,ADRIANFIXING LIMITED,active,ltd,2019-01-17,6 Dale Close,,South Ockendon,RM15 5DR,England,['43390'],ADRIANFIXING,RM15,ADRIANFIXING|RM15
11838539,PARKGATE INNS LIMITED,active,ltd,2019-02-20,38 Carter Street,,Uttoxeter,ST14 8EU,United Kingdom,['56302'],PARKGATEINNS,ST14,PARKGATEINNS|ST14
11786757,FAROROTE LTD,active,ltd,2019-01-24,44a Windsor Street,Toxteth,Liverpool,L8 1XF,England,['62020'],FAROROTE,L8,FAROROTE|L8
09038479,THINK BUSINESS CONSULTANCY LIMITED,active,ltd,2014-05-14,The White House Mill Road,Goring On Thames,Reading,RG8 9DD,,['62020'],THINKBUSINESSCONSULTANCY,RG8,THINKBUSINESSCONSULTANCY|RG8
03793101,J.M.A. TRANSPORT LIMITED,active,ltd,1999-06-22,Unit 12a,Lyon Road Industrial Estate,Lyon Road Kearsley,BL4 8HS,,['49410'],JMATRANSPORT,BL4,JMATRANSPORT|BL4
11621190,RMP CONSULTANTS LTD,active,ltd,2018-10-14,"A6 Kingfisher House, Kingsway",Team Valley Trading Estate,Gateshead,NE11 0JQ,England,['70229'],RMPCONSULTANTS,NE11,RMPCONSULTANTS|NE11
11804265,CURUK LTD,active,ltd,2019-02-04,78a High Street,,Poole,BH15 1DB,England,['96020'],CURUK,BH15,CURUK|BH15
11811435,SIMON STORE LTD,active,ltd,2019-02-07,45 Oxford Street,,Ripley,DE5 3AH,United Kingdom,"['47540', '95240']",SIMONSTORE,DE5,SIMONSTORE|DE5
11795181,CANDYCORNERCO LTD,active,ltd,2019-01-29,54 Chalk Farm Road,,London,NW1 8AN,England,['96020'],CANDYCORNERCO,NW1,CANDYCORNERCO|NW1
11763340,GLOBAL SUPPORT SQUAD LIMITED,active,ltd,2019-01-14,Harpal House 14 Holyhead Road,Handsworth,Birmingham,B21 0LT,England,['82990'],GLOBALSUPPORTSQUAD,B21,GLOBALSUPPORTSQUAD|B21
11780928,DANI'S AUTOHAUS LTD,active,ltd,2019-01-22,"Suite 2, 780a Hagley Road West",,Oldbury,B68 0PJ,England,"['45112', '45310', '82990']",DANISAUTOHAUS,B68,DANISAUTOHAUS|B68
11824136,VSIXTEEN LIMITED,active,ltd,2019-02-13,Flat 9 Barley Close,Victory Close,Staines-Upon-Thames,TW19 7TR,England,['49410'],VSIXTEEN,TW19,VSIXTEEN|TW19
11631290,S.D FAIR SHIPPING LTD,active,ltd,2018-10-19,17 Rothesay Terrace,,Northampton,NN2 7ER,United Kingdom,['51210'],SDFAIRSHIPPING,NN2,SDFAIRSHIPPING|NN2
11737866,KRYSTOWSKI TRANSPORT LIMITED,active,ltd,2018-12-21,169 Hillmorton Road,,Coventry,CV2 1FY,England,['49410'],KRYSTOWSKITRANSPORT,CV2,KRYSTOWSKITRANSPORT|CV2
11666606,TARA'S DAY CARE LTD,active,ltd,2018-11-08,34 College Hill Road,,Harrow,HA3 7HE,England,['88910'],TARASDAYCARE,HA3,TARASDAYCARE|HA3
11806044,Z J PROPERTY CARE LTD,active,ltd,2019-02-04,54 Howbury Road,,London,SE15 3HR,United Kingdom,"['41100', '41201', '41202', '43290']",ZJPROPERTYCARE,SE15,ZJPROPERTYCARE|SE15
11772622,KONNECTA LTD,active,ltd,2019-01-17,8 Atkins Close,,Biggin Hill,TN16 3GB,England,"['45112', '53202']",KONNECTA,TN16,KONNECTA|TN16
08052035,UP STUDIO LIMITED,active,ltd,2012-05-01,Chancellor Cottage,46 Holway Road,Sheringham,NR26 8HR,,['74100'],UPSTUDIO,NR26,UPSTUDIO|NR26
11824337,AU FUSION LTD,active,ltd,2019-02-13,Daisyfield Business Centre Appleby Street,Unit 309,Blackburn,BB1 3BL,England,['46190'],AUFUSION,BB1,AUFUSION|BB1
11693210,MALIK (OLDHAM) LTD,active,ltd,2018-11-23,285 Lee Street,,Oldham,OL8 1JG,England,"['10520', '49320', '56103']",MALIKOLDHAM,OL8,MALIKOLDHAM|OL8
11685499,OLD MILL RIVERSIDE MANSION LTD,active,ltd,2018-11-19,Suite 5 Sovereign House,1 Albert Place,London,N3 1QB,United Kingdom,"['68100', '68209']",OLDMILLRIVERSIDEMANSION,N3,OLDMILLRIVERSIDEMANSION|N3
11806388,RELIANCE MEDICS LIMITED,active,ltd,2019-02-05,11806388 - COMPANIES HOUSE DEFAULT ADDRESS,,Cardiff,CF14 8LH,,['70229'],RELIANCEMEDICS,CF14,RELIANCEMEDICS|CF14
11779602,PROFESSIONAL AUNTY LTD,active,ltd,2019-01-22,27 Old Gloucester Street,,London,WC1N 3AX,United Kingdom,"['82920', '86101', '86900']",PROFESSIONALAUNTY,WC1N,PROFESSIONALAUNTY|WC1N
11787657,RSE TRADING LIMITED,active,ltd,2019-01-25,93-101 Greenfield Road,,London,E1 1EJ,England,['49320'],RSETRADING,E1,RSETRADING|E1
11790561,NORDEN HOME AND DECOR LTD,active,ltd,2019-01-28,"Yale Business Village, St Andrews House C/O John Davies And Co",Ellice Way,Wrexham,LL13 7YL,Wales,['47599'],NORDENHOMEANDDECOR,LL13,NORDENHOMEANDDECOR|LL13
11795488,GOLDEN TECH CITY LIMITED,active,ltd,2019-01-29,Abercorn House,Bute Gardens,London,W6 7DS,England,"['46510', '62020', '63990']",GOLDENTECHCITY,W6,GOLDENTECHCITY|W6
11657124,J D PAVING SOLUTIONS LTD,active,ltd,2018-11-02,252 Salmon Street,,London,NW9 8XY,England,['42110'],JDPAVINGSOLUTIONS,NW9,JDPAVINGSOLUTIONS|NW9
11693494,ANTOINETTE'S ELIXIRS LTD,active,ltd,2018-11-23,205 Lavender Hill,,London,SW11 5TB,England,['47750'],ANTOINETTESELIXIRS,SW11,ANTOINETTESELIXIRS|SW11
11780265,PRUDENTIA TAX LIMITED,active,ltd,2019-01-22,West One,114 Wellington Street,Leeds,LS1 1BA,United Kingdom,['69203'],PRUDENTIATAX,LS1,PRUDENTIATAX|LS1
11810956,91 HAIR AND BEAUTY LTD,active,ltd,2019-02-06,12b Woodbridge Street,,London,EC1R 0HP,England,['96020'],91HAIRANDBEAUTY,EC1R,91HAIRANDBEAUTY|EC1R
11608542,LUXUS DESIGNER BOUTIQUE LIMITED,active,ltd,2018-10-08,99 Stanley Road Bootle,,Liverpool,L20 7DA,United Kingdom,['47710'],LUXUSDESIGNERBOUTIQUE,L20,LUXUSDESIGNERBOUTIQUE|L20
10757113,BACK 2 LIFE FRENCH POLISHERS LTD,active,ltd,2017-05-05,2 Hedges Way,,Luton,LU4 9FD,United Kingdom,['43390'],BACK2LIFEFRENCHPOLISHERS,LU4,BACK2LIFEFRENCHPOLISHERS|LU4
09774335,ROLA LIMITED,active,ltd,2015-09-14,20-22 Wenlock Road,,London,N1 7GU,England,"['47910', '62090', '96090']",ROLA,N1,ROLA|N1
03533092,TOPOAK LIMITED,active,ltd,1998-03-23,1st Floor Sackville House,143-149 Fenchurch Street,London,EC3M 6BN,England,"['41100', '68201']",TOPOAK,EC3M,TOPOAK|EC3M
08071927,WOODS GIFTS LTD,active,ltd,2012-05-16,Shaw House,54 Bramhall Lane South,Bramhall,SK7 1AH,,['99999'],WOODSGIFTS,SK7,WOODSGIFTS|SK7
05582970,BROMLEY CROSS MINI-MART LIMITED,active,ltd,2005-10-04,6th Floor Amp House,Dingwall Road,Croydon,CR0 2LX,United Kingdom,['46170'],BROMLEYCROSSMINIMART,CR0,BROMLEYCROSSMINIMART|CR0
10163471,BIRSTALL HOLDINGS LTD,active,ltd,2016-05-05,54 Shirley Street,,Leicester,LE4 5JS,England,['47730'],BIRSTALL,LE4,BIRSTALL|LE4
09186708,HOMESTYLE PROPERTY UK LTD,active,ltd,2014-08-22,8 Lime Grove,Alsager,Stoke-On-Trent,ST7 2RB,England,['43342'],HOMESTYLEPROPERTY,ST7,HOMESTYLEPROPERTY|ST7
11998004,VOI HOMES LTD,active,ltd,2019-05-15,17 Chilcott Road,,Watford,WD24 5LF,England,['68209'],VOIHOMES,WD24,VOIHOMES|WD24
07770162,ACS EXTERIORS LTD,active,ltd,2011-09-12,14 Hillydeal Road,Otford,Sevenoaks,TN14 5RU,England,['43390'],ACSEXTERIORS,TN14,ACSEXTERIORS|TN14
11398927,GAMARO LIMITED,active,ltd,2018-06-05,2 Biddenham Court,First Avenue,Watford,WD25 9PT,United Kingdom,['49320'],GAMARO,WD25,GAMARO|WD25
04340648,CHANTRY PROPERTIES (NORFOLK) LIMITED,active,ltd,2001-12-14,Union Suite The Union Building,51 - 59 Rose Lane,Norwich,NR1 1BY,England,['68209'],CHANTRYPROPERTIESNORFOLK,NR1,CHANTRYPROPERTIESNORFOLK|NR1
05523617,R M TOYS LIMITED,active,ltd,2005-08-01,31 Aston Road,,Waterlooville,PO7 7XQ,,['47910'],RMTOYS,PO7,RMTOYS|PO7
04205353,RAPID ACCOUNTING SERVICES LIMITED,active,ltd,2001-04-25,11 Gypsy Lane,,Marlow,SL7 3JT,,['69201'],RAPIDACCOUNTING,SL7,RAPIDACCOUNTING|SL7
09188868,SENSEI TRAINING & DEVELOPMENT LTD,active,ltd,2014-08-28,14 Fernway,,Morpeth,NE61 1XJ,,['70229'],SENSEITRAININGANDDEVELOPMENT,NE61,SENSEITRAININGANDDEVELOPMENT|NE61
09335655,TIM PARKER LTD,active,ltd,2014-12-01,135 Chapel Lane,,Farnborough,GU14 9BH,,['70229'],TIMPARKER,GU14,TIMPARKER|GU14
12920395,RED E CREATIVE LTD,active,ltd,2020-10-01,31 Osprey Road,,Warminster,BA12 8GD,England,['74100'],REDECREATIVE,BA12,REDECREATIVE|BA12
09013584,BADESIGNS (UK) LTD,active,ltd,2014-04-28,The Orchard Ancil Avenue,Launton,Bicester,OX26 5DJ,,['96090'],BADESIGNSUK,OX26,BADESIGNSUK|OX26
11990231,3RD FLOOR WINES LIMITED,active,ltd,2019-05-10,Boundary House,Cheadle Point,Cheadle,SK8 2GG,England,['46342'],3RDFLOORWINES,SK8,3RDFLOORWINES|SK8
03236202,BOURNE VALLEY GARDEN CENTRE LTD,active,ltd,1996-08-09,Longacres Nursery,London Road,Bagshot,GU19 5JB,England,['47760'],BOURNEVALLEYGARDENCENTRE,GU19,BOURNEVALLEYGARDENCENTRE|GU19
11325924,CBDSHED LIMITED,active,ltd,2018-04-24,24 Ravenscliffe Avenue,,Bradford,BD10 0HU,United Kingdom,['47290'],CBDSHED,BD10,CBDSHED|BD10
08050093,WES SMITH LIGHTING SERVICES LTD,active,ltd,2012-04-30,100 Brookwood Way,Buckshaw Village,Chorley,PR7 7JX,England,['59113'],WESSMITHLIGHTING,PR7,WESSMITHLIGHTING|PR7
09314874,J&L PROPERTY LIMITED,active,ltd,2014-11-17,93 Aldwick Road,,Bognor Regis,PO21 2NW,,['68209'],JANDLPROPERTY,PO21,JANDLPROPERTY|PO21
10763312,ADAM MOLKA WEDDING PHOTOGRAPHY LTD,active,ltd,2017-05-10,"Office 53b, 182-184 High Street North",,London,E6 2JA,United Kingdom,['74202'],ADAMMOLKAWEDDINGPHOTOGRAPHY,E6,ADAMMOLKAWEDDINGPHOTOGRAPHY|E6
11177198,RIV UK ENGINEERING LIMITED,active,ltd,2018-01-30,12 New Fetter Lane,,London,EC4A 1JP,United Kingdom,['71121'],RIVUKENGINEERING,EC4A,RIVUKENGINEERING|EC4A
02948875,ADVANCED HEATING SYSTEMS LTD,active,ltd,1994-07-14,Avebury House,6 Saint Peter Street,Winchester,SO23 8BN,,['62020'],ADVANCEDHEATINGSYSTEMS,SO23,ADVANCEDHEATINGSYSTEMS|SO23
09594842,LAMBTOMA LIMITED,active,ltd,2015-05-18,Petronne House,31 Church Street,Dagenham,RM10 9UR,England,['49410'],LAMBTOMA,RM10,LAMBTOMA|RM10
10445918,CDJF LIMITED,active,ltd,2016-10-26,6th Floor Amp House,Dingwall Road,Croydon,CR0 2LX,United Kingdom,['47540'],CDJF,CR0,CDJF|CR0
09005417,SUMMERS & VINE LIMITED,active,ltd,2014-04-22,75 Rowallan Rd,,Sutton Coldfield,B75 6RF,England,['96090'],SUMMERSANDVINE,B75,SUMMERSANDVINE|B75
11354007,CRAVEN ROOFING LIMITED,active,ltd,2018-05-10,472 Bolton Road,,Darwen,BB3 2JR,United Kingdom,['43910'],CRAVENROOFING,BB3,CRAVENROOFING|BB3
11787455,CSIGHT MARKETING CONSULTANCY LTD,active,ltd,2019-01-25,4 Willowbourne,,Fleet,GU51 5AB,England,['70229'],CSIGHTMARKETINGCONSULTANCY,GU51,CSIGHTMARKETINGCONSULTANCY|GU51
SC379580,121 HR SOLUTIONS LIMITED,active,ltd,2010-06-02,22 Montrose Street,,Glasgow,G1 1RE,Scotland,['70229'],121HRSOLUTIONS,G1,121HRSOLUTIONS|G1
10754118,SKYDIVE PL LTD,active,ltd,2017-05-04,5 Brayford Square,5 Brayford Square,London,E1 0SG,England,"['49410', '85510', '93199']",SKYDIVEPL,E1,SKYDIVEPL|E1
11372184,C&K REECE LIMITED,active,ltd,2018-05-21,North Lodge Stanley Park,West Park Drive,Blackpool,FY3 9EQ,England,['68209'],CANDKREECE,FY3,CANDKREECE|FY3
08963458,CHOCOLATE ICE CAFE (UK) LIMITED,active,ltd,2014-03-27,3rd Floor Chancery House,St. Nicholas Way,Sutton,SM1 1JB,,['56102'],CHOCOLATEICECAFEUK,SM1,CHOCOLATEICECAFEUK|SM1
04267800,TS14 LIMITED,active,ltd,2001-08-09,4 Church Street,,Guisborough,TS14 6BS,England,['82990'],TS14,TS14,TS14|TS14
03369943,MEARS ASH LIMITED,active,ltd,1997-05-13,28 Ashington Road,,London,SW6 3QJ,,"['62012', '68209', '73110', '74100']",MEARSASH,SW6,MEARSASH|SW6
08673356,HALCYON HAIRDRESSING LTD,active,ltd,2013-09-03,9 Darwell Close,,St. Leonards-On-Sea,TN38 9TN,England,['96020'],HALCYONHAIRDRESSING,TN38,HALCYONHAIRDRESSING|TN38
10845639,ACS BOOKKEEPING SERVICES LTD,active,ltd,2017-07-03,171 Kingston Road,,Teddington,TW11 9JP,England,"['69202', '82990', '85600', '94110']",ACSBOOKKEEPING,TW11,ACSBOOKKEEPING|TW11
05801661,ARNOTT ASSOCIATES LIMITED,active,ltd,2006-05-02,Hellscombe,Aldbourne,Marlborough,SN8 2JZ,,['70229'],ARNOTTASSOCIATES,SN8,ARNOTTASSOCIATES|SN8
04314407,THEORY WIZARD LIMITED,active,ltd,2001-10-31,11 Moray Avenue,,Birchington,CT7 9UN,England,"['85520', '90020']",THEORYWIZARD,CT7,THEORYWIZARD|CT7
10695731,WIRE AGENCIES UK LIMITED,active,ltd,2017-03-28,Unit 3 Oxspring Wiremills Sheffield Road,Oxspring,Sheffield,S36 8YW,England,['70229'],WIREAGENCIES,S36,WIREAGENCIES|S36
06002776,MH (NO.7) GENERAL PARTNER LIMITED,active,ltd,2006-11-20,2nd Floor 168 Shoreditch High Street,,London,E1 6RA,United Kingdom,['68100'],MHNO7GENERALPARTNER,E1,MHNO7GENERALPARTNER|E1
06904983,LYPHIOS LIMITED,active,ltd,2009-05-13,6 Valley Road,Erith,Kent,DA8 1BT,,['86900'],LYPHIOS,DA8,LYPHIOS|DA8
12538381,SUZETTE STREET LIMITED,active,ltd,2020-03-30,38 Middlehill Road,,Wimborne,BH21 2SE,England,['68209'],SUZETTESTREET,BH21,SUZETTESTREET|BH21
04215803,DAVID I H WRIGHT LTD,active,ltd,2001-05-14,4 Cranes Park,Surbiton,Surrey,KT5 8AD,,['74909'],DAVIDIHWRIGHT,KT5,DAVIDIHWRIGHT|KT5
12136209,HARVI ESTATES LIMITED,active,ltd,2019-08-02,"1110 Elliott Court Herald Avenue, Coventry Business Park",,Coventry,CV5 6UB,United Kingdom,['68209'],HARVIESTATES,CV5,HARVIESTATES|CV5
05153737,RESORT SOLUTIONS LIMITED,active,ltd,2004-06-15,Hallswelle House,1 Hallswelle Road,London,NW11 0DH,England,['55209'],RESORTSOLUTIONS,NW11,RESORTSOLUTIONS|NW11
09016299,VANWALL PROPERTY DEVELOPMENT LIMITED,active,ltd,2014-04-29,"The Old Barrel Store, Brewery Courtyard",Draymans Lane,Marlow,SL7 2FF,England,['68209'],VANWALLPROPERTYDEVELOPMENT,SL7,VANWALLPROPERTYDEVELOPMENT|SL7
11721839,LIBERTY HOUSING GROUP LTD,active,ltd,2018-12-11,37 George Close,,Canvey Island,SS8 9PU,United Kingdom,"['68100', '68209', '68320']",LIBERTYHOUSING,SS8,LIBERTYHOUSING|SS8
06514449,ANGLEBURY ASSET MANAGEMENT LIMITED,active,ltd,2008-02-26,3 Greens Barn,South Street,Wareham,BH20 4NX,England,['64999'],ANGLEBURYASSETMANAGEMENT,BH20,ANGLEBURYASSETMANAGEMENT|BH20
11115331,LAUGAN PROPERTIES LIMITED,active,ltd,2017-12-18,9 Woodgate Drive,,London,SW16 5YP,United Kingdom,['41100'],LAUGANPROPERTIES,SW16,LAUGANPROPERTIES|SW16
12830342,URGENT FREIGHT LTD,active,ltd,2020-08-21,80 Plumer Road,,High Wycombe,HP11 2SR,England,"['41201', '43341', '49410', '62090']",URGENTFREIGHT,HP11,URGENTFREIGHT|HP11
11289110,FLONIGHTS LIMITED,active,ltd,2018-04-04,6 Green Lane Business Park,238 Green Lane,New Eltham,SE9 3TL,United Kingdom,['70229'],FLONIGHTS,SE9,FLONIGHTS|SE9
SC517385,GREEN TREE NURSERY LTD,active,ltd,2015-10-07,Green Tree Nursery Murray Road,Smithton,Inverness,IV2 7YU,Scotland,['88910'],GREENTREENURSERY,IV2,GREENTREENURSERY|IV2
09580286,SATKEER CATERING LTD,active,ltd,2015-05-07,20-22 Wenlock Road,,London,N1 7GU,England,['56210'],SATKEERCATERING,N1,SATKEERCATERING|N1
10653633,EVIALEX LTD,active,ltd,2017-03-06,318 Old Street,,London,EC1V 9DR,England,['96090'],EVIALEX,EC1V,EVIALEX|EC1V
10569990,SIMPLIFY MANAGEMENT SERVICES LIMITED,active,ltd,2017-01-18,Unit 16 Derwent Business Centre,Clarke Street,Derby,DE1 2BU,England,['82990'],SIMPLIFYMANAGEMENT,DE1,SIMPLIFYMANAGEMENT|DE1
03758088,20 ST LUKE'S ROAD RESIDENTS ASSOCIATION LIMITED,active,ltd,1999-04-23,20 Saint Lukes Road,London,,W11 1DP,,['98000'],20STLUKESROADRESIDENTSASSOCIATION,W11,20STLUKESROADRESIDENTSASSOCIATION|W11
00558626,PROFESSIONAL SERVICES (MIDLANDS) LIMITED,active,ltd,1955-12-14,The Greenhouse,106-108 Ashbourne Road,Derby,DE22 3AG,,['68209'],PROFESSIONALSERVICESMIDLANDS,DE22,PROFESSIONALSERVICESMIDLANDS|DE22
12773065,HARVEST SOURDOUGH LTD,active,ltd,2020-07-28,485 Cambridge Heath Road,,London,E2 9BU,England,['10710'],HARVESTSOURDOUGH,E2,HARVESTSOURDOUGH|E2
05793769,GBC ELECTRICAL ENGINEERING LIMITED,active,ltd,2006-04-25,Dellgrove Lodge 6 Healey Grove,Whitworth,Rochdale,OL12 8RX,,['43210'],GBCELECTRICALENGINEERING,OL12,GBCELECTRICALENGINEERING|OL12
07205840,SARAHS FOOT CLINIC LIMITED,active,ltd,2010-03-29,17 Ray Street,,Heanor,DE75 7GE,England,['86900'],SARAHSFOOTCLINIC,DE75,SARAHSFOOTCLINIC|DE75
02368106,FLUID SERVICES (SOUTHERN) LIMITED,active,ltd,1989-04-04,22 Dunton Close,West Meadows Industrial Estate,Derby,DE21 6XB,,['74990'],FLUIDSERVICESSOUTHERN,DE21,FLUIDSERVICESSOUTHERN|DE21
06952828,ARROWPATH LIMITED,active,ltd,2009-07-06,190 Creighton Avenue,,London,N2 9BJ,England,['99999'],ARROWPATH,N2,ARROWPATH|N2
12485314,DERRICK CONSULTANCY SERVICES LIMITED,active,ltd,2020-02-26,304 High Road,,Benfleet,SS7 5HB,England,"['61900', '69102']",DERRICKCONSULTANCY,SS7,DERRICKCONSULTANCY|SS7
11055610,DIRECT TO SOURCE LTD,active,ltd,2017-11-09,Hollymount Barn,Glewstone,Ross-On-Wye,HR9 6AN,United Kingdom,['46180'],DIRECTTOSOURCE,HR9,DIRECTTOSOURCE|HR9
12721742,CAR2CODE LTD,active,ltd,2020-07-06,5 Gwencole Avenue,,Leicester,LE3 2FG,England,"['45112', '45200']",CAR2CODE,LE3,CAR2CODE|LE3
10173724,DIANE'S NURSERIES LTD,active,ltd,2016-05-11,Nunns Accounting Services Ltd,50 Micklegate,Selby,YO8 4EQ,England,['85100'],DIANESNURSERIES,YO8,DIANESNURSERIES|YO8
05839033,A-LIST FINISHING LTD,active,ltd,2006-06-06,Unit 6-7 Jupiter Road,,Norwich,NR6 6SU,,['45200'],ALISTFINISHING,NR6,ALISTFINISHING|NR6
06592173,RESORT SOLUTIONS HOLDINGS LIMITED,active,ltd,2008-05-14,Hallswelle House,1 Hallswelle Road,London,NW11 0DH,England,['70100'],RESORTSOLUTIONS,NW11,RESORTSOLUTIONS|NW11
07902048,RAMSAR CARE LIMITED,active,ltd,2012-01-09,43 Longships Way,,Reading,RG2 0FZ,,['86900'],RAMSARCARE,RG2,RAMSARCARE|RG2
10137463,PURPLE CACTUS LTD,active,ltd,2016-04-21,140 Cranbrook Road,,London,W4 2LJ,United Kingdom,['85422'],PURPLECACTUS,W4,PURPLECACTUS|W4
10492363,SUPERIOR VAPOUR LTD,active,ltd,2016-11-23,92 Western Avenue,,Newport,NP20 3QZ,Wales,['47789'],SUPERIORVAPOUR,NP20,SUPERIORVAPOUR|NP20
03053913,PREMIER PLASTIC PARTS LIMITED,active,ltd,1995-05-05,The Old Dairy 12 Stephen Road,Headington,Oxford,OX3 9AY,England,['22290'],PREMIERPLASTICPARTS,OX3,PREMIERPLASTICPARTS|OX3
08296543,MILANO RUGS LTD,active,ltd,2012-11-16,43 East Street,,Barking,IG11 8EJ,,"['47510', '47530']",MILANORUGS,IG11,MILANORUGS|IG11
09240504,HDI (T/A SAMBUCA HARTLEPOOL) LIMITED,active,ltd,2014-09-30,20-21 Church Street,,Hartlepool,TS24 7DH,England,['56101'],HDITASAMBUCAHARTLEPOOL,TS24,HDITASAMBUCAHARTLEPOOL|TS24
NI624407,TMC DISTRIBUTION (NI) LIMITED,active,ltd,2014-05-02,57 Keelmount Grange,Portadown,Craigavon,BT62 1UE,Northern Ireland,['53201'],TMCDISTRIBUTIONNI,BT62,TMCDISTRIBUTIONNI|BT62
SC301883,HAYES OF SYMINGTON LIMITED,active,ltd,2006-05-05,Hayes Garden Land,"Tarbolten Road, Symington",Kilmarnock,KA1 5PD,,['56290'],HAYESOFSYMINGTON,KA1,HAYESOFSYMINGTON|KA1
SC346466,GORDON SAWMILLS LIMITED,active,ltd,2008-08-01,Gordon Sawmills Bridgend,Longside,Peterhead,AB42 4XE,Scotland,['16100'],GORDONSAWMILLS,AB42,GORDONSAWMILLS|AB42
12578130,STEPPAS LIMITED,active,ltd,2020-04-29,Delmon House,36-38 Church Road,Burgess Hill,RH15 9AE,United Kingdom,['59200'],STEPPAS,RH15,STEPPAS|RH15
06683169,PLATINUM PRODUCTS LIMITED,active,ltd,2008-08-28,Bradbury House,Mission Court,Newport,NP20 2DW,United Kingdom,['23630'],PLATINUMPRODUCTS,NP20,PLATINUMPRODUCTS|NP20
03610149,TERRY'S FABRIC WAREHOUSE LIMITED,active,ltd,1998-08-05,Unit 6-8 Winpenny Road Winpenny Road,Parkhouse Industrial Estate East,Newcastle,ST5 7RH,England,['47510'],TERRYSFABRICWAREHOUSE,ST5,TERRYSFABRICWAREHOUSE|ST5
SC240455,ALTYPE PLANS LIMITED,active,ltd,2002-12-03,Park House Centre,South Street,Elgin,IV30 1JB,,['71111'],ALTYPEPLANS,IV30,ALTYPEPLANS|IV30
10260459,NALBANT FISH & CIPS LIMITED,active,ltd,2016-07-04,291 Green Lanes,,London,N13 4XS,United Kingdom,['56103'],NALBANTFISHANDCIPS,N13,NALBANTFISHANDCIPS|N13
04203953,TYLDESLEY TYRE & EXHAUSTS LIMITED,active,ltd,2001-04-23,Primrose Street,Tyldesley,Greater Manchester,M29 8BQ,,['45200'],TYLDESLEYTYREANDEXHAUSTS,M29,TYLDESLEYTYREANDEXHAUSTS|M29
05678807,PRESTIDGE KITCHENS & CARPENTRY LTD,active,ltd,2006-01-18,76 High Street,Brierley Hill,W Midlands,DY5 3AW,,['43320'],PRESTIDGEKITCHENSANDCARPENTRY,DY5,PRESTIDGEKITCHENSANDCARPENTRY|DY5
05846304,SBR ENTERPRISES LIMITED,active,ltd,2006-06-14,1e Finsbury Park Road,,London,N4 2LA,England,"['56102', '56290']",SBRENTERPRISES,N4,SBRENTERPRISES|N4
10534198,K1 TRANSPORT LTD,active,ltd,2016-12-21,69 Coltsfoot Path,,Romford,RM3 8BE,United Kingdom,"['49410', '49420', '52290']",K1TRANSPORT,RM3,K1TRANSPORT|RM3
04041820,WORLDTOP ENTERPRISES LTD,active,ltd,2000-07-27,78 St Margarets Road,,Edgware,HA8 9UU,,"['68100', '68209']",WORLDTOPENTERPRISES,HA8,WORLDTOPENTERPRISES|HA8
SC564910,MCPHERSON HOLDINGS LIMITED,active,ltd,2017-05-03,37 Portland Road,,Kilmarnock,KA1 2DJ,United Kingdom,['68209'],MCPHERSON,KA1,MCPHERSON|KA1
02191000,MAINSTAVE LIMITED,active,ltd,1987-11-10,"Unit 4, Berrington Road",Sydenham Industrial Estate,Leamington Spa,CV31 1NB,,['64209'],MAINSTAVE,CV31,MAINSTAVE|CV31
08268248,WE FOR TALENT (UK) LIMITED,active,ltd,2012-10-25,Flat 49 Clarewood Court,Seymour Place,London,W1H 2NN,England,"['62012', '74909', '78300', '85590']",WEFORTALENTUK,W1H,WEFORTALENTUK|W1H
01675771,BEAVERS HOUSE MANAGEMENT LIMITED,active,ltd,1982-11-04,390 Hurst Road,,Bexley,DA5 3JY,England,['68320'],BEAVERSHOUSEMANAGEMENT,DA5,BEAVERSHOUSEMANAGEMENT|DA5
01880555,E. & M. BRENNAN LIMITED,active,ltd,1985-01-25,1 Cornwall Street,Higher Openshaw,Manchester,M11 2NR,,['43999'],EANDMBRENNAN,M11,EANDMBRENNAN|M11
09573467,KALEIDOSCOPE PROPERTY CONSULTING LTD,active,ltd,2015-05-05,3 Clover House,Boston Road,Sleaford,NG34 7HD,England,['68310'],KALEIDOSCOPEPROPERTYCONSULTING,NG34,KALEIDOSCOPEPROPERTYCONSULTING|NG34
06228033,CHEEKY INSURANCE SERVICES LTD,active,ltd,2007-04-26,134-136 New Hall Lane,,Preston,PR1 4DX,,['65120'],CHEEKYINSURANCE,PR1,CHEEKYINSURANCE|PR1
04209698,GALVANISED FASTENERS LIMITED,active,ltd,2001-05-02,C/O Brooks Forgings Ltd,Doulton Road,Cradley Heath,B64 5QJ,,['25500'],GALVANISEDFASTENERS,B64,GALVANISEDFASTENERS|B64
10643400,ASPIRE STUDENT LIVING 3 MANAGEMENT LTD,active,ltd,2017-02-28,Unit 11 Creative Court,Central Park Avenue,Plymouth,PL4 6NW,,['68209'],ASPIRESTUDENTLIVING3MANAGEMENT,PL4,ASPIRESTUDENTLIVING3MANAGEMENT|PL4
10781635,BLUEBELLE PROPERTY INVESTMENTS LIMITED,active,ltd,2017-05-20,C/O Fylde Tax Accountants,155 Newton Drive,Blackpool,FY3 8LZ,England,"['68100', '68209', '68320']",BLUEBELLEPROPERTYINVESTMENTS,FY3,BLUEBELLEPROPERTYINVESTMENTS|FY3
10998405,ANGEL NAILS SPA LIMITED,active,ltd,2017-10-05,Unit 3 Ibex House 2 Leytonstone Road,Stratford,London,E15 1SE,United Kingdom,['96020'],ANGELNAILSSPA,E15,ANGELNAILSSPA|E15
10007162,UTLEY AVIATION LTD,active,ltd,2016-02-16,70 Wright Street,,Hull,HU2 8JD,England,['33160'],UTLEYAVIATION,HU2,UTLEYAVIATION|HU2
12598540,WOOLFOOT PROPERTIES LIMITED,active,ltd,2020-05-12,3 Oakdale Drive,Pool In Wharfedale,Otley,LS21 1LJ,United Kingdom,"['68100', '68209', '68320']",WOOLFOOTPROPERTIES,LS21,WOOLFOOTPROPERTIES|LS21
11990369,FOSTEC SYSTEMS LIMITED,active,ltd,2019-05-10,Dunelm Doncaster Road,Brayton,Selby,YO8 9EG,England,['80200'],FOSTECSYSTEMS,YO8,FOSTECSYSTEMS|YO8
SC565037,ALLEGRO EQUESTRIAN SERVICES LIMITED,active,ltd,2017-05-05,"6th Floor, Gordon Chambers",90 Mitchell Street,Glasgow,G1 3NQ,United Kingdom,['96090'],ALLEGROEQUESTRIAN,G1,ALLEGROEQUESTRIAN|G1
03711652,TRELAWNEY COURT MANAGEMENT (ROCK) LIMITED,active,ltd,1999-02-11,7 Trelawney Court Rock Road,St. Minver,Wadebridge,PL27 6PP,,['98000'],TRELAWNEYCOURTMANAGEMENTROCK,PL27,TRELAWNEYCOURTMANAGEMENTROCK|PL27
11016036,CARDIFF BOOKKEEPING AND ACCOUNTANCY SERVICES LTD,active,ltd,2017-10-17,2 Ffordd Pengam,,Cardiff,CF24 2SA,Wales,"['69201', '69202']",CARDIFFBOOKKEEPINGANDACCOUNTANCY,CF24,CARDIFFBOOKKEEPINGANDACCOUNTANCY|CF24
08119616,RELISH SCHOOL FOOD LIMITED,active,ltd,2012-06-26,Monarch House - Suite Efg Chrysalis Way,Eastwood,Nottingham,NG16 3RY,England,"['10890', '99999']",RELISHSCHOOLFOOD,NG16,RELISHSCHOOLFOOD|NG16
05639677,A S PROPERTIES SERVICES LIMITED,active,ltd,2005-11-29,368 Bradford Road,Stanningley,Pudsey,LS28 7TQ,,['99999'],ASPROPERTIES,LS28,ASPROPERTIES|LS28
11531045,KIMARC LTD,active,ltd,2018-08-22,89 Palgrove Road,Pennywell,Sunderland,SR4 8DY,United Kingdom,['86900'],KIMARC,SR4,KIMARC|SR4
09166267,LOUISVILLE PATISSERIE LIMITED,active,ltd,2014-08-07,93 Aldwick Road,,Bognor Regis,PO21 2NW,,['47250'],LOUISVILLEPATISSERIE,PO21,LOUISVILLEPATISSERIE|PO21
11712768,RICHARDS SIMMONS HEATING LTD,active,ltd,2018-12-05,76 Factory Street West,Atherton,Manchester,M46 0EF,England,['43220'],RICHARDSSIMMONSHEATING,M46,RICHARDSSIMMONSHEATING|M46
12599590,BNM DRYLINING LTD,active,ltd,2020-05-13,12 Aspfield Row,,Hemel Hempstead,HP1 3HE,England,['41201'],BNMDRYLINING,HP1,BNMDRYLINING|HP1
NI672964,REI- WIND HOLDING LTD,active,ltd,2020-09-29,8-10 Church Street,,Omagh,BT78 1DG,United Kingdom,['74909'],REIWIND,BT78,REIWIND|BT78
SC515312,ENDISON VENTILATION LTD,active,ltd,2015-09-10,31 Sighthill Avenue Sighthill Avenue,,Edinburgh,EH11 4QT,Scotland,['43220'],ENDISONVENTILATION,EH11,ENDISONVENTILATION|EH11
09539841,REYTECK LIMITED,active,ltd,2015-04-13,58 High Street Pinner,,London,HA5 5PZ,United Kingdom,['62030'],REYTECK,HA5,REYTECK|HA5
08445953,VEMNER CONSULTING LIMITED,active,ltd,2013-03-14,Glendale Winchester Road,Durley,Southampton,SO32 2AJ,England,['64191'],VEMNERCONSULTING,SO32,VEMNERCONSULTING|SO32
08014521,DANE COURT HOSPITALITY LIMITED,active,ltd,2012-04-02,1 Ashford Road,,Tenterden,TN30 6AB,,['55900'],DANECOURTHOSPITALITY,TN30,DANECOURTHOSPITALITY|TN30
02945475,GREAT COATES MOTORS LIMITED,active,ltd,1994-07-05,Unit 4 Estate Rd No 5,South Humberside Industrial Est.,Grimsby,DN31 2TG,,"['45190', '45200']",GREATCOATESMOTORS,DN31,GREATCOATESMOTORS|DN31
NI059092,MCAULEY FREIGHT LTD,active,ltd,2006-04-26,23 Hughenden Avenue,Belfast,Co Antrim,BT15 5DB,,['50200'],MCAULEYFREIGHT,BT15,MCAULEYFREIGHT|BT15
09303736,BLOBFISH LIMITED,active,ltd,2014-11-10,6th Floor 2 London Wall Place,,London,EC2Y 5AU,England,['96090'],BLOBFISH,EC2Y,BLOBFISH|EC2Y
06590526,WEST PARK RECRUITMENT LIMITED,active,ltd,2008-05-12,10 Cliff Parade,,Wakefield,WF1 2TA,,['78109'],WESTPARKRECRUITMENT,WF1,WESTPARKRECRUITMENT|WF1
10779827,G&S CORPORATION LTD,active,ltd,2017-05-19,89 Fleet Street,,London,EC4Y 1DH,England,"['43290', '43390', '81299', '81300']",GANDSCORPORATION,EC4Y,GANDSCORPORATION|EC4Y
01232328,ST. DAVIDS APARTMENTS LIMITED,active,ltd,1975-11-04,92 Radbourne Road,Shirley,Solihull,B90 3RR,England,"['68201', '98000']",STDAVIDSAPARTMENTS,B90,STDAVIDSAPARTMENTS|B90
09818841,ENDEGO LTD,active,ltd,2015-10-12,First Floor,"359 High Street, Stratford",London,E15 4QZ,England,"['43290', '43390']",ENDEGO,E15,ENDEGO|E15
11561072,MMM CASAMIA LTD,active,ltd,2018-09-10,27 Queensway 27 Queensway,,London,W2 4QJ,United Kingdom,['56290'],MMMCASAMIA,W2,MMMCASAMIA|W2
09764338,GLOBAL UNITED RESEARCH AND ANALYSIS LIMITED,active,ltd,2015-09-07,Suite 4 Stanmore Towers,8-14 Church Road,Stanmore,HA7 4AW,England,['99999'],GLOBALUNITEDRESEARCHANDANALYSIS,HA7,GLOBALUNITEDRESEARCHANDANALYSIS|HA7
11365695,HILAL DINCER LTD,active,ltd,2018-05-16,112 Princes Gardens,,London,W3 0LJ,England,['93199'],HILALDINCER,W3,HILALDINCER|W3
11611800,THE HIDDEN JAZZ CLUB LIMITED,active,ltd,2018-10-09,1 Scena Way,,London,SE5 0BD,England,['90010'],THEHIDDENJAZZCLUB,SE5,THEHIDDENJAZZCLUB|SE5
11339568,DATH & BERGH PROPERTY LTD,active,ltd,2018-05-01,143 Station Road,,Hampton,TW12 2AL,England,"['68100', '68209']",DATHANDBERGHPROPERTY,TW12,DATHANDBERGHPROPERTY|TW12
01510606,J. S. M. ENGINEERING LIMITED,active,ltd,1980-08-04,Jsm Engineering Ltd 23 Glaisdale Drive East,Bilborough,Nottingham,NG8 4GU,,['25110'],JSMENGINEERING,NG8,JSMENGINEERING|NG8
04683672,ADDITIONAL BOOKKEEPING COMPANY LIMITED,active,ltd,2003-03-03,Flat 7 32 Carters Avenue,,Poole,BH15 4JU,England,['69202'],ADDITIONALBOOKKEEPINGCOMPANY,BH15,ADDITIONALBOOKKEEPINGCOMPANY|BH15
11918405,MY BOSS ONLINE LIMITED,active,ltd,2019-04-01,26 Ludgate Close,Arnold,Nottingham,NG5 9QQ,United Kingdom,"['62012', '82990', '84130']",MYBOSSONLINE,NG5,MYBOSSONLINE|NG5
10903237,CAMBRIDGE PROPERTY CLEANING AND MAINTENANCE LTD,active,ltd,2017-08-07,5 Royston Road,Harston,Cambridge,CB22 7PU,England,['81210'],CAMBRIDGEPROPERTYCLEANINGANDMAINTENANCE,CB22,CAMBRIDGEPROPERTYCLEANINGANDMAINTENANCE|CB22
01732382,ORELLAWOOD PROPERTY INVESTMENTS LIMITED,active,ltd,1983-06-16,Suites 5 & 6 The Printworks,"Hey Road, Barrow",Clitheroe,BB7 9WB,,['41100'],ORELLAWOODPROPERTYINVESTMENTS,BB7,ORELLAWOODPROPERTYINVESTMENTS|BB7
11575524,MINDEXCEL IT SOLUTIONS LTD,active,ltd,2018-09-18,231 Kenton Road,,Harrow,HA3 0HD,England,['63990'],MINDEXCELITSOLUTIONS,HA3,MINDEXCELITSOLUTIONS|HA3
03817642,VERIS SUSTAINABILITY GROUP LIMITED,active,ltd,1999-08-02,C/O Mercer & Hole The Pinnacle,170 Midsummer Boulevard,Milton Keynes,MK9 1BP,England,['74901'],VERISSUSTAINABILITY,MK9,VERISSUSTAINABILITY|MK9
02324711,AUTO INPARTS LIMITED,active,ltd,1988-12-02,Unit L2,Cherrycourt Way,Leighton Buzzard,LU7 4UH,,"['45310', '45320']",AUTOINPARTS,LU7,AUTOINPARTS|LU7
04469516,KORDIS LIMITED,active,ltd,2002-06-25,1 Brassey Road,Old Potts Way,Shrewsbury,SY3 7FA,,['82990'],KORDIS,SY3,KORDIS|SY3
04437242,DEVO ENGINEERING LIMITED,active,ltd,2002-05-13,3 Lindisfarne Drive,Kenilworth,Warwickshire,CV8 2PQ,,['62030'],DEVOENGINEERING,CV8,DEVOENGINEERING|CV8
09035648,SKILLS ON SCREEN LIMITED,active,ltd,2014-05-12,10-12 Rivington Street,,London,EC2A 3DU,,['82990'],SKILLSONSCREEN,EC2A,SKILLSONSCREEN|EC2A
09752057,BELTON FALCONRY LIMITED,active,ltd,2015-08-27,64 Hall Gate,,Doncaster,DN1 3PB,England,['01490'],BELTONFALCONRY,DN1,BELTONFALCONRY|DN1
12022943,ORDAPAD LIMITED,active,ltd,2019-05-29,Red Barns Ashwell Road,Guilden Morden,Royston,SG8 0JY,England,['62012'],ORDAPAD,SG8,ORDAPAD|SG8
08190204,BIRCH RENOVATIONS LIMITED,active,ltd,2012-08-24,20-22 Wenlock Road,,London,N1 7GU,England,['43390'],BIRCHRENOVATIONS,N1,BIRCHRENOVATIONS|N1
07599210,TSAVO ENTERPRISES LIMITED,active,ltd,2011-04-11,20 Wenlock Road,,London,N1 7GU,England,"['33140', '43210', '81222']",TSAVOENTERPRISES,N1,TSAVOENTERPRISES|N1
11751558,SOUTHERN LINE MARKINGS LIMITED,active,ltd,2019-01-07,Avonlea Bush Lane,Send,Woking,GU23 7HP,United Kingdom,['43341'],SOUTHERNLINEMARKINGS,GU23,SOUTHERNLINEMARKINGS|GU23
09228366,YEZDA FOODS LTD,active,ltd,2014-09-22,85 Kenworthy Road,,London,E9 5RB,,['47110'],YEZDAFOODS,E9,YEZDAFOODS|E9
11341005,KINGS LYNN DOMICILIARY SPECSAVERS LIMITED,active,ltd,2018-05-02,"Forum 6, Parkway","Solent Business Park, Whiteley",Fareham,PO15 7PA,England,['47782'],KINGSLYNNDOMICILIARYSPECSAVERS,PO15,KINGSLYNNDOMICILIARYSPECSAVERS|PO15
09995836,INSTALL WASTE MANAGEMENT LTD,active,ltd,2016-02-09,Unit 12g Atlantic Trading Estate,,Barry,CF63 3RF,United Kingdom,['38210'],INSTALLWASTEMANAGEMENT,CF63,INSTALLWASTEMANAGEMENT|CF63
09533103,CHRIS POTTER CONSULTING LTD,active,ltd,2015-04-09,Yewlett Barns,Chantry,Frome,BA11 3LJ,England,"['72110', '74909']",CHRISPOTTERCONSULTING,BA11,CHRISPOTTERCONSULTING|BA11
12301187,THE PELE CLINIC LTD,active,ltd,2019-11-06,Ridgemont,Widford Road,Much Hadham,SG10 6EZ,United Kingdom,"['94120', '96020']",THEPELECLINIC,SG10,THEPELECLINIC|SG10
SC230527,LEMON CRUSH LIMITED,active,ltd,2002-04-18,11 Portland Road,,Kilmarnock,KA1 2BT,Scotland,['71111'],LEMONCRUSH,KA1,LEMONCRUSH|KA1
05449087,THE GLASS CENTRE (BASINGSTOKE) LIMITED,active,ltd,2005-05-11,Unit 3 Bear Court Amrstrong Road,Daneshill East,Basingstoke,RG24 8QT,,"['23120', '43342']",THEGLASSCENTREBASINGSTOKE,RG24,THEGLASSCENTREBASINGSTOKE|RG24
03735390,RKT (UK) LIMITED,active,ltd,1999-03-18,26 Haley Street,Willenhall,West Midlands,WV12 4JT,,['85590'],RKTUK,WV12,RKTUK|WV12
09584764,HAWK DANCE THEATRE LTD,active,ltd,2015-05-11,Flat 13 New Union Street,,Manchester,M4 6BS,England,['90010'],HAWKDANCETHEATRE,M4,HAWKDANCETHEATRE|M4
10759158,ALKIONI HOLDINGS LTD,active,ltd,2017-05-08,24 Balmore Crescent,,Barnet,EN4 9ND,England,"['64209', '68100', '68209', '70229']",ALKIONI,EN4,ALKIONI|EN4
11321076,CRC RAIL LTD,active,ltd,2018-04-20,10 Western Road,,Romford,RM1 3JT,England,"['42120', '43210']",CRCRAIL,RM1,CRCRAIL|RM1
04701044,PEMBROKESHIRE RESOURCE CENTRE LIMITED,active,ltd,2003-03-18,Vision Court Caxton Place,Pentwyn,Cardiff,CF23 8HA,Wales,['87200'],PEMBROKESHIRERESOURCECENTRE,CF23,PEMBROKESHIRERESOURCECENTRE|CF23
06246811,MICROCAD ENGINEERING LIMITED,active,ltd,2007-05-14,114 Grimston Road,South Wootton,King's Lynn,PE30 3NS,England,['82990'],MICROCADENGINEERING,PE30,MICROCADENGINEERING|PE30
07189697,MILLINGTONS SIGNS & GRAPHICS LIMITED,active,ltd,2010-03-15,Kingsnorth House,Blenheim Way,Birmingham,B44 8LS,,['74100'],MILLINGTONSSIGNSANDGRAPHICS,B44,MILLINGTONSSIGNSANDGRAPHICS|B44
11869461,TUCKER  CAR HIRE LTD,active,ltd,2019-03-08,Unit 2b Long Rock Industrial Estate,Long Rock,Penzance,TR20 8HX,United Kingdom,['77110'],TUCKERCARHIRE,TR20,TUCKERCARHIRE|TR20
04753235,TIGER SOFTWARE LIMITED,active,ltd,2003-05-06,77-79 Christchurch Road,Ringwood,Hampshire,BH24 1DH,,['61900'],TIGERSOFTWARE,BH24,TIGERSOFTWARE|BH24
12787821,LINKWOOD SCHOOL FARM LIMITED,active,ltd,2020-08-03,Linkwood Farm Wood Lane,Horsley Woodhouse,Ilkeston,DE7 6BN,England,['01500'],LINKWOODSCHOOLFARM,DE7,LINKWOODSCHOOLFARM|DE7
02286660,D.D. CONCRETE LIMITED,active,ltd,1988-08-12,Dd Concrete Blaenant Industrial Estate,Brynmawr,Ebbw Vale,NP23 4NF,United Kingdom,['23910'],DDCONCRETE,NP23,DDCONCRETE|NP23
08532926,COUPONSHOP LIMITED,active,ltd,2013-05-17,Hunter House 150 Hutton Road,Shenfield,Brentwood,CM15 8NL,,['47910'],COUPONSHOP,CM15,COUPONSHOP|CM15
11270475,DATAMINE PROMOTIONS LTD,active,ltd,2018-03-22,Suite 412 Gilmoora House,57-61 Mortimer Street,London,W1W 8HS,,['82990'],DATAMINEPROMOTIONS,W1W,DATAMINEPROMOTIONS|W1W
10772082,DOVETAIL KITCHENS & INTERIORS LTD,active,ltd,2017-05-16,"Acclaimed Accounting Ltd, Suite 2, Unit 41-42 Shrivenham Hundred Business Park",Majors Road,Watchfield,SN6 8TZ,United Kingdom,['16230'],DOVETAILKITCHENSANDINTERIORS,SN6,DOVETAILKITCHENSANDINTERIORS|SN6
09972299,KINGDOM PROPERTY SERVICES LTD,active,ltd,2016-01-27,1 Church Street,,Slough,SL1 1PQ,England,"['46110', '46130', '68310', '68320']",KINGDOMPROPERTY,SL1,KINGDOMPROPERTY|SL1
03092025,D & A (1860) LIMITED,active,ltd,1995-08-16,5th Floor 14 Brook's Mews,,London,W1K 4DG,United Kingdom,['99999'],DANDA1860,W1K,DANDA1860|W1K
09037776,GOLBY & LUCK LTD,active,ltd,2014-05-13,207 Leicester Road,,Ibstock,LE67 6HP,England,['71112'],GOLBYANDLUCK,LE67,GOLBYANDLUCK|LE67
08850363,RAVDA CONSULTING LIMITED,active,ltd,2014-01-17,Rose Lea,Runshaw Lane,Chorley,PR7 6HD,England,['62020'],RAVDACONSULTING,PR7,RAVDACONSULTING|PR7
09592194,INSYNC PERSONAL TRAINING LIMITED,active,ltd,2015-05-14,140 Lee Lane,Horwich,Bolton,BL6 7AF,,['93130'],INSYNCPERSONALTRAINING,BL6,INSYNCPERSONALTRAINING|BL6
09550898,PINNACLE IT SERVICES LTD,active,ltd,2015-04-20,Lower Haybridge,Milson,Kidderminster,DY14 0BN,England,['82990'],PINNACLEIT,DY14,PINNACLEIT|DY14
04226864,MARKETWISE STRATEGIES LIMITED,active,ltd,2001-06-01,7-15 Pink Lane,,Newcastle Upon Tyne,NE1 5DW,England,"['70229', '73200']",MARKETWISESTRATEGIES,NE1,MARKETWISESTRATEGIES|NE1
SC596647,PANACEA PROPERTY LIMITED,active,ltd,2018-05-09,162-164 Bruntsfield Place,,Edinburgh,EH10 4ER,United Kingdom,['68209'],PANACEAPROPERTY,EH10,PANACEAPROPERTY|EH10
01602672,RECTORY PARK MANAGEMENT LIMITED,active,ltd,1981-12-08,8 Higher End,Chickerell,Weymouth,DT3 4EQ,United Kingdom,['68320'],RECTORYPARKMANAGEMENT,DT3,RECTORYPARKMANAGEMENT|DT3
08517426,MORTADELLA LIMITED,active,ltd,2013-05-07,65 Camberwell Church Street,Camberwell,London,SE5 8TR,United Kingdom,['56101'],MORTADELLA,SE5,MORTADELLA|SE5
06905332,BOTO ENTERPRISE LIMITED,active,ltd,2009-05-14,90 Buckingham Road,,Hampton,TW12 3JG,England,['46900'],BOTOENTERPRISE,TW12,BOTOENTERPRISE|TW12
08062904,L A COUNSELLING LTD,active,ltd,2012-05-09,76c Davyhulme Road Davyhulme Road,Urmston,Manchester,M41 7DN,England,['82990'],LACOUNSELLING,M41,LACOUNSELLING|M41
04540911,MERSEYSIDE PROPERTY MAINTENANCE LTD,active,ltd,2002-09-20,Charlotte House,35-37 Hoghton Street,Southport,PR9 0NS,England,['68209'],MERSEYSIDEPROPERTYMAINTENANCE,PR9,MERSEYSIDEPROPERTYMAINTENANCE|PR9
12542964,BIOBEATS NOMINEE LIMITED,active,ltd,2020-04-01,85 Great Portland Street,,London,W1W 7LT,England,['72190'],BIOBEATSNOMINEE,W1W,BIOBEATSNOMINEE|W1W
09893590,ARNOLD FINANCIAL LIMITED,active,ltd,2015-11-30,24 Cecil Avenue,,Bournemouth,BH8 9EJ,United Kingdom,['64999'],ARNOLDFINANCIAL,BH8,ARNOLDFINANCIAL|BH8
06334221,MARBUS DEVELOPMENTS LIMITED,active,ltd,2007-08-06,Lower Farm Barn,Winterbourne,Newbury,RG20 8AU,,['41100'],MARBUSDEVELOPMENTS,RG20,MARBUSDEVELOPMENTS|RG20
05165261,D&A (2033) LIMITED,active,ltd,2004-06-29,5th Floor 14 Brooks Mews,,London,W1K 4DG,United Kingdom,['99999'],DANDA2033,W1K,DANDA2033|W1K
12578229,ALARM MAINTENANCE CAMBRIDGE LIMITED,active,ltd,2020-04-29,245 Wimpole Road Barton,,Cambridge,CB23 7AE,England,['43210'],ALARMMAINTENANCECAMBRIDGE,CB23,ALARMMAINTENANCECAMBRIDGE|CB23
09045694,DUTYPOINT LIMITED,active,ltd,2014-05-19,"Quedgeley West Business Park, Bristol Road",Hardwicke,Gloucester,GL2 4PA,England,['28131'],DUTYPOINT,GL2,DUTYPOINT|GL2
06019720,RETAIL PROJECT SERVICES (UK) LIMITED,active,ltd,2006-12-05,9 High Street,Stony Stratford,Milton Keynes,MK11 1AA,England,['70229'],RETAILPROJECTSERVICESUK,MK11,RETAILPROJECTSERVICESUK|MK11
12485922,T SMITH FS LTD,active,ltd,2020-02-26,10 Strands Farm Lane,Hornby,Lancaster,LA2 8AX,England,['70229'],TSMITHFS,LA2,TSMITHFS|LA2
03551566,CROFTER DEVELOPMENTS LIMITED,active,ltd,1998-04-23,Farley,Cornbirthwaite Road,Windermere,LA23 1DJ,England,['70229'],CROFTERDEVELOPMENTS,LA23,CROFTERDEVELOPMENTS|LA23
12811148,ROSECROFT INVESTMENTS LIMITED,active,ltd,2020-08-13,1st Floor 507 Centennial Avenue,Elstree,Borehawood,WD6 3FG,United Kingdom,"['68209', '82990']",ROSECROFTINVESTMENTS,WD6,ROSECROFTINVESTMENTS|WD6
03687078,MOTOFIX ACCIDENT REPAIR CENTRES LIMITED,active,ltd,1998-12-22,1 Albany Court,Albany Park,Camberley,GU16 7QR,,"['45200', '45320', '77110']",MOTOFIXACCIDENTREPAIRCENTRES,GU16,MOTOFIXACCIDENTREPAIRCENTRES|GU16
11927713,FOILART LIMITED,active,ltd,2019-04-05,Step Business Centre Wortley Road,Deepcar,Sheffield,S36 2UH,England,['33200'],FOILART,S36,FOILART|S36
07556484,LUK2000 LTD,active,ltd,2011-03-08,30 Queensway,Burton Latimer,Kettering,NN15 5QW,England,['52219'],LUK2000,NN15,LUK2000|NN15
11362622,PLACES WITH A PURPOSE LIMITED,active,ltd,2018-05-15,3 Devis Way,,Knutsford,WA16 0GY,England,['79110'],PLACESWITHAPURPOSE,WA16,PLACESWITHAPURPOSE|WA16
SC595869,RENEWABLE & ELECTRICAL POWER SYSTEMS LIMITED,active,ltd,2018-05-01,40 Broadlands,,Carnoustie,DD7 6JY,United Kingdom,['43210'],RENEWABLEANDELECTRICALPOWERSYSTEMS,DD7,RENEWABLEANDELECTRICALPOWERSYSTEMS|DD7
05810674,OPUS BUILDING SERVICES LIMITED,active,ltd,2006-05-09,Unit 7 Boldon Court,,Boldon,NE35 9LZ,,['43210'],OPUSBUILDING,NE35,OPUSBUILDING|NE35
10760181,PLUSPAD LTD,active,ltd,2017-05-09,"63/66 Hatton Garden Fifth Floor, Suite 23",,London,EC1N 8LE,England,['68320'],PLUSPAD,EC1N,PLUSPAD|EC1N
10446914,LOGISTICS MVM LTD,active,ltd,2016-10-26,125 Scotts Road,Leyton,London,E10 6LN,United Kingdom,"['49410', '53202', '96090']",LOGISTICSMVM,E10,LOGISTICSMVM|E10
10819876,TJM MAINTENANCE LIMITED,active,ltd,2017-06-15,148 Plashet Road,,London,E13 0QS,United Kingdom,['81100'],TJMMAINTENANCE,E13,TJMMAINTENANCE|E13
11338402,SAFE ORTHOPAEDICS LTD,active,ltd,2018-05-01,23 Copenhagen Street,,London,N1 0JB,England,['86900'],SAFEORTHOPAEDICS,N1,SAFEORTHOPAEDICS|N1
02874747,ARCON OVERSEAS LIMITED,active,ltd,1993-11-24,2 Huddersfield Road,,Stalybridge,SK15 2QA,England,['46690'],ARCONOVERSEAS,SK15,ARCONOVERSEAS|SK15
SC368808,SIM PROPERTY (CLYDEBANK) LTD.,active,ltd,2009-11-19,Whitecrook Business Centre 78 Whitecrook Street,Clydebank,Glasgow,G81 1QF,,['68209'],SIMPROPERTYCLYDEBANK,G81,SIMPROPERTYCLYDEBANK|G81
10115068,PAINT2PANEL SERVICES LTD.,active,ltd,2016-04-10,"The Grainary, Willoughby Lodge Farm Gilmorton Lane",Willoughby Waterleys,Leicester,LE8 6UE,England,['45200'],PAINT2PANEL,LE8,PAINT2PANEL|LE8
11263772,SECOND ELEMENT AGRICULTURE LTD,active,ltd,2018-03-20,1 Clare Cottage,Gallamore Lane,Market Rasen,LN8 3HZ,United Kingdom,['01110'],SECONDELEMENTAGRICULTURE,LN8,SECONDELEMENTAGRICULTURE|LN8
10427766,RANDAL LTD,active,ltd,2016-10-14,Turnpike House,1208 / 1210 London Road,Leigh-On-Sea,SS9 2UA,England,"['62020', '63990', '93199']",RANDAL,SS9,RANDAL|SS9
09287277,VITESH UK LTD,active,ltd,2014-10-29,Black Diamond,1 Phoenix Street,Blyth,NE24 4NP,England,['47110'],VITESH,NE24,VITESH|NE24
05626258,D&A (2059) LIMITED,active,ltd,2005-11-17,5th Floor 14 Brooks Mews,,London,W1K 4DG,United Kingdom,['99999'],DANDA2059,W1K,DANDA2059|W1K
01787708,ANKERS INVESTMENTS (POOLE) LIMITED,active,ltd,1984-01-31,22 Ringwood Road,,Ferndown,BH22 9AN,,['41100'],ANKERSINVESTMENTSPOOLE,BH22,ANKERSINVESTMENTSPOOLE|BH22
12604350,AHUJA’S INVESTMENT LTD,active,ltd,2020-05-15,110a Hanover Avenue,,Feltham,TW13 4JP,England,"['68100', '68209']",AHUJASINVESTMENT,TW13,AHUJASINVESTMENT|TW13
09234554,NJA TOWN PLANNING LIMITED,active,ltd,2014-09-25,The Beehive,City Place,Gatwick,RH6 0PA,England,['71112'],NJATOWNPLANNING,RH6,NJATOWNPLANNING|RH6
06669087,BASEKIT PLATFORM LIMITED,active,ltd,2008-08-11,Ground Floor One Castlepark,Tower Hill,Bristol,BS2 0JA,United Kingdom,['62020'],BASEKITPLATFORM,BS2,BASEKITPLATFORM|BS2
04358875,ARROW XL LIMITED,active,ltd,2002-01-23,Martland Mill Lane,,Wigan,WN5 0LZ,United Kingdom,"['49410', '52103', '52219', '52290']",ARROWXL,WN5,ARROWXL|WN5
10636419,NELSON HANDLEY ASSOCIATES LTD,active,ltd,2017-02-23,10 Market Square,,Lower Heyford,OX25 5NY,,['82990'],NELSONHANDLEYASSOCIATES,OX25,NELSONHANDLEYASSOCIATES|OX25
13055757,JFRAIL CONSULTING LTD,active,ltd,2020-12-02,18 Langton Place,,Bury St Edmunds,IP33 1NE,England,"['49100', '49311', '52212', '70229']",JFRAILCONSULTING,IP33,JFRAILCONSULTING|IP33
10931608,OVENLY LIMITED,active,ltd,2017-08-24,210 Mawney Road,,Romford,RM7 8BU,,"['56103', '56290']",OVENLY,RM7,OVENLY|RM7
12830747,WHITEHOUSE PROPERTY SERVICES LIMITED,active,ltd,2020-08-21,1 Hutton Close,South Church Enterprise Park,Bishop Auckland,DL14 6XG,England,['68209'],WHITEHOUSEPROPERTY,DL14,WHITEHOUSEPROPERTY|DL14
00841651,FERRY MOTORS (HARWICH) LIMITED,active,ltd,1965-03-18,66 West Street,Harwich,Essex,CO12 3DB,,"['45112', '45200']",FERRYMOTORSHARWICH,CO12,FERRYMOTORSHARWICH|CO12
03514667,RICHARD CRANE ASSOCIATES LIMITED,active,ltd,1998-02-20,336 Brook Lane Sarisbury Green,,Southampton,SO31 7DP,England,['71111'],RICHARDCRANEASSOCIATES,SO31,RICHARDCRANEASSOCIATES|SO31
10112923,LIONSBRIDGE LIMITED,active,ltd,2016-04-08,12 Helmet Row,,London,EC1V 3QJ,United Kingdom,"['41100', '68100', '68209']",LIONSBRIDGE,EC1V,LIONSBRIDGE|EC1V
11440021,SPRING INFO-TECH LTD,active,ltd,2018-06-29,"G3, Regus - Milton Keynes Atterbury Lakes Fairbourne Drive",Atterbury,Milton Keynes,MK10 9RG,England,['62020'],SPRINGINFOTECH,MK10,SPRINGINFOTECH|MK10
11321445,COTS WORLD INNS LIMITED,active,ltd,2018-04-20,49-51 Rathbone Street,,London,W1T 1NP,United Kingdom,['99999'],COTSWORLDINNS,W1T,COTSWORLDINNS|W1T
07395983,LONGHURST COMMUNICATIONS (HOLDINGS) LIMITED,active,ltd,2010-10-04,Church Court,Stourbridge Road,Halesowen,B63 3TT,,['70100'],LONGHURSTCOMMUNICATIONSHOLDINGS,B63,LONGHURSTCOMMUNICATIONSHOLDINGS|B63
06176785,CAMBRIDGE LEXICOGRAPHY & LANGUAGE SERVICES LIMITED,active,ltd,2007-03-21,150 Sedgwick Street,Cambridge,,CB1 3AL,,['70229'],CAMBRIDGELEXICOGRAPHYANDLANGUAGE,CB1,CAMBRIDGELEXICOGRAPHYANDLANGUAGE|CB1
11931041,ROWSE HOLDING COMPANY LIMITED,active,ltd,2019-04-08,Varfell Park,,Long Rock,TR20 8LD,United Kingdom,['64209'],ROWSEHOLDINGCOMPANY,TR20,ROWSEHOLDINGCOMPANY|TR20
12577623,KMC COURIERS (NW) LTD,active,ltd,2020-04-29,93 Barnston Road,Thingwall,Wirral,CH61 7XJ,United Kingdom,['53202'],KMCCOURIERSNW,CH61,KMCCOURIERSNW|CH61
11735667,BELLMIKE PROPERTY SERVICES LTD,active,ltd,2018-12-19,10 The Leys,Barton Green,Nottingham,NG11 8SJ,United Kingdom,['68209'],BELLMIKEPROPERTY,NG11,BELLMIKEPROPERTY|NG11
09817101,ODYSSEA EVENTS LTD,active,ltd,2015-10-09,Harben House Harben Parade,Finchley Road,London,NW3 6LH,,['82302'],ODYSSEAEVENTS,NW3,ODYSSEAEVENTS|NW3
10822298,ENERGY BY NATURE UK LTD,active,ltd,2017-06-16,5 Hextall Drive,,Ibstock,LE67 6RE,England,"['43220', '46740']",ENERGYBYNATURE,LE67,ENERGYBYNATURE|LE67
08662916,COMPLIANCE MANAGEMENT SOLUTIONS LIMITED,active,ltd,2013-08-27,Fulford House,Newbold Terrace,Leamington Spa,CV32 4EA,,['82990'],COMPLIANCEMANAGEMENTSOLUTIONS,CV32,COMPLIANCEMANAGEMENTSOLUTIONS|CV32
07585906,TOTAL ASBESTOS SOLUTIONS LIMITED,active,ltd,2011-03-31,Unit 2 Bilton Way,,Lutterworth,LE17 4JA,England,['43999'],TOTALASBESTOSSOLUTIONS,LE17,TOTALASBESTOSSOLUTIONS|LE17
10933037,DOVES PROPERTY LIMITED,active,ltd,2017-08-25,65 Ashbourne Avenue,,London,NW11 0DT,United Kingdom,['98000'],DOVESPROPERTY,NW11,DOVESPROPERTY|NW11
10624782,ELEMENTO TAPLOW LIMITED,active,ltd,2017-02-17,"Swiss House, Beckingham Business Park",Beckingham Street,Maldon,CM9 8LZ,England,['41100'],ELEMENTOTAPLOW,CM9,ELEMENTOTAPLOW|CM9
09168366,HELL TAP ENTERTAINMENT LIMITED,active,ltd,2014-08-08,The Retreat,406 Roding Lane South,Woodford Green,IG8 8EY,,['82990'],HELLTAPENTERTAINMENT,IG8,HELLTAPENTERTAINMENT|IG8
12463885,SOUNDARABABU LIMITED,active,ltd,2020-02-14,74 Seaforth Avenue,,New Malden,KT3 6JT,England,"['43110', '43330', '43341', '43999']",SOUNDARABABU,KT3,SOUNDARABABU|KT3
12458493,RESICA TRADING LTD,active,ltd,2020-02-12,94a Woodgrange Road,,London,E7 0EW,England,['81299'],RESICATRADING,E7,RESICATRADING|E7
12458549,CARINADRIVE LTD,active,ltd,2020-02-12,Sunnyfields Jacobs Gutter Lane,Totton,Southampton,SO40 9FX,United Kingdom,['49410'],CARINADRIVE,SO40,CARINADRIVE|SO40
04038614,A N A LIMITED,active,ltd,2000-07-21,First Floor Flat,493 Green Lanes,London,N4 1AL,England,"['46390', '46900']",ANA,N4,ANA|N4
12461380,LARKING’S LTD,active,ltd,2020-02-13,New House Station Road,Alne,York,YO61 1TP,England,['47290'],LARKINGS,YO61,LARKINGS|YO61
12458714,EGHIMMEL LTD,active,ltd,2020-02-12,12458714: COMPANIES HOUSE DEFAULT ADDRESS,,Cardiff,CF14 8LH,,['43210'],EGHIMMEL,CF14,EGHIMMEL|CF14
12459068,RPQA LTD,active,ltd,2020-02-12,6-8 Freeman Street,,Grimsby,DN32 7AA,England,['99999'],RPQA,DN32,RPQA|DN32
12458331,SGAWHOLESALE LIMITED,active,ltd,2020-02-12,120 Hinton Road,,Northampton,NN2 8NG,England,"['46341', '46342', '46370', '46390']",SGAWHOLESALE,NN2,SGAWHOLESALE|NN2
12463660,AL NIKAH WEDDING SERVICES LIMITED,active,ltd,2020-02-14,49 Halfway Avenue,,Luton,LU4 8RA,England,['59112'],ALNIKAHWEDDING,LU4,ALNIKAHWEDDING|LU4
08189724,CHIVERS PLUMBING & HEATING LIMITED,active,ltd,2012-08-23,"Unit 6, The Regent Centre Pent Road",Shearway Business Park,Folkestone,CT19 4FL,England,['43220'],CHIVERSPLUMBINGANDHEATING,CT19,CHIVERSPLUMBINGANDHEATING|CT19
12457882,WAYSQUARED LTD,active,ltd,2020-02-12,13 Greyford Close,,Leatherhead,KT22 8DS,England,['68100'],WAYSQUARED,KT22,WAYSQUARED|KT22
12460496,CROSS STITCH UK LTD,active,ltd,2020-02-13,12 Torrington Avenue,Whitwick,Coalville,LE67 5QA,United Kingdom,['47910'],CROSSSTITCH,LE67,CROSSSTITCH|LE67
12452686,ALMOTEQ LTD,active,ltd,2020-02-10,Westminster,House,Halkyn,CH8 8ES,United Kingdom,['74909'],ALMOTEQ,CH8,ALMOTEQ|CH8
12457217,SHAUN GARRETT HOLDINGS LTD,active,ltd,2020-02-12,55 Lunns Crescent,,Barton-Upon-Humber,DN18 5NB,England,['18201'],SHAUNGARRETT,DN18,SHAUNGARRETT|DN18
12455900,MNO FOOD LIMITED,active,ltd,2020-02-11,217 The Reach 39 Leeds Street,,Liverpool,L3 2DD,England,['56103'],MNOFOOD,L3,MNOFOOD|L3
12456786,PMT DRIVING SERV LIMITED,active,ltd,2020-02-11,2 Brevet Close,,Purfleet,RM19 1RW,England,['49410'],PMTDRIVINGSERV,RM19,PMTDRIVINGSERV|RM19
12455955,COLAK RETAIL LTD,active,ltd,2020-02-11,59 Commercial Street,Norton,Malton,YO17 9HX,England,['47110'],COLAKRETAIL,YO17,COLAKRETAIL|YO17
12463679,DEES MOTORS LTD,active,ltd,2020-02-14,Unit 55 Gelderd Road,,Leeds,,England,['45112'],DEESMOTORS,,DEESMOTORS|
12460074,ECPC LTD,active,ltd,2020-02-13,1 Mereway,Barton Seagrave,Kettering,NN15 6WR,England,['95110'],ECPC,NN15,ECPC|NN15
12458761,99 CURIOSITIES INTERNATIONAL LTD,active,ltd,2020-02-12,3rd Floor 86-90 Paul Street,,London,EC2A 4NE,,['47791'],99CURIOSITIES,EC2A,99CURIOSITIES|EC2A
02257018,NOVA DESIGN AND MANAGEMENT LIMITED,active,ltd,1988-05-12,"Watt House, Innovation Centre",Pensnett Trading Estate,Kingswinford,DY6 7YD,,"['64209', '71129']",NOVADESIGNANDMANAGEMENT,DY6,NOVADESIGNANDMANAGEMENT|DY6
05964349,TECHNOLOGY WITHIN LIMITED,active,ltd,2006-10-12,Cp House,Otterspool Way,Watford,WD25 8JJ,England,['62090'],TECHNOLOGYWITHIN,WD25,TECHNOLOGYWITHIN|WD25
04257732,JEST UK LIMITED,active,ltd,2001-07-24,226 Wood Lane,Dagenham,Essex,RM9 5ST,,['96090'],JEST,RM9,JEST|RM9
02152409,GLASSWORKS SERVICES LIMITED,active,ltd,1987-08-03,Units 7 & 8,Broomhouse Lane Industrial,Estate Edlington,DN12 1EQ,,"['46120', '46720', '46750']",GLASSWORKS,DN12,GLASSWORKS|DN12
10996639,SO SWEET CANDY STORE LIMITED,active,ltd,2017-10-04,Lifford Hall Lifford Lane,Kings Norton,Birmingham,B30 3JN,England,['47240'],SOSWEETCANDYSTORE,B30,SOSWEETCANDYSTORE|B30
10097528,CHERRY TREE FINANCIAL LTD,active,ltd,2016-04-01,2 Forest Farm Business Park,Fulford,York,YO19 4RH,England,['64922'],CHERRYTREEFINANCIAL,YO19,CHERRYTREEFINANCIAL|YO19
10910993,LAMBENT CONSULTING LTD,active,ltd,2017-08-11,"1, Derwent Business Centre",Clarke Street,Derby,DE1 2BU,England,"['62020', '70229']",LAMBENTCONSULTING,DE1,LAMBENTCONSULTING|DE1
10865052,HARRIS OPTICIANS (HESWALL) LIMITED,active,ltd,2017-07-13,317 India Mill Business Centre,Ashton Lane,Darwen,BB3 1AE,England,['47782'],HARRISOPTICIANSHESWALL,BB3,HARRISOPTICIANSHESWALL|BB3
SC426276,DANSARENA STUDIOS LIMITED,active,ltd,2012-06-15,33 Newmarket Street,,Ayr,KA7 1LL,Scotland,['90010'],DANSARENASTUDIOS,KA7,DANSARENASTUDIOS|KA7
11996251,SINGLE HOP LIMITED,active,ltd,2019-05-15,Flat 2 5 Maples Place,,London,E1 2EE,England,['68209'],SINGLEHOP,E1,SINGLEHOP|E1
09210438,CONSULTING QUEST LIMITED,active,ltd,2014-09-09,12 Cliff Street,,Ramsgate,CT11 9HS,,['70229'],CONSULTINGQUEST,CT11,CONSULTINGQUEST|CT11
12821976,EOH EUROPE LIMITED,active,ltd,2020-08-18,6-7 Castle Gate Castle Street,,Hertford,SG14 1HD,United Kingdom,['62090'],EOHEUROPE,SG14,EOHEUROPE|SG14
02000599,ARUNDEL HOUSE RESIDENTS ASSOCIATION LIMITED,active,ltd,1986-03-17,"14 Park Row,Nottingham",Park Row,Nottingham,NG1 6GR,England,['68320'],ARUNDELHOUSERESIDENTSASSOCIATION,NG1,ARUNDELHOUSERESIDENTSASSOCIATION|NG1
07831485,VORA DESIGN & ANALYSIS LIMITED,active,ltd,2011-11-01,White Gables,Coventry Road,Rugby,CV22 7RY,England,['82990'],VORADESIGNANDANALYSIS,CV22,VORADESIGNANDANALYSIS|CV22
08499192,PDG SAFETY LIMITED,active,ltd,2013-04-22,10 Corporation Road,,Newport,NP19 0AR,Wales,['70229'],PDGSAFETY,NP19,PDGSAFETY|NP19
11125957,DELMARCO PROPERTIES LTD,active,ltd,2017-12-28,1 Market Hill,,Calne,SN11 0BT,United Kingdom,['68209'],DELMARCOPROPERTIES,SN11,DELMARCOPROPERTIES|SN11
10389455,13 THEOBALD ROAD MANAGEMENT LTD,active,ltd,2016-09-22,Elfed House Oak Tree Court,Cardiff Gate Business Park,Cardiff,CF23 8RS,Wales,['82990'],13THEOBALDROADMANAGEMENT,CF23,13THEOBALDROADMANAGEMENT|CF23
09478646,THE SOHO WARRIORS LTD,active,ltd,2015-03-09,71-75 Shelton Street,,London,WC2H 9JQ,United Kingdom,['73110'],THESOHOWARRIORS,WC2H,THESOHOWARRIORS|WC2H
06364614,UNDERSTANDING RECRUITMENT LTD,active,ltd,2007-09-07,Second Floorsuite Abbeyview,38-40 The Maltings,St Albans,AL1 3HL,,['78109'],UNDERSTANDINGRECRUITMENT,AL1,UNDERSTANDINGRECRUITMENT|AL1
12243353,SO SWEET EXETER LIMITED,active,ltd,2019-10-04,Lifford Hall Tunnel Lane,Kings Norton,Birmingham,B30 3JN,United Kingdom,['47240'],SOSWEETEXETER,B30,SOSWEETEXETER|B30
11998285,ZEAL IO LTD.,active,ltd,2019-05-15,85 Great Portland Street,First Floor,London,W1W 7LT,England,['58290'],ZEALIO,W1W,ZEALIO|W1W
09578509,IDROPPED IT LTD.,active,ltd,2015-05-07,12 New Road,,Porthcawl,CF36 5DN,Wales,['95110'],IDROPPEDIT,CF36,IDROPPEDIT|CF36
03557793,YOUR IT LIMITED,active,ltd,1998-05-05,50 Rensherds Place,High Legh,Knutsford,WA16 6NG,England,['62020'],YOURIT,WA16,YOURIT|WA16
07129736,SURECALM HEALTHCARE LTD,active,ltd,2010-01-19,Gdc First Avenue,Deeside Industrial Park,Deeside,CH5 2NU,,['86900'],SURECALMHEALTHCARE,CH5,SURECALMHEALTHCARE|CH5
04417163,KASHMIR CROWN BAKING COMPANY LIMITED,active,ltd,2002-04-15,1-2 Worthington Street,,Bradford,BD8 8ET,,['99999'],KASHMIRCROWNBAKINGCOMPANY,BD8,KASHMIRCROWNBAKINGCOMPANY|BD8
06244380,TTX INTERNATIONAL LOGISTICS LIMITED,active,ltd,2007-05-11,"Unit 20, Hyders Farm House",Bonnets Lane,"Ifield, Crawley",RH11 0NY,,['52290'],TTXINTERNATIONALLOGISTICS,RH11,TTXINTERNATIONALLOGISTICS|RH11
10871466,WHISTLEBROOK CONSULTING LIMITED,active,ltd,2017-07-18,Unit 36 Silk Mill Industrial Estate,Brook Street,Tring,HP23 5EF,England,['62020'],WHISTLEBROOKCONSULTING,HP23,WHISTLEBROOKCONSULTING|HP23
07343879,FIONA MACKAY LIMITED,active,ltd,2010-08-12,9 Great Chesterford Court,London Road,Great Chesterford,CB10 1PF,,['70229'],FIONAMACKAY,CB10,FIONAMACKAY|CB10
12478317,APNA DERA LTD,active,ltd,2020-02-24,22-24 Broad Street,,Wolverhampton,WV1 1HP,United Kingdom,['56102'],APNADERA,WV1,APNADERA|WV1
12495918,NOTTE STREET CATERING LTD,active,ltd,2020-03-03,Rear Of 55 Ebrington Street,,Plymouth,PL4 9AA,England,['56103'],NOTTESTREETCATERING,PL4,NOTTESTREETCATERING|PL4
NI627046,ANGLEZARKE LIFE SCIENCES LTD,active,ltd,2014-10-06,6 Carnesure Park Carnesure Park,Comber,Newtownards,BT23 5LT,Northern Ireland,['70229'],ANGLEZARKELIFESCIENCES,BT23,ANGLEZARKELIFESCIENCES|BT23
NI628392,JOURNEY FREE LIMITED,active,ltd,2014-12-18,30 Bracken Ridge,,Dromore,BT25 1QF,Northern Ireland,['93290'],JOURNEYFREE,BT25,JOURNEYFREE|BT25
12581918,SPICE AND SUSHI GALLEY LIMITED,active,ltd,2020-05-01,64 Skyline Village,,London,E14 9TS,England,['56102'],SPICEANDSUSHIGALLEY,E14,SPICEANDSUSHIGALLEY|E14
12627903,SPICEBOX CURRY HOUSES LTD,active,ltd,2020-05-27,58 Hoe Street,,London,E17 4PG,England,['56101'],SPICEBOXCURRYHOUSES,E17,SPICEBOXCURRYHOUSES|E17
12487044,TEI FIRE & SECURITY LTD,active,ltd,2020-02-27,37 Ashworth Street,,Preston,PR1 4JB,England,['80200'],TEIFIREANDSECURITY,PR1,TEIFIREANDSECURITY|PR1
12519799,ZR CHARMONIC SERVICES LIMITED,active,ltd,2020-03-16,38 Whitton Road,,Hounslow,TW3 2DA,England,['96020'],ZRCHARMONIC,TW3,ZRCHARMONIC|TW3
12546116,TUFFGUARD PEST CONTROL LTD,active,ltd,2020-04-03,40 Chesley Gardens,East Ham,London,E6 3LN,England,['01700'],TUFFGUARDPESTCONTROL,E6,TUFFGUARDPESTCONTROL|E6
12479021,DIVINE SUPPORT 247 HEALTHCARE LTD,active,ltd,2020-02-24,30 Wye Road,,Walsall,WS3 1NT,England,['87300'],DIVINESUPPORT247HEALTHCARE,WS3,DIVINESUPPORT247HEALTHCARE|WS3
12479411,ALLIANCE ROOFING & BUILDING LIMITED,active,ltd,2020-02-24,Pembroke Lodge,3 Pembroke Road,Ruislip,HA4 8NQ,United Kingdom,['43910'],ALLIANCEROOFINGANDBUILDING,HA4,ALLIANCEROOFINGANDBUILDING|HA4
NI620386,BRANNOCK TRADING LIMITED,active,ltd,2013-09-12,6 Brannock Meadows,Poyntzpass,Newry,BT35 6UD,Northern Ireland,"['43120', '46900', '77320']",BRANNOCKTRADING,BT35,BRANNOCKTRADING|BT35
12539558,EASY TIGER EVENTS NW LTD,active,ltd,2020-03-30,30 Water Meadows,Longridge,Preston,PR3 3BW,,['93290'],EASYTIGEREVENTSNW,PR3,EASYTIGEREVENTSNW|PR3
NI623937,PETER MCCLAREY ELECTRICS LIMITED,active,ltd,2014-04-07,32 Ardbeg Drive,,Coleraine,BT51 3EQ,,['43210'],PETERMCCLAREYELECTRICS,BT51,PETERMCCLAREYELECTRICS|BT51
12479750,TWINS FD LTD,active,ltd,2020-02-24,6 Watson Road,,Worksop,S80 2BB,England,"['56103', '56290']",TWINSFD,S80,TWINSFD|S80
12486303,MANCHESTER LINEN COMPANY LTD,active,ltd,2020-02-26,93 Fairlop Road,,London,E11 1BE,United Kingdom,['13923'],MANCHESTERLINENCOMPANY,E11,MANCHESTERLINENCOMPANY|E11
NI606430,PGMB LTD,active,ltd,2011-03-03,539 Lisburn Road Lisburn Road,,Belfast,BT9 7GQ,Northern Ireland,['47110'],PGMB,BT9,PGMB|BT9
NI616017,HENDERSON'S NORTH ST LIMITED,active,ltd,2012-12-18,57-59 North St,,Lurgan,BT67 9AG,,['47210'],HENDERSONSNORTHST,BT67,HENDERSONSNORTHST|BT67
12772461,JET SET GO SAFARIS PLYMOUTH LTD,active,ltd,2020-07-28,Boathouse 9 Commercial Wharf,Madeira Road,Plymouth,PL1 2NX,England,"['50100', '79901', '82990', '93199']",JETSETGOSAFARISPLYMOUTH,PL1,JETSETGOSAFARISPLYMOUTH|PL1
NI620865,NAPIER MEDICAL SUPPLIES LIMITED,active,ltd,2013-10-11,98 Lisburn Road,,Belfast,BT9 6AG,,['46180'],NAPIERMEDICALSUPPLIES,BT9,NAPIERMEDICALSUPPLIES|BT9
10713148,25 COTSWOLD LIMITED,active,ltd,2017-04-06,14 Clifton Gardens,,London,N15 6AP,England,['68209'],25COTSWOLD,N15,25COTSWOLD|N15
11357017,CBLISS PROPERTY LIMITED,active,ltd,2018-05-11,86 Crouch Avenue,Hullbridge,Hockley,SS5 6HW,United Kingdom,"['68100', '68209']",CBLISSPROPERTY,SS5,CBLISSPROPERTY|SS5
12648325,RICHIES TOURS LTD,active,ltd,2020-06-05,113 Furnaval Avenue,,Slough,SL2 1DF,United Kingdom,['49100'],RICHIESTOURS,SL2,RICHIESTOURS|SL2
12487686,KEBAB EXPRESS PN LTD,active,ltd,2020-02-27,85 Eden Lane,,Peterlee,SR8 5ND,England,['46320'],KEBABEXPRESSPN,SR8,KEBABEXPRESSPN|SR8
NI613104,SPLASH CARCARE LTD,active,ltd,2012-06-08,2b Ballyscullion Lane,,Bellaghy,BT45 8NQ,,['81299'],SPLASHCARCARE,BT45,SPLASHCARCARE|BT45
12540915,SIGMA JOINERY LTD,active,ltd,2020-03-31,20 Wilford Street,,Blackpool,FY3 7BX,England,['43320'],SIGMAJOINERY,FY3,SIGMAJOINERY|FY3
12490674,CKPH LIMITED,active,ltd,2020-02-28,103 Watermoor Road,,Cirencester,GL7 1LD,United Kingdom,['56103'],CKPH,GL7,CKPH|GL7
12564892,RSA HIRE LIMITED,active,ltd,2020-04-20,21 Wild Heather Close,Cullingworth,Bradford,BD13 5ET,England,['77320'],RSAHIRE,BD13,RSAHIRE|BD13
12478538,WTFX LIMITED,active,ltd,2020-02-24,24 Fermor Road,,London,SE23 2HN,England,['90020'],WTFX,SE23,WTFX|SE23
NI626554,ENTERPRISE MARKETING (UK) LIMITED,active,ltd,2014-09-08,Second Floor,130-132 Corporation Street,Belfast,BT1 3DH,Northern Ireland,['73120'],ENTERPRISEMARKETINGUK,BT1,ENTERPRISEMARKETINGUK|BT1
12633634,ALI PLUMBING AND HEATING SERVICES LTD,active,ltd,2020-05-30,33 Whittle Street,,Rawtenstall,BB4 8SB,England,"['43210', '43220', '43290', '46740']",ALIPLUMBINGANDHEATING,BB4,ALIPLUMBINGANDHEATING|BB4
12499767,LEGACY MUSIC GROUP LTD,active,ltd,2020-03-05,203-205 The Vale,,London,W3 7QS,England,['59200'],LEGACYMUSIC,W3,LEGACYMUSIC|W3
12485127,T&T PLUMBING AND HEATING SOLUTIONS LTD,active,ltd,2020-02-26,12 Wasdale Avenue,,Blackburn,BB1 1XD,England,['43220'],TANDTPLUMBINGANDHEATINGSOLUTIONS,BB1,TANDTPLUMBINGANDHEATINGSOLUTIONS|BB1
12482448,WASTE TYRE DISPOSAL GROUP LTD,active,ltd,2020-02-25,12482448: COMPANIES HOUSE DEFAULT ADDRESS,,Cardiff,CF14 8LH,,"['38110', '38210']",WASTETYREDISPOSAL,CF14,WASTETYREDISPOSAL|CF14
12484472,HIMALAYAN RESTAURANT LTD,active,ltd,2020-02-26,142 Frimley Road,,Camberley,GU15 2QN,England,['56101'],HIMALAYANRESTAURANT,GU15,HIMALAYANRESTAURANT|GU15
12635732,P&R BARS LIMITED,active,ltd,2020-05-30,100 Widnes Road,,Widnes,WA8 6AX,England,['56302'],PANDRBARS,WA8,PANDRBARS|WA8
NI627131,LAKE VIEW SERVICES LTD,active,ltd,2014-10-08,"Suite 20, 21 Botanic Avenue",,Belfast,BT7 1JJ,Northern Ireland,['47190'],LAKEVIEW,BT7,LAKEVIEW|BT7
12621874,NATURALINDA LTD,active,ltd,2020-05-26,134 Croxden Way,,Eastbourne,BN22 0UL,England,['85590'],NATURALINDA,BN22,NATURALINDA|BN22
NI612502,MG STYLING LTD,active,ltd,2012-05-01,Unit 2 Beverley Shops,Fairview Road,Carnmoney,BT36 6QD,,['96020'],MGSTYLING,BT36,MGSTYLING|BT36
12480023,BURGER AND BUNS LTD,active,ltd,2020-02-24,Kemp House 160 City Road,,London,EC1V 2NX,England,['56103'],BURGERANDBUNS,EC1V,BURGERANDBUNS|EC1V
12525868,LD NAILS 151 LTD,active,ltd,2020-03-19,8b Ellingorrt Road,,London,E8 3PA,United Kingdom,['96020'],LDNAILS151,E8,LDNAILS151|E8
12485328,PADANG LIMITED,active,ltd,2020-02-26,7 Sheaveshill Parade,Sheaveshill Avenue,London,NW9 6RS,England,['56101'],PADANG,NW9,PADANG|NW9
12497999,DS ENTERPRISE LTD,active,ltd,2020-03-04,Big Dee's Fried Chicken,"2, Cowley Rise",Margate,CT9 3XL,United Kingdom,['56103'],DSENTERPRISE,CT9,DSENTERPRISE|CT9
12482349,AK DRIVING SERVICES LIMITED,active,ltd,2020-02-25,45 Southchurch Drive,,Nottingham,NG11 8AS,England,['52290'],AKDRIVING,NG11,AKDRIVING|NG11
12368866,EPEIUS REALTY LIMITED,active,ltd,2019-12-18,"Clarendon Court Flat 7, Clarendon Court",34 Grove Street,Oxford,OX2 7JJ,England,"['41100', '68100', '68209', '68320']",EPEIUSREALTY,OX2,EPEIUSREALTY|OX2
NI627120,TEAM FRANKLY LIMITED,active,ltd,2014-10-08,28 Windsor Hill,Waringstown,Craigavon,BT66 7FZ,Northern Ireland,['82990'],TEAMFRANKLY,BT66,TEAMFRANKLY|BT66
12481339,RIDERS IN GEAR LTD,active,ltd,2020-02-25,3 Station Approach,,Harpenden,AL5 4SP,England,['47640'],RIDERSINGEAR,AL5,RIDERSINGEAR|AL5
12486425,KURDISTAN CAFE RESTAURANT LIMITED,active,ltd,2020-02-26,46 Plassy Road,,London,SE6 2AW,England,['56102'],KURDISTANCAFERESTAURANT,SE6,KURDISTANCAFERESTAURANT|SE6
12486136,JACKS CAFE & RESTAURANT LTD,active,ltd,2020-02-26,16a Broad Street,,Newtown,SY16 2NA,Wales,['56102'],JACKSCAFEANDRESTAURANT,SY16,JACKSCAFEANDRESTAURANT|SY16
12536979,D&S DESIGN PRINT REPAIR LTD,active,ltd,2020-03-27,23 Somerset Street,,Abertillery,NP13 1DJ,Wales,"['18129', '95110']",DANDSDESIGNPRINTREPAIR,NP13,DANDSDESIGNPRINTREPAIR|NP13
12627582,CONSEC GMC LTD,active,ltd,2020-05-27,135 Main Street,,Markfield,LE67 9UW,England,"['41202', '61900', '80200']",CONSECGMC,LE67,CONSECGMC|LE67
12485402,AYG PROPERTY AND MANAGEMENT LTD,active,ltd,2020-02-26,Flat 6 Hanover Court,7 Amhurst Park,London,N16 5LX,England,"['68100', '68209', '68310', '68320']",AYGPROPERTYANDMANAGEMENT,N16,AYGPROPERTYANDMANAGEMENT|N16
NI059520,CLAN CONSTRUCTION LIMITED,active,ltd,2006-05-31,53 Bannanstown Road,,Castlewellan,BT31 9BQ,Northern Ireland,['42990'],CLANCONSTRUCTION,BT31,CLANCONSTRUCTION|BT31
12478698,APEX RENEWABLE ENERGY LTD,active,ltd,2020-02-24,20 Nooking Close,Armthorpe,Doncaster,DN3 3ER,England,['74909'],APEXRENEWABLEENERGY,DN3,APEXRENEWABLEENERGY|DN3
07436276,KITTIWAKE PRODUCTIONS LIMITED,active,ltd,2010-11-11,First Floor,"West Barn, North Frith Farm, Ashes Lane, Hadlow",Tonbridge,TN11 9QU,United Kingdom,['58190'],KITTIWAKEPRODUCTIONS,TN11,KITTIWAKEPRODUCTIONS|TN11
NI623393,STREAM DYNAMICS LIMITED,active,ltd,2014-03-13,Unit 11 Avondale Business Park,,Ballyclare,BT39 9AU,Northern Ireland,['32990'],STREAMDYNAMICS,BT39,STREAMDYNAMICS|BT39
12868036,DAISY CHAINS CHEADLE NURSERY HOLDINGS LIMITED,active,ltd,2020-09-09,39b Tape Street,Cheadle,Stoke-On-Trent,ST10 1ET,United Kingdom,['64209'],DAISYCHAINSCHEADLENURSERY,ST10,DAISYCHAINSCHEADLENURSERY|ST10
12530815,ZJ CONSULTANCY U.K LIMITED,active,ltd,2020-03-23,2 Avenue Close,,Birmingham,B7 4NU,England,['69201'],ZJCONSULTANCYUK,B7,ZJCONSULTANCYUK|B7
12719983,TOM'S CONSULTING LIMITED,active,ltd,2020-07-05,Flat D,47 Perham Road,London,W14 9SP,United Kingdom,"['41100', '62020', '74100']",TOMSCONSULTING,W14,TOMSCONSULTING|W14
12478770,ALVASTON NEWS LIMITED,active,ltd,2020-02-24,29 Shardlow Road Alvaston,,Derby,DE24 0JG,England,['47110'],ALVASTONNEWS,DE24,ALVASTONNEWS|DE24
NI628676,AARON HEANEY HAIR LTD,active,ltd,2015-01-14,248 Upper Newtownards Road,,Belfast,BT4 3EU,Northern Ireland,['96020'],AARONHEANEYHAIR,BT4,AARONHEANEYHAIR|BT4
12489311,CHURCHILL PROPERTY SOLUTIONS PLO LTD,active,ltd,2020-02-28,349 Cowley Road,,Oxford,OX4 2BP,England,['68209'],CHURCHILLPROPERTYSOLUTIONSPLO,OX4,CHURCHILLPROPERTYSOLUTIONSPLO|OX4
NI629085,WIL  A LTD,active,ltd,2015-02-03,6 Glenelly Heights,,Draperstown,BT45 7AZ,Northern Ireland,['43999'],WILA,BT45,WILA|BT45
12485673,NACTYQUE UK LTD,active,ltd,2020-02-26,6 7 Leathermarket Street,,London,SE1 3FB,England,['47290'],NACTYQUE,SE1,NACTYQUE|SE1
12503526,FLY HIGH ENGINEERING LIMITED,active,ltd,2020-03-09,3 Stadium Court Plantation Road,Bromborough,Wirral,CH62 3QG,United Kingdom,['71129'],FLYHIGHENGINEERING,CH62,FLYHIGHENGINEERING|CH62
12582155,HIGH PEAKS HELPING HANDS LIMITED,active,ltd,2020-05-01,6 Old Road,,Whaley Bridge,SK23 7HR,England,['96090'],HIGHPEAKSHELPINGHANDS,SK23,HIGHPEAKSHELPINGHANDS|SK23
NI625064,DARREN LANNIGAN WELDING SERVICES LIMITED,active,ltd,2014-06-09,Suite 20 21 Botanic Avenue,,Belfast,BT7 1JJ,Northern Ireland,['24200'],DARRENLANNIGANWELDING,BT7,DARRENLANNIGANWELDING|BT7
12478749,ADIS GROUP LTD,active,ltd,2020-02-24,4 St. Edmunds Drive,,Stanmore,HA7 2AU,England,"['41201', '41202']",ADIS,HA7,ADIS|HA7
12479120,S&D HEALTHCARE LIMITED,active,ltd,2020-02-24,6 Wave Close,,Walsall,WS2 9LW,England,['86900'],SANDDHEALTHCARE,WS2,SANDDHEALTHCARE|WS2
NI617985,FIT-2-FUNCTION LIMITED,active,ltd,2013-04-19,56 Cavanoneill Road,,Pomeroy,BT70 2SH,Northern Ireland,"['93130', '96090']",FIT2FUNCTION,BT70,FIT2FUNCTION|BT70
12481880,MACRAM CONSTRUCTION LTD,active,ltd,2020-02-25,"Unit 8a 1st Floor, Churchill Shopping Centre",,Dudley,DY2 7BJ,England,['78109'],MACRAMCONSTRUCTION,DY2,MACRAMCONSTRUCTION|DY2
12478244,HOMESWAGZZ LTD,active,ltd,2020-02-24,50 Leyton Cross Road,Wilmington,Dartford,DA2 7AW,United Kingdom,['98200'],HOMESWAGZZ,DA2,HOMESWAGZZ|DA2
12494949,JOSHUA GARRETT TRADE LIMITED,active,ltd,2020-03-03,Flat 12 Gastigny House,Lever Street,London,EC1V 3SU,England,['74901'],JOSHUAGARRETTTRADE,EC1V,JOSHUAGARRETTTRADE|EC1V
NI617229,COMPLETE ACCESS SOLUTIONS LTD,active,ltd,2013-03-11,1 St. Dympnas Avenue,,Downpatrick,BT30 6EG,,['43991'],COMPLETEACCESSSOLUTIONS,BT30,COMPLETEACCESSSOLUTIONS|BT30
12478200,SMETHWICK JOINERS LTD,active,ltd,2020-02-24,23-25 F12 Queensway,,London,W2 4QP,England,['43320'],SMETHWICKJOINERS,W2,SMETHWICKJOINERS|W2
12506011,GOLDINGS ESTATE RARE BREEDS FARM LIMITED,active,ltd,2020-03-09,Belfry House,Bell Lane,Hertford,SG14 1BP,England,['01500'],GOLDINGSESTATERAREBREEDSFARM,SG14,GOLDINGSESTATERAREBREEDSFARM|SG14
12643203,F & D STORES LIMITED,active,ltd,2020-06-03,26 Martin Close,Denton,Manchester,M34 3BG,England,['96090'],FANDDSTORES,M34,FANDDSTORES|M34
NI046457,A DONNELLY FLOORING LIMITED,active,ltd,2003-05-12,134 Greencastle Road,Omagh,Co Tyrone,BT79 7QN,,['43390'],ADONNELLYFLOORING,BT79,ADONNELLYFLOORING|BT79
12674012,GLOBAL UK HEALTHCARE LIMITED,active,ltd,2020-06-16,12674012: COMPANIES HOUSE DEFAULT ADDRESS,,Cardiff,CF14 8LH,,['96090'],GLOBALUKHEALTHCARE,CF14,GLOBALUKHEALTHCARE|CF14
12481345,KIDSGROVE PROPERTY LIMITED,active,ltd,2020-02-25,5 King Street,,Stoke-On-Trent,ST7 1HW,United Kingdom,"['47240', '68100', '68320']",KIDSGROVEPROPERTY,ST7,KIDSGROVEPROPERTY|ST7
12480271,GLOBAL OUTSOURCING NETWORK LTD,active,ltd,2020-02-25,11 Cliffe Park Way,Bruntcliffe Road,Leeds,LS27 0RY,United Kingdom,['82990'],GLOBALOUTSOURCINGNETWORK,LS27,GLOBALOUTSOURCINGNETWORK|LS27
12505217,HEMINGWAY CORPORATION LIMITED,active,ltd,2020-03-09,1 Stumperlowe Lane,,Sheffield,S10 3QQ,England,['52290'],HEMINGWAYCORPORATION,S10,HEMINGWAYCORPORATION|S10
NI610613,NAVADA AGENCY LTD,active,ltd,2012-01-09,46 Sligo Road,,Enniskillen,BT74 7AU,Northern Ireland,['73110'],NAVADAAGENCY,BT74,NAVADAAGENCY|BT74
12488268,UK DEVELOPMENTS AND LAND LIMITED,active,ltd,2020-02-27,12488268: COMPANIES HOUSE DEFAULT ADDRESS,,Cardiff,CF14 8LH,,['41100'],UKDEVELOPMENTSANDLAND,CF14,UKDEVELOPMENTSANDLAND|CF14
NI629811,WINDYRIDGE LIMITED,active,ltd,2015-03-06,7 Huntingdale Manor,Portadown,Craigavon,BT62 3PJ,Northern Ireland,['49410'],WINDYRIDGE,BT62,WINDYRIDGE|BT62
NI628599,COMMERCIAL HEATING SPECIALISTS LTD,active,ltd,2015-01-09,15 Victory Street,,Lisburn,BT27 4TP,Northern Ireland,['33190'],COMMERCIALHEATINGSPECIALISTS,BT27,COMMERCIALHEATINGSPECIALISTS|BT27
12686484,SPRINKSAFE LIMITED,active,ltd,2020-06-20,349 Bury Old Road,Prestwich,Manchester,M25 1PY,England,['43220'],SPRINKSAFE,M25,SPRINKSAFE|M25
NI606024,BEIJING GREATWALL (NI) LTD,active,ltd,2011-02-03,1f Bentrim Centre,,Lisburn,BT28 2GD,,['56101'],BEIJINGGREATWALLNI,BT28,BEIJINGGREATWALLNI|BT28
NI615026,NORTHERN CHI MANAGEMENT LIMITED,active,ltd,2012-10-17,The Stables 111a Kilgad Road,Kells,Ballymena,BT42 3EE,Northern Ireland,['71122'],NORTHERNCHIMANAGEMENT,BT42,NORTHERNCHIMANAGEMENT|BT42
12520748,HOVERKARTMANIAPARTY LTD,active,ltd,2020-03-17,8 Ambleton Way,Queensbury,Bradford,BD13 2DZ,England,['93290'],HOVERKARTMANIAPARTY,BD13,HOVERKARTMANIAPARTY|BD13
12478086,TAJ CUISINE RESTAURANT LIMITED,active,ltd,2020-02-24,"Flat 1, Spring Mill Hotel",Whalley Road,Blackburn,BB6 8DD,England,['56101'],TAJCUISINERESTAURANT,BB6,TAJCUISINERESTAURANT|BB6
12487068,ACCUK MARKETING SERVICES LTD,active,ltd,2020-02-27,12487068 - COMPANIES HOUSE DEFAULT ADDRESS,,Cardiff,CF14 8LH,,['82990'],ACCUKMARKETING,CF14,ACCUKMARKETING|CF14
12571601,AIMEE AKBAR LIMITED,active,ltd,2020-04-24,C/O Blackstone Accountancy,232 Stanningley Road,Leeds,LS13 3BA,United Kingdom,['46499'],AIMEEAKBAR,LS13,AIMEEAKBAR|LS13
NI628569,COMPLETE CAR CARE SOLUTIONS LTD,active,ltd,2015-01-09,6 Doagh Road,,Ballyclare,BT39 9BG,Northern Ireland,['96090'],COMPLETECARCARESOLUTIONS,BT39,COMPLETECARCARESOLUTIONS|BT39
12489500,TECHONICS FRANCHISE MANAGEMENT LIMITED,active,ltd,2020-02-28,Camburgh House,27 New Dover Road,Canterbury,CT1 3DN,United Kingdom,['77400'],TECHONICSFRANCHISEMANAGEMENT,CT1,TECHONICSFRANCHISEMANAGEMENT|CT1
NI626220,JOHN O'BOYLE (CONTRACTS) LIMITED,active,ltd,2014-08-18,31 Ballylesson Road,,Ballymena,BT42 3HW,Northern Ireland,['41202'],JOHNOBOYLECONTRACTS,BT42,JOHNOBOYLECONTRACTS|BT42
12479319,RCONSTRUCTION4UK LTD,active,ltd,2020-02-24,68 St. Georges Road,,Dagenham,RM9 5JT,England,['41202'],RCONSTRUCTION4UK,RM9,RCONSTRUCTION4UK|RM9
12822600,MERITO MARKETING LTD,active,ltd,2020-08-18,71 - 75 Shelton Street,,London,WC2H 9JQ,England,['70229'],MERITOMARKETING,WC2H,MERITOMARKETING|WC2H
12515192,BRIDGEWATER INK LIMITED,active,ltd,2020-03-12,125 Main Street,Garforth,Leeds,LS25 1AF,England,['90030'],BRIDGEWATERINK,LS25,BRIDGEWATERINK|LS25
12530470,MBH RENOVATIONS LTD,active,ltd,2020-03-23,4 Ashton Gate,Flitwick,Bedford,MK45 1AG,England,['82990'],MBHRENOVATIONS,MK45,MBHRENOVATIONS|MK45
12479838,RISE 'N SHINE CLEANING LTD,active,ltd,2020-02-24,4 Ashley View,,Market Drayton,TF9 3AT,England,['81299'],RISENSHINECLEANING,TF9,RISENSHINECLEANING|TF9
12481175,BUBBLY HAND CARWASH LIMITED,active,ltd,2020-02-25,10 Ivanhoe Court,,Chesterfield,S41 7DY,England,['96090'],BUBBLYHANDCARWASH,S41,BUBBLYHANDCARWASH|S41
12480210,CALIBRATION CONSULTING LIMITED,active,ltd,2020-02-24,23 Goodlass Road,,Liverpool,L24 9HJ,England,['71122'],CALIBRATIONCONSULTING,L24,CALIBRATIONCONSULTING|L24
NI626240,YOU CLEAN ME LTD,active,ltd,2014-08-19,47 King Street,,Magherafelt,BT45 6AS,Northern Ireland,['81299'],YOUCLEANME,BT45,YOUCLEANME|BT45
12479798,EIGHT STUDIO LIMITED,active,ltd,2020-02-24,Betchworth House,57-65 Station Road,Redhill,RH1 1DL,United Kingdom,['93130'],EIGHTSTUDIO,RH1,EIGHTSTUDIO|RH1
12486264,INDIAN TIFFIN RES LTD,active,ltd,2020-02-26,19 Common Lane,Culcheth,Warrington,WA3 4EW,England,['56101'],INDIANTIFFINRES,WA3,INDIANTIFFINRES|WA3
NI627290,NEW YORK NAILS (BALLYMENA) LIMITED,active,ltd,2014-10-16,7 Mill Street 7,Mill St,Ballymena,BT43 5AA,Northern Ireland,['96020'],NEWYORKNAILSBALLYMENA,BT43,NEWYORKNAILSBALLYMENA|BT43
12500370,SKS ENFORCEMENT LIMITED,active,ltd,2020-03-05,Cariocca Business Park Hellidon Close,Ardwick,Manchester,M12 4AH,England,['82911'],SKSENFORCEMENT,M12,SKSENFORCEMENT|M12
NI611931,KELLEY COURTNEY HAIR DESIGN LTD,active,ltd,2012-03-28,2 Market Place,3rd Floor,Carrickfergus,BT38 7AW,,['96020'],KELLEYCOURTNEYHAIRDESIGN,BT38,KELLEYCOURTNEYHAIRDESIGN|BT38
12645822,STEAM CAFE LTD,active,ltd,2020-06-04,6 Hard Struggle Cottages Eskdaleside,Sleights,Whitby,YO22 5ET,England,['56101'],STEAMCAFE,YO22,STEAMCAFE|YO22
12486207,HD MANAGEMENT LIMITED,active,ltd,2020-02-26,Tad Centre,Ormesby Road,Middlesbrough,TS3 7SF,England,['68320'],HDMANAGEMENT,TS3,HDMANAGEMENT|TS3
NI028505,M.G. MATICS LIMITED,active,ltd,1994-05-19,95 Main Street,,Crumlin,BT29 4UU,Northern Ireland,['81299'],MGMATICS,BT29,MGMATICS|BT29
12518973,REIVAUX LEISURE LIMITED,active,ltd,2020-03-16,Beaumont Accountancy Services 1st Floor Enterprise House,202-206 Linthorpe Road,Middlesbrough,TS1 3QW,England,['56302'],REIVAUXLEISURE,TS1,REIVAUXLEISURE|TS1
12713994,FUN FOOD VILLAGE LIMITED,active,ltd,2020-07-02,14 Aviation Avenue,,Hatfield,AL10 9UB,England,['56210'],FUNFOODVILLAGE,AL10,FUNFOODVILLAGE|AL10
12477808,KAMO KITCHEN LTD,active,ltd,2020-02-24,Unit 2 Butts Court,Butts Street,Leigh,WN7 3AW,England,['56102'],KAMOKITCHEN,WN7,KAMOKITCHEN|WN7
12480955,AYMISH LTD,active,ltd,2020-02-25,61 Watchouse Road,,Chelmsford,CM2 8PU,England,['56103'],AYMISH,CM2,AYMISH|CM2
12489954,BANDRA LIMITED,active,ltd,2020-02-28,8 Springfield Road,,London,E6 2AH,,"['41202', '56210']",BANDRA,E6,BANDRA|E6
07258198,BARNDOOR MEDIA LIMITED,active,ltd,2010-05-19,3 Guild Way,South Woodham Ferrers,Chelmsford,CM3 5TG,,['47910'],BARNDOORMEDIA,CM3,BARNDOORMEDIA|CM3
NI603519,EWING ENTERPRISES LTD,active,ltd,2010-06-17,96 Lisnarick Road,Irvinestown,Enniskillen,BT94 1LQ,Northern Ireland,['47990'],EWINGENTERPRISES,BT94,EWINGENTERPRISES|BT94
12483343,NEVAEH COURIERS LTD,active,ltd,2020-02-26,4 Ling Bob,,Halifax,HX2 0QE,England,['53202'],NEVAEHCOURIERS,HX2,NEVAEHCOURIERS|HX2
12576700,PARRY JOINERY DEVELOPMENTS LTD,active,ltd,2020-04-28,36 Bow Fell Road,Mirehouse,Whitehaven,CA28 8HQ,England,"['41100', '43320', '43999']",PARRYJOINERYDEVELOPMENTS,CA28,PARRYJOINERYDEVELOPMENTS|CA28
12757624,FINESSE PAINTS LTD,active,ltd,2020-07-21,13 Hough Road,,Walsall,WS2 9BB,England,['43341'],FINESSEPAINTS,WS2,FINESSEPAINTS|WS2
12477871,LAVSIH LTD,active,ltd,2020-02-24,20 Lee Road,,Dewsbury,WF13 3AX,England,['47910'],LAVSIH,WF13,LAVSIH|WF13
12591134,R&J CONSULTANCY RS (WM) LIMITED,active,ltd,2020-05-07,Unit 11 Oaklands Business Centre,64-68 Elm Grove,Worthing,BN11 5LH,,['82990'],RANDJCONSULTANCYRSWM,BN11,RANDJCONSULTANCYRSWM|BN11
12676092,WALKIES KENT LTD,active,ltd,2020-06-17,14 Laurel Farm Ct,,Elton,CH2 4RY,,['96090'],WALKIESKENT,CH2,WALKIESKENT|CH2
12708800,SUBURB BUILDERS LTD,active,ltd,2020-06-30,Apartment 5 4a Maida Vale,,London,W9 1SP,United Kingdom,"['41201', '41202']",SUBURBBUILDERS,W9,SUBURBBUILDERS|W9
12481415,RSL AUTOMOTIVE LTD,active,ltd,2020-02-25,Rear Of 394 Dewsbury Road,,Leeds,LS11 7JX,England,['45200'],RSLAUTOMOTIVE,LS11,RSLAUTOMOTIVE|LS11
08091094,THE TERRAPIN GROUP LTD,active,ltd,2012-05-31,Bankton Cottage Bankton Cottage,Turners Hill Road,Crawley Down,RH10 4EY,United Kingdom,['70210'],THETERRAPIN,RH10,THETERRAPIN|RH10
10243464,ASPECT RETAIL SOLUTIONS LTD,active,ltd,2016-06-21,10 Bleasdale Road,Heaton,Bolton,BL1 5QS,England,['74909'],ASPECTRETAILSOLUTIONS,BL1,ASPECTRETAILSOLUTIONS|BL1
SC284591,LAMBRECHT LIMITED,active,ltd,2005-05-11,Balvonie House Halketburn Road,Halketburn Road,Skelmorlie,PA17 5BP,,['68209'],LAMBRECHT,PA17,LAMBRECHT|PA17
12489326,FORTE WORLDWIDE LIMITED,active,ltd,2020-02-28,Unit 7c Boyton Hall Lane,Roxwell,Chelmsford,CM1 4LN,England,['43999'],FORTEWORLDWIDE,CM1,FORTEWORLDWIDE|CM1
12481875,FP PROPERTY SERVICES LIMITED,active,ltd,2020-02-25,73 York Road,,Rowley Regis,B65 0RT,England,['43999'],FPPROPERTY,B65,FPPROPERTY|B65
NI621000,FMC BUILDING SERVICES LIMITED,active,ltd,2013-10-18,205 Gilford Rd,,Portadown,BT63 5LG,,['41202'],FMCBUILDING,BT63,FMCBUILDING|BT63
NI626545,FT CONTRACTS (NI) LTD,active,ltd,2014-09-08,102 Eglantine Avenue,,Belfast,BT9 6EU,Northern Ireland,"['46719', '46900']",FTCONTRACTSNI,BT9,FTCONTRACTSNI|BT9
12655116,MITI CONSTRUCTION LTD,active,ltd,2020-06-09,292 Strone Road,,London,E12 6TP,United Kingdom,['42990'],MITICONSTRUCTION,E12,MITICONSTRUCTION|E12
12478859,NEW HEATON HALAL SUPERSTORE LTD,active,ltd,2020-02-24,236-238 Chillingham Road,,Newcastle Upon Tyne,NE6 5LP,United Kingdom,['47110'],NEWHEATONHALALSUPERSTORE,NE6,NEWHEATONHALALSUPERSTORE|NE6
12486951,TIMBU LIMITED,active,ltd,2020-02-27,227c Nantwich Road,,Crewe,CW2 6BY,England,['56103'],TIMBU,CW2,TIMBU|CW2
NI620307,CELL TECH ENGINEERING LTD,active,ltd,2013-09-09,14 Main Street,,Toomebridge,BT41 3TQ,,['62090'],CELLTECHENGINEERING,BT41,CELLTECHENGINEERING|BT41
12482570,BEAUTIQUE WALNEY LTD,active,ltd,2020-02-25,48 Dartmouth Street,Walney,Barrow-In-Furness,LA14 3AS,England,['96020'],BEAUTIQUEWALNEY,LA14,BEAUTIQUEWALNEY|LA14
NI610865,COLIN J R SCOTT LTD,active,ltd,2012-01-25,13 Green View,,Ballymena,BT43 6EP,,['81221'],COLINJRSCOTT,BT43,COLINJRSCOTT|BT43
NI619444,SILVER TONGUE TRANSLATIONS LIMITED,active,ltd,2013-07-22,53 Lisdoonan Road,Saintfield,Ballynahinch,BT24 7HL,Northern Ireland,['96090'],SILVERTONGUETRANSLATIONS,BT24,SILVERTONGUETRANSLATIONS|BT24
12531811,TRANSFORM GROUP LTD,active,ltd,2020-03-24,69 Atlantic Road,,Birmingham,B44 8LW,England,"['41100', '43120', '43290', '43320']",TRANSFORM,B44,TRANSFORM|B44
12479287,2020 TRADE GROUP LIMITED,active,ltd,2020-02-24,Junction 7 Blackburn Road,Clayton Le Moors,Accrington,BB5 5JW,England,"['46341', '52290']",2020TRADE,BB5,2020TRADE|BB5
NI605676,ERO TRADING LIMITED,active,ltd,2011-01-07,6a Dalton Road,,Armagh,BT60 4AE,Northern Ireland,"['43120', '78200', '78300', '82990']",EROTRADING,BT60,EROTRADING|BT60
12665535,FOOD PALACE 168 LTD,active,ltd,2020-06-12,Sunnyside House Sunderland Road,Horden,Peterlee,SR8 4PF,United Kingdom,['56103'],FOODPALACE168,SR8,FOODPALACE168|SR8
12792464,JSV COURIER LIMITED,active,ltd,2020-08-05,21 Stockil Road,,Doncaster,DN4 5AU,England,['49410'],JSVCOURIER,DN4,JSVCOURIER|DN4
NI058014,TK CONSULTANCY (NI) LIMITED,active,ltd,2006-01-31,1g Georges Island Road,Aghalee,Craigavon,BT67 0DW,Northern Ireland,['82990'],TKCONSULTANCYNI,BT67,TKCONSULTANCYNI|BT67
12487615,LINCOLNSHIRE SAFETY SOLUTIONS LTD,active,ltd,2020-02-27,6-8 Freeman Street,,Grimsby,DN32 7AA,England,['84240'],LINCOLNSHIRESAFETYSOLUTIONS,DN32,LINCOLNSHIRESAFETYSOLUTIONS|DN32
12501120,BY GOKCHE LTD,active,ltd,2020-03-05,Room 204 Ashley House 235-239 High Road,Wood Green,London,N22 8HF,United Kingdom,['47910'],BYGOKCHE,N22,BYGOKCHE|N22
12566087,BRIGHT SPARKS NURSERY SCHOOL LIMITED,active,ltd,2020-04-21,Office 8 The Barns Farm Road,Caddsdown Industrial Park,Bideford,EX39 3BT,United Kingdom,['88910'],BRIGHTSPARKSNURSERYSCHOOL,EX39,BRIGHTSPARKSNURSERYSCHOOL|EX39
NI629243,MEGA MANE LIMITED,active,ltd,2015-02-10,2 Edenderry Road,Scarva,Craigavon,BT63 6NT,Northern Ireland,"['46450', '47750']",MEGAMANE,BT63,MEGAMANE|BT63
12486903,NIS CONSTRUCTION LTD,active,ltd,2020-02-27,12 College Avenue,,Harrow,HA3 6HD,England,"['41201', '41202']",NISCONSTRUCTION,HA3,NISCONSTRUCTION|HA3
12483365,BRIGHT BLUE MOTORS LIMITED,active,ltd,2020-02-26,"9 Gradwell End, Mill Lane",South Chailey,Lewes,BN8 4PX,England,['45112'],BRIGHTBLUEMOTORS,BN8,BRIGHTBLUEMOTORS|BN8
12488363,JAPANESE BAKERY LONDON LTD,active,ltd,2020-02-27,28 Dorey House High Street,,Brentford,TW8 8LD,England,"['10710', '47240']",JAPANESEBAKERYLONDON,TW8,JAPANESEBAKERYLONDON|TW8
12525988,MDB13 CIVILS LTD,active,ltd,2020-03-19,The Business Centre,Edward Street,Redditch,B97 6HA,England,['42110'],MDB13CIVILS,B97,MDB13CIVILS|B97
12480093,WORLD DETAILING LTD,active,ltd,2020-02-24,19 Cardinals Close,Donnington Wood,Telford,TF2 7HW,England,['45200'],WORLDDETAILING,TF2,WORLDDETAILING|TF2
12555688,CAPITAL MEDICAL LTD,active,ltd,2020-04-14,Cunningham House,Westfield Lane,Harrow,HA3 9ED,England,['82990'],CAPITALMEDICAL,HA3,CAPITALMEDICAL|HA3
12484812,FORTE INTERNATIONAL LIMITED,active,ltd,2020-02-26,Unit 7c Boyton Hall Lane,Roxwell,Chelmsford,CM1 4LN,England,['70229'],FORTE,CM1,FORTE|CM1
NI607938,TREASURES GIFTS LTD,active,ltd,2011-06-21,35 Old Belfast Road,,Downpatrick,BT30 6SG,Northern Ireland,['47190'],TREASURESGIFTS,BT30,TREASURESGIFTS|BT30
12485675,ACMG CLEANING LTD,active,ltd,2020-02-26,628 628,Longbridge Road,Dagenham,RM8 2AJ,England,['81210'],ACMGCLEANING,RM8,ACMGCLEANING|RM8
NI036654,A C W DEVELOPMENTS LTD,active,ltd,1999-08-02,19 Knockan Terrace Broughshane,,Ballymena,BT43 7HA,Northern Ireland,"['01420', '01450', '68100']",ACWDEVELOPMENTS,BT43,ACWDEVELOPMENTS|BT43
NI617849,DRINK NO LOW LIMITED,active,ltd,2013-04-12,Derry Farm,3 Ballyrusley Road,Portaferry,BT22 1JR,,['10612'],DRINKNOLOW,BT22,DRINKNOLOW|BT22
12478208,AK MJ FOOD SERVICES LTD,active,ltd,2020-02-24,39 Caldmore Green,,Walsall,WS1 3RW,England,['56103'],AKMJFOOD,WS1,AKMJFOOD|WS1
11172996,FERN ROSE RECRUITMENT LIMITED,active,ltd,2018-01-26,3rd Floor 207 Regent Street,,London,W1B 3HH,United Kingdom,['78200'],FERNROSERECRUITMENT,W1B,FERNROSERECRUITMENT|W1B
12485704,TYSON AUTO RECYCLING LTD,active,ltd,2020-02-26,37 Hinksey Close,,Slough,SL3 8EB,England,['45310'],TYSONAUTORECYCLING,SL3,TYSONAUTORECYCLING|SL3
12587822,XCLUSIVE HOME IMPROVEMENTS LTD,active,ltd,2020-05-06,89 Church Lane,Whitwick,Coalville,LE67 5DN,England,"['43220', '43341', '43390']",XCLUSIVEHOMEIMPROVEMENTS,LE67,XCLUSIVEHOMEIMPROVEMENTS|LE67
12477822,BODYCRAFT COMMERCIAL REPAIR CENTRE LIMITED,active,ltd,2020-02-24,4 Rosse Close,,Washington,NE37 1ET,United Kingdom,['45200'],BODYCRAFTCOMMERCIALREPAIRCENTRE,NE37,BODYCRAFTCOMMERCIALREPAIRCENTRE|NE37
01251005,BUNNY CONSTRUCTION LIMITED,active,ltd,1976-03-24,Unit 33,Martock Business Park,Martock,TA12 6HB,,"['41201', '41202']",BUNNYCONSTRUCTION,TA12,BUNNYCONSTRUCTION|TA12
11699448,C & L ELECTRICAL SOLUTIONS LTD,active,ltd,2018-11-27,3 Havenside Close,,Oldham,OL4 2SY,England,['43210'],CANDLELECTRICALSOLUTIONS,OL4,CANDLELECTRICALSOLUTIONS|OL4
07338298,OFF YOUR CAKE LTD,active,ltd,2010-08-06,"151 Utting Avenue ,Anfield Utting Avenue",Anfield,Liverpool,L4 8SX,England,['10710'],OFFYOURCAKE,L4,OFFYOURCAKE|L4
07136204,TRAVELBUG PROPERTIES LIMITED,active,ltd,2010-01-26,Suite 136 Pegaxis House,61 Victoria Road,Surbiton,KT6 4JX,England,['68100'],TRAVELBUGPROPERTIES,KT6,TRAVELBUGPROPERTIES|KT6
05444430,AFR CLEANING SERVICES LIMITED,active,ltd,2005-05-05,1 Salisbury Way,,Thetford,IP24 1EP,,['81221'],AFRCLEANING,IP24,AFRCLEANING|IP24
SC597235,PURE BODY AESTHETICS LIMITED,active,ltd,2018-05-15,1 Mosshill Business Park,,Ayr,KA6 6BE,United Kingdom,['86900'],PUREBODYAESTHETICS,KA6,PUREBODYAESTHETICS|KA6
07208230,HERBERT PHILLIPS & SONS LTD,active,ltd,2010-03-30,Unit 8 Orchard Industrial Estate,Toddington,Cheltenham,GL54 5EB,England,['31090'],HERBERTPHILLIPSANDSONS,GL54,HERBERTPHILLIPSANDSONS|GL54
10750976,STS-UK LIMITED,active,ltd,2017-05-03,Unit 8 Hunters Crescent,Tarvin,Chester,CH3 8EY,United Kingdom,['43999'],STSUK,CH3,STSUK|CH3
08824853,LUNA STUDIO LTD,active,ltd,2013-12-23,10 Beech Court,Wokingham Road,Hurst,RG10 0RQ,,['74100'],LUNASTUDIO,RG10,LUNASTUDIO|RG10
10180383,FAITHDEAN SPECIAL WORKS LTD,active,ltd,2016-05-14,"Unit 12, The Oaks Revenge Road",Lordswood,Chatham,ME5 8LF,England,"['43290', '43999']",FAITHDEANSPECIALWORKS,ME5,FAITHDEANSPECIALWORKS|ME5
03184066,RTS CONSULTANTS (UK) LTD.,active,ltd,1996-04-10,"Level 0, Unit 4 Greenways Business Park",Bellinger Close,Chippenham,SN15 1BN,England,['82990'],RTSCONSULTANTSUK,SN15,RTSCONSULTANTSUK|SN15
02421282,UNOMEDICAL DEVELOPMENTS LIMITED,active,ltd,1989-09-11,Gdc First Avenue,Deeside Industrial Park,Deeside,CH5 2NU,,['74909'],UNOMEDICALDEVELOPMENTS,CH5,UNOMEDICALDEVELOPMENTS|CH5
12595760,SUPER YACHT CAPTAIN LTD,active,ltd,2020-05-11,Buck House 8 Baines Way,Framlingham,Woodbridge,IP13 9FT,England,"['33150', '47640', '63990']",SUPERYACHTCAPTAIN,IP13,SUPERYACHTCAPTAIN|IP13
04211864,61 PARLIAMENT HILL LIMITED,active,ltd,2001-05-08,C/O Elco Accounting,24 Church Street,Rickmansworth,WD3 1DD,England,['68320'],61PARLIAMENTHILL,WD3,61PARLIAMENTHILL|WD3
03305673,SHIRE BEDS LTD,active,ltd,1997-01-22,3 Branch Mills,Netherfield Road,Dewsbury,WF13 3JY,,['32990'],SHIREBEDS,WF13,SHIREBEDS|WF13
12163518,NAZ HOUSING LIMITED,active,ltd,2019-08-19,53 Wood End Green Road,,Hayes,UB3 2SF,England,"['68100', '68209']",NAZHOUSING,UB3,NAZHOUSING|UB3
09340120,ACRE 1181 LIMITED,active,ltd,2014-12-03,59 Balfour Road,,Ilford,IG1 4HR,England,['47730'],ACRE1181,IG1,ACRE1181|IG1
01094165,COOPERS GLASS CO. LIMITED,active,ltd,1973-02-05,Unit 2 Freehold Street,Leicester,Leicestershire,LE1 2LX,,"['43341', '43342']",COOPERSGLASSCO,LE1,COOPERSGLASSCO|LE1
09337755,ARGENTO IT SERVICES LTD,active,ltd,2014-12-02,Argento It Services Ltd,2 Ridgeway Close,Lightwater,GU18 5XU,England,['62020'],ARGENTOIT,GU18,ARGENTOIT|GU18
11187925,PALMERS INTERNATIONAL SERVICES LIMITED,active,ltd,2018-02-05,45 Gresham Street,,London,EC2V 7BG,United Kingdom,['70229'],PALMERS,EC2V,PALMERS|EC2V
08380487,OSBORNE ASSOCIATES CONSULTANCY (LONDON) LIMITED,active,ltd,2013-01-29,260 Ben Jonson House,Barbican,London,EC2Y 8DL,,['42130'],OSBORNEASSOCIATESCONSULTANCYLONDON,EC2Y,OSBORNEASSOCIATESCONSULTANCYLONDON|EC2Y
03755106,HODGE LIFETIME LIMITED,active,ltd,1999-04-20,One,Central Square,Cardiff,CF10 1FS,,['74990'],HODGELIFETIME,CF10,HODGELIFETIME|CF10
04213290,G.S. HUGHES (HOLDINGS) LIMITED,active,ltd,2001-05-09,Fosseway 46 Business Park Newark Road,Aubourn,Lincoln,LN5 9EJ,England,['70100'],GSHUGHESHOLDINGS,LN5,GSHUGHESHOLDINGS|LN5
11374585,PAINTING CLASSIC CARS LIMITED,active,ltd,2018-05-22,Unit 2 Birch Close,,Eastbourne,BN23 6PE,England,['45200'],PAINTINGCLASSICCARS,BN23,PAINTINGCLASSICCARS|BN23
12882959,TRAINERS WORLD LTD,active,ltd,2020-09-16,169 Kensington Avenue,,Manor Park,E12 6NL,England,['47910'],TRAINERSWORLD,E12,TRAINERSWORLD|E12
11992848,IVO BREWERY LTD,active,ltd,2019-05-13,10 Church Street,Somersham,Huntingdon,PE28 3EG,United Kingdom,"['11050', '46342']",IVOBREWERY,PE28,IVOBREWERY|PE28
04311478,VISIONARY ARCHITECTS LTD,active,ltd,2001-10-26,Victoria Cottage Victoria Road,Milford On Sea,Lymington,SO41 0NL,England,['71111'],VISIONARYARCHITECTS,SO41,VISIONARYARCHITECTS|SO41
07055295,FIMTRAC F&I AND COMPLIANCE LIMITED,active,ltd,2009-10-23,"Level 0, Unit 4 Greenways Business Park",Bellinger Close,Chippenham,SN15 1BN,United Kingdom,['70229'],FIMTRACFANDIANDCOMPLIANCE,SN15,FIMTRACFANDIANDCOMPLIANCE|SN15
12697054,547549 LTD,active,ltd,2020-06-25,547-549 Norwood Road,West Norwood,London,SE27 9DL,United Kingdom,['68209'],547549,SE27,547549|SE27
08110533,HERITAGE PROJECT CONTRACTS LIMITED,active,ltd,2012-06-19,Unit 1 Ainsdale Drive,Harlescott Lane,Shrewsbury,SY1 3TL,,"['43999', '74909']",HERITAGEPROJECTCONTRACTS,SY1,HERITAGEPROJECTCONTRACTS|SY1
08377806,BUBBLE RESOURCES LIMITED,active,ltd,2013-01-28,Gor-Ray House,758 - 760 Great Cambridge Road,Enfield,EN1 3GN,England,"['42990', '72110']",BUBBLERESOURCES,EN1,BUBBLERESOURCES|EN1
04594927,BRAESIDE DEVELOPMENTS LIMITED,active,ltd,2002-11-19,Adams & Moore House,Instone Road,Dartford,DA1 2AG,United Kingdom,['82990'],BRAESIDEDEVELOPMENTS,DA1,BRAESIDEDEVELOPMENTS|DA1
12758601,BEDFORD FUELS LTD,active,ltd,2020-07-21,Wharley End Farm,Cranfield,Bedford,MK43 0AW,England,['46711'],BEDFORDFUELS,MK43,BEDFORDFUELS|MK43
01450039,SIGNWAY SUPPLIES (DATCHET) LIMITED,active,ltd,1979-09-21,Signway House,Stroudley Road,Basingstoke,RG24 8UG,,['32990'],SIGNWAYSUPPLIESDATCHET,RG24,SIGNWAYSUPPLIESDATCHET|RG24
11360120,SCJ ELECTRICAL LIMITED,active,ltd,2018-05-14,15 Grove Close,,Holt,NR25 6EF,England,['43210'],SCJELECTRICAL,NR25,SCJELECTRICAL|NR25
NI666057,BRADYS BIKE SPARES LTD,active,ltd,2019-11-26,10 Eshnadarragh Road,Rosslea,Enniskillen,BT92 7JS,Northern Ireland,['47910'],BRADYSBIKESPARES,BT92,BRADYSBIKESPARES|BT92
NI660004,MOBILE SHOTBLAST LTD,active,ltd,2019-03-25,2 Braithwaites Road,,Lisburn,BT28 3SW,Northern Ireland,"['81222', '81229']",MOBILESHOTBLAST,BT28,MOBILESHOTBLAST|BT28
NI661622,CHARLES MALE GROOMING LTD,active,ltd,2019-05-22,37a Belmore Street,,Enniskillen,BT74 6AA,Northern Ireland,['96020'],CHARLESMALEGROOMING,BT74,CHARLESMALEGROOMING|BT74
NI664401,BRITE SPARK ELECTRICAL LTD,active,ltd,2019-09-16,22 Abbot Close,,Newtownards,BT23 8XS,Northern Ireland,['43210'],BRITESPARKELECTRICAL,BT23,BRITESPARKELECTRICAL|BT23
NI663845,PRECISION ELECTRICAL  CONTRACTS LTD,active,ltd,2019-08-21,16 Carrowdoon Park,Dunloy,Ballymena,BT44 9ER,Northern Ireland,['43210'],PRECISIONELECTRICALCONTRACTS,BT44,PRECISIONELECTRICALCONTRACTS|BT44
NI661447,CAFE B BALLOO LIMITED,active,ltd,2019-05-15,Unit 75 3 Balloo Link,,Bangor,BT19 7HJ,Northern Ireland,['56102'],CAFEBBALLOO,BT19,CAFEBBALLOO|BT19
NI661694,DICKSON SCALES LIMITED,active,ltd,2019-05-23,8 The Meadows,Randalstown,Antrim,BT41 2JB,United Kingdom,['96090'],DICKSONSCALES,BT41,DICKSONSCALES|BT41
NI661444,B.I.L FURNISHINGS LTD,active,ltd,2019-05-15,Suite 4 Commercial Mews,93-97 Main Street,Larne,BT40 1HJ,Northern Ireland,['47910'],BILFURNISHINGS,BT40,BILFURNISHINGS|BT40
NI665613,JAJA ELECTRICAL LTD,active,ltd,2019-11-06,110 Connsbrook Avenue,,Belfast,BT4 1JX,Northern Ireland,['33160'],JAJAELECTRICAL,BT4,JAJAELECTRICAL|BT4
NI659908,MCDERMOTT LOGISTICS LIMITED,active,ltd,2019-03-20,14 Tullyneevin Road Hollybrook,,Lisnaskea,BT92 5BU,United Kingdom,['49410'],MCDERMOTTLOGISTICS,BT92,MCDERMOTTLOGISTICS|BT92
NI663415,GEORGE TUMILSON LIMITED,active,ltd,2019-07-31,9 Dorchester Park,Newtownabbey,Belfast,BT36 5PF,Northern Ireland,['30300'],GEORGETUMILSON,BT36,GEORGETUMILSON|BT36
05402845,AIRPORT EXPRESS CHESHIRE LTD,active,ltd,2005-03-23,110 Becconsall Drive,Leighton,Crewe,CW1 4RP,,['49320'],AIRPORTEXPRESSCHESHIRE,CW1,AIRPORTEXPRESSCHESHIRE|CW1
NI661763,JW ELECTRICS LTD,active,ltd,2019-05-28,6 Dorchester Park,,Londonderry,BT47 5NZ,Northern Ireland,"['33140', '43210']",JWELECTRICS,BT47,JWELECTRICS|BT47
01589732,MOORES BUILDERS LANCASHIRE LIMITED,active,ltd,1981-10-07,8 Carisbrooke Close,,Poulton-Le-Fylde,FY6 7UA,United Kingdom,"['41100', '68209']",MOORESBUILDERSLANCASHIRE,FY6,MOORESBUILDERSLANCASHIRE|FY6
NI663449,COMPLETE CONVEYOR SERVICES LTD,active,ltd,2019-08-01,10 Gransha Wood,Dundonald,Belfast,BT16 2FG,Northern Ireland,['09900'],COMPLETECONVEYOR,BT16,COMPLETECONVEYOR|BT16
09331282,CAROLIA WESTMINSTER HOTEL LIMITED,active,ltd,2014-11-27,7 Albemarle Street,,London,W1S 4HQ,England,['55100'],CAROLIAWESTMINSTERHOTEL,W1S,CAROLIAWESTMINSTERHOTEL|W1S
NI667102,JN CATERING AND EVENTS LTD,active,ltd,2020-01-20,81 Eglantine Park,,Hillsborough,BT26 6HL,Northern Ireland,"['56101', '56210']",JNCATERINGANDEVENTS,BT26,JNCATERINGANDEVENTS|BT26
NI661615,MACC ANN TRADING CO. 2 LTD,active,ltd,2019-05-21,15 Pennyburn Industrial Estate,,Londonderry,BT48 0LU,Northern Ireland,['47749'],MACCANNTRADINGCO2,BT48,MACCANNTRADINGCO2|BT48
NI667090,LAGAN BROS LIMITED,active,ltd,2020-01-17,15 Ballygrooby Road,Moneymore,Magherafelt,BT45 7SR,Northern Ireland,['77310'],LAGANBROS,BT45,LAGANBROS|BT45
NI659834,KNEAD AND PROVE LTD,active,ltd,2019-03-15,Unit 71 Enterprise House,Balloo Avenue,Bangor,BT19 7QT,Northern Ireland,['10710'],KNEADANDPROVE,BT19,KNEADANDPROVE|BT19
07028903,B. H. SCRAP METALS LTD,active,ltd,2009-09-24,1 Low Forge,Wortley,Sheffield,S35 7DN,,['38320'],BHSCRAPMETALS,S35,BHSCRAPMETALS|S35
07068315,SARDAR(UK) LIMITED,active,ltd,2009-11-06,21-23 Shirley Road,Acocks Green,Birmingham,B27 7XU,,['47110'],SARDARUK,B27,SARDARUK|B27
06233184,COPPS REMOVALS & STORAGE LTD,active,ltd,2007-05-01,"Berrys, Chartered Accountants",12 High Street,Torrington,EX38 8HN,England,"['49410', '49420']",COPPSREMOVALSANDSTORAGE,EX38,COPPSREMOVALSANDSTORAGE|EX38
SC194991,STRATHCROSS LIMITED,active,ltd,1999-04-06,6 Glasgow Road,,Edinburgh,EH12 8HL,,"['49320', '99999']",STRATHCROSS,EH12,STRATHCROSS|EH12
09413395,COLDAT SYSTEMS LIMITED,active,ltd,2015-01-30,St Mary's House,Crewe Road,Alsager,ST7 2EW,England,['62020'],COLDATSYSTEMS,ST7,COLDATSYSTEMS|ST7
10076723,ARICONIUM INTERNATIONAL LIMITED,active,ltd,2016-03-22,Suite A4 Skylon Court,Rotherwas,Hereford,HR2 6JS,England,"['46110', '46900', '47760', '47910']",ARICONIUM,HR2,ARICONIUM|HR2
NI660155,NUGGIE'S DEN LTD,active,ltd,2019-03-28,Unit 4 37 Gortrush Industrial Estate,,Omagh,BT78 5EJ,United Kingdom,['96090'],NUGGIESDEN,BT78,NUGGIESDEN|BT78
04750190,DOUG GREEN: EDUCATIONAL CONSULTANT LIMITED,active,ltd,2003-05-01,17 Queens Lane,,Newcastle Upon Tyne,NE1 1RN,United Kingdom,['85590'],DOUGGREENEDUCATIONALCONSULTANT,NE1,DOUGGREENEDUCATIONALCONSULTANT|NE1
06227355,DIXCART INTERNATIONAL LIMITED,active,ltd,2007-04-25,Dixcart House Addlestone Road,Bourne Business Park,Addlestone,KT15 2LE,,"['69201', '69203']",DIXCART,KT15,DIXCART|KT15
NI667262,EVERGREEN EDUCATION & LEARNING ORGANISATION LTD,active,ltd,2020-01-27,10a Dunevly Road,Portaferry,Newtownards,BT22 1NB,Northern Ireland,['85590'],EVERGREENEDUCATIONANDLEARNINGORGANISATION,BT22,EVERGREENEDUCATIONANDLEARNINGORGANISATION|BT22
NI665802,SOLVERS SERVICES LIMITED,active,ltd,2019-11-15,94 University Street,,Belfast,BT7 1HE,Northern Ireland,"['80100', '81210']",SOLVERS,BT7,SOLVERS|BT7
NI650039,DIESEL ENGINEERING NI LTD,active,ltd,2018-01-03,89 Burren Road,,Ballynahinch,BT24 8LF,Northern Ireland,['33120'],DIESELENGINEERINGNI,BT24,DIESELENGINEERINGNI|BT24
NI635955,SMART GLOBAL ONLINE LTD,active,ltd,2016-01-22,26 Foxleigh Fields,,Banbridge,BT32 4QU,,['73110'],SMARTGLOBALONLINE,BT32,SMARTGLOBALONLINE|BT32
NI640688,DP FITNESS LTD,active,ltd,2016-09-07,24 Finnegans Road Jonesborough,,Newry,BT35 8JB,Northern Ireland,['86900'],DPFITNESS,BT35,DPFITNESS|BT35
NI647233,CLEAVER AND STEEL LIMITED,active,ltd,2017-08-02,2 Market Place,,Carrickfergus,BT38 7AW,Northern Ireland,['10130'],CLEAVERANDSTEEL,BT38,CLEAVERANDSTEEL|BT38
NI656279,LOCALJOBSNI LTD,active,ltd,2018-10-10,"Office 6, Innovation House, Down Business Park",46 Belfast Road,Downpatrick,BT30 9UP,Northern Ireland,"['63120', '73110', '78109']",LOCALJOBSNI,BT30,LOCALJOBSNI|BT30
NI667932,OUTFIT FITNESS LTD,active,ltd,2020-02-24,2 Ogles Grove,,Hillsborough,BT26 6RS,Northern Ireland,['93130'],OUTFITFITNESS,BT26,OUTFITFITNESS|BT26
NI654189,CJC CONSULTANT SOLUTIONS LTD,active,ltd,2018-07-04,39 The Rose Garden,Dunmurry,Belfast,BT17 9GZ,Northern Ireland,['62020'],CJCCONSULTANTSOLUTIONS,BT17,CJCCONSULTANTSOLUTIONS|BT17
NI652953,MELIA BOUTIQUE LTD,active,ltd,2018-05-11,35 Aghavilly Road,,Armagh,BT60 3JN,United Kingdom,['47710'],MELIABOUTIQUE,BT60,MELIABOUTIQUE|BT60
NI663366,MKB (2019) LTD,active,ltd,2019-07-29,Unit 32 City Business Park,Dunmurry,Belfast,BT17 9GW,Northern Ireland,['31020'],MKB2019,BT17,MKB2019|BT17
05584621,DUCTEAM LIMITED,active,ltd,2005-10-06,2 Lakeview Stables,Lower St. Clere Kemsing,Sevenoaks,TN15 6NL,England,['43290'],DUCTEAM,TN15,DUCTEAM|TN15
NI658277,KGT SERVICES LIMITED,active,ltd,2019-01-14,55 Mitchell Park,Dungiven,Londonderry,BT47 4LW,Northern Ireland,['43210'],KGT,BT47,KGT|BT47
NI662537,MULLEN AUTO SALES LTD,active,ltd,2019-06-26,18 Glen Road,,Strabane,BT82 8BX,Northern Ireland,['45112'],MULLENAUTOSALES,BT82,MULLENAUTOSALES|BT82
NI666778,GWW ELECTRICAL LTD,active,ltd,2020-01-06,20 Pennyhill Drive,,Ballymena,BT42 2NY,Northern Ireland,['43210'],GWWELECTRICAL,BT42,GWWELECTRICAL|BT42
NI637909,JRB DRIVING LTD,active,ltd,2016-04-19,2 Market Place Carrickfergus,Co.Antrim,Carrickfergus,BT38 7AW,Northern Ireland,['49410'],JRBDRIVING,BT38,JRBDRIVING|BT38
NI632296,S R SEAFOOD LTD,active,ltd,2015-07-03,189 Culmore Road,,Londonderry,BT48 8JH,Northern Ireland,['03120'],SRSEAFOOD,BT48,SRSEAFOOD|BT48
NI632283,POWERSCOURT SERVICES (IRL) LIMITED,active,ltd,2015-07-03,1 Brooke Court,,Belfast,BT11 9NX,Northern Ireland,['41100'],POWERSCOURTSERVICESIRL,BT11,POWERSCOURTSERVICESIRL|BT11
NI662492,BIG O CAFE LIMITED,active,ltd,2019-06-24,8 Queen Street,,Londonderry,BT48 7EF,Northern Ireland,['56102'],BIGOCAFE,BT48,BIGOCAFE|BT48
NI663983,ERNE RECOVERY LTD,active,ltd,2019-08-28,71 Elm Wood Green,,Castlederg,BT81 7GZ,Northern Ireland,['45200'],ERNERECOVERY,BT81,ERNERECOVERY|BT81
NI667917,FAZZ FOOD LIMITED,active,ltd,2020-02-21,139 Shore Road,,Belfast,BT15 3PN,United Kingdom,['56103'],FAZZFOOD,BT15,FAZZFOOD|BT15
NI641700,SILVERVALE DEVELOPMENTS (NI) LIMITED,active,ltd,2016-10-25,10 Regina Park,Jonesborough,Newry,BT35 8HX,Northern Ireland,['64999'],SILVERVALEDEVELOPMENTSNI,BT35,SILVERVALEDEVELOPMENTSNI|BT35
NI654268,FERGUSON INTERNATIONAL LTD,active,ltd,2018-07-09,61 Springmount Road,Glarryford,Ballymena,BT44 9RB,Northern Ireland,['49410'],FERGUSON,BT44,FERGUSON|BT44
NI667059,FONAVALUE & 7 SEATER TAXI LTD,active,ltd,2020-01-17,134 Donegall Street,,Belfast,BT1 2GY,Northern Ireland,['49320'],FONAVALUEAND7SEATERTAXI,BT1,FONAVALUEAND7SEATERTAXI|BT1
08530059,ALL AMPLIFIED MEDIA LTD,active,ltd,2013-05-15,34 Fernbrook Road,,London,SE13 5NF,United Kingdom,['73110'],ALLAMPLIFIEDMEDIA,SE13,ALLAMPLIFIEDMEDIA|SE13
NI657980,MPK ROOFING LIMITED,active,ltd,2018-12-27,20 Drumacanver Road,,Armagh,BT60 3LW,United Kingdom,['43910'],MPKROOFING,BT60,MPKROOFING|BT60
NI644955,YOUR DAILY COFFEE LTD,active,ltd,2017-04-03,8 Bottier Road,Moira,Craigavon,BT67 0PE,Northern Ireland,['47990'],YOURDAILYCOFFEE,BT67,YOURDAILYCOFFEE|BT67
NI648940,OMS TOOLS & SUPPLIES LIMITED,active,ltd,2017-10-27,19 Mullanary Road Middletown,,Armagh,BT60 4HW,United Kingdom,['45310'],OMSTOOLSANDSUPPLIES,BT60,OMSTOOLSANDSUPPLIES|BT60
NI640417,KMAC TRANSPORT LTD,active,ltd,2016-08-25,2 Market Place Carrickfergus,Co.Antrim,Carrickfergus,BT38 7AW,Northern Ireland,['82990'],KMACTRANSPORT,BT38,KMACTRANSPORT|BT38
NI645681,FIRST GO WHOLESALE LTD,active,ltd,2017-05-10,11 Dallan View,,Newry,BT34 3SL,Northern Ireland,['46690'],FIRSTGOWHOLESALE,BT34,FIRSTGOWHOLESALE|BT34
NI651407,SEPACO LIMITED,active,ltd,2018-03-02,7 Mullinabreen Road,,Castlederg,BT81 7UT,United Kingdom,['41100'],SEPACO,BT81,SEPACO|BT81
NI658233,O'CONNORS CRUMLIN LTD,active,ltd,2019-01-11,9 Upper Crescent,,Belfast,BT7 1NT,Northern Ireland,"['56101', '56302']",OCONNORSCRUMLIN,BT7,OCONNORSCRUMLIN|BT7
NI647747,CALIFORNIA KITCHEN CO (NI) LTD,active,ltd,2017-08-31,12 Lisburn Leisure Park,,Lisburn,BT28 1LP,Northern Ireland,['56102'],CALIFORNIAKITCHENCONI,BT28,CALIFORNIAKITCHENCONI|BT28
NI641552,RED STAG CATERING LIMITED,active,ltd,2016-10-19,2 Gortnagallon Cottages,,Crumlin,BT29 4RL,Northern Ireland,['56210'],REDSTAGCATERING,BT29,REDSTAGCATERING|BT29
NI654847,KH FACILITIES & LOGISTICS LTD,active,ltd,2018-08-07,121 Tandragee Road,,Newry,BT35 6LW,United Kingdom,['70229'],KHFACILITIESANDLOGISTICS,BT35,KHFACILITIESANDLOGISTICS|BT35
NI667638,INSTANT CARE DIRECT LTD,active,ltd,2020-02-11,Unit 19 The Hatchery Ni,,58 Greystone Road Antrim Antrim,BT41 1JZ,United Kingdom,['86210'],INSTANTCAREDIRECT,BT41,INSTANTCAREDIRECT|BT41
NI653792,A H MOTORS (LIMAVADY) LIMITED,active,ltd,2018-06-18,75a Seacoast Road,,Limavady,BT49 9DW,United Kingdom,['45112'],AHMOTORSLIMAVADY,BT49,AHMOTORSLIMAVADY|BT49
11037615,LIGHT-IT-UP ENTERTAINMENT COMPANY LIMITED,active,ltd,2017-10-30,5 The Mill,Brunswick Street,Hebden Bridge,HX7 6AF,United Kingdom,['62011'],LIGHTITUPENTERTAINMENTCOMPANY,HX7,LIGHTITUPENTERTAINMENTCOMPANY|HX7
NI653985,DC TATTOOS LTD,active,ltd,2018-06-26,321 Merville Garden Village,,Newtownabbey,BT37 9TZ,Northern Ireland,['90030'],DCTATTOOS,BT37,DCTATTOOS|BT37
NI656894,JIANG SWEET CHILLI LTD,active,ltd,2018-11-06,27-29 Belmore Street,,Enniskillen,BT74 6AA,United Kingdom,['56101'],JIANGSWEETCHILLI,BT74,JIANGSWEETCHILLI|BT74
NI650612,CEASEFIRE SERVICES LIMITED,active,ltd,2018-01-29,"Unit 1, 105 Creagh Road",Castledawson,Magherafelt,BT45 8EY,United Kingdom,['43390'],CEASEFIRE,BT45,CEASEFIRE|BT45
NI642863,PREMIER CONSULTANCY LTD,active,ltd,2016-12-22,75 Crockmore Road,Claudy,Derry,BT47 4JP,Northern Ireland,['41202'],PREMIERCONSULTANCY,BT47,PREMIERCONSULTANCY|BT47
11342611,BJC PROPERTY LIMITED,active,ltd,2018-05-02,The Old Vicarage Vicarage Lane,Westhead,Ormskirk Lancashire,L40 6HG,England,['68100'],BJCPROPERTY,L40,BJCPROPERTY|L40
NI667619,MAHEN LTD,active,ltd,2020-02-11,46 Moneyslane Road,Ballyward,Castlewellan,BT31 9QD,Northern Ireland,['56101'],MAHEN,BT31,MAHEN|BT31
NI661920,LOUGHSHORE SPRAY FOAM INSULATION LIMITED,active,ltd,2019-06-03,15 Mountcairn Court,,Dungannon,BT71 4LY,Northern Ireland,['43390'],LOUGHSHORESPRAYFOAMINSULATION,BT71,LOUGHSHORESPRAYFOAMINSULATION|BT71
00989529,ALDEBURGH BOOKSHOP LIMITED,active,ltd,1970-09-17,42 High Street,Aldeburgh,Suffolk,IP15 5AB,,['47610'],ALDEBURGHBOOKSHOP,IP15,ALDEBURGHBOOKSHOP|IP15
07603847,FAME PROPERTY INVESTMENTS LIMITED,active,ltd,2011-04-14,3 Upper Lattimore Road,,"St. Albans,",AL1 3UD,,['68209'],FAMEPROPERTYINVESTMENTS,AL1,FAMEPROPERTYINVESTMENTS|AL1
NI648420,NFD LIVESTOCK LIMITED,active,ltd,2017-10-03,Dfds West Bank Road,Transit 3,Belfast,BT3 9JL,Northern Ireland,"['49410', '50200']",NFDLIVESTOCK,BT3,NFDLIVESTOCK|BT3
NI651037,COSMIC SYMBOL AEROSPACE LTD,active,ltd,2018-02-16,34 Glencolin Avenue,,Belfast,BT11 8NZ,Northern Ireland,['33160'],COSMICSYMBOLAEROSPACE,BT11,COSMICSYMBOLAEROSPACE|BT11
NI657707,OROURKE CONTRACTS LIMITED,active,ltd,2018-12-11,42a Cullion Road,Rathfriland,Newry,BT34 5BA,Northern Ireland,['43120'],OROURKECONTRACTS,BT34,OROURKECONTRACTS|BT34
09044604,SUPRASANNBG TOOTH SERVICES LIMITED,active,ltd,2014-05-16,5 Park Road,,Walsall,WS5 3JT,England,['86230'],SUPRASANNBGTOOTH,WS5,SUPRASANNBGTOOTH|WS5
NI658372,COTTAGE DUNGANNON THERAPIES LTD,active,ltd,2019-01-17,7 Old Moy Road,,Dungannon,BT71 6PS,United Kingdom,['96020'],COTTAGEDUNGANNONTHERAPIES,BT71,COTTAGEDUNGANNONTHERAPIES|BT71
NI655780,SKYVAC.1 LTD,active,ltd,2018-09-18,14 Pennyburn Industrial Estate,,Londonderry,BT48 0LU,Northern Ireland,"['43991', '81210', '81222']",SKYVAC1,BT48,SKYVAC1|BT48
NI631415,INDIAN TREE INC LTD,active,ltd,2015-05-20,34 Carleton Street,Portadown,Craigavon,BT62 3EP,Northern Ireland,['56102'],INDIANTREEINC,BT62,INDIANTREEINC|BT62
NI655296,SHERRIFF PROTECTION LTD,active,ltd,2018-08-28,4 Old Grange Green,Old Grange Green,Carrickfergus,BT38 7UG,United Kingdom,['81222'],SHERRIFFPROTECTION,BT38,SHERRIFFPROTECTION|BT38
NI639852,SEAN LOUGHRAN LIMITED,active,ltd,2016-07-28,2b Mcrorys Road,Newtownhamilton,Newry,BT35 0BD,Northern Ireland,['49410'],SEANLOUGHRAN,BT35,SEANLOUGHRAN|BT35
NI646000,MN STEEL FIXING LTD,active,ltd,2017-05-23,16 Gortamaddy Drive,,Ballycastle,BT54 6RZ,Northern Ireland,['43999'],MNSTEELFIXING,BT54,MNSTEELFIXING|BT54
NI667995,ROAN SYSTEMS LIMITED,active,ltd,2020-02-26,7 Hollow Mills Grange,,Dungannon,BT71 4GX,Northern Ireland,['43390'],ROANSYSTEMS,BT71,ROANSYSTEMS|BT71
NI665987,BELFAST TRAVEL SERVICES LTD,active,ltd,2019-11-21,3 Lenagh Road,Randalstown,Antrim,BT41 2NF,Northern Ireland,['96090'],BELFASTTRAVEL,BT41,BELFASTTRAVEL|BT41
NI640322,MH MARINE SERVICES LIMITED,active,ltd,2016-08-18,River House,Home Avenue,Newry,BT34 2DL,United Kingdom,['71129'],MHMARINE,BT34,MHMARINE|BT34
06592118,OMG LIFE LIMITED,active,ltd,2008-05-14,6 Oxford Pioneer Park,,Yarnton,OX5 1QU,United Kingdom,['26702'],OMGLIFE,OX5,OMGLIFE|OX5
NI664721,LAZE N RELAX LTD,active,ltd,2019-09-30,44 Claragh Hill Drive,Kilrea,Coleraine,BT51 5YR,Northern Ireland,['93290'],LAZENRELAX,BT51,LAZENRELAX|BT51
NI654903,HIVEUAV LIMITED,active,ltd,2018-08-09,137 York Road,Legal & Financial House,Belfast,BT15 3GZ,Northern Ireland,"['33140', '47430', '47799']",HIVEUAV,BT15,HIVEUAV|BT15
NI657444,MULTI-FRUIT-EXPORTER-IMPORTERS-HOLDINGS LTD,active,ltd,2018-11-29,65 Dublin Road,,Belfast,,Northern Ireland,"['46310', '52290']",MULTIFRUITEXPORTERIMPORTERSHOLDINGS,,MULTIFRUITEXPORTERIMPORTERSHOLDINGS|
03059756,COMMERCIAL COVERINGS LIMITED,active,ltd,1995-05-22,Potter Street,Willington Quay,North Shields,NE28 6LS,,['82990'],COMMERCIALCOVERINGS,NE28,COMMERCIALCOVERINGS|NE28
NI665604,BIG HOUSE CREATIVE LTD,active,ltd,2019-11-06,3 Wellington Park,,Belfast,BT9 6DJ,Northern Ireland,['74100'],BIGHOUSECREATIVE,BT9,BIGHOUSECREATIVE|BT9
NI653417,CRYSTAL CLEAR CAR WASH AND VALET CENTRE LIMITED,active,ltd,2018-06-01,1 Mahon Terrace,Portadown,Craigavon,BT62 3SB,United Kingdom,['45200'],CRYSTALCLEARCARWASHANDVALETCENTRE,BT62,CRYSTALCLEARCARWASHANDVALETCENTRE|BT62
NI630905,WOOD WORX IRELAND LTD,active,ltd,2015-04-23,18 Glenroe Park,Dungiven,Londonderry,BT47 4PE,Northern Ireland,['43320'],WOODWORXIRELAND,BT47,WOODWORXIRELAND|BT47
NI640713,INSTADETECT LTD.,active,ltd,2016-09-08,5 Castlereagh Street,,Belfast,BT5 4NE,Northern Ireland,"['46690', '47990']",INSTADETECT,BT5,INSTADETECT|BT5
NI662186,BESPOKE MEDIA SOLUTIONS LTD,active,ltd,2019-06-12,Riverhouse,48 - 60 High Street,Belfast,BT1 2BE,Northern Ireland,['73120'],BESPOKEMEDIASOLUTIONS,BT1,BESPOKEMEDIASOLUTIONS|BT1
NI641083,COTTAGE DUNGANNON LTD,active,ltd,2016-09-27,7 Old Moy Road,,Dungannon,BT71 6PS,Northern Ireland,['96020'],COTTAGEDUNGANNON,BT71,COTTAGEDUNGANNON|BT71
NI656468,BARRON CIVILS LTD,active,ltd,2018-10-18,2 Church Street,Ballygawley,Dungannon,BT70 2HB,Northern Ireland,['42990'],BARRONCIVILS,BT70,BARRONCIVILS|BT70
NI638872,RECRUITMENT SOLUTIONS (N.I.) LIMITED,active,ltd,2016-06-06,25 Shore Road,,Holywood,BT18 9HX,Northern Ireland,['78200'],RECRUITMENTSOLUTIONSNI,BT18,RECRUITMENTSOLUTIONSNI|BT18
NI650950,CHRIS DONAGHY DESIGN LTD,active,ltd,2018-02-13,16 Main Street,,Limavady,BT49 0EU,Northern Ireland,['31020'],CHRISDONAGHYDESIGN,BT49,CHRISDONAGHYDESIGN|BT49
NI650190,STEVEN BRIDGES SOLUTIONS LTD,active,ltd,2018-01-11,2 Market Place,,Carrickfergus,BT38 7AW,Northern Ireland,['33160'],STEVENBRIDGESSOLUTIONS,BT38,STEVENBRIDGESSOLUTIONS|BT38
NI662869,LASERKRIS LTD,active,ltd,2019-07-09,122 Donaghadee Road,,Newtownards,BT23 7HB,Northern Ireland,['16290'],LASERKRIS,BT23,LASERKRIS|BT23
NI657866,DISCOUNT FURNISHINGS LIMITED,active,ltd,2018-12-18,21 Donegall Road,,Belfast,BT12 5JJ,United Kingdom,['46150'],DISCOUNTFURNISHINGS,BT12,DISCOUNTFURNISHINGS|BT12
NI644687,BRAKAR LTD,active,ltd,2017-03-21,2 Market Place,"Carrickfergus, Co.Antrim","Antrim, Carrickfergus",BT38 7AW,Northern Ireland,['56101'],BRAKAR,BT38,BRAKAR|BT38
NI643705,NBT TRANSPORT LTD,active,ltd,2017-02-07,1 Glenavon Park,,Cookstown,BT80 8JL,Northern Ireland,['49410'],NBTTRANSPORT,BT80,NBTTRANSPORT|BT80
07911039,TREE FROG DIGITAL LIMITED,active,ltd,2012-01-16,44 Woodall Avenue,Saltney,Chester,CH4 8LR,Wales,['62020'],TREEFROGDIGITAL,CH4,TREEFROGDIGITAL|CH4
12557471,INDY SINGH LTD,active,ltd,2020-04-15,131 Higher Lane Whitefield,,Manchester,M45 7WH,England,['96090'],INDYSINGH,M45,INDYSINGH|M45
NI631739,NTH HAULAGE LTD,active,ltd,2015-06-05,21 Outleckan Road,Belleeks,Newry,BT35 7QU,Northern Ireland,['49410'],NTHHAULAGE,BT35,NTHHAULAGE|BT35
NI633768,BEDFORD COFFEE BAR LTD,active,ltd,2015-09-22,405 Lisburn Road,,Belfast,BT9 7EW,Northern Ireland,['56103'],BEDFORDCOFFEEBAR,BT9,BEDFORDCOFFEEBAR|BT9
NI655218,NWA-DY INTERNATIONAL LTD,active,ltd,2018-08-23,9 Harmin Park,,Newtownabbey,BT36 7UR,United Kingdom,"['82990', '88990']",NWADY,BT36,NWADY|BT36
NI658078,JF RIGGING LTD,active,ltd,2019-01-04,20 Laird Park,,Belfast,BT4 2NR,Northern Ireland,['33160'],JFRIGGING,BT4,JFRIGGING|BT4
NI664038,MCC LETTINGS LTD,active,ltd,2019-08-30,508 Glenshane Road,Claudy,Londonderry,BT47 4BT,Northern Ireland,['68209'],MCCLETTINGS,BT47,MCCLETTINGS|BT47
NI654970,BLUE APRICOT INNOVATIONS LTD,active,ltd,2018-08-13,54 Main Street,,Newcastle,BT33 0AE,United Kingdom,['73110'],BLUEAPRICOTINNOVATIONS,BT33,BLUEAPRICOTINNOVATIONS|BT33
NI663113,GPMH LTD,active,ltd,2019-07-18,4 Ainsworth Pass,,Belfast,BT13 3FQ,United Kingdom,"['74100', '81210']",GPMH,BT13,GPMH|BT13
NI653715,BRYAN MC NAMEE MEATS LTD,active,ltd,2018-06-14,5 Hill Street,,Newry,BT34 2BN,Northern Ireland,['46320'],BRYANMCNAMEEMEATS,BT34,BRYANMCNAMEEMEATS|BT34
NI655107,AMC AEROTECH LTD,active,ltd,2018-08-20,70 Bartleys Wood,,Ballywalter,BT22 2GJ,Northern Ireland,['33160'],AMCAEROTECH,BT22,AMCAEROTECH|BT22
NI653998,PMC MOTORS (2018) LTD,active,ltd,2018-06-26,41 St. Katharines Road,,Belfast,BT12 6EF,United Kingdom,['45112'],PMCMOTORS2018,BT12,PMCMOTORS2018|BT12
NI657565,SIRIUS TECH SOLUTIONS LTD,active,ltd,2018-12-04,17 Warren Crescent,,Portstewart,BT55 7HN,United Kingdom,['62020'],SIRIUSTECHSOLUTIONS,BT55,SIRIUSTECHSOLUTIONS|BT55
NI656328,REDFOX INVESTMENTS LTD,active,ltd,2018-10-12,37 Ballyrogan Road,Garvagh,Coleraine,BT51 5EZ,Northern Ireland,['41100'],REDFOXINVESTMENTS,BT51,REDFOXINVESTMENTS|BT51
NI663831,INDIGO VAN HIRE LIMITED,active,ltd,2019-08-21,3 Deramore Drive,Portadown,Craigavon,BT62 3HH,Northern Ireland,['77110'],INDIGOVANHIRE,BT62,INDIGOVANHIRE|BT62
NI664244,PHILLY HARRIS TECH LIMITED,active,ltd,2019-09-09,30 Eia Street,,Belfast,BT14 6BT,United Kingdom,['33140'],PHILLYHARRISTECH,BT14,PHILLYHARRISTECH|BT14
NI658805,FIVELIGHTS LTD,active,ltd,2019-02-06,17 Glassdrumman Rd,Poyntzpass,Newry,,Northern Ireland,['59112'],FIVELIGHTS,,FIVELIGHTS|
NI659381,FALCON GLOBER LTD,active,ltd,2019-02-27,8 Cherry Gardens,Dunmurry,Belfast,BT17 0EB,United Kingdom,"['62012', '84120']",FALCONGLOBER,BT17,FALCONGLOBER|BT17
04423304,INSPIRED TECHNOLOGY SERVICES LIMITED,active,ltd,2002-04-24,Camburgh House,27 New Dover Road,Canterbury,CT1 3DN,,['62090'],INSPIREDTECHNOLOGY,CT1,INSPIREDTECHNOLOGY|CT1
NI656644,HANZ UTILITIES LTD,active,ltd,2018-10-25,Europa Tool House Springbank Road,Dunmurry,Belfast,BT17 0QL,Northern Ireland,"['42220', '42990', '43999']",HANZUTILITIES,BT17,HANZUTILITIES|BT17
NI635535,BUNKERHILL LIMITED,active,ltd,2015-12-23,17a Feddans,,Kesh,BT93 1ED,,['56101'],BUNKERHILL,BT93,BUNKERHILL|BT93
NI656103,R MORGAN ENGINEERING LTD,active,ltd,2018-10-03,2 Market Place,,Carrickfergus,BT38 7AW,Northern Ireland,['33150'],RMORGANENGINEERING,BT38,RMORGANENGINEERING|BT38
NI646261,BIDDY FARRELLY'S CAFE LIMITED,active,ltd,2017-06-08,3 Alliance Avenue,,Belfast,BT14 7PH,Northern Ireland,['56102'],BIDDYFARRELLYSCAFE,BT14,BIDDYFARRELLYSCAFE|BT14
NI637208,4URPHONE (2016) LTD,active,ltd,2016-03-18,Office 2 Townsend Enterprise Park,Townsend Street,Belfast,BT13 2ES,Northern Ireland,['61900'],4URPHONE2016,BT13,4URPHONE2016|BT13
NI658654,SEW CONSTRUCTION (N.I.) LIMITED,active,ltd,2019-01-30,39a Ballinlare Gardens,,Newry,BT35 6EX,Northern Ireland,['41100'],SEWCONSTRUCTIONNI,BT35,SEWCONSTRUCTIONNI|BT35
NI662090,LGR BUILDERS LTD,active,ltd,2019-06-07,6 Linden Place,,Newtownards,BT23 4NQ,Northern Ireland,['41202'],LGRBUILDERS,BT23,LGRBUILDERS|BT23
NI655450,ARCHIES AUTOS LTD,active,ltd,2018-09-03,60 Ardtanagh Road Dromara,,Dromore,BT25 2BX,Northern Ireland,['45112'],ARCHIESAUTOS,BT25,ARCHIESAUTOS|BT25
NI647422,HL ESTATES LTD,active,ltd,2017-08-14,50 Moira Road,Nutts Corner,Belfast,BT29 4JL,Northern Ireland,"['68100', '68209', '68310', '68320']",HLESTATES,BT29,HLESTATES|BT29
NI653567,ATLAS MECHANICAL SERVICES LIMITED,active,ltd,2018-06-08,50 Westway Crescent Ballygomartin,,Belfast,BT13 3NU,Northern Ireland,['43220'],ATLASMECHANICAL,BT13,ATLASMECHANICAL|BT13
NI632009,PROSPECT AWARDS CIC,active,ltd,2015-06-18,21b Garrison Road,,Knockloughrim,BT45 8RD,Northern Ireland,['85600'],PROSPECTAWARDSCIC,BT45,PROSPECTAWARDSCIC|BT45
NI634180,TANDERRUM CONSULTING LIMITED,active,ltd,2015-10-12,Linenhall Exchange,"1st Floor, 26 Linenhall Street",Belfast,BT2 8BG,Northern Ireland,['62020'],TANDERRUMCONSULTING,BT2,TANDERRUMCONSULTING|BT2
NI641407,CAMPBELL MOTORS LTD,active,ltd,2016-10-12,58 Glenelly Road Plumbridge,,Omagh,BT79 8BN,United Kingdom,['45112'],CAMPBELLMOTORS,BT79,CAMPBELLMOTORS|BT79
NI651382,LDM FIT OUT LTD,active,ltd,2018-03-01,32 Station Park,,Crossgar,BT30 9FB,Northern Ireland,['43320'],LDMFITOUT,BT30,LDMFITOUT|BT30
NI654810,CITY CENTRE GARAGE LIMITED,active,ltd,2018-08-06,117 Ardcarn Park,,Newry,BT35 8PD,United Kingdom,['45200'],CITYCENTREGARAGE,BT35,CITYCENTREGARAGE|BT35
NI641298,DJH DRIVER SERVICES LTD,active,ltd,2016-10-06,2 Market Place,"Carrickfergus, Co.Antrim","Antrim, Carrickfergus",BT38 7AW,Northern Ireland,['49320'],DJHDRIVER,BT38,DJHDRIVER|BT38
NI649123,J SPRING LTD,active,ltd,2017-11-07,350a Clooney Road,,Ballykelly,BT49 9PF,Northern Ireland,['71111'],JSPRING,BT49,JSPRING|BT49
NI645631,DDE HAULAGE LTD,active,ltd,2017-05-08,95 Crankill Road,,Ballymena,BT43 5NW,Northern Ireland,"['49410', '52290']",DDEHAULAGE,BT43,DDEHAULAGE|BT43
NI648101,MINDE'S TRANSPORT LTD,active,ltd,2017-09-18,21 Woodlands Manor,,Portadown,BT62 4JP,United Kingdom,['49410'],MINDESTRANSPORT,BT62,MINDESTRANSPORT|BT62
NI654208,MCDONALD PROPERTY MAINTENANCE LTD,active,ltd,2018-07-05,8 Lurganboy Park,Newtownbutler,Enniskillen,BT92 6JT,Northern Ireland,"['31090', '43341']",MCDONALDPROPERTYMAINTENANCE,BT92,MCDONALDPROPERTYMAINTENANCE|BT92
NI656580,HOLIDAY RENTALS (IRELAND) LIMITED,active,ltd,2018-10-23,C/O Wallace & Co. Chartered Accountants,146 High Street,Holywood,BT18 9HS,United Kingdom,['68209'],HOLIDAYRENTALSIRELAND,BT18,HOLIDAYRENTALSIRELAND|BT18
NI653338,TRIO CONSTRUCTION PLANT & MACHINERY LTD,active,ltd,2018-05-29,32 Cormeen Road,,Armagh,BT60 4NF,Northern Ireland,"['41202', '46690']",TRIOCONSTRUCTIONPLANTANDMACHINERY,BT60,TRIOCONSTRUCTIONPLANTANDMACHINERY|BT60
NI663909,JMCF AVIATION LTD,active,ltd,2019-08-27,2 Market Place,,Carrickfergus,BT38 7AW,Northern Ireland,['33160'],JMCFAVIATION,BT38,JMCFAVIATION|BT38
NI652465,SWEETTHUNDERBOLT LIMITED,active,ltd,2018-04-18,96-98 Frances Street,,Newtownards,BT23 7DY,Northern Ireland,['56101'],SWEETTHUNDERBOLT,BT23,SWEETTHUNDERBOLT|BT23
08901856,HUNTER RECRUITMENT LIMITED,active,ltd,2014-02-19,8 Manor Park Church Road,Great Barton,Bury St. Edmunds,IP31 2QR,England,['78109'],HUNTERRECRUITMENT,IP31,HUNTERRECRUITMENT|IP31
09966446,K ROWLANDS LIMITED,active,ltd,2016-01-25,"16 Mill Court, Hafodyrynys",Crumlin,Newport,NP11 5DS,Wales,['43999'],KROWLANDS,NP11,KROWLANDS|NP11
SC189598,AQUASKY LIMITED,active,ltd,1998-09-22,Sidhean Beag,,Kilmore,PA34 4XX,,['33190'],AQUASKY,PA34,AQUASKY|PA34
11159596,HUNSLOW ESTATES LTD,active,ltd,2018-01-19,C/O 32 Castlewood Road,,London,N16 6DW,England,['68100'],HUNSLOWESTATES,N16,HUNSLOWESTATES|N16
10734451,BANTOUR LIMITED,active,ltd,2017-04-21,The Long Barn,Cobham Park Rd,Cobham,KT11 3NE,United Kingdom,['93199'],BANTOUR,KT11,BANTOUR|KT11
05233809,GOWER LODGE (SWANSEA) LTD,active,ltd,2004-09-16,"Orbis Education And Care, Vision Court",Caxton Place,Cardiff,CF23 8HA,Wales,['87200'],GOWERLODGESWANSEA,CF23,GOWERLODGESWANSEA|CF23
08509538,PROMINENT PROPERTIES LIMITED,active,ltd,2013-04-30,91 Tottenham Lane,Crouch End,London,N8 9BE,,['41202'],PROMINENTPROPERTIES,N8,PROMINENTPROPERTIES|N8
SC140947,REIACH AND HALL LIMITED,active,ltd,1992-10-29,8 Darnaway Street,,Edinburgh,EH3 6BG,Scotland,['71111'],REIACHANDHALL,EH3,REIACHANDHALL|EH3
12586369,TWIGGY COMMS LIMITED,active,ltd,2020-05-05,9a Munster Road,,Teddington,TW11 9LR,England,['70210'],TWIGGYCOMMS,TW11,TWIGGYCOMMS|TW11
13106211,ISOROBOT LIMITED,active,ltd,2020-12-31,20 Syke Lane,Scarcroft,Leeds,LS14 3BQ,England,"['62012', '62020', '70229']",ISOROBOT,LS14,ISOROBOT|LS14
09571452,TAYLOR STUNTS LTD,active,ltd,2015-05-01,Asm House,103a Keymer Road,Hassocks,BN6 8QL,United Kingdom,['90010'],TAYLORSTUNTS,BN6,TAYLORSTUNTS|BN6
NI064613,KNOCKLYN MANAGEMENT CO LTD,active,ltd,2007-05-10,47 Ballyreagh Mews,Ballyreagh Road,Portrush,BT56 8QE,Northern Ireland,['98000'],KNOCKLYNMANAGEMENTCO,BT56,KNOCKLYNMANAGEMENTCO|BT56
12040463,PEAR TREE RESIDENTIAL CARE LIMITED,active,ltd,2019-06-10,1-10 Sitwell Street,Cleveland Street,Kingston Upon Hull,HU8 7BE,United Kingdom,['87300'],PEARTREERESIDENTIALCARE,HU8,PEARTREERESIDENTIALCARE|HU8
SC537066,THOMPSON SUBSEA SERVICES LTD,active,ltd,2016-06-03,24 Mosside Crescent,Portlethen,Aberdeen,AB12 4RG,Scotland,['09100'],THOMPSONSUBSEA,AB12,THOMPSONSUBSEA|AB12
SC542273,CRR SCOTLAND LIMITED,active,ltd,2016-08-09,4 Glassford Street,,Glasgow,G1 1UL,Scotland,['82990'],CRRSCOTLAND,G1,CRRSCOTLAND|G1
SC551252,MARLASZ LTD.,active,ltd,2016-11-28,266 Ravensby Road,,Carnoustie,DD7 7NW,Scotland,['43220'],MARLASZ,DD7,MARLASZ|DD7
SC547158,MAIN ROAD BAR LTD,active,ltd,2016-10-07,99 Main Road,Cumbernauld,Glasgow,G67 4AY,Scotland,['56302'],MAINROADBAR,G67,MAINROADBAR|G67
SC518940,TIMBER DESIGN INITIATIVES LIMITED,active,ltd,2015-10-28,8 Campbells Close,,Edinburgh,EH8 8JJ,Scotland,['71111'],TIMBERDESIGNINITIATIVES,EH8,TIMBERDESIGNINITIATIVES|EH8
SC530446,FLANAGAN HAULAGE LIMITED,active,ltd,2016-03-23,16 Esk Road,,Kilmarnock,KA1 3TQ,Scotland,['49410'],FLANAGANHAULAGE,KA1,FLANAGANHAULAGE|KA1
SC519784,CG DUDGEON LTD,active,ltd,2015-11-09,19 Rosefield Place,,Edinburgh,EH15 1BD,Scotland,['33160'],CGDUDGEON,EH15,CGDUDGEON|EH15
SC535747,KINGSWAY JOINERY SERVICES LIMITED,active,ltd,2016-05-18,41 Kingsway Kilsyth,,Glasgow,G65 9UQ,United Kingdom,['41202'],KINGSWAYJOINERY,G65,KINGSWAYJOINERY|G65
SC549397,TASTEEZ WHOLESALE DISTRIBUTION LIMITED,active,ltd,2016-11-03,22 Backbrae Street,Kilsyth,Glasgow,G65 0NH,Scotland,['46900'],TASTEEZWHOLESALEDISTRIBUTION,G65,TASTEEZWHOLESALEDISTRIBUTION|G65
SC520315,IKRAJ SANGHA LTD,active,ltd,2015-11-13,26 Saltmarsh Dr,,Glasgow,G66 3NR,Scotland,['70229'],IKRAJSANGHA,G66,IKRAJSANGHA|G66
SC534739,HECO LTD,active,ltd,2016-05-06,"22/5, 25 Dougrie Place",,Glasgow,G45 9AT,Scotland,['70229'],HECO,G45,HECO|G45
SC548634,QASIM GLOBAL VISIT LIMITED,active,ltd,2016-10-26,25 Brora Road,,Kilmarnock,KA3 1AH,Scotland,['79110'],QASIMGLOBALVISIT,KA3,QASIMGLOBALVISIT|KA3
SC522088,GLOBE PATH LTD,active,ltd,2015-12-08,Torridon House,Torridon Lane,Rosyth,KY11 2EU,Scotland,['71129'],GLOBEPATH,KY11,GLOBEPATH|KY11
SC513202,GARY BAKER LTD,active,ltd,2015-08-17,40 Moray Road,,Port Glasgow,PA14 5QQ,Scotland,"['43999', '96090']",GARYBAKER,PA14,GARYBAKER|PA14
SC523319,ACCESS INSPECTION SERVICES LIMITED,active,ltd,2015-12-30,161 Culrain Street,,Glasgow,G32 7UD,Scotland,['74909'],ACCESSINSPECTION,G32,ACCESSINSPECTION|G32
SC546690,JOHNSTONE TAKEAWAY & DELIVERY LTD,active,ltd,2016-09-30,4a William Street,,Johnstone,PA5 8DS,Scotland,['56103'],JOHNSTONETAKEAWAYANDDELIVERY,PA5,JOHNSTONETAKEAWAYANDDELIVERY|PA5
SC555160,SMITHS DIRECT BUTCHERS LTD,active,ltd,2017-01-20,"William Duncan, 2nd Floor,",18 Bothwell Street,Glasgow,G2 6NU,,"['10130', '46320']",SMITHSDIRECTBUTCHERS,G2,SMITHSDIRECTBUTCHERS|G2
SC520902,WIN WIN UNIVERSAL LIMITED,active,ltd,2015-11-23,1948 Dumbarton Road,,Glasgow,G14 0HH,Scotland,"['47910', '69202']",WINWINUNIVERSAL,G14,WINWINUNIVERSAL|G14
SC530586,JVB CONTRACTS LTD,active,ltd,2016-03-23,Boyle No5 Westray Avenue,Eastrenfrewshire,Glasgow,G77 6JQ,Scotland,['43999'],JVBCONTRACTS,G77,JVBCONTRACTS|G77
SC550825,RIDGE TRANSPORT LTD.,active,ltd,2016-11-21,27 Main Street,,Longridge,EH47 8AE,Scotland,['49410'],RIDGETRANSPORT,EH47,RIDGETRANSPORT|EH47
SC527408,HILLEY COURIERS LTD.,active,ltd,2016-02-19,128 Burnhead Street,Viewpark,Glasgow,G71 5AW,Scotland,['49410'],HILLEYCOURIERS,G71,HILLEYCOURIERS|G71
SC555202,JWF FABRICATIONS LIMITED,active,ltd,2017-01-20,52 Ralston Drive,,Kirkcaldy,KY2 6XS,Scotland,['33110'],JWFFABRICATIONS,KY2,JWFFABRICATIONS|KY2
SC535394,DI & EV LTD,active,ltd,2016-05-13,37 Broad Street,,Peterhead,AB42 1JB,United Kingdom,['96090'],DIANDEV,AB42,DIANDEV|AB42
SC535288,G S BARBERS LTD,active,ltd,2016-05-12,13 Hope Street,,Lanark,ML11 7NL,Scotland,['96020'],GSBARBERS,ML11,GSBARBERS|ML11
SC536384,GETENY LTD,active,ltd,2016-05-25,196a Dalkeith Road,,Edinburgh,EH16 5DU,Scotland,"['46110', '62090']",GETENY,EH16,GETENY|EH16
SC517587,WOVEN CORD LIMITED,active,ltd,2015-10-09,87 Acacia Way,Cambuslang,Glasgow,G72 7ZY,Scotland,['62020'],WOVENCORD,G72,WOVENCORD|G72
SC519717,HOLDEN DECKCREW HLO SERVICES LIMITED,active,ltd,2015-11-06,13 Craigcrest Place,Condorrat,Cumbernauld,G67 4GY,United Kingdom,['96090'],HOLDENDECKCREWHLO,G67,HOLDENDECKCREWHLO|G67
SC530362,COLLINS MORGAN GROUP LTD,active,ltd,2016-03-22,Unit 10 Wilson Business Park Queen Elizabeth Avenue,Hillington Park,Glasgow,G52 4NQ,Scotland,['64999'],COLLINSMORGAN,G52,COLLINSMORGAN|G52
SC551827,R M DISTRIBUTION (HIGHLANDS) LTD,active,ltd,2016-12-05,Forbes House,36 Huntly Street,Inverness,IV3 5PR,United Kingdom,['49410'],RMDISTRIBUTIONHIGHLANDS,IV3,RMDISTRIBUTIONHIGHLANDS|IV3
SC555335,SJ CONTRACTS PLUMBING & HEATING LTD,active,ltd,2017-01-23,Gallone & Co,14 Newton Place,Glasgow,G3 7PY,Scotland,['43220'],SJCONTRACTSPLUMBINGANDHEATING,G3,SJCONTRACTSPLUMBINGANDHEATING|G3
SC524236,FOX INDUSTRIES (ABERDEEN) LTD,active,ltd,2016-01-14,20 Westdyke Place,Elrick,Westhill,AB32 6QT,Scotland,['74909'],FOXINDUSTRIESABERDEEN,AB32,FOXINDUSTRIESABERDEEN|AB32
SC527483,BLAKEMEISTER LIMITED,active,ltd,2016-02-22,10 Rathbone Place,,Edinburgh,EH15 1TT,Scotland,['69201'],BLAKEMEISTER,EH15,BLAKEMEISTER|EH15
SC554289,CLIPPER ELECTRICAL LIMITED,active,ltd,2017-01-11,Rhinduie House,Lentran,Inverness,IV3 8RJ,Scotland,['35120'],CLIPPERELECTRICAL,IV3,CLIPPERELECTRICAL|IV3
SC530338,ALAN REILLY TRANSPORT MANAGEMENT LTD,active,ltd,2016-03-22,80 Dover Heights,,Dunfermline,KY11 8HS,Scotland,['49319'],ALANREILLYTRANSPORTMANAGEMENT,KY11,ALANREILLYTRANSPORTMANAGEMENT|KY11
SC555582,ACE BEAUTY & COSMETIC ACADEMY LTD,active,ltd,2017-01-25,Ace Cosmetic / Perfection Beauty Salon 141-143 High Street,Lochee,Dundee,DD2 3DB,Scotland,['47990'],ACEBEAUTYANDCOSMETICACADEMY,DD2,ACEBEAUTYANDCOSMETICACADEMY|DD2
SC529775,CHRISTOPHER THAIN LTD,active,ltd,2016-03-15,4 Finlayson Street,,Fraserburgh,AB43 9JR,United Kingdom,['96020'],CHRISTOPHERTHAIN,AB43,CHRISTOPHERTHAIN|AB43
SC530249,J&L ROAD SURFACING LIMITED,active,ltd,2016-03-21,11b Humbie Holdings,,Kirknewton,EH27 8DS,,['42110'],JANDLROADSURFACING,EH27,JANDLROADSURFACING|EH27
SC542816,ROSEMOUNT INDUSTRIAL LIMITED,active,ltd,2016-08-16,42 Dudhope Crescent Road,,Dundee,DD1 5RR,Scotland,['43210'],ROSEMOUNTINDUSTRIAL,DD1,ROSEMOUNTINDUSTRIAL|DD1
SC525781,DM ENGINEERING (SCOTLAND) LTD.,active,ltd,2016-02-02,42 Dudhope Crescent Road,,Dundee,DD1 5RR,Scotland,['62090'],DMENGINEERINGSCOTLAND,DD1,DMENGINEERINGSCOTLAND|DD1
SC556774,FIX SCO LTD,active,ltd,2017-02-07,48 West George Street,,Glasgow,G2 1BP,Scotland,['43390'],FIXSCO,G2,FIXSCO|G2
SC519383,INDIGO NAILS LAB LTD,active,ltd,2015-11-03,20 Cathcart Street,,Ayr,KA7 1BJ,Scotland,['47910'],INDIGONAILSLAB,KA7,INDIGONAILSLAB|KA7
SC524433,ARIA COMMERCIAL KITCHENS LTD,active,ltd,2016-01-18,562 Lawmoor Road,Dixon Blazes Industrial Estate,Glasgow,G5 0UG,Scotland,['33190'],ARIACOMMERCIALKITCHENS,G5,ARIACOMMERCIALKITCHENS|G5
SC536676,C GROWTH LTD,active,ltd,2016-05-31,11 Thistle Place,,Aberdeen,AB10 1UZ,Scotland,['70229'],CGROWTH,AB10,CGROWTH|AB10
SC548639,BHAILE CRAFT BAKERY LTD,active,ltd,2016-10-26,10 Inverkar Road,,Ayr,KA7 2JT,Scotland,['10710'],BHAILECRAFTBAKERY,KA7,BHAILECRAFTBAKERY|KA7
SC518463,R A M ELECTRICS LIMITED,active,ltd,2015-10-22,20 Woodburn Street,,Dalkeith,EH22 2EN,Scotland,['74909'],RAMELECTRICS,EH22,RAMELECTRICS|EH22
SC539327,FOSCROT TRAVEL LTD.,active,ltd,2016-07-01,5 South Charlotte Street,,Edinburgh,EH2 4AN,Scotland,"['79110', '79120', '79901', '79909']",FOSCROTTRAVEL,EH2,FOSCROTTRAVEL|EH2
SC547660,STERLCLEAN LTD,active,ltd,2016-10-12,31 Burns Statue Square,,Ayr,KA7 1SU,Scotland,['72110'],STERLCLEAN,KA7,STERLCLEAN|KA7
SC549467,NM RETAILER LTD,active,ltd,2016-11-04,46 46 Cleghorn Street,2l,Dundee,DD2 2NJ,Scotland,['47110'],NMRETAILER,DD2,NMRETAILER|DD2
SC521541,GROUNDWORK51 LIMITED,active,ltd,2015-12-01,2/4 Calder Court Calder Gardens,,Edinburgh,EH11 4JY,Scotland,['43999'],GROUNDWORK51,EH11,GROUNDWORK51|EH11
SC532958,CMS JOINERY LTD,active,ltd,2016-04-18,50 George Street,,Dunoon,PA23 8BW,Scotland,['43320'],CMSJOINERY,PA23,CMSJOINERY|PA23
SC531681,MODAL SHIFT LTD,active,ltd,2016-04-05,31 Iona Street,,Motherwell,ML1 3XJ,Scotland,['49410'],MODALSHIFT,ML1,MODALSHIFT|ML1
SC533387,GOBLIN'S PIT LTD,active,ltd,2016-04-22,272 Bath Street,,Glasgow,G2 4JR,Scotland,"['47650', '56102']",GOBLINSPIT,G2,GOBLINSPIT|G2
SC542017,MIKE HUTTON BUILDING AND JOINERY LTD,active,ltd,2016-08-05,2 Caulderhame Road 2 Caulderhame Road,Currie,Edinburgh,EH14 5TU,Scotland,['82990'],MIKEHUTTONBUILDINGANDJOINERY,EH14,MIKEHUTTONBUILDINGANDJOINERY|EH14
12837157,CORNWALL PARKER LIMITED,active,ltd,2020-08-25,1 Percy Avenue,,Broadstairs,CT10 3LB,England,['59113'],CORNWALLPARKER,CT10,CORNWALLPARKER|CT10
SC541915,SENT TO CLEAN LTD,active,ltd,2016-08-04,77 Lime Street,,Grangemouth,FK3 8LZ,Scotland,['96090'],SENTTOCLEAN,FK3,SENTTOCLEAN|FK3
SC555814,PARKE STONE CONTRACTS LTD,active,ltd,2017-01-27,Crask Cottage,Culbokie,Dingwall,IV7 8JS,Scotland,['43290'],PARKESTONECONTRACTS,IV7,PARKESTONECONTRACTS|IV7
SC524111,BJR FABRICATIONS LTD,active,ltd,2016-01-13,48 Tarfside Oval,Cardonald,Glasgow,G52 3BA,Scotland,['43999'],BJRFABRICATIONS,G52,BJRFABRICATIONS|G52
SC541714,WOMENLINE LTD,active,ltd,2016-08-02,5 Victoria Road,,Kirkcaldy,KY1 1DT,Scotland,['96020'],WOMENLINE,KY1,WOMENLINE|KY1
SC542582,CRAIG BOYD LIMITED,active,ltd,2016-08-12,5 Anstruther Street,Law,Carluke,ML8 5JG,Scotland,['43999'],CRAIGBOYD,ML8,CRAIGBOYD|ML8
SC551541,ABASEEN TRADERS LIMITED,active,ltd,2016-11-30,221 St. Andrews Road,,Glasgow,G41 1PD,,['56103'],ABASEENTRADERS,G41,ABASEENTRADERS|G41
SC543595,DUMBARTON FUNERAL HOME LIMITED,active,ltd,2016-08-24,141 High Street High Street,,Dumbarton,G82 1LE,Scotland,['96030'],DUMBARTONFUNERALHOME,G82,DUMBARTONFUNERALHOME|G82
SC526377,S & C ROOFING AND ROUGHCASTING LTD,active,ltd,2016-02-09,6 Kingswell Avenue,,Kilmarnock,KA3 2EZ,Scotland,['43390'],SANDCROOFINGANDROUGHCASTING,KA3,SANDCROOFINGANDROUGHCASTING|KA3
SC541887,TUIGSE LIMITED,active,ltd,2016-08-04,272 Bath Street,,Glasgow,G2 4JR,Scotland,['59200'],TUIGSE,G2,TUIGSE|G2
SC532695,FUNCTIONAL FITNESS KIDS LIMITED,active,ltd,2016-04-15,48 Brown Street,,Dundee,DD1 5DT,Scotland,['93110'],FUNCTIONALFITNESSKIDS,DD1,FUNCTIONALFITNESSKIDS|DD1
SC533601,GOLIATH VENTURES LTD,active,ltd,2016-04-25,"12 Carron Place, Kelvin Industrial Estate",East Kilbride,Glasgow,G75 0YL,Scotland,['45310'],GOLIATHVENTURES,G75,GOLIATHVENTURES|G75
SC536596,STAN ADRIAN HAULAGE LTD,active,ltd,2016-05-27,8 Gillespie Place,Armadale,Bathgate,EH48 2JT,Scotland,['49410'],STANADRIANHAULAGE,EH48,STANADRIANHAULAGE|EH48
SC554377,WEST END RENOVATIONS LIMITED,active,ltd,2017-01-12,2 1-2 2 Fortingall Avenue,Kelvindale,Glasgow,G12 0LR,United Kingdom,['43390'],WESTENDRENOVATIONS,G12,WESTENDRENOVATIONS|G12
SC526516,A.S.R CONTRACTS LIMITED,active,ltd,2016-02-10,20 Nairn Drive,,Bishopton,PA7 5GE,Scotland,['43390'],ASRCONTRACTS,PA7,ASRCONTRACTS|PA7
SC544249,VIP DUCTING LTD,active,ltd,2016-08-31,3 Lauderdale Place,,Dundee,DD3 9AU,Scotland,['43220'],VIPDUCTING,DD3,VIPDUCTING|DD3
SC515819,SRD CONSTRUCTION LIMITED,active,ltd,2015-09-17,Radleigh House 1 Golf Road,Clarkston,Glasgow,G76 7HU,United Kingdom,['41202'],SRDCONSTRUCTION,G76,SRDCONSTRUCTION|G76
SC552839,GM SPRINKLER INSTALLATION SERVICES LTD,active,ltd,2016-12-16,25 Ballaig Crescent,Stepps,Glasgow,G33 6NR,Scotland,['43390'],GMSPRINKLERINSTALLATION,G33,GMSPRINKLERINSTALLATION|G33
SC527748,CRAIGARD BUSINESS SERVICES LTD,active,ltd,2016-02-24,Craigard Craigard,Main Road,Aberuthven,PH3 1HB,United Kingdom,['70229'],CRAIGARDBUSINESS,PH3,CRAIGARDBUSINESS|PH3
SC528162,SULLY BROTHERS LTD,active,ltd,2016-02-29,331 Paisley Road West,,Glasgow,G51 1LU,Scotland,['56103'],SULLYBROTHERS,G51,SULLYBROTHERS|G51
SC532237,HIRSCH WOLF LTD,active,ltd,2016-04-11,226 Moss Avenue,,Airdrie,ML6 7PX,Scotland,['64110'],HIRSCHWOLF,ML6,HIRSCHWOLF|ML6
SC534235,ALL ABOUT PATISSERIE LTD,active,ltd,2016-05-03,Unit 18 Peffer Business Centre,North Peffer Place,Edinburgh,EH16 4UZ,Scotland,"['46380', '56103']",ALLABOUTPATISSERIE,EH16,ALLABOUTPATISSERIE|EH16
SC538186,JAYMEE LIMITED,active,ltd,2016-06-16,Flat C,9 Gordonville Road,Inverness,IV2 4TE,,['55900'],JAYMEE,IV2,JAYMEE|IV2
SC514011,ZASSICA HAIR & BEAUTY LTD,active,ltd,2015-08-26,14 Moffat Place,,Bonnybridge,FK4 2EX,United Kingdom,['96020'],ZASSICAHAIRANDBEAUTY,FK4,ZASSICAHAIRANDBEAUTY|FK4
SC523698,OSWALD TRADERS LIMITED,active,ltd,2016-01-07,162 Darnley Street,,Glasgow,G41 2LL,Scotland,['56103'],OSWALDTRADERS,G41,OSWALDTRADERS|G41
SC513185,IMPERIAL VENTS LTD,active,ltd,2015-08-17,36 Annette Street,3/1,Glasgow,G42 8EQ,Scotland,['43999'],IMPERIALVENTS,G42,IMPERIALVENTS|G42
SC528258,ACJ JOINERY LTD,active,ltd,2016-03-01,19 Osprey Crescent,,Dunfermline,KY11 8SD,Scotland,['43320'],ACJJOINERY,KY11,ACJJOINERY|KY11
SC544623,RYAN WARD SERVICES LTD,active,ltd,2016-09-05,13 Cara Place,,Perth,PH1 3DW,Scotland,['06200'],RYANWARD,PH1,RYANWARD|PH1
SC529816,OUT OF HOURS BOILER SERVICES LTD,active,ltd,2016-03-16,4 Keirs Crescent,,Patna,KA6 7NY,,['41202'],OUTOFHOURSBOILER,KA6,OUTOFHOURSBOILER|KA6
SC536066,CC INSPECTION LTD,active,ltd,2016-05-24,112 Polwarth Road,,Aberdeen,AB11 8DB,Scotland,['09100'],CCINSPECTION,AB11,CCINSPECTION|AB11
SC536318,INDIAN MANOR 2016 LIMITED,active,ltd,2016-05-25,1 Old Mill Road,Bothwell,Glasgow,G71 8AY,Scotland,['68209'],INDIANMANOR2016,G71,INDIANMANOR2016|G71
SC542809,A RATED ROOFS LTD,active,ltd,2016-08-16,65 Miller Drive Bishopbriggs,,Glasgow,G64 1FB,United Kingdom,['43910'],ARATEDROOFS,G64,ARATEDROOFS|G64
SC520596,HAMILTON CAR SALES ( SERVICE CENTRE ) LIMITED,active,ltd,2015-11-18,"Unit 3, Kpp Chartered Accountants",Rosyth Road,Glasgow,G5 0YE,Scotland,['45112'],HAMILTONCARSALESSERVICECENTRE,G5,HAMILTONCARSALESSERVICECENTRE|G5
SC542792,IMPRINTED CONCRETE SCOTLAND LTD,active,ltd,2016-08-15,51 Yair Drive,,Glasgow,G52 2LE,Scotland,['96090'],IMPRINTEDCONCRETESCOTLAND,G52,IMPRINTEDCONCRETESCOTLAND|G52
SC524133,LET ME EAT TOO LIMITED,active,ltd,2016-01-13,7 Cowgatehead,,Edinburgh,EH1 1JY,Scotland,['56103'],LETMEEATTOO,EH1,LETMEEATTOO|EH1
SC532592,HAZEL EDINBURGH LTD,active,ltd,2016-04-14,41 Argyle Place,,Edinburgh,EH9 1JT,United Kingdom,['56103'],HAZELEDINBURGH,EH9,HAZELEDINBURGH|EH9
SC553829,A1 CABS LTD,active,ltd,2017-01-05,Murieston House,Murieston,Livingston,EH54 9AH,Scotland,['82990'],A1CABS,EH54,A1CABS|EH54
SC555470,VIRIDATUS LIMITED,active,ltd,2017-01-24,Roxstone House,24 Murrayfield Avenue,Edinburgh,EH12 6AX,Scotland,"['20110', '20140', '38320', '72190']",VIRIDATUS,EH12,VIRIDATUS|EH12
SC546143,BLUE LANTERN GLASGOW LIMITED,active,ltd,2016-09-23,4b Lomond Drive,,Dumbarton,G82 3AS,Scotland,['56103'],BLUELANTERNGLASGOW,G82,BLUELANTERNGLASGOW|G82
SC549274,WEBOPTIMIZE LTD,active,ltd,2016-11-02,"8 Easter Garngaber Road, Lenzie Easter Garngaber Road","Lenzie, Kirkintilloch",Glasgow,G66 5JQ,Scotland,['62020'],WEBOPTIMIZE,G66,WEBOPTIMIZE|G66
SC541621,TRINITY HEART LIMITED,active,ltd,2016-08-01,6 Elphinstone Crescent,,Biggar,ML12 6GU,Scotland,"['70229', '74909', '85600', '86900']",TRINITYHEART,ML12,TRINITYHEART|ML12
SC551626,DIVERSE DECORATION LTD,active,ltd,2016-12-01,1a Golden Acre,Johnshaven,Montrose,DD10 0EX,Scotland,['43341'],DIVERSEDECORATION,DD10,DIVERSEDECORATION|DD10
SC530341,JOHNSTONE INNS LTD,active,ltd,2016-03-22,13 High Street,,Johnstone,PA5 8JU,Scotland,['96090'],JOHNSTONEINNS,PA5,JOHNSTONEINNS|PA5
SC530748,CITY HARBOUR LIMITED,active,ltd,2016-03-29,Unit 3/4  City Quay,Camperdown Street,Dundee,DD1 3JA,Scotland,['56101'],CITYHARBOUR,DD1,CITYHARBOUR|DD1
SC534626,A H GROUNDWORKS (HAMILTON) LTD,active,ltd,2016-05-05,21 Dukes Place,,Hamilton,ML3 7TA,United Kingdom,['41201'],AHGROUNDWORKSHAMILTON,ML3,AHGROUNDWORKSHAMILTON|ML3
SC513928,WALL FINISHES LTD,active,ltd,2015-08-25,43 Station Brae Gardens,Dreghorn,Irvine,KA11 4FB,Scotland,"['43310', '43341']",WALLFINISHES,KA11,WALLFINISHES|KA11
SC540023,8 BALL POOL HALL LTD,active,ltd,2016-07-11,58 Long Lane,Broughty Ferry,Dundee,DD5 1HH,Scotland,['56301'],8BALLPOOLHALL,DD5,8BALLPOOLHALL|DD5
10770880,W F ELECTRICAL SOLUTIONS LIMITED,active,ltd,2017-05-15,Flat K,5 Gloucester Street,London,SW1V 2DB,England,['43210'],WFELECTRICALSOLUTIONS,SW1V,WFELECTRICALSOLUTIONS|SW1V
SC536092,LIVE LOVE CRAFT LIMITED,active,ltd,2016-05-24,Alderburn,Arthrath,Ellon,AB41 8YP,Scotland,['90040'],LIVELOVECRAFT,AB41,LIVELOVECRAFT|AB41
SC526204,A-Z ESHOP LTD,active,ltd,2016-02-08,15 Scotland Street,2nd Floor,Glasgow,G5 8NB,Scotland,['47910'],AZESHOP,G5,AZESHOP|G5
SC542396,LETTUCE EAT (GLASGOW) LIMITED,active,ltd,2016-08-10,361 Argyle Street,,Glasgow,G2 8LT,Scotland,['56103'],LETTUCEEATGLASGOW,G2,LETTUCEEATGLASGOW|G2
SC547366,QUARRY FOODS LIMITED,active,ltd,2016-10-10,West Regent Accountants & Co Ltd Caledonian Suite,70 West Regent Street,Glasgow,G2 2QZ,Scotland,['82990'],QUARRYFOODS,G2,QUARRYFOODS|G2
SC555821,KABABS 4U LTD,active,ltd,2017-01-27,Unit 2 6 South Muirhead Road,Cumbernauld,Glasgow,G67 1AX,Scotland,['56103'],KABABS4U,G67,KABABS4U|G67
09476961,DBM (WB) LTD,active,ltd,2015-03-09,Ace House,22 Chester Road,Sutton Coldfield,B73 5DA,England,['99999'],DBMWB,B73,DBMWB|B73
SC551568,C ENNIS UTILITIES LIMITED,active,ltd,2016-12-01,15 South Elgin Street,,Clydebank,G81 1PL,Scotland,['43999'],CENNISUTILITIES,G81,CENNISUTILITIES|G81
SC516103,ATF TRADING LIMITED,active,ltd,2015-09-22,5 Allison Street,,Glasgow,G42 8NP,Scotland,['47910'],ATFTRADING,G42,ATFTRADING|G42
SC514913,CREATIVE KITCHEN SOLUTIONS LIMITED,active,ltd,2015-09-07,"Radleigh House, 1 Golf Road",Clarkston,Glasgow,G76 7HU,Scotland,['31020'],CREATIVEKITCHENSOLUTIONS,G76,CREATIVEKITCHENSOLUTIONS|G76
SC552275,KILMACOLM HAULAGE LTD,active,ltd,2016-12-09,Flat 2/2 15 Balmartin Road,,Glasgow,G23 5DU,Scotland,['82990'],KILMACOLMHAULAGE,G23,KILMACOLMHAULAGE|G23
SC556710,COMMERCIAL VEHICLE SOLUTIONS (DUNDEE) LIMITED,active,ltd,2017-02-06,6 Cumnock Place,,Dundee,DD4 8BF,United Kingdom,['45190'],COMMERCIALVEHICLESOLUTIONSDUNDEE,DD4,COMMERCIALVEHICLESOLUTIONSDUNDEE|DD4
SC529835,MITCH MURRAY & BLAKE LTD,active,ltd,2016-03-16,20 Potassels Road Muirhead,,Glasgow,G69 9EN,Scotland,['70229'],MITCHMURRAYANDBLAKE,G69,MITCHMURRAYANDBLAKE|G69
SC555304,AVITEC ENGINEERING LIMITED,active,ltd,2017-01-23,1 Alder Green,,Irvine,KA11 1LB,Scotland,"['33160', '33170']",AVITECENGINEERING,KA11,AVITECENGINEERING|KA11
SC556461,ST SPICE LIMITED,active,ltd,2017-02-03,66 Portobello High Street,,Edinburgh,EH15 1AN,Scotland,['56103'],STSPICE,EH15,STSPICE|EH15
SC542874,EDIT ON THE GO LTD,active,ltd,2016-08-16,36 Farm Court Bothwell,,Glasgow,G71 8BU,Scotland,['60200'],EDITONTHEGO,G71,EDITONTHEGO|G71
SC547331,MAN WITH VAN LTD,active,ltd,2016-10-10,117 Sutherland Way,,Livingston,EH54 8HY,Scotland,['82990'],MANWITHVAN,EH54,MANWITHVAN|EH54
SC542545,CONNECTED LEISURE LIMITED,active,ltd,2016-08-11,1 Royal Exchange Court,85b/C Queen Street,Glasgow,G1 3DB,Scotland,['56301'],CONNECTEDLEISURE,G1,CONNECTEDLEISURE|G1
SC542733,REEM GLEAM CLEANING LIMITED,active,ltd,2016-08-15,9 Paisley Road,,Renfrew,PA4 8JH,Scotland,['96090'],REEMGLEAMCLEANING,PA4,REEMGLEAMCLEANING|PA4
SC550694,LA TOSCANA LIMITED,active,ltd,2016-11-21,Suite 341 4th Floor 93 Hope Street,,Glasgow,G2 6LD,Scotland,['56101'],LATOSCANA,G2,LATOSCANA|G2
SC526136,OMEGA CLEANING SOLUTIONS LTD,active,ltd,2016-02-05,Westend Bookkeeping 227 Sauchiehall Street,,Glasgow,G2 3EX,Scotland,['96090'],OMEGACLEANINGSOLUTIONS,G2,OMEGACLEANINGSOLUTIONS|G2
SC555080,AMEERA LIMITED,active,ltd,2017-01-19,165 Brook Street,Broughty Ferry,Dundee,DD5 1DJ,,['56103'],AMEERA,DD5,AMEERA|DD5
SC555214,R & A JOINERY LIMITED,active,ltd,2017-01-23,42 Dudhope Crescent Road,,Dundee,DD1 5RR,Scotland,['43320'],RANDAJOINERY,DD1,RANDAJOINERY|DD1
SC517821,CINDYSTEA LIMITED,active,ltd,2015-10-13,31 Wilderhaugh,,Galashiels,TD1 1PW,Scotland,['10831'],CINDYSTEA,TD1,CINDYSTEA|TD1
SC538991,MANSFIELD CONSTRUCTION LIMITED,active,ltd,2016-06-27,22 Eaglesham Court 22 Eaglesham Court,,East Kilbride,G75 8GS,Scotland,['41202'],MANSFIELDCONSTRUCTION,G75,MANSFIELDCONSTRUCTION|G75
SC551477,BUBBLES EDINBURGH LTD,active,ltd,2016-11-30,67b Salamander Street,,Edinburgh,EH6 7JZ,Scotland,['96090'],BUBBLESEDINBURGH,EH6,BUBBLESEDINBURGH|EH6
SC515827,S A LOAD HAULAGE LIMITED,active,ltd,2015-09-17,9 Muir Close,,Stewarton,KA3 3HG,Scotland,['49410'],SALOADHAULAGE,KA3,SALOADHAULAGE|KA3
SC525081,ELSTONGREEN LTD,active,ltd,2016-01-25,Thistle House 2nd Floor,24 Thistle Street,Aberdeen,AB10 1XD,Scotland,['82990'],ELSTONGREEN,AB10,ELSTONGREEN|AB10
SC551559,CALEDONIA CONSTRUCTION DUMFRIES LTD.,active,ltd,2016-12-01,1 Mill View Shieldhill,Lochmaben,Lockerbie,DG11 1SJ,Scotland,"['41100', '43120']",CALEDONIACONSTRUCTIONDUMFRIES,DG11,CALEDONIACONSTRUCTIONDUMFRIES|DG11
SC525841,UV SOLUTIONS LTD,active,ltd,2016-02-03,9 Hawthorn Avenue,Lenzie,Glasgow,G66 4RA,,['62020'],UVSOLUTIONS,G66,UVSOLUTIONS|G66
SC549380,ABRUCE POWER LTD,active,ltd,2016-11-03,167 Turnhill Drive,Erskine,Erskine,PA8 7EY,Scotland,['43210'],ABRUCEPOWER,PA8,ABRUCEPOWER|PA8
SC556158,FUNKY FLOWER JEWELLERY LIMITED,active,ltd,2017-01-31,"Transport House Unit 3,",Argyll Ave,Renfrew,PA4 9EB,Scotland,['46480'],FUNKYFLOWERJEWELLERY,PA4,FUNKYFLOWERJEWELLERY|PA4
SC532560,MK FIRE PROTECTION ENGINEERS LTD,active,ltd,2016-04-13,Suite 341 4th Floor 93 Hope Street,,Glasgow,G2 6LD,Scotland,['43210'],MKFIREPROTECTIONENGINEERS,G2,MKFIREPROTECTIONENGINEERS|G2
SC554890,DT PLASTERING SERVICES LTD,active,ltd,2017-01-18,50 Captains Drive,,Edinburgh,EH16 6QJ,Scotland,['43310'],DTPLASTERING,EH16,DTPLASTERING|EH16
SC525453,CALLANDER SCREW IT LIMITED,active,ltd,2016-01-29,42 High Street,,Paisley,PA1 2DQ,Scotland,['47620'],CALLANDERSCREWIT,PA1,CALLANDERSCREWIT|PA1
SC540537,ARDLER VILLAGE (DUNDEE) LIMITED,active,ltd,2016-07-18,165 Brook Street,Broughty Ferry,Dundee,DD5 1DJ,,['56103'],ARDLERVILLAGEDUNDEE,DD5,ARDLERVILLAGEDUNDEE|DD5
SC542751,STEEL MARINE ENGINEERING SOLUTIONS LIMITED,active,ltd,2016-08-15,Flat 0/1 39 Blawarthill Street,,Glasgow,G14 0HJ,Scotland,"['25110', '33150']",STEELMARINEENGINEERINGSOLUTIONS,G14,STEELMARINEENGINEERINGSOLUTIONS|G14
SC551577,MCALLISTER TRANSPORT LTD,active,ltd,2016-12-01,Millback House,14 Lugar Street,Cumnock,KA18 1AB,Scotland,['49410'],MCALLISTERTRANSPORT,KA18,MCALLISTERTRANSPORT|KA18
SC553485,A D GILLESPIE LIMITED,active,ltd,2016-12-29,939 Dumbarton Road,,Clydebank,G81 4LA,United Kingdom,"['43320', '43390']",ADGILLESPIE,G81,ADGILLESPIE|G81
SC531037,CAITHNESS BISCUITS LIMITED,active,ltd,2016-03-30,Robertson House,Shore Street,Inverness,IV1 1NF,Scotland,['10720'],CAITHNESSBISCUITS,IV1,CAITHNESSBISCUITS|IV1
SC513916,EVERGREEN NA LTD,active,ltd,2015-08-25,301 Leith Walk,,Edinburgh,EH6 8SA,Scotland,['56101'],EVERGREENNA,EH6,EVERGREENNA|EH6
SC536914,WIGHTMAN MARKETING LTD,active,ltd,2016-06-01,C/O Horizon Ca 11,Somerset Place,Glasgow,G3 7JT,Scotland,['96090'],WIGHTMANMARKETING,G3,WIGHTMANMARKETING|G3
SC542218,VELOCITY LINES LIMITED,active,ltd,2016-08-08,81 Quarry Street,,Hamilton,ML3 7AG,Scotland,"['46770', '47421', '82990']",VELOCITYLINES,ML3,VELOCITYLINES|ML3
SC543415,MAJESTIC DECOR LIMITED,active,ltd,2016-08-22,3a Langside Road,Bothwell,Glasgow,G71 8NG,Scotland,['56210'],MAJESTICDECOR,G71,MAJESTICDECOR|G71
SC542968,AC OIL CONSULTING LTD,active,ltd,2016-08-17,27 West Windygoul Gardens,,Tranent,EH33 2LB,Scotland,['09100'],ACOILCONSULTING,EH33,ACOILCONSULTING|EH33
SC534856,CREATIVE BLINDS SCOTLAND LTD,active,ltd,2016-05-09,Unit 3 1987 Maryhill Road,,Glasgow,G20 0BT,,['47990'],CREATIVEBLINDSSCOTLAND,G20,CREATIVEBLINDSSCOTLAND|G20
SC554132,KHAN123 LTD,active,ltd,2017-01-10,99 Comiston Road,,Edinburgh,EH10 6AG,Scotland,['56103'],KHAN123,EH10,KHAN123|EH10
SC531889,AMG ENERGY LTD,active,ltd,2016-04-06,34 Boghead Road,,Dumbarton,G82 2HP,United Kingdom,['71129'],AMGENERGY,G82,AMGENERGY|G82
SC530016,WIRE IN ELECTRICAL SERVICES LIMITED,active,ltd,2016-03-17,69 Nethan Avenue,,Wishaw,ML2 0BG,Scotland,['43210'],WIREINELECTRICAL,ML2,WIREINELECTRICAL|ML2
SC545451,EASY LET GLASGOW LIMITED,active,ltd,2016-09-15,53-55 Glasgow Road,,Paisley,PA1 3AF,Scotland,['68209'],EASYLETGLASGOW,PA1,EASYLETGLASGOW|PA1
SC535484,WEST END COMMUNICATIONS LTD,active,ltd,2016-05-16,65a Berkeley Street,,Glasgow,G3 7DX,Scotland,['47421'],WESTENDCOMMUNICATIONS,G3,WESTENDCOMMUNICATIONS|G3
SC548393,KITCHEN DESIGN GLASGOW LIMITED,active,ltd,2016-10-24,2 1-2 2 Fortingall Avenue,,Glasgow,G12 0LR,United Kingdom,['43320'],KITCHENDESIGNGLASGOW,G12,KITCHENDESIGNGLASGOW|G12
00515410,B.L.MITCHAM & SON LIMITED,active,ltd,1953-01-23,Shrubbery Farm The Green,Hessett,Bury St. Edmunds,IP30 9BE,,['01110'],BLMITCHAMANDSON,IP30,BLMITCHAMANDSON|IP30
SC550899,SPECTRUM DATA LIMITED,active,ltd,2016-11-22,Barley Mill House West Saltoun,Pencaitland,Tranent,EH34 5EP,Scotland,['61200'],SPECTRUMDATA,EH34,SPECTRUMDATA|EH34
SC552777,RAJAJEE LTD,active,ltd,2016-12-16,346 Gorgie Road,,Edinburgh,EH11 2QU,Scotland,['56103'],RAJAJEE,EH11,RAJAJEE|EH11
SC551780,NTG LIMITED,active,ltd,2016-12-05,17 Troon Troon Terrace,,Dundee,DD2 3FX,Scotland,"['41100', '41201', '42110', '42120']",NTG,DD2,NTG|DD2
04572230,FISHER MAYBRIDGE HOLDINGS LIMITED,active,ltd,2002-10-24,"3rd Floor, 1 Ashley Road",,Altrincham,WA14 2DT,,['70100'],FISHERMAYBRIDGE,WA14,FISHERMAYBRIDGE|WA14
05720712,BRYDEN COTTAGES MANAGEMENT LIMITED,active,ltd,2006-02-24,4 Ardross Avenue,,Northwood,HA6 3DS,England,['68209'],BRYDENCOTTAGESMANAGEMENT,HA6,BRYDENCOTTAGESMANAGEMENT|HA6
12586126,L PRIMERO LTD,active,ltd,2020-05-05,7 First Floor Front Flat,Caledonia Place,Bristol,BS8 4DH,United Kingdom,['47990'],LPRIMERO,BS8,LPRIMERO|BS8
SC104963,MD DIRECTORS LIMITED,active,ltd,1987-06-03,Pinsent Masons Llp,13 Queen's Road,Aberdeen,AB15 4YL,,['74990'],MDDIRECTORS,AB15,MDDIRECTORS|AB15
10773962,CREED HEALTHCARE LTD,active,ltd,2017-05-16,Business Hq,15 Oak Street,Nottingham,NG5 2AT,England,"['87100', '87200', '87300', '88990']",CREEDHEALTHCARE,NG5,CREEDHEALTHCARE|NG5
09556974,HAQUE MEDICARE LTD,active,ltd,2015-04-23,11 Portland Road Edgbaston,,Birmingham,B16 9HN,England,['86900'],HAQUEMEDICARE,B16,HAQUEMEDICARE|B16
07616589,KILTUIR BUILDING SERVICES LTD,active,ltd,2011-04-27,C/O Archer Associates Churchill House,120 Bunns Lane,London,NW7 2AS,United Kingdom,['43999'],KILTUIRBUILDING,NW7,KILTUIRBUILDING|NW7
05646300,D & S KITCHENS LIMITED,active,ltd,2005-12-06,794 High Street,,Kingswinford,DY6 8BQ,,['43290'],DANDSKITCHENS,DY6,DANDSKITCHENS|DY6
10724496,ARCHICOSMOS LTD,active,ltd,2017-04-13,"Office 408, Screenworks 22 Highbury Grove",,London,N5 2ER,United Kingdom,['74100'],ARCHICOSMOS,N5,ARCHICOSMOS|N5
SC418611,SCOTMID PENSION IP LIMITED,active,ltd,2012-03-05,Hillwood House 2 Harvest Drive,Newbridge,Edinburgh,EH28 8QJ,,['99999'],SCOTMIDPENSIONIP,EH28,SCOTMIDPENSIONIP|EH28
05734062,WIN TAI PRINTING (UK) LTD,active,ltd,2006-03-08,Cc Cheerful Links Ltd Unit 1,276 Victoria Road,Stoke-On-Trent,ST4 2HS,England,['18129'],WINTAIPRINTINGUK,ST4,WINTAIPRINTINGUK|ST4
06889801,MSS ACCOUNTANCY SERVICES LTD,active,ltd,2009-04-28,341 Garratt Lane,,London,SW18 4DX,England,['69201'],MSSACCOUNTANCY,SW18,MSSACCOUNTANCY|SW18
07208574,DIRECT WHOLESALE AND INVESTMENT GROUP LIMITED,active,ltd,2010-03-30,Ace House,22 Chester Road,Sutton Coldfield,B73 5DA,England,"['46320', '46390', '46900']",DIRECTWHOLESALEANDINVESTMENT,B73,DIRECTWHOLESALEANDINVESTMENT|B73
09524931,CASPAR'S NEWS LTD,active,ltd,2015-04-02,71-75 Shelton Street,,London,WC2H 9JQ,United Kingdom,['47990'],CASPARSNEWS,WC2H,CASPARSNEWS|WC2H
07215961,EEAG LIMITED,active,ltd,2010-04-07,1 Royal Exchange,,London,EC3V 3DG,United Kingdom,"['72190', '82990']",EEAG,EC3V,EEAG|EC3V
05433200,ECLIPSE MANAGEMENT LIMITED,active,ltd,2005-04-22,6 Downing Drive,Great Barton,Bury St. Edmunds,IP31 2RP,England,['43341'],ECLIPSEMANAGEMENT,IP31,ECLIPSEMANAGEMENT|IP31
02554589,ROMNEY RESIDENTS MANAGEMENT COMPANY LIMITED,active,ltd,1990-11-02,Romney House,19 Gloucester Street,Faringdon,SN7 7JA,England,['68209'],ROMNEYRESIDENTSMANAGEMENTCOMPANY,SN7,ROMNEYRESIDENTSMANAGEMENTCOMPANY|SN7
07233858,J.L.B & PARTNER LTD,active,ltd,2010-04-23,The Wheelhouse The Green,Scriven,Knaresborough,HG5 9EA,England,['70229'],JLBANDPARTNER,HG5,JLBANDPARTNER|HG5
02991776,KOREA INVESTMENT & SECURITIES EUROPE LTD.,active,ltd,1994-11-14,The Old Rectory,29 Martin Lane,London,EC4R 0DJ,England,['64999'],KOREAINVESTMENTANDSECURITIESEUROPE,EC4R,KOREAINVESTMENTANDSECURITIESEUROPE|EC4R
03284153,CAC LIMITED,active,ltd,1996-11-26,"3rd Floor, 1 Ashley Road",,Altrincham,WA14 2DT,,['74990'],CAC,WA14,CAC|WA14
10752115,PB BUSINESS SOLUTIONS LTD,active,ltd,2017-05-03,21 Brackenwood Brackenwood,Orton Wistow,Peterborough,PE2 6YP,United Kingdom,['82990'],PBBUSINESSSOLUTIONS,PE2,PBBUSINESSSOLUTIONS|PE2
12221850,DHAMI & CO LTD,active,ltd,2019-09-23,133 High Street,,Redcar,TS10 3DQ,England,['47190'],DHAMIANDCO,TS10,DHAMIANDCO|TS10
01803460,MICROSS COMPONENTS LIMITED,active,ltd,1984-03-27,2 Hellesdon Park Road,Drayton High Road,Norwich,NR6 5DR,,['26110'],MICROSSCOMPONENTS,NR6,MICROSSCOMPONENTS|NR6
08043260,WE WANT ANY PROPERTY LTD,active,ltd,2012-04-24,11 Portland Road,Edgbaston,Birmingham,B16 9HN,,['99999'],WEWANTANYPROPERTY,B16,WEWANTANYPROPERTY|B16
10893221,PINCOTT PROPERTIES LIMITED,active,ltd,2017-08-01,The Castle 58 Lower Way,Great Brickhill,Milton Keynes,MK17 9AG,United Kingdom,['68100'],PINCOTTPROPERTIES,MK17,PINCOTTPROPERTIES|MK17
08451384,LSEG REGULATORY REPORTING LIMITED,active,ltd,2013-03-19,10 Paternoster Square,,London,EC4M 7LS,United Kingdom,['63990'],LSEGREGULATORYREPORTING,EC4M,LSEGREGULATORYREPORTING|EC4M
11994773,42-44 SOUTHCROFT ROAD LIMITED,active,ltd,2019-05-14,23a Lampard Grove,,London,N16 6XA,United Kingdom,['98000'],4244SOUTHCROFTROAD,N16,4244SOUTHCROFTROAD|N16
04760877,JOHN BEATTY PHOTOGRAPHY LIMITED,active,ltd,2003-05-12,The Old Workshop,1 Ecclesall Road South,Sheffield,S11 9PA,,['74201'],JOHNBEATTYPHOTOGRAPHY,S11,JOHNBEATTYPHOTOGRAPHY|S11
12558100,HCH EVENTS LTD,active,ltd,2020-04-15,Jasmine Cottage Miss Graces Lane,Tidenham Chase,Chepstow,NP16 7JR,Wales,['73110'],HCHEVENTS,NP16,HCHEVENTS|NP16
04191008,OXLOT LIMITED,active,ltd,2001-03-30,"Chilton Croft, Hinton Waldrist",Faringdon,Oxfordshire,SN7 8SE,,"['70229', '74909']",OXLOT,SN7,OXLOT|SN7
10125810,LONDON CIRCUITS LTD,active,ltd,2016-04-14,315 Wrotham Road,Istead Rise,Gravesend,DA13 9JH,England,['43210'],LONDONCIRCUITS,DA13,LONDONCIRCUITS|DA13
12100317,WHITE ROSE HEALTHCARE INVESTMENT LTD,active,ltd,2019-07-12,Unit 6d Ravensthorpe Retail Park,Huddersfield Road,Dewsbury,WF13 3HN,England,['47730'],WHITEROSEHEALTHCAREINVESTMENT,WF13,WHITEROSEHEALTHCAREINVESTMENT|WF13
11439185,SOPHIE KARL PRODUCTION LTD,active,ltd,2018-06-28,230 Shirley Road,,Southampton,SO15 3HR,England,['59113'],SOPHIEKARLPRODUCTION,SO15,SOPHIEKARLPRODUCTION|SO15
09382629,M2C1 LIMITED,active,ltd,2015-01-12,1 Derwent Business Centre,Clarke Street,Derby,DE1 2BU,,['59120'],M2C1,DE1,M2C1|DE1
10746962,PELLS ASSOCIATES LTD,active,ltd,2017-04-28,64 High Street,,Belper,DE56 1GF,England,['91040'],PELLSASSOCIATES,DE56,PELLSASSOCIATES|DE56
11360857,MURPHY'S AUTOMOTIVE ENGINEERING LTD,active,ltd,2018-05-14,18 Throxenby Way,Clayton,Bradford,BD14 6EU,United Kingdom,['45200'],MURPHYSAUTOMOTIVEENGINEERING,BD14,MURPHYSAUTOMOTIVEENGINEERING|BD14
02591224,URBANCOURT LIMITED,active,ltd,1991-03-13,Peter Williams & Co Latham Park,St. Blazey Road,Par,PL24 2HY,England,['68209'],URBANCOURT,PL24,URBANCOURT|PL24
04121817,NEVILLE UK PLC,active,plc,2000-12-08,Viking Way Unit 6,Erith,Kent,DA8 1EW,,['46760'],NEVILLE,DA8,NEVILLE|DA8
08499563,LONGFIELD ROAD (TRING) MANAGEMENT COMPANY LIMITED,active,ltd,2013-04-23,82a Longfield Road,,Tring,HP23 4DF,United Kingdom,['98000'],LONGFIELDROADTRINGMANAGEMENTCOMPANY,HP23,LONGFIELDROADTRINGMANAGEMENTCOMPANY|HP23
08024948,VCMPUBLICATIONS.CO.UK LIMITED,active,ltd,2012-04-11,5 Hillcote Close,Fulwood,Sheffield,S10 3PT,,['59200'],VCMPUBLICATIONSCO,S10,VCMPUBLICATIONSCO|S10
07301177,BOWMEOWS LIMITED,active,ltd,2010-07-01,8a Hill Hook Road,,Sutton Coldfield,B74 4EF,England,['47910'],BOWMEOWS,B74,BOWMEOWS|B74
01088052,CORFU VILLAS LIMITED,active,ltd,1972-12-21,96 Great Suffolk Street,,London,SE1 0BE,England,['79120'],CORFUVILLAS,SE1,CORFUVILLAS|SE1
09290044,FIDUCIAM GLOBAL LIMITED,active,ltd,2014-10-31,"Gable House, 134 Blackpond Lane Farnham Common",Slough,United Kingdom,SL2 3EN,United Kingdom,['70229'],FIDUCIAMGLOBAL,SL2,FIDUCIAMGLOBAL|SL2
12707794,AUSTIN WILKINSON PROPERTY LIMITED,active,ltd,2020-06-30,Unit 10 Austin Park Coal Pit Lane,Atherton,Manchester,M46 0FY,England,"['52219', '74990']",AUSTINWILKINSONPROPERTY,M46,AUSTINWILKINSONPROPERTY|M46
12882392,POTT CANDLES LTD,active,ltd,2020-09-16,234 Starkholmes Road,Starkholmes,Matlock,DE4 5JE,England,['32990'],POTTCANDLES,DE4,POTTCANDLES|DE4
11811784,BRAMWOOD MANAGEMENT COMPANY LIMITED,active,ltd,2019-02-07,Wivenhoe Hall Folly High Street,Wivenhoe,Colchester,CO7 9AF,England,['68209'],BRAMWOODMANAGEMENTCOMPANY,CO7,BRAMWOODMANAGEMENTCOMPANY|CO7
08814008,VP RECRUITMENT LTD,active,ltd,2013-12-13,Owlscombe,Bickington,Newton Abbot,TQ12 6LB,England,['78109'],VPRECRUITMENT,TQ12,VPRECRUITMENT|TQ12
06811044,BRITISH MIDDLE EAST CORPORATION LIMITED,active,ltd,2009-02-05,204 Field End Road,Eastcote,Pinner,HA5 1RD,England,"['46120', '46140', '46711', '82990']",BRITISHMIDDLEEASTCORPORATION,HA5,BRITISHMIDDLEEASTCORPORATION|HA5
12329172,FASTPAY UMBRELLA LTD,active,ltd,2019-11-22,12329172 - COMPANIES HOUSE DEFAULT ADDRESS,,Cardiff,CF14 8LH,,['78200'],FASTPAYUMBRELLA,CF14,FASTPAYUMBRELLA|CF14
11996770,HABITO MORTGAGE FUNDING NO.1 LIMITED,active,ltd,2019-05-15,10th Floor 5 Churchill Place,,London,E14 5HU,England,"['64922', '64999']",HABITOMORTGAGEFUNDINGNO1,E14,HABITOMORTGAGEFUNDINGNO1|E14
03678568,URS EUROPE LIMITED,active,ltd,1998-12-03,Aldgate Tower,2 Leman Street,London,E1 8FA,United Kingdom,['70100'],URSEUROPE,E1,URSEUROPE|E1
12006800,MARCINEX LOGISTICS LTD,active,ltd,2019-05-20,32 Summerlands Grove,,Bradford,BD5 8QX,England,['49410'],MARCINEXLOGISTICS,BD5,MARCINEXLOGISTICS|BD5
11429839,GAPELESS LTD,active,ltd,2018-06-22,3 Chester Street,,Wolverhampton,WV6 0PY,England,['47710'],GAPELESS,WV6,GAPELESS|WV6
01352015,T L MASON & SONS (PROPERTY) LIMITED,active,ltd,1978-02-07,166 College Road,,Harrow,HA1 1BH,United Kingdom,['68209'],TLMASONANDSONSPROPERTY,HA1,TLMASONANDSONSPROPERTY|HA1
07766262,JONATHAN VINING LIMITED,active,ltd,2011-09-07,Elfed House Oak Tree Court,Cardiff Gate Business Park,Cardiff,CF23 8RS,,['99999'],JONATHANVINING,CF23,JONATHANVINING|CF23
12115737,BRISTOWE FIRE LTD,active,ltd,2019-07-22,26 Mayfair Gardens,,Southampton,SO15 2TW,England,['84250'],BRISTOWEFIRE,SO15,BRISTOWEFIRE|SO15
07246801,DIFFERENT PLANET TRAVEL LIMITED,active,ltd,2010-05-07,8 Hemmells,,Basildon,SS15 6ED,England,['79110'],DIFFERENTPLANETTRAVEL,SS15,DIFFERENTPLANETTRAVEL|SS15
04210091,RJH MORRISFLEX HOLDINGS LIMITED,active,ltd,2001-05-02,Artillery Street,Heckmondwike,West Yorkshire,WF16 0NR,,['70100'],RJHMORRISFLEX,WF16,RJHMORRISFLEX|WF16
09004099,ARTYPO LIMITED,active,ltd,2014-04-22,"Linen Hall, Room 252-254 162-168 Regent Street",,London,W1B 5TB,United Kingdom,"['70229', '90040']",ARTYPO,W1B,ARTYPO|W1B
SC426683,CORPORATE FALCONRY SERVICES LTD,active,ltd,2012-06-21,Olcotte Behind The Old School,Tullibardine,Auchterarder,PH3 1JU,Scotland,['01490'],CORPORATEFALCONRY,PH3,CORPORATEFALCONRY|PH3
SC397572,MACDONALD BUILDERS LTD,active,ltd,2011-04-12,Unit 1 2 Wilson Street,,Hamilton,ML3 0NH,,"['41202', '43320']",MACDONALDBUILDERS,ML3,MACDONALDBUILDERS|ML3
SC393122,BEAR RIVER LIMITED,active,ltd,2011-02-08,76 Hamilton Road,,Motherwell,ML1 3BY,Scotland,['56103'],BEARRIVER,ML1,BEARRIVER|ML1
SC426494,D P M G LTD,active,ltd,2012-06-19,121 Barfillan Drive,Craigton Iindustrial Estate,Glasgow,G52 1BD,Scotland,"['43390', '74909']",DPMG,G52,DPMG|G52
SC429101,OT FIRE SPRINKLER SYSTEMS LIMITED,active,ltd,2012-07-26,4th Floor 115 George Street,,Edinburgh,EH2 4JN,,['82990'],OTFIRESPRINKLERSYSTEMS,EH2,OTFIRESPRINKLERSYSTEMS|EH2
SC414965,TWIG (BATHGATE) LIMITED,active,ltd,2012-01-19,Cowan & Partners 60 Constitution Street,Leith,Edinburgh,EH6 6RR,,['56301'],TWIGBATHGATE,EH6,TWIGBATHGATE|EH6
SC419947,ART-B LIMITED,active,ltd,2012-03-20,104d Fintryside,,Dundee,DD4 9ER,Scotland,"['46900', '81210']",ARTB,DD4,ARTB|DD4
SC368550,HEALTHCARE EUROPE (SCOTLAND) LIMITED,active,ltd,2009-11-16,15 Camperdown Street,Broughty Ferry,Dundee,DD5 3AA,,['86900'],HEALTHCAREEUROPESCOTLAND,DD5,HEALTHCAREEUROPESCOTLAND|DD5
SC429753,PREMIER INVESTMENTS (EUROPE) LTD,active,ltd,2012-08-06,201 Bath Street,,Glasgow,G2 4HZ,Scotland,['68100'],PREMIERINVESTMENTSEUROPE,G2,PREMIERINVESTMENTSEUROPE|G2
SC386356,WHITELAW ELECTRICAL SERVICES LIMITED,active,ltd,2010-10-01,28 Linndale Oval,Castlemilk,Glasgow,G45 9QT,,['43210'],WHITELAWELECTRICAL,G45,WHITELAWELECTRICAL|G45
SC114687,CROSSMATCH RECRUITMENT LIMITED,active,ltd,1988-11-24,C/O Rel Group Ltd Block 15,Dubbs Road,Port Glasgow,PA14 5LG,Scotland,"['78109', '78200']",CROSSMATCHRECRUITMENT,PA14,CROSSMATCHRECRUITMENT|PA14
SC339515,GP JOINERS (SCOTLAND) LTD.,active,ltd,2008-03-13,293 Glasgow Road,Dumbarton,West Dunbartonshire,G82 1EF,,['43320'],GPJOINERSSCOTLAND,G82,GPJOINERSSCOTLAND|G82
SC411909,RAYCLEAN ABERDEEN LIMITED,active,ltd,2011-11-24,53 Hilton Street,,Aberdeen,AB24 4QR,,['96090'],RAYCLEANABERDEEN,AB24,RAYCLEANABERDEEN|AB24
SC419277,AWL COURIERS LTD.,active,ltd,2012-03-13,5 Gilchrist Way,,Wishaw,ML2 8JX,Scotland,['53201'],AWLCOURIERS,ML2,AWLCOURIERS|ML2
SC358798,ELITE TIMBER FRAME LTD.,active,ltd,2009-04-28,18b Queen's Drive,California,Falkirk,FK1 2BU,Scotland,['41202'],ELITETIMBERFRAME,FK1,ELITETIMBERFRAME|FK1
SC274216,SWIMWELL (SCOTLAND) LTD.,active,ltd,2004-10-05,West Wing Room 3,Prestongrange House,Prestonpans,EH32 9RP,Scotland,['96040'],SWIMWELLSCOTLAND,EH32,SWIMWELLSCOTLAND|EH32
SC418416,RABC CLOCK TRADING LIMITED,active,ltd,2012-03-02,1 Main Street,Clarkston,Glasgow,G76 8DS,Scotland,['56302'],RABCCLOCKTRADING,G76,RABCCLOCKTRADING|G76
SC211966,EXTREME NUTRITION LIMITED,active,ltd,2000-10-13,15a West End,,West Calder,EH55 8EH,,['47190'],EXTREMENUTRITION,EH55,EXTREMENUTRITION|EH55
SC275515,WRIGHT STREET CONVENIENCE STORE LIMITED,active,ltd,2004-11-02,3 Wright Street,Renfrew,,PA4 8BJ,,"['47110', '53100']",WRIGHTSTREETCONVENIENCESTORE,PA4,WRIGHTSTREETCONVENIENCESTORE|PA4
SC362628,ALEX HADDOW JOINERS LIMITED,active,ltd,2009-07-14,10 Curling Knowe,,Crossgates,KY4 8AX,,['43320'],ALEXHADDOWJOINERS,KY4,ALEXHADDOWJOINERS|KY4
SC358587,ANNIESLAND BUILDERS LIMITED,active,ltd,2009-04-23,136 Athelstane Road,,Glasgow,G13 3QY,,['43290'],ANNIESLANDBUILDERS,G13,ANNIESLANDBUILDERS|G13
SC428306,BBQ HUT LTD,active,ltd,2012-07-13,21 Scotland Street,,Glasgow,G5 8NB,Scotland,['56103'],BBQHUT,G5,BBQHUT|G5
SC426054,R MAXWELL LTD,active,ltd,2012-06-13,191 High Street,Methil,Leven,KY8 3EB,Scotland,['03110'],RMAXWELL,KY8,RMAXWELL|KY8
SC202649,ATLANTIC BULK LOGISTICS LIMITED,active,ltd,1999-12-24,Suite 15 Dunnswood House,Dunnswood Road,Cumbernauld,G67 3EN,,['82110'],ATLANTICBULKLOGISTICS,G67,ATLANTICBULKLOGISTICS|G67
SC309299,ROSS DENTAL CENTRES LIMITED,active,ltd,2006-09-28,2 Marshall Place,,Perth,PH2 8AH,Scotland,['86230'],ROSSDENTALCENTRES,PH2,ROSSDENTALCENTRES|PH2
SC227879,RADDERY DISKMARK LTD.,active,ltd,2002-02-08,SC227879: COMPANIES HOUSE DEFAULT ADDRESS,,Edinburgh,EH7 9HR,,['27900'],RADDERYDISKMARK,EH7,RADDERYDISKMARK|EH7
SC342302,MC2 (SCOTLAND) LIMITED,active,ltd,2008-05-02,4 Valentine Court,Dunsinane Industrial Estate,Dundee,DD2 3QB,Scotland,['41100'],MC2SCOTLAND,DD2,MC2SCOTLAND|DD2
SC295899,JAMES MOCHRIE PLUMBING AND HEATING LTD,active,ltd,2006-01-20,Abercorn School,Newton,Broxburn,EH52 6PZ,,['43220'],JAMESMOCHRIEPLUMBINGANDHEATING,EH52,JAMESMOCHRIEPLUMBINGANDHEATING|EH52
SC426612,EPLETTINGS LIMITED,active,ltd,2012-06-20,73 Dalry Road,,Edinburgh,EH11 2AA,,['68209'],EPLETTINGS,EH11,EPLETTINGS|EH11
SC416022,COMMUNITY BUILD LTD,active,ltd,2012-02-02,The Cooper Building 505,Great Western Road,Glasgow,G12 8HN,Scotland,['43390'],COMMUNITYBUILD,G12,COMMUNITYBUILD|G12
SC374589,DYMOL SERVICES LTD,active,ltd,2010-03-10,146 Great Western Road,,Aberdeen,AB10 6QE,,['74909'],DYMOL,AB10,DYMOL|AB10
03749139,ROBERT GLASS OPTICIANS LIMITED,active,ltd,1999-04-08,The Copper Room Deva City Office Park,Trinity Way,Manchester,M3 7BG,England,['86220'],ROBERTGLASSOPTICIANS,M3,ROBERTGLASSOPTICIANS|M3
SC405751,ZINC LEISURE LIMITED,active,ltd,2011-08-19,19 Partick Bridge Street,Flat 5/1,Glasgow,G11 6PN,Scotland,"['56101', '56290']",ZINCLEISURE,G11,ZINCLEISURE|G11
SC434138,LARCHCOVE LIMITED,active,ltd,2012-10-05,10 Knockbreck Street,,Tain,IV19 1BJ,Scotland,['74909'],LARCHCOVE,IV19,LARCHCOVE|IV19
SC423060,ACTIVE DESIGN PROJECTS LIMITED,active,ltd,2012-04-30,2 Bruce Street,,Port Glasgow,PA14 5NP,Scotland,"['41100', '56103', '74909']",ACTIVEDESIGNPROJECTS,PA14,ACTIVEDESIGNPROJECTS|PA14
SC364977,ROSS RECRUITMENT LTD,active,ltd,2009-09-02,C/O Rennie Smith & Co,64 Murray Place,Stirling,FK8 2BX,Scotland,"['46719', '52290', '64999', '78109']",ROSSRECRUITMENT,FK8,ROSSRECRUITMENT|FK8
SC345479,ECOSSE STRENGTH LIMITED,active,ltd,2008-07-09,378a Dumbarton Road,,Glasgow,G11 6RZ,,['86900'],ECOSSESTRENGTH,G11,ECOSSESTRENGTH|G11
SC355666,K'CHION UK LTD,active,ltd,2009-02-26,7 Slains Terrace,Bridge Of Don,Aberdeen,AB22 8TU,Scotland,['53201'],KCHION,AB22,KCHION|AB22
SC431764,ETIVE HOSPITALITY LIMITED,active,ltd,2012-09-03,Ainsley Smith & Co,Argyll Square,Oban,PA34 4AT,,['56101'],ETIVEHOSPITALITY,PA34,ETIVEHOSPITALITY|PA34
SC267817,RABIA TANDOORI LTD,active,ltd,2004-05-12,43 Grampian Road,Aviemore,,PH22 1PH,,['56101'],RABIATANDOORI,PH22,RABIATANDOORI|PH22
SC372089,DENALI INSPECTION LTD,active,ltd,2010-02-01,28-30 North Street,,Dalry,KA24 5DW,Scotland,['82990'],DENALIINSPECTION,KA24,DENALIINSPECTION|KA24
07112703,L BROMHEAD LIMITED,active,ltd,2009-12-24,Winterton House,High Street,Westerham,TN16 1AQ,England,['82990'],LBROMHEAD,TN16,LBROMHEAD|TN16
SC224835,H.E.S. (SCOTLAND) LTD.,active,ltd,2001-11-01,"2nd Floor, 22-24 Blythswood Square",,Glasgow,G2 4BG,Scotland,['24200'],HESSCOTLAND,G2,HESSCOTLAND|G2
SC436779,INVERURIE ENTERPRISES LIMITED,active,ltd,2012-11-13,13 Elphinstone Road,Port Elphinstone,Inverurie,AB51 3UR,,['68209'],INVERURIEENTERPRISES,AB51,INVERURIEENTERPRISES|AB51
SC385515,ART HAIR & BEAUTY LTD,active,ltd,2010-09-16,16/18 Weir Street,,Falkirk,FK1 1RA,,['96020'],ARTHAIRANDBEAUTY,FK1,ARTHAIRANDBEAUTY|FK1
SC389225,TD ELECTRICS LIMITED,active,ltd,2010-11-22,24 Sunart Road,Bishopbriggs,Glasgow,G64 1HN,,['43210'],TDELECTRICS,G64,TDELECTRICS|G64
SC377343,CRAIGLEE ENGINEERING LTD,active,ltd,2010-04-22,42 Dudhope Crescent Road,,Dundee,DD1 5RR,,['33170'],CRAIGLEEENGINEERING,DD1,CRAIGLEEENGINEERING|DD1
SC430221,CUPCAKERY BAKEHOUSE LIMITED,active,ltd,2012-08-13,1024 Argyle Street,,Glasgow,G3 8LX,,['10720'],CUPCAKERYBAKEHOUSE,G3,CUPCAKERYBAKEHOUSE|G3
SC423331,MAKE SHORTY PRODUCTIONS LIMITED,active,ltd,2012-05-03,Arch 1 Eastvale Place,,Glasgow,G3 8QG,Scotland,['59111'],MAKESHORTYPRODUCTIONS,G3,MAKESHORTYPRODUCTIONS|G3
SC182268,BAR BLISS LIMITED,active,ltd,1998-01-20,"Suite 341 4th Floor, 93 Hope Street",,Glasgow,G2 6LD,Scotland,['82990'],BARBLISS,G2,BARBLISS|G2
SC355455,VALET MASTER (SCOTLAND) LIMITED,active,ltd,2009-02-23,62 Loch Trool Way,Whitburn,Bathgate,EH47 0RL,Scotland,['96090'],VALETMASTERSCOTLAND,EH47,VALETMASTERSCOTLAND|EH47
SC238130,CRYSTALS LIMITED,active,ltd,2002-10-14,36/6 Mayfield Industrial Estate Mayfield,,Dalkeith,EH22 4AD,United Kingdom,['46760'],CRYSTALS,EH22,CRYSTALS|EH22
SC297894,MFSK LTD,active,ltd,2006-02-28,17 Regent Street,,Keith,AB55 5DY,Scotland,['43999'],MFSK,AB55,MFSK|AB55
SC357455,SPECIALIZED TRAINING LTD,active,ltd,2009-03-30,3 Queen Street,,Edinburgh,EH2 1JE,Scotland,['82990'],SPECIALIZEDTRAINING,EH2,SPECIALIZEDTRAINING|EH2
SC408339,ASHLEY HAIRDRESSING LIMITED,active,ltd,2011-09-28,478 Dumbarton Road,,Glasgow,G11 6SQ,Scotland,['96020'],ASHLEYHAIRDRESSING,G11,ASHLEYHAIRDRESSING|G11
SC419167,GLASGOW PRINT FINISHERS LIMITED,active,ltd,2012-03-12,22 Backbrae Street,Kilsyth,Glasgow,G65 0NH,,['18140'],GLASGOWPRINTFINISHERS,G65,GLASGOWPRINTFINISHERS|G65
SC399932,PRESTIGE GARMENT SOLUTIONS LTD,active,ltd,2011-05-20,"33 Tollpark Place, Wardpark East",Cumbernauld,Glasgow,G68 0LN,,"['14120', '14131', '14132', '14190']",PRESTIGEGARMENTSOLUTIONS,G68,PRESTIGEGARMENTSOLUTIONS|G68
SC419869,BROOMHILL COARSE FISHERY LIMITED,active,ltd,2012-03-19,64 Bonnyton Avenue,,Drongan,KA6 7DG,,['03120'],BROOMHILLCOARSEFISHERY,KA6,BROOMHILLCOARSEFISHERY|KA6
06057189,PROPERTYLINE LETTINGS LTD,active,ltd,2007-01-18,75 Broadway,,Peterborough,PE1 1SY,United Kingdom,['68209'],PROPERTYLINELETTINGS,PE1,PROPERTYLINELETTINGS|PE1
SC406971,POPPY LOVE FLORISTS LTD,active,ltd,2011-09-07,80 Iona Way,Kirkintilloch,Glasgow,G66 3PY,,['47760'],POPPYLOVEFLORISTS,G66,POPPYLOVEFLORISTS|G66
SC429553,BRITANG BUILDING & MAINTENANCE LTD.,active,ltd,2012-08-02,10 Forge Road,,Airdrie,ML6 8PJ,Scotland,['43390'],BRITANGBUILDINGANDMAINTENANCE,ML6,BRITANGBUILDINGANDMAINTENANCE|ML6
SC420578,VENDEBENE UK LIMITED,active,ltd,2012-03-28,5 South Charlotte Street,,Edinburgh,EH2 4AN,Scotland,['82990'],VENDEBENE,EH2,VENDEBENE|EH2
SC319876,SINCLAIR BOARD SERVICES LIMITED,active,ltd,2007-03-29,25 Baillieston Road,,Glasgow,G32 0QJ,Scotland,['73110'],SINCLAIRBOARD,G32,SINCLAIRBOARD|G32
SC416868,OBZOLETE.COM LIMITED,active,ltd,2012-02-13,Unit 6 Avalon Business Park,Guardbridge,St. Andrews,KY16 0UB,Scotland,"['45320', '47791', '47799']",OBZOLETECOM,KY16,OBZOLETECOM|KY16
SC418771,IVERS ELECTRICAL LTD,active,ltd,2012-03-07,7 Berryden Park,,Aberdeen,AB25 3RT,Scotland,['43210'],IVERSELECTRICAL,AB25,IVERSELECTRICAL|AB25
SC288196,REST EAZY LIMITED,active,ltd,2005-07-28,Clyde Offices 2nd Floor,48 West George Street,Glasgow,G2 1BP,Scotland,['82990'],RESTEAZY,G2,RESTEAZY|G2
SC355303,SUNSIDE LIMITED,active,ltd,2009-02-18,1c Barnton Grove,,Edinburgh,EH4 6EQ,Scotland,['62020'],SUNSIDE,EH4,SUNSIDE|EH4
SC401360,IWELL WORK LIMITED,active,ltd,2011-06-09,Attadale Cottage 3 Church Road,Ferryden,Montrose,DD10 9RJ,,['74909'],IWELLWORK,DD10,IWELLWORK|DD10
SC225367,ICE FACTOR (KINLOCHLEVEN) LIMITED,active,ltd,2001-11-15,"Suite 341, Floor 4, 93 Hope Street",,Glasgow,G2 6LD,Scotland,['93110'],ICEFACTORKINLOCHLEVEN,G2,ICEFACTORKINLOCHLEVEN|G2
SC399013,CLASSIC CARPETS AND FLOORING (SCOTLAND) LIMITED,active,ltd,2011-05-06,4 Portland Place,,Hamilton,ML3 7JU,,['96090'],CLASSICCARPETSANDFLOORINGSCOTLAND,ML3,CLASSICCARPETSANDFLOORINGSCOTLAND|ML3
SC196512,LA RUSTICANA LIMITED,active,ltd,1999-05-24,90 Hanover Street,,Edinburgh,EH2 1EL,,['56101'],LARUSTICANA,EH2,LARUSTICANA|EH2
SC323327,HORSE HAVEN RIDING SCHOOL LIMITED,active,ltd,2007-05-09,16 Moidart Gardens,Kirkintilloch,Glasgow,G66 3ST,Scotland,['93120'],HORSEHAVENRIDINGSCHOOL,G66,HORSEHAVENRIDINGSCHOOL|G66
SC290652,W. JAMES CAMPBELL LIMITED,active,ltd,2005-09-22,20 Barnton Street,,Stirling,FK8 1NE,,['43220'],WJAMESCAMPBELL,FK8,WJAMESCAMPBELL|FK8
SC113335,INVERCLYDE MARINE PROPERTIES LIMITED,active,ltd,1988-09-08,145 St. Vincent Street,,Glasgow,G2 5JF,,['46730'],INVERCLYDEMARINEPROPERTIES,G2,INVERCLYDEMARINEPROPERTIES|G2
SC266039,JULES CAFE LTD,active,ltd,2004-04-05,25 Sandyford Place,,Glasgow,G3 7NG,,['56102'],JULESCAFE,G3,JULESCAFE|G3
11426984,MEDICAL TECHNOLOGY MANAGEMENT LIMITED,active,ltd,2018-06-21,"C/O Mcphersons Walpole Harding, Citibase Brighton",95 Ditchling Road,Brighton,BN1 4ST,United Kingdom,['47190'],MEDICALTECHNOLOGYMANAGEMENT,BN1,MEDICALTECHNOLOGYMANAGEMENT|BN1
SC264855,BITZOTECH LIMITED,active,ltd,2004-03-12,Flat 1/1 Gourock Ropeworks,,Port Glasgow,PA14 5EN,Scotland,['47410'],BITZOTECH,PA14,BITZOTECH|PA14
SC408166,TAXI SERVICES 1 LTD,active,ltd,2011-09-26,5 Stead's Place,,Edinburgh,EH6 5DY,,['49320'],TAXISERVICES1,EH6,TAXISERVICES1|EH6
SC306295,A1 JOINERS LIMITED,active,ltd,2006-08-03,115 Low Craigends Low Craigends,Kilsyth,Glasgow,G65 0PA,,['43320'],A1JOINERS,G65,A1JOINERS|G65
SC374137,CLYDE SIGNS & GRAPHICS LIMITED,active,ltd,2010-03-04,Unit 8 58 Kelvin Avenue,Hillington Park,Glasgow,G52 4GA,Scotland,['32990'],CLYDESIGNSANDGRAPHICS,G52,CLYDESIGNSANDGRAPHICS|G52
SC433264,VENTURES (FIFE) LIMITED,active,ltd,2012-09-25,3 Rodger Street,Cellardyke,Anstruther,KY10 3HU,,"['33190', '81222', '81299']",VENTURESFIFE,KY10,VENTURESFIFE|KY10
SC310033,ZAIB (SCOTLAND) LTD,active,ltd,2006-10-12,137 Rotherwood Avenue,Knightswood,Glasgow,G13 2AX,,['47240'],ZAIBSCOTLAND,G13,ZAIBSCOTLAND|G13
SC346665,I.M. BUCHANAN LTD,active,ltd,2008-08-06,15 Mauricewood Avenue,,Penicuik,EH26 0BH,,['43999'],IMBUCHANAN,EH26,IMBUCHANAN|EH26
SC306513,JOHNSTON HOTELS LTD,active,ltd,2006-08-09,1 Manor Street,,Falkirk,FK1 1NT,Scotland,['55100'],JOHNSTONHOTELS,FK1,JOHNSTONHOTELS|FK1
SC426605,TRADESTON HOLDINGS LTD,active,ltd,2012-06-20,132 Nelson Street,,Glasgow,G5 8EJ,,['77400'],TRADESTON,G5,TRADESTON|G5
SC419845,FORZA COURIERS LTD.,active,ltd,2012-03-19,16-18 Weir Street,,Falkirk,FK1 1RA,,['53202'],FORZACOURIERS,FK1,FORZACOURIERS|FK1
SC332485,AIRAL LTD,active,ltd,2007-10-16,74 Loch Road,Kirkintilloch,Glasgow,G66 3EB,Scotland,['33160'],AIRAL,G66,AIRAL|G66
SC322120,KINGDOM METAL FINISHING LIMITED,active,ltd,2007-04-24,Park House Manse Road,Crossgates,Cowdenbeath,KY4 8DB,,['25610'],KINGDOMMETALFINISHING,KY4,KINGDOMMETALFINISHING|KY4
SC382055,GENERATION 5 LTD,active,ltd,2010-07-16,Suite 1.10 Dalziel Building,7 Scott Street,Motherwell,ML1 1PN,United Kingdom,['96020'],GENERATION5,ML1,GENERATION5|ML1
SC349292,HOME GROUND COFFEE LTD.,active,ltd,2008-09-30,13d Charlotte Street,,Helensburgh,G84 7QT,Scotland,['10832'],HOMEGROUNDCOFFEE,G84,HOMEGROUNDCOFFEE|G84
SC363500,DANCE CENTRAL LIMITED,active,ltd,2009-08-04,322 Glasgow Road,Blantyre,Glasgow,G72 9LQ,Scotland,['85510'],DANCECENTRAL,G72,DANCECENTRAL|G72
04764044,N.W. PLANT HIRE LIMITED,active,ltd,2003-05-14,11 Windsor Road,Harrow Weald,Middlesex,HA3 5PT,,['43290'],NWPLANTHIRE,HA3,NWPLANTHIRE|HA3
SC424539,RGP PIPEFITTING LTD.,active,ltd,2012-05-22,131 Morriston Road,,Elgin,IV30 4NB,,['33190'],RGPPIPEFITTING,IV30,RGPPIPEFITTING|IV30
SC224592,FLEMINGS GARAGE EQUIPMENT LIMITED,active,ltd,2001-10-25,24 Rosehill,,Montrose,DD10 8RZ,Scotland,"['33120', '33140']",FLEMINGSGARAGEEQUIPMENT,DD10,FLEMINGSGARAGEEQUIPMENT|DD10
SC368428,WISE OLD COW LTD.,active,ltd,2009-11-12,1143 Argyle Street,,Glasgow,G3 8ND,Scotland,"['68209', '96020']",WISEOLDCOW,G3,WISEOLDCOW|G3
SC395829,ENVISION CHANGE MANAGEMENT LIMITED,active,ltd,2011-03-18,24b Coltbridge Avenue,,Edinburgh,EH12 6AH,,['70229'],ENVISIONCHANGEMANAGEMENT,EH12,ENVISIONCHANGEMANAGEMENT|EH12
SC379011,UNIVERSAL CEILINGS & PARTITIONS LIMITED,active,ltd,2010-05-24,Lintlea,1 Manse Street,Galashiels,TD1 1NA,Scotland,"['43390', '43999']",UNIVERSALCEILINGSANDPARTITIONS,TD1,UNIVERSALCEILINGSANDPARTITIONS|TD1
SC338978,HILL VALLEY FINANCIAL SOLUTIONS LTD.,active,ltd,2008-03-05,41 Kingshouse Avenue,,Glasgow,G44 4JN,Scotland,['82990'],HILLVALLEYFINANCIALSOLUTIONS,G44,HILLVALLEYFINANCIALSOLUTIONS|G44
SC369673,NUMIDIA FILMS LIMITED,active,ltd,2009-12-04,Summit House,Mitchell Street,Edinburgh,EH6 7BD,Scotland,"['59111', '86210']",NUMIDIAFILMS,EH6,NUMIDIAFILMS|EH6
SC407265,DI MAMBROS DELI HAMILTON LTD,active,ltd,2011-09-12,1160 Tollcross Road,,Glasgow,G32 8HE,Scotland,['56103'],DIMAMBROSDELIHAMILTON,G32,DIMAMBROSDELIHAMILTON|G32
10682625,AZQUO HOLDINGS LIMITED,active,ltd,2017-03-21,Unit 5 7 Corve Street,,Ludlow,SY8 1DB,United Kingdom,['64209'],AZQUO,SY8,AZQUO|SY8
SC411513,GRAHAM BUILDERS LIMITED,active,ltd,2011-11-17,3 Clem Attlee Gardens,,Larkhall,ML9 1HB,Scotland,['41202'],GRAHAMBUILDERS,ML9,GRAHAMBUILDERS|ML9
09586937,SEEGEETEE LTD,active,ltd,2015-05-12,"Suite 4, Second Floor Honeycomb",Edmund Street,Liverpool,L3 9NG,England,['70229'],SEEGEETEE,L3,SEEGEETEE|L3
11696380,AP ALES LIMITED,active,ltd,2018-11-26,C/O Carringtons Accountants,14 Mill Street,Bradford,BD1 4AB,England,['56302'],APALES,BD1,APALES|BD1
11339192,ETHICAAI CALEDONIAN WHARF LTD,active,ltd,2018-05-01,14 Regent Gardens,Ilford,London,IG3 8UL,England,"['68100', '68209']",ETHICAAICALEDONIANWHARF,IG3,ETHICAAICALEDONIANWHARF|IG3
11362011,B & H PIZZERIA LTD,active,ltd,2018-05-15,Unit 7 The Watermark,Bankside,Gateshead,NE11 9SY,United Kingdom,['56103'],BANDHPIZZERIA,NE11,BANDHPIZZERIA|NE11
07194051,POMULO LIMITED,active,ltd,2010-03-18,3 Allens Orchard,Brampton,Huntingdon,PE28 4NW,England,['46900'],POMULO,PE28,POMULO|PE28
08921315,LDC TRANSPORT LTD,active,ltd,2014-03-04,632 Dereham Road,,Norwich,NR5 8TE,,['52290'],LDCTRANSPORT,NR5,LDCTRANSPORT|NR5
05618729,COMPLETE MANUFACTURING SERVICES LIMITED,active,ltd,2005-11-10,Unit 2 Unit 2 Colliery Road,Brookhill Industrial Estate,Pinxton,NG16 6JF,England,['31010'],COMPLETEMANUFACTURING,NG16,COMPLETEMANUFACTURING|NG16
10777423,LITTLE JANNAH DAYCARE NURSERY LTD.,active,ltd,2017-05-18,264 Grange Road 264 Grange Road,,London,SE19 3DF,England,['88910'],LITTLEJANNAHDAYCARENURSERY,SE19,LITTLEJANNAHDAYCARENURSERY|SE19
SC485936,MEIJERS MARITIME SERVICES LTD,active,ltd,2014-09-04,26-30 Marine Place,,Buckie,AB56 1UT,Scotland,['82990'],MEIJERSMARITIME,AB56,MEIJERSMARITIME|AB56
07618965,HOME SAFE (UK) LTD,active,ltd,2011-05-03,81 London Road,River,Dover,CT17 0SQ,England,['41202'],HOMESAFEUK,CT17,HOMESAFEUK|CT17
11776272,MSP RECRUITMENT UK LTD,active,ltd,2019-01-18,West Link House,Great West Road,Brentford,TW8 9DN,United Kingdom,['78109'],MSPRECRUITMENT,TW8,MSPRECRUITMENT|TW8
10932726,G & B ELECTRICAL LIMITED,active,ltd,2017-08-25,"6 Waverton Mews, Lambourn Crescent",,Leamington Spa,CV31 1XA,United Kingdom,['43210'],GANDBELECTRICAL,CV31,GANDBELECTRICAL|CV31
10586026,MCMEIKEN HARRIS LTD,active,ltd,2017-01-26,102 Charles Street,,Boldon Colliery,NE35 9BZ,England,['96020'],MCMEIKENHARRIS,NE35,MCMEIKENHARRIS|NE35
SC413042,FAUR-SEEN ENGINEERING LIMITED,active,ltd,2011-12-13,Unit 9 Albyn Industrial Estate,,Broxburn,EH52 6PQ,Scotland,['96090'],FAURSEENENGINEERING,EH52,FAURSEENENGINEERING|EH52
SC405562,AIRTH WELFARE HALL LIMITED,active,ltd,2011-08-17,Ballantyne & Co,60 St Enoch Square,Glasgow,G1 4AG,,['56302'],AIRTHWELFAREHALL,G1,AIRTHWELFAREHALL|G1
11887715,ORISSA TANDOORI LIMITED,active,ltd,2019-03-18,173 Chessington Road,Ewell,Epsom,KT19 9XE,England,['56103'],ORISSATANDOORI,KT19,ORISSATANDOORI|KT19
SC399647,RDAS GYM LIMITED,active,ltd,2011-05-16,Suite 14 98 Woodlands Road,Charing Cross,Glasgow,G3 6HB,United Kingdom,['93130'],RDASGYM,G3,RDASGYM|G3
11755084,NEW DAWN METALS LIMITED,active,ltd,2019-01-08,167-169 Great Portland Street,5th Floor,London,W1W 5PF,England,['07290'],NEWDAWNMETALS,W1W,NEWDAWNMETALS|W1W
SC389361,FIRTH ELECTRICAL AND PROPERTY SERVICES LIMITED,active,ltd,2010-11-23,103 Glasgow Road,,Bathgate,EH48 2QN,,['43210'],FIRTHELECTRICALANDPROPERTY,EH48,FIRTHELECTRICALANDPROPERTY|EH48
SC410115,RES 50 LTD,active,ltd,2011-10-27,C/O Res Associates Ltd,5 Royal Exchange Square,Glasgow,G1 3AH,,['71129'],RES50,G1,RES50|G1
07883648,RTS AUTOCENTRES (WOLVERHAMPTON) LIMITED,active,ltd,2011-12-15,Granville House,2 Tettenhall Road,Wolverhampton,WV1 4SB,,['45200'],RTSAUTOCENTRESWOLVERHAMPTON,WV1,RTSAUTOCENTRESWOLVERHAMPTON|WV1
12832125,PEOPLE PROPERTY SERVICES LIMITED,active,ltd,2020-08-24,35 Barrowgate Road,,London,W4 4QX,England,"['41202', '97000']",PEOPLEPROPERTY,W4,PEOPLEPROPERTY|W4
12106086,PLATINUM M3DIA LONDON LTD,active,ltd,2019-07-16,124 City Road,,London,EC1V 2NX,England,['96090'],PLATINUMM3DIALONDON,EC1V,PLATINUMM3DIALONDON|EC1V
06673667,GENERATIVE AI SOLUTIONS LTD,active,ltd,2008-08-15,Hlb House,68 High Street,Tarporley,CW6 0AT,England,['62012'],GENERATIVEAISOLUTIONS,CW6,GENERATIVEAISOLUTIONS|CW6
06587861,MILTON LODGE FREEHOLD LIMITED,active,ltd,2008-05-08,19 The Grangeway,Winchmore Hill,London,N21 2HD,England,['98000'],MILTONLODGEFREEHOLD,N21,MILTONLODGEFREEHOLD|N21
09909828,GAS VENTURES (UK) LIMITED,active,ltd,2015-12-09,21 Central Way,,Carshalton,SM5 3NF,England,['72190'],GASVENTURESUK,SM5,GASVENTURESUK|SM5
08524553,ACTION PLUS (UK) LTD,active,ltd,2013-05-10,32 Elmstone Gardens,Cliftonville,Margate,CT9 3HA,,['85590'],ACTIONPLUSUK,CT9,ACTIONPLUSUK|CT9
05204869,TREGENNA HOMES LIMITED,active,ltd,2004-08-12,Tregenna Castle Hotel,Trelyon Avenue,St Ives,TR26 2DE,United Kingdom,['68209'],TREGENNAHOMES,TR26,TREGENNAHOMES|TR26
02051559,BOW STRADA TRADING LIMITED,active,ltd,1986-09-02,The Dairy Manor Courtyard,Aston Sandford,Haddenham,HP17 8JB,England,['66120'],BOWSTRADATRADING,HP17,BOWSTRADATRADING|HP17
10092605,JENKINS MOTOR COMPANY LIMITED,active,ltd,2016-03-31,Kingswood Colliery Site,Watling Street,Cannock,WS11 8LX,England,['45112'],JENKINSMOTORCOMPANY,WS11,JENKINSMOTORCOMPANY|WS11
SC109629,PINSENT MASONS SECRETARIES (EDINBURGH) LIMITED,active,ltd,1988-03-02,Pinsent Masons Llp,13 Queen's Road,Aberdeen,AB15 4YL,,['99999'],PINSENTMASONSSECRETARIESEDINBURGH,AB15,PINSENTMASONSSECRETARIESEDINBURGH|AB15
SC418616,SCOTMID PENSION TRUSTEE LIMITED,active,ltd,2012-03-05,Hillwood House 2 Harvest Drive,Newbridge,Edinburgh,EH28 8QJ,,['65300'],SCOTMIDPENSIONTRUSTEE,EH28,SCOTMIDPENSIONTRUSTEE|EH28
12151374,HV ESTATES LIMITED,active,ltd,2019-08-12,C/O Naseems,104 Stoney Lane,Birmingham,B12 8AF,England,"['68100', '68201', '68209', '68320']",HVESTATES,B12,HVESTATES|B12
SC587236,PINNACLE FITNESS LTD,active,ltd,2018-01-30,SC587236 - COMPANIES HOUSE DEFAULT ADDRESS,,Edinburgh,EH7 9HR,,['93130'],PINNACLEFITNESS,EH7,PINNACLEFITNESS|EH7
SC558000,LEW SCAFFOLDING ACCESS SOLUTIONS LIMITED,active,ltd,2017-02-17,64a Cumberland Street,,Edinburgh,EH3 6RE,Scotland,['82990'],LEWSCAFFOLDINGACCESSSOLUTIONS,EH3,LEWSCAFFOLDINGACCESSSOLUTIONS|EH3
SC558438,MONEYTRAIN LTD.,active,ltd,2017-02-22,14 Kingsley Avenue,Stenhousemuir,Larbert,FK5 4LE,Scotland,"['30200', '33170']",MONEYTRAIN,FK5,MONEYTRAIN|FK5
SC561293,INFOTECH SERVICES LTD,active,ltd,2017-03-23,"Discovery House 3.2 Discovery House 3.2, Gemini Crescent",Dundee Technology Park,Dundee,DD2 1SW,Scotland,['62020'],INFOTECH,DD2,INFOTECH|DD2
SC571039,CONCEPT SERVICES LE GROUPE LIMITED,active,ltd,2017-07-12,88 Machrie Way 88 Machrie Way,,Kilmanorck,KA1 2FH,Scotland,['96090'],CONCEPTSERVICESLEGROUPE,KA1,CONCEPTSERVICESLEGROUPE|KA1
SC562170,R AND B JOINERS LIMITED,active,ltd,2017-03-31,20 George Drive,,Loanhead,EH20 9DW,Scotland,['43320'],RANDBJOINERS,EH20,RANDBJOINERS|EH20
SC581182,COCO-BELLA ACADEMY LTD,active,ltd,2017-11-09,4 Dumbarton Road,Office 4,Clydebank,G81 1TU,Scotland,['85590'],COCOBELLAACADEMY,G81,COCOBELLAACADEMY|G81
SC573832,STEVENSTON KEYSTORE LTD,active,ltd,2017-08-16,8 Fullarton Place,,Stevenston,KA20 3EH,United Kingdom,['47110'],STEVENSTONKEYSTORE,KA20,STEVENSTONKEYSTORE|KA20
SC584855,ICEBERG EXPRESS LIMITED,active,ltd,2018-01-04,8 Cromdale Road,,Port Glasgow,PA14 6LT,Scotland,['47110'],ICEBERGEXPRESS,PA14,ICEBERGEXPRESS|PA14
SC581523,AJT JOINERY SERVICES LTD,active,ltd,2017-11-14,21e Glencryan Road,Cumbernauld,Glasgow,G67 2UH,Scotland,['43320'],AJTJOINERY,G67,AJTJOINERY|G67
SC581603,RBB INTERNATIONAL SERVICES LIMITED,active,ltd,2017-11-15,32 Davie's Acre,East Kilbride,Glasgow,G74 5BZ,Scotland,['79120'],RBB,G74,RBB|G74
SC568109,PREMIER MH LTD,active,ltd,2017-06-07,Wilson Business Centre 1 Queen Elizabeth Avenue,Hillington Park,Glasgow,G52 4NQ,Scotland,['47110'],PREMIERMH,G52,PREMIERMH|G52
SC581600,MRJ TRANSPORT LTD,active,ltd,2017-11-15,29 Gleniffer Avenue,,Glasgow,G13 3TA,Scotland,['49410'],MRJTRANSPORT,G13,MRJTRANSPORT|G13
SC559883,Q4 SIGNS SCOTLAND LTD,active,ltd,2017-03-08,22 Backbrae Street Kilsyth,,Glasgow,G65 0NH,United Kingdom,['82990'],Q4SIGNSSCOTLAND,G65,Q4SIGNSSCOTLAND|G65
SC587846,SREE PRIYAN LTD,active,ltd,2018-02-06,14 - 14a Brougham Street,,Edinburgh,EH3 9JH,United Kingdom,['56101'],SREEPRIYAN,EH3,SREEPRIYAN|EH3
SC566299,HFM CARPET AND FLOORING LTD,active,ltd,2017-05-18,3 Hamilton Road,,Bellshill,ML4 1AF,Scotland,['82990'],HFMCARPETANDFLOORING,ML4,HFMCARPETANDFLOORING|ML4
SC570823,JAYCEYS LTD,active,ltd,2017-07-10,60/62 George Street,,Stranraer,DG9 7JS,Scotland,['96090'],JAYCEYS,DG9,JAYCEYS|DG9
SC569901,5G TECHNOLOGIES LIMITED,active,ltd,2017-06-28,272 Bath Street,,Glasgow,G2 4JR,Scotland,['62090'],5GTECHNOLOGIES,G2,5GTECHNOLOGIES|G2
SC578042,OUR CITY APARTMENTS LTD,active,ltd,2017-10-05,23 Mortonhall Park Gardens,,Edinburgh,EH17 8SR,United Kingdom,['55100'],OURCITYAPARTMENTS,EH17,OURCITYAPARTMENTS|EH17
SC582881,DELOREAN APARTMENTS LTD,active,ltd,2017-12-01,13 Hope St,,Lanark,ML11 7NL,Scotland,"['55100', '55209']",DELOREANAPARTMENTS,ML11,DELOREANAPARTMENTS|ML11
SC586673,ACCI-DENT BODY SHOP LTD,active,ltd,2018-01-24,"197a, Unit 3 Dumbarton Road",,Clydebank,G81 4XJ,Scotland,['45200'],ACCIDENTBODYSHOP,G81,ACCIDENTBODYSHOP|G81
SC559220,D.H. PHOTOGRAPHY (SCOT) LTD,active,ltd,2017-03-02,"Unit 5, 75 Trafalgar Lane",,Edinburgh,EH6 4DQ,Scotland,"['74201', '74202', '74209', '96090']",DHPHOTOGRAPHYSCOT,EH6,DHPHOTOGRAPHYSCOT|EH6
SC577430,W AMJID CONSULTANCY LIMITED,active,ltd,2017-09-28,4d Auchingramont Road,,Hamilton,ML3 6JT,Scotland,"['62020', '70221']",WAMJIDCONSULTANCY,ML3,WAMJIDCONSULTANCY|ML3
SC573648,SMCV LTD,active,ltd,2017-08-14,1 Glenluss Way,,Greenock,PA16 9NS,Scotland,['43341'],SMCV,PA16,SMCV|PA16
11408872,MHK GLOBAL LTD,active,ltd,2018-06-11,"6a Station Road, Eckington Sheffield Station Road",Eckington,Sheffield,S21 4FX,England,"['47789', '68100']",MHKGLOBAL,S21,MHKGLOBAL|S21
SC561001,HNL CONSULTANCY LTD,active,ltd,2017-03-20,17 Dalreoch Avenue,Baillieston,Glasgow,G69 6EQ,Scotland,['82990'],HNLCONSULTANCY,G69,HNLCONSULTANCY|G69
SC567485,MB VAN CENTRE LTD,active,ltd,2017-05-31,Plot 4 Maidenplain Place,Aberuthven,Auchterarder,PH3 1EL,Scotland,['45190'],MBVANCENTRE,PH3,MBVANCENTRE|PH3
SC570554,CHS TRADERS LTD,active,ltd,2017-07-06,32 Broompark Road,Blantyre,Glasgow,G72 9XA,Scotland,"['49320', '49390']",CHSTRADERS,G72,CHSTRADERS|G72
SC563953,AHSAN KILMARNOCK LTD,active,ltd,2017-04-21,"25, Shah's Palace",John Finnie Street,Kilmarnock,KA1 1BL,Scotland,['96090'],AHSANKILMARNOCK,KA1,AHSANKILMARNOCK|KA1
SC574706,METAL FABRICATION (GLASGOW) LIMITED,active,ltd,2017-08-25,1 Rigby Street,,Glasgow,G32 6DS,United Kingdom,['25110'],METALFABRICATIONGLASGOW,G32,METALFABRICATIONGLASGOW|G32
SC573096,MARYHILL APPLIANCES LIMITED,active,ltd,2017-08-08,20n Cumlodden Drive,,Glasgow,G20 0JU,Scotland,['33190'],MARYHILLAPPLIANCES,G20,MARYHILLAPPLIANCES|G20
SC574392,REILLY DENHOLM LTD,active,ltd,2017-08-22,26 Salamander Street,,Edinburgh,EH6 7HZ,United Kingdom,['96020'],REILLYDENHOLM,EH6,REILLYDENHOLM|EH6
SC568150,KOTOZO LTD,active,ltd,2017-06-07,1 Dalhousie Terrace,Morningside,Edinburgh,EH10 5NE,United Kingdom,['62020'],KOTOZO,EH10,KOTOZO|EH10
SC583128,RUNSTATZ LIMITED,active,ltd,2017-12-05,Flat 4 12 Sandpiper Drive,,Edinburgh,EH6 6QJ,,['74909'],RUNSTATZ,EH6,RUNSTATZ|EH6
SC576012,WHOLE EARTH FUTURES LTD,active,ltd,2017-09-11,33 Laird Street,,Coatbridge,ML5 3LW,United Kingdom,['70229'],WHOLEEARTHFUTURES,ML5,WHOLEEARTHFUTURES|ML5
SC579316,J&L STAIR CLEANING LTD,active,ltd,2017-10-19,Unit 4/2 New Lairdship Yards,,Edinburgh,EH11 3UY,Scotland,['81210'],JANDLSTAIRCLEANING,EH11,JANDLSTAIRCLEANING|EH11
SC585677,NWR ELECTRICAL PERTH LIMITED,active,ltd,2018-01-15,42 Dudhope Crescent Road,,Dundee,DD1 5RR,Scotland,['43210'],NWRELECTRICALPERTH,DD1,NWRELECTRICALPERTH|DD1
SC579376,DZR CONSULTING LTD,active,ltd,2017-10-19,223 Auldhouse Road,,Glasgow,G43 1DF,Scotland,['70229'],DZRCONSULTING,G43,DZRCONSULTING|G43
06906299,MATTHEW WOOD ARCHITECTS LTD.,active,ltd,2009-05-14,110 Endwell Road,,London,SE4 2LX,England,['71111'],MATTHEWWOODARCHITECTS,SE4,MATTHEWWOODARCHITECTS|SE4
SC572067,PR JOINERY LTD,active,ltd,2017-07-26,4 Valentine Court,Dunsinane Industrial Estate,Dundee,DD2 3QB,United Kingdom,['43320'],PRJOINERY,DD2,PRJOINERY|DD2
SC571479,COPELAND JOINERY LTD,active,ltd,2017-07-18,22 Highfield Place,,Irvine,KA11 1BW,Scotland,['43320'],COPELANDJOINERY,KA11,COPELANDJOINERY|KA11
SC570440,INFLUX GROUP LTD,active,ltd,2017-07-05,66 Tay Street,,Perth,PH2 8RA,United Kingdom,"['78109', '78200']",INFLUX,PH2,INFLUX|PH2
SC576025,LOGANS LARDER LIMITED,active,ltd,2017-09-11,49 Wellmeadow Way,Newton Mearns,Glasgow,G77 6RB,Scotland,['47110'],LOGANSLARDER,G77,LOGANSLARDER|G77
SC578992,DAVECRAW LIMITED,active,ltd,2017-10-16,29 Stamperland Hill,Clarkston,Glasgow,G76 8AH,United Kingdom,['33170'],DAVECRAW,G76,DAVECRAW|G76
SC586699,EMMI FOODS LTD,active,ltd,2018-01-24,532 Sauchiehall Street,,Glasgow,G2 3LX,Scotland,['56103'],EMMIFOODS,G2,EMMIFOODS|G2
SC587135,GMCL CONTRACTS LTD,active,ltd,2018-01-29,"Flat 0/3, 9 Oatlands Square",,Glasgow,G5 0GZ,Scotland,['43210'],GMCLCONTRACTS,G5,GMCLCONTRACTS|G5
SC575717,SOPHIAMAST LIMITED,active,ltd,2017-09-07,"Suite G.06, Red Tree Magenta 270 Glasgow Road",Rutherglen,Glasgow,G73 1UZ,Scotland,['96020'],SOPHIAMAST,G73,SOPHIAMAST|G73
SC582291,DADA'S PIZZA LIMITED,active,ltd,2017-11-23,12 Barnflat Court,Rutherglen,Glasgow,G73 1JX,Scotland,['10890'],DADASPIZZA,G73,DADASPIZZA|G73
SC573519,RAVEN AUTOMOTIVE LIMITED,active,ltd,2017-08-11,Unit 1/2 Unit 1/2 Merchant Place,Mitchelston Industrial Estate,Kirkcaldy,KY1 3NJ,Scotland,['30990'],RAVENAUTOMOTIVE,KY1,RAVENAUTOMOTIVE|KY1
SC570189,PLEDGE ROOFING LTD,active,ltd,2017-07-03,36 Granger Road,East Ayrshire,Kilmarnock,KA1 4JD,United Kingdom,"['43390', '43910', '43991']",PLEDGEROOFING,KA1,PLEDGEROOFING|KA1
SC573947,RAA SERVICES LTD,active,ltd,2017-08-17,Global Accountancy Practice Ltd,10 Allison Street,Glasgow,G42 8NN,Scotland,['56103'],RAA,G42,RAA|G42
SC568854,STRAVAIGIN LTD,active,ltd,2017-06-15,2/2 187 D Knightswood Road,,Glasgow,G13 2EX,Scotland,['49390'],STRAVAIGIN,G13,STRAVAIGIN|G13
SC576798,CKKB CONSTRUCTION LTD,active,ltd,2017-09-20,48 Castlehill Avenue,,Port Glasgow,PA14 6NY,United Kingdom,['42990'],CKKBCONSTRUCTION,PA14,CKKBCONSTRUCTION|PA14
SC566137,OLLYBELLE LIMITED,active,ltd,2017-05-17,Suite 341 4th Floor 93 Hope Street,,Glasgow,,Scotland,['96020'],OLLYBELLE,,OLLYBELLE|
SC572563,BARWOOD LEISURE LIMITED,active,ltd,2017-08-01,94 Titchfield Street,,Galston,KA4 8AZ,Scotland,['56302'],BARWOODLEISURE,KA4,BARWOODLEISURE|KA4
SC570333,CLARITY I.T. & VPN SOLUTIONS LIMITED,active,ltd,2017-07-04,9 Ainslie Place,,Edinburgh,EH3 6AT,Scotland,['62020'],CLARITYITANDVPNSOLUTIONS,EH3,CLARITYITANDVPNSOLUTIONS|EH3
SC574863,MAROLA RESTAURANTS LTD,active,ltd,2017-08-29,Trident House 175 Renfrew Road,P2.2,Paisley,PA3 4EF,Scotland,['56101'],MAROLARESTAURANTS,PA3,MAROLARESTAURANTS|PA3
SC557580,NRJ GROUP LTD,active,ltd,2017-02-14,11 Little Mill Business Park,,Linlithgow,EH49 7DA,Scotland,['74909'],NRJ,EH49,NRJ|EH49
SC562087,BENE-FIT HEALTH & FITNESS AYR LTD,active,ltd,2017-03-30,5b Elmbank Street,,Ayr,KA8 8DH,Scotland,['93130'],BENEFITHEALTHANDFITNESSAYR,KA8,BENEFITHEALTHANDFITNESSAYR|KA8
SC558367,EVEREST HOT FOOD LTD,active,ltd,2017-02-22,149 Garrioch Road,,Glasgow,G20 8RH,Scotland,['56103'],EVERESTHOTFOOD,G20,EVERESTHOTFOOD|G20
SC570633,NU-INNOVATIONS CONSTRUCTION LTD,active,ltd,2017-07-06,Unit 22 26 Dumbryden Road,Dumbryden Industrial Estate,Edinburgh,EH14 2AB,Scotland,['43320'],NUINNOVATIONSCONSTRUCTION,EH14,NUINNOVATIONSCONSTRUCTION|EH14
SC583756,ASPECT HOME IMPROVEMENTS SCOTLAND LIMITED,active,ltd,2017-12-13,R A Clement Associates,5 Argyll Square,Oban,PA34 4AZ,Scotland,['43390'],ASPECTHOMEIMPROVEMENTSSCOTLAND,PA34,ASPECTHOMEIMPROVEMENTSSCOTLAND|PA34
SC577563,S&J GROUNDCARE LTD,active,ltd,2017-09-29,2 Wilson Place,East Kilbride,Glasgow,G74 4QD,Scotland,['81300'],SANDJGROUNDCARE,G74,SANDJGROUNDCARE|G74
SC570048,BIG PUFF LIMITED,active,ltd,2017-06-29,"Unit 3 Quadrant Centre, 125 Main Street Unit 3 Quadrant Centre",125 Main Street,Coatbridge,ML5 3EG,United Kingdom,['47910'],BIGPUFF,ML5,BIGPUFF|ML5
SC571014,DHUDDIS LIMITED,active,ltd,2017-07-12,6 Allison Street,,Glasgow,G42 8NN,Scotland,['90030'],DHUDDIS,G42,DHUDDIS|G42
SC583002,INFINITI BATHROOMS LTD,active,ltd,2017-12-04,42 Dudhope Crescent Road,,Dundee,DD1 5RR,Scotland,['43220'],INFINITIBATHROOMS,DD1,INFINITIBATHROOMS|DD1
SC578072,J & D ROSS LIMITED,active,ltd,2017-10-05,53 Bavelaw Crescent,,Penicuik,EH26 9AU,Scotland,"['56290', '96020']",JANDDROSS,EH26,JANDDROSS|EH26
SC570932,CASHLEY CATERING LTD,active,ltd,2017-07-11,Active Health 302 Queen Street,Broughty Ferry,Dundee,DD5 2HQ,Scotland,"['56101', '56102', '56210']",CASHLEYCATERING,DD5,CASHLEYCATERING|DD5
11634156,INDUSTRIAL EQUIPMENT FINANCE LIMITED,active,ltd,2018-10-22,Latimer Cottage,Church Lane,Latimer,HP5 1UA,United Kingdom,['64999'],INDUSTRIALEQUIPMENTFINANCE,HP5,INDUSTRIALEQUIPMENTFINANCE|HP5
SC586168,FAIRMILE MAINTENANCE CO LTD.,active,ltd,2018-01-19,27 Lauriston Street,,Edinburgh,EH3 9DQ,Scotland,['96090'],FAIRMILEMAINTENANCECO,EH3,FAIRMILEMAINTENANCECO|EH3
SC570644,AL NOOR FRUIT & VEG LTD,active,ltd,2017-07-06,265 Allison Street,Govanhill,Glasgow,G42 8HB,Scotland,"['47210', '47240', '47290']",ALNOORFRUITANDVEG,G42,ALNOORFRUITANDVEG|G42
SC566043,ZARASON HAIR & BEAUTY LTD,active,ltd,2017-05-16,22 Tintock Place,Dullatur,Glasgow,G68 0AD,United Kingdom,['96020'],ZARASONHAIRANDBEAUTY,G68,ZARASONHAIRANDBEAUTY|G68
SC567995,NUTHOLM FARM LTD,active,ltd,2017-06-06,Nutholm Farm,St Mungo,Lockerbie,DG11 1DB,Scotland,"['01410', '01500']",NUTHOLMFARM,DG11,NUTHOLMFARM|DG11
SC564661,MULTAN DEVELOPMENTS LIMITED,active,ltd,2017-04-28,123 Old Castle Road,,Glasgow,G44 5TJ,Scotland,['68100'],MULTANDEVELOPMENTS,G44,MULTANDEVELOPMENTS|G44
SC578607,RJJ RAIL LTD,active,ltd,2017-10-11,42 Valley View,,Motherwell,ML1 2DE,Scotland,['42120'],RJJRAIL,ML1,RJJRAIL|ML1
SC586151,CAOL CAFE LIMITED,active,ltd,2018-01-19,1 Station Road,,Kyle Of Lochalsh,IV40 8AE,Scotland,['56102'],CAOLCAFE,IV40,CAOLCAFE|IV40
SC571999,GO GORDONS LTD,active,ltd,2017-07-25,5 Robertson Avenue,,Bonnybridge,FK4 1PA,Scotland,['78200'],GOGORDONS,FK4,GOGORDONS|FK4
SC573351,SUITE APARTMENTS ABERDEEN LTD,active,ltd,2017-08-10,247 Queens Road,,Aberdeen,AB15 8DL,Scotland,"['55100', '55209']",SUITEAPARTMENTSABERDEEN,AB15,SUITEAPARTMENTSABERDEEN|AB15
SC574391,GEORGIE ROSE LTD,active,ltd,2017-08-22,6 Blair Road,Crossford,Carluke,ML8 5RF,Scotland,['96040'],GEORGIEROSE,ML8,GEORGIEROSE|ML8
SC578527,MANOR ESTATE AGENTS LTD,active,ltd,2017-10-10,15 Old Glasgow Road,Uddingston,Glasgow,G71 7HQ,Scotland,['68310'],MANORESTATEAGENTS,G71,MANORESTATEAGENTS|G71
SC575465,GAZZCALL BUILDING SERVICES LIMITED,active,ltd,2017-09-05,135 Ormonde Avenue,,Glasgow,G44 3SL,Scotland,"['41100', '41201', '41202']",GAZZCALLBUILDING,G44,GAZZCALLBUILDING|G44
SC580473,ARCHER SCOT LTD,active,ltd,2017-11-01,6e Tullos Circle,,Aberdeen,AB11 8HD,Scotland,"['47260', '47620']",ARCHERSCOT,AB11,ARCHERSCOT|AB11
SC576278,PREMSEC SCOTLAND LIMITED,active,ltd,2017-09-13,"Suite 2/3, 48 West George Street",,Glasgow,G2 1BP,,['96090'],PREMSECSCOTLAND,G2,PREMSECSCOTLAND|G2
SC581613,HIGHFIELD HOUNDS & HORSES LIMITED,active,ltd,2017-11-15,Kirkforthar Farm,Markinch,Glenrothes,KY7 6LS,Scotland,"['01430', '01470', '01490', '01621']",HIGHFIELDHOUNDSANDHORSES,KY7,HIGHFIELDHOUNDSANDHORSES|KY7
SC582339,TURKISH HAIRSTYLE LTD,active,ltd,2017-11-23,33 Main Street,Fauldhouse,Bathgate,EH47 9HY,Scotland,['96020'],TURKISHHAIRSTYLE,EH47,TURKISHHAIRSTYLE|EH47
SC585986,KENNY'S KITCHEN LIMITED,active,ltd,2018-01-17,2l 22 Stuart Street,Millport,Isle Of Cumbrae,KA28 0AJ,United Kingdom,['56210'],KENNYSKITCHEN,KA28,KENNYSKITCHEN|KA28
SC557916,MS RAILWAY SERVICES LIMITED,active,ltd,2017-02-16,17 Greenfinch Avenue,Cumbernauld,Glasgow,G68 9GB,Scotland,['42120'],MSRAILWAY,G68,MSRAILWAY|G68
SC559163,RIVERSIDE CAR CENTRE LIMITED,active,ltd,2017-03-02,Townhead,Midlem,Selkirk,TD7 4QD,,"['45112', '45400']",RIVERSIDECARCENTRE,TD7,RIVERSIDECARCENTRE|TD7
SC561772,MVS TRADING LIMITED,active,ltd,2017-03-28,12 Craignethan Rd Castlehill Industrial Estate,,Carluke,ML8 5WB,United Kingdom,['45112'],MVSTRADING,ML8,MVSTRADING|ML8
SC571029,NATIVE WINES LTD,active,ltd,2017-07-12,136 Dundas Street,,Edinburgh,EH3 5DQ,Scotland,['46342'],NATIVEWINES,EH3,NATIVEWINES|EH3
SC582104,RED & BLACK LEISURE LTD,active,ltd,2017-11-21,15 63 Dunnock Road,,Dunfermline,KY11 8QE,Scotland,['56302'],REDANDBLACKLEISURE,KY11,REDANDBLACKLEISURE|KY11
SC566510,DAVIDIC COVENANT LTD.,active,ltd,2017-05-19,6 Almond Court,,Edinburgh,EH16 4EE,United Kingdom,['96090'],DAVIDICCOVENANT,EH16,DAVIDICCOVENANT|EH16
SC581202,ASPECT KITCHENS LIMITED,active,ltd,2017-11-10,R A Clement Associates,5 Argyll Square,Oban,PA34 4AZ,Scotland,['55209'],ASPECTKITCHENS,PA34,ASPECTKITCHENS|PA34
SC583937,CITY LAUNDRY SERVICES LIMITED,active,ltd,2017-12-15,3 Clairmont Gardens,,Glasgow,G3 7LW,United Kingdom,['43290'],CITYLAUNDRY,G3,CITYLAUNDRY|G3
SC568553,CMDZ LIMITED,active,ltd,2017-06-13,6 The Loaning,,Motherwell,ML1 3HE,Scotland,['45200'],CMDZ,ML1,CMDZ|ML1
SC586274,LV42TRACK LIMITED,active,ltd,2018-01-19,"24 Drygate, Gibson Heights",Flat 5/2,Glasgow,G4 0YD,,['96090'],LV42TRACK,G4,LV42TRACK|G4
SC586017,ASIAN SPICE (MULL) LIMITED,active,ltd,2018-01-17,24 Main Street,,Tobermory,PA75 6NU,United Kingdom,['56101'],ASIANSPICEMULL,PA75,ASIANSPICEMULL|PA75
SC584365,SKOTLANDREJSER LTD,active,ltd,2017-12-22,43 Dean Street,,Edinburgh,EH4 1LL,Scotland,['79901'],SKOTLANDREJSER,EH4,SKOTLANDREJSER|EH4
SC559990,S MALONEY ELECTRICAL LTD,active,ltd,2017-03-09,164 Sandpiper Drive Sandpiper Drive,,East Kilbride,G75 8UW,,['43210'],SMALONEYELECTRICAL,G75,SMALONEYELECTRICAL|G75
SC557658,TRUST INN MANAGEMENT LIMITED,active,ltd,2017-02-15,8 Low Barholm,Kilbarchan,Johnstone,PA10 2ET,Scotland,['56302'],TRUSTINNMANAGEMENT,PA10,TRUSTINNMANAGEMENT|PA10
SC561284,TWO OF US CREATIONS LTD,active,ltd,2017-03-23,11 West Toll Crescent,,Aboyne,AB34 5GB,Scotland,"['47510', '47789', '90030']",TWOOFUSCREATIONS,AB34,TWOOFUSCREATIONS|AB34
SC562691,RAAL SUBSEA LIMITED,active,ltd,2017-04-06,1 Simonsburn Road,,Kilmarnock,KA1 5LA,United Kingdom,['70229'],RAALSUBSEA,KA1,RAALSUBSEA|KA1
SC581272,DARY LOGISTICS UK LTD,active,ltd,2017-11-10,"Flat A, 137a Union Grove",,Aberdeen,AB10 6SN,Scotland,['82990'],DARYLOGISTICS,AB10,DARYLOGISTICS|AB10
10477317,TENSILE FABRIC STRUCTURES LIMITED,active,ltd,2016-11-14,Unit 22a Beacon Business Park Norman Way,Portskewett,Caldicot,NP26 5PY,United Kingdom,['43999'],TENSILEFABRICSTRUCTURES,NP26,TENSILEFABRICSTRUCTURES|NP26
SC565026,TOP MOBILE LTD,active,ltd,2017-05-05,12 Kirkfield Gardens,,Renfrew,PA4 8JE,Scotland,['82990'],TOPMOBILE,PA4,TOPMOBILE|PA4
SC575231,LEM TRADING LIMITED,active,ltd,2017-09-01,16/18 Weir Street,,Falkirk,FK1 1RA,United Kingdom,['56102'],LEMTRADING,FK1,LEMTRADING|FK1
SC575433,WEANZ WORLD LTD,active,ltd,2017-09-05,41 Hallcraig Street,,Airdrie,ML6 6AH,Scotland,['93290'],WEANZWORLD,ML6,WEANZWORLD|ML6
SC581573,TOUR HIGHLANDS LTD,active,ltd,2017-11-15,SC581573 - COMPANIES HOUSE DEFAULT ADDRESS,,Edinburgh,EH7 9HR,,['79901'],TOURHIGHLANDS,EH7,TOURHIGHLANDS|EH7
SC579253,TOWNSHEND BARS LIMITED,active,ltd,2017-10-18,18 Milton Street,,Dundee,DD3 6QQ,United Kingdom,['56302'],TOWNSHENDBARS,DD3,TOWNSHENDBARS|DD3
SC575411,24-8 MVR LIMITED,active,ltd,2017-09-04,2 Kerr Crescent,,Hamilton,ML3 8JT,Scotland,['49410'],248MVR,ML3,248MVR|ML3
SC576575,SPARKLE PROPERTY MANAGEMENT SERVICES LTD,active,ltd,2017-09-18,22 Braid Road,,Edinburgh,EH10 6AD,Scotland,['81100'],SPARKLEPROPERTYMANAGEMENT,EH10,SPARKLEPROPERTYMANAGEMENT|EH10
SC564331,TONI'S PIZZERIA WEST END LTD,active,ltd,2017-04-26,223 Fenwick Road,Giffnock,Glasgow,G46 6JG,Scotland,['56101'],TONISPIZZERIAWESTEND,G46,TONISPIZZERIAWESTEND|G46
SC587481,FIRST NEWS 1 LIMITED,active,ltd,2018-02-01,542 Gorgie Road,,Edinburgh,EH11 3AL,Scotland,['47110'],FIRSTNEWS1,EH11,FIRSTNEWS1|EH11
SC574496,PRIDE COMMERCIAL INTERIORS LTD,active,ltd,2017-08-23,Suite 292 3rd Floor 93 Hope Street,,Glasgow,G2 6LD,Scotland,['46900'],PRIDECOMMERCIALINTERIORS,G2,PRIDECOMMERCIALINTERIORS|G2
SC564809,MONICA SAMBO LIMITED,active,ltd,2017-05-03,21/12 Macgill Drive,,Edinburgh,EH4 4FD,Scotland,['99999'],MONICASAMBO,EH4,MONICASAMBO|EH4
SC568691,FUTURE YOU RECRUITMENT LTD,active,ltd,2017-06-14,20 Hillcrest Avenue,,Kirkcaldy,KY2 5TU,United Kingdom,['78300'],FUTUREYOURECRUITMENT,KY2,FUTUREYOURECRUITMENT|KY2
SC573286,JAIDEN LOGISTICS LIMITED,active,ltd,2017-08-09,272 Bath Street,,Glasgow,G2 4JR,Scotland,['49410'],JAIDENLOGISTICS,G2,JAIDENLOGISTICS|G2
SC573102,MCGIN - THE GLASGOW GIN LTD,active,ltd,2017-08-08,17 Hope Street,,Glasgow,G2 6AB,United Kingdom,['46342'],MCGINTHEGLASGOWGIN,G2,MCGINTHEGLASGOWGIN|G2
SC580575,DCW SERVICES LIMITED,active,ltd,2017-11-03,12b Hillside Street,,Edinburgh,EH7 5HB,Scotland,['99999'],DCW,EH7,DCW|EH7
SC587573,INGRAM ENGINEERING SERVICES LTD,active,ltd,2018-02-02,25 North Road,Liff,Dundee,DD2 5SQ,United Kingdom,['42990'],INGRAMENGINEERING,DD2,INGRAMENGINEERING|DD2
SC573325,SUMMIT SPEAKER LTD,active,ltd,2017-08-09,89 Hillfoot Drive,Bearsden,Glasgow,G61 3QG,United Kingdom,['18130'],SUMMITSPEAKER,G61,SUMMITSPEAKER|G61
SC567717,JAKES ENG MAINTENANCE LTD,active,ltd,2017-06-02,"C/O Ontax Accountants Ltd Unit 4, Dewar House","Carnegie Campus, Enterprise Way",Dunfermline,KY11 8PY,Scotland,['82990'],JAKESENGMAINTENANCE,KY11,JAKESENGMAINTENANCE|KY11
SC583116,ATTIC IN THE TOWN LTD,active,ltd,2017-12-05,38 North Castle Street,,Edinburgh,EH2 3BN,United Kingdom,['55100'],ATTICINTHETOWN,EH2,ATTICINTHETOWN|EH2
SC581283,FORE MOTORS LIMITED,active,ltd,2017-11-10,11 Alloway Wynd,Newarthill,Motherwell,ML1 5JR,Scotland,"['45112', '45200', '45320']",FOREMOTORS,ML1,FOREMOTORS|ML1
SC566327,BARRHEAD STORE LTD,active,ltd,2017-05-18,8 Benview Road,Clarkston,Glasgow,G76 7PP,Scotland,['47520'],BARRHEADSTORE,G76,BARRHEADSTORE|G76
SC581429,QUARTZ RED LTD,active,ltd,2017-11-14,117 Barfillan Drive Barfillan Drive,,Glasgow,G52 1BD,Scotland,"['47910', '59112', '90020', '90040']",QUARTZRED,G52,QUARTZRED|G52
SC580415,NEW TOWN RENTALS LTD,active,ltd,2017-11-01,30a London Street,,Edinburgh,EH3 6NA,Scotland,['68320'],NEWTOWNRENTALS,EH3,NEWTOWNRENTALS|EH3
SC579091,BOTHY COFFEE LTD,active,ltd,2017-10-17,Paisley Shopping Centre,23 High Street,Paisley,PA1 2AQ,Scotland,['47810'],BOTHYCOFFEE,PA1,BOTHYCOFFEE|PA1
SC579539,HS GLASGOW TRADING LTD,active,ltd,2017-10-20,196 Albert Drive,,Glasgow,G41 2NH,Scotland,['96090'],HSGLASGOWTRADING,G41,HSGLASGOWTRADING|G41
SC581264,AVA (SHOTTS) LTD.,active,ltd,2017-11-10,279d Bank Street,,Coatbridge,ML5 1HT,Scotland,['49390'],AVASHOTTS,ML5,AVASHOTTS|ML5
SC560375,MASTRO AVIATION LTD,active,ltd,2017-03-14,34 Newmarket Street,,Ayr,KA7 1LP,Scotland,['33160'],MASTROAVIATION,KA7,MASTROAVIATION|KA7
SC581763,MAKS SAFETY LTD,active,ltd,2017-11-16,Unit 45 Huntershill Village,Bishopbriggs,Glasgow,G64 1RP,United Kingdom,"['43999', '85590']",MAKSSAFETY,G64,MAKSSAFETY|G64
SC561029,CLOW ENGINEERING SERVICES LIMITED,active,ltd,2017-03-20,80 Glenapp Place,,Kilwinning,KA13 6TE,Scotland,['71129'],CLOWENGINEERING,KA13,CLOWENGINEERING|KA13
SC582916,UTILITY HEALTHCHEQUE LTD,active,ltd,2017-12-01,82 Berkeley Street,,Glasgow,G3 7DS,Scotland,['96090'],UTILITYHEALTHCHEQUE,G3,UTILITYHEALTHCHEQUE|G3
SC573676,MY AIR GURU LIMITED,active,ltd,2017-08-14,12 Southview Road,Strathblane,Glasgow,G63 9JQ,United Kingdom,['81299'],MYAIRGURU,G63,MYAIRGURU|G63
SC577055,NEWPORT HABITAT SOLUTIONS LTD,active,ltd,2017-09-25,42 Dudhope Crescent Road,,Dundee,DD1 5RR,Scotland,['09100'],NEWPORTHABITATSOLUTIONS,DD1,NEWPORTHABITATSOLUTIONS|DD1
SC567737,MAK CONTRACTS (SCOTLAND) LTD.,active,ltd,2017-06-02,82 Muir Street,,Hamilton,ML3 6BJ,Scotland,['96090'],MAKCONTRACTSSCOTLAND,ML3,MAKCONTRACTSSCOTLAND|ML3
SC586490,LE BISTROT BY PATISSERIE MAXIME LTD,active,ltd,2018-01-23,14 Queensferry Street,,Edinburgh,EH2 4PG,Scotland,['56101'],LEBISTROTBYPATISSERIEMAXIME,EH2,LEBISTROTBYPATISSERIEMAXIME|EH2
SC575337,C-MAX TECHNICAL SERVICES LTD,active,ltd,2017-09-04,Flat C Abbey Lodge,Abbey Street,Arbroath,DD11 1EG,Scotland,['74909'],CMAXTECHNICAL,DD11,CMAXTECHNICAL|DD11
SC572849,ORASCULPT SCOTLAND LTD,active,ltd,2017-08-03,146 West Regent Street,,Glasgow,G2 2RQ,Scotland,['86230'],ORASCULPTSCOTLAND,G2,ORASCULPTSCOTLAND|G2
SC558213,VIVIDACCOUNTS LTD,active,ltd,2017-02-21,64a Cumberland Street,,Edinburgh,EH3 6RE,Scotland,"['69201', '69202', '69203']",VIVIDACCOUNTS,EH3,VIVIDACCOUNTS|EH3
SC563738,REGENT HOUSE GLASGOW LIMITED,active,ltd,2017-04-20,27 Buckingham Terrace,,Glasgow,G12 8ED,Scotland,['55100'],REGENTHOUSEGLASGOW,G12,REGENTHOUSEGLASGOW|G12
SC572811,DK AEROSPACE LIMITED,active,ltd,2017-08-03,14 Denny Crescent,,Saltcoats,KA21 6GU,Scotland,['33160'],DKAEROSPACE,KA21,DKAEROSPACE|KA21
SC563936,AMICI (STRATHAVEN) LIMITED,active,ltd,2017-04-21,1 Wellbrae,,Strathaven,ML10 6AL,Scotland,['56101'],AMICISTRATHAVEN,ML10,AMICISTRATHAVEN|ML10
SC586657,THIRTEEN14 LIMITED,active,ltd,2018-01-24,Duddingston House,Milton Road West,Edinburgh,EH15 1RB,United Kingdom,"['69201', '69202', '69203']",THIRTEEN14,EH15,THIRTEEN14|EH15
SC559245,APTMS ELECTRICAL LIMITED,active,ltd,2017-03-02,Abt & P Consultancy Service,56a Culcabock Avenue,Inverness,IV2 3RQ,Scotland,['43210'],APTMSELECTRICAL,IV2,APTMSELECTRICAL|IV2
SC587641,HCO QUALITY ENGINEERING SERVICES LTD.,active,ltd,2018-02-02,7 Cleveland Place,,Motherwell,ML1 2FR,Scotland,['96090'],HCOQUALITYENGINEERING,ML1,HCOQUALITYENGINEERING|ML1
SC565577,SJM CHANGE LTD,active,ltd,2017-05-10,60 St. Enoch Square,5th Floor,Glasgow,G1 4AG,Scotland,['62020'],SJMCHANGE,G1,SJMCHANGE|G1
SC582294,DRIVEBUY TRUCKERS LIMITED,active,ltd,2017-11-23,"Academy House, Suite 15",1346 Shettleston Road,Glasgow,G32 9AT,Scotland,['49410'],DRIVEBUYTRUCKERS,G32,DRIVEBUYTRUCKERS|G32
SC588157,BRODIE HUTTON LTD,active,ltd,2018-02-08,18 Macfarlane Crescent Cambuslang,,Glasgow,G72 7GG,United Kingdom,['42120'],BRODIEHUTTON,G72,BRODIEHUTTON|G72
SC568526,EVENT PRODUCTION GROUP LTD,active,ltd,2017-06-12,Mulroy,Whins Of Milton,Stirling,FK7 8EW,,['82990'],EVENTPRODUCTION,FK7,EVENTPRODUCTION|FK7
SC574265,FGM CONTRACTS LTD,active,ltd,2017-08-21,272 Bath Street,,Glasgow,G2 4JR,Scotland,"['66190', '66210', '74901', '82110']",FGMCONTRACTS,G2,FGMCONTRACTS|G2
SC562686,BYDAND ACCESS LTD,active,ltd,2017-04-06,12 Carron Place,"Kelvin Industrial Estate, East Kilbride",Glasgow,G75 0YL,United Kingdom,['09100'],BYDANDACCESS,G75,BYDANDACCESS|G75
SC573098,SOFTLEY DOMESTIC SERVICES LIMITED,active,ltd,2017-08-08,Flat2/1. 14 Bolivar Terrace,,Glasgow,G42 9AR,United Kingdom,['74909'],SOFTLEYDOMESTIC,G42,SOFTLEYDOMESTIC|G42
SC557752,C BUILD CONTRACTS LTD,active,ltd,2017-02-15,505 Great Western Road,,Glasgow,G12 8HN,Scotland,['43290'],CBUILDCONTRACTS,G12,CBUILDCONTRACTS|G12
SC581452,ALL ROUND ACCESS LIMITED,active,ltd,2017-11-14,45 Culduthel Mains Circle,Culduthel,Inverness,IV2 6RH,United Kingdom,['43999'],ALLROUNDACCESS,IV2,ALLROUNDACCESS|IV2
10171816,UNDER SEVENTEEN DRIVING LIMITED,active,ltd,2016-05-10,87 Mill Hill Road,,Wirral,CH61 4XA,United Kingdom,['85530'],UNDERSEVENTEENDRIVING,CH61,UNDERSEVENTEENDRIVING|CH61
NI626414,MJL WORKFORCE ENGAGEMENT SERVICES LTD,active,ltd,2014-08-29,70 Cavanoneill Road,Pomeroy,Dungannon,BT70 2SH,Northern Ireland,['43999'],MJLWORKFORCEENGAGEMENT,BT70,MJLWORKFORCEENGAGEMENT|BT70
08509391,SUSSEX CONSERVATION CONSORTIUM LTD,active,ltd,2013-04-30,Barttelot Court,Barttelot Road,Horsham,RH12 1DQ,,"['91011', '91012', '91020']",SUSSEXCONSERVATIONCONSORTIUM,RH12,SUSSEXCONSERVATIONCONSORTIUM|RH12
12171781,TILSTON BUSINESS SOLUTIONS LTD,active,ltd,2019-08-23,Hop Cottage Sadlers Hill,Goodnestone,Canterbury,CT3 1PF,England,['74909'],TILSTONBUSINESSSOLUTIONS,CT3,TILSTONBUSINESSSOLUTIONS|CT3
SC418610,SCOTMID PENSION GP LIMITED,active,ltd,2012-03-05,Hillwood House 2 Harvest Drive,Newbridge,Edinburgh,EH28 8QJ,,['99999'],SCOTMIDPENSIONGP,EH28,SCOTMIDPENSIONGP|EH28
08477987,F5CS LTD,active,ltd,2013-04-08,2 Westglade Court,,Harrow,HA3 0XQ,United Kingdom,['47410'],F5CS,HA3,F5CS|HA3
02374288,DELTA AIRCRAFT SERVICES LIMITED,active,ltd,1989-04-20,Unit A Cadbury Business Park,Sparkford,Yeovil,BA22 7LH,,['25990'],DELTAAIRCRAFT,BA22,DELTAAIRCRAFT|BA22
10643043,LTV LIGHTING LTD,active,ltd,2017-02-28,121 Carr Head Lane,,Poulton-Le-Fylde,FY6 8EG,England,['43210'],LTVLIGHTING,FY6,LTVLIGHTING|FY6
SC222140,RYANCOVE LIMITED,active,ltd,2001-08-10,25 Craigs Road,Edinburgh,Lothian,EH12 8EJ,,['99999'],RYANCOVE,EH12,RYANCOVE|EH12
10521358,DEE'S KITCHEN LTD,active,ltd,2016-12-12,10521358: COMPANIES HOUSE DEFAULT ADDRESS,,Cardiff,CF14 8LH,,"['56103', '56290', '82990']",DEESKITCHEN,CF14,DEESKITCHEN|CF14
05923457,P BAMSEY LIMITED,active,ltd,2006-09-04,26 The Banks,Wellingborough,Northamptonshire,NN9 5YX,,['41100'],PBAMSEY,NN9,PBAMSEY|NN9
02712435,AMERICANA VACATIONS PUBLIC LIMITED COMPANY,active,plc,1992-05-06,125 Parkway Regents Park,,London,NW1 7PS,United Kingdom,['79110'],AMERICANAVACATIONS,NW1,AMERICANAVACATIONS|NW1
11964757,AL WATHBA FALCONS LTD,active,ltd,2019-04-26,71-75 Shelton Street,Covent Garden,London,WC2H 9JQ,England,['01621'],ALWATHBAFALCONS,WC2H,ALWATHBAFALCONS|WC2H
06209568,TREMORFA GROUP  LIMITED,active,ltd,2007-04-11,St Mellons Hotel,Castleton,Cardiff,CF3 2XR,United Kingdom,['81100'],TREMORFA,CF3,TREMORFA|CF3
06246158,PRACTICAL CHEMICAL COMPLIANCE EUROPE LIMITED,active,ltd,2007-05-14,5 Deansway,Worcester,,WR1 2JG,,['74909'],PRACTICALCHEMICALCOMPLIANCEEUROPE,WR1,PRACTICALCHEMICALCOMPLIANCEEUROPE|WR1
07147714,INVESTOR NOMINEES LIMITED,active,ltd,2010-02-05,201 Deansgate,,Manchester,M3 3NW,United Kingdom,['66120'],INVESTORNOMINEES,M3,INVESTORNOMINEES|M3
11996344,KIDS CODING ACADEMY LIMITED,active,ltd,2019-05-15,Suite 147 5 High Street,,Maidenhead,SL6 1JN,United Kingdom,['62090'],KIDSCODINGACADEMY,SL6,KIDSCODINGACADEMY|SL6
08878227,PROFICIO EDUCATION LIMITED,active,ltd,2014-02-05,29 Winchester Close,Woolton,Liverpool,L25 7YD,,['85600'],PROFICIOEDUCATION,L25,PROFICIOEDUCATION|L25
06577062,GRESHAM'S SCHOOL ENTERPRISES LIMITED,active,ltd,2008-04-25,Enterprises Ltd Gresham's School,Cromer Road,Holt,NR25 6EA,,"['47710', '55209', '56102', '93110']",GRESHAMSSCHOOLENTERPRISES,NR25,GRESHAMSSCHOOLENTERPRISES|NR25
10183886,BEN'S BROTHERS LIMITED,active,ltd,2016-05-17,38 Oakdale Avenue,,Northwood,HA6 1PG,England,['42990'],BENSBROTHERS,HA6,BENSBROTHERS|HA6
04762430,HOOPERS HOMES LIMITED,active,ltd,2003-05-13,10 St Judes 10 St. Judes Road,Englefield Green,Egham,TW20 0BY,England,['41100'],HOOPERSHOMES,TW20,HOOPERSHOMES|TW20
03767146,THE PRACTICE LOAN COMPANY PLC,active,plc,1999-05-10,"No 5 The Mews, Trent Business Centre Trent Park",Eastern Avenue,Lichfield,WS13 6RR,England,['82990'],THEPRACTICELOANCOMPANY,WS13,THEPRACTICELOANCOMPANY|WS13
09032568,BOUND TREE MEDICAL EUROPE LTD,active,ltd,2014-05-09,"Unit 3, Stag Buisniess Park C/O Btme Group Ltd",Donnington Wood,Telford,TF2 7NA,,['47749'],BOUNDTREEMEDICALEUROPE,TF2,BOUNDTREEMEDICALEUROPE|TF2
08943959,EXFED LIFE COMMUNITY INTEREST COMPANY,active,ltd,2014-03-18,Unit 4 199 Eade Road,,London,N4 1DN,,['68320'],EXFEDLIFECOMMUNITYINTERESTCOMPANY,N4,EXFEDLIFECOMMUNITYINTERESTCOMPANY|N4
11943310,VELUPILLAI CARS LIMITED,active,ltd,2019-04-12,Farda Accountants Limited,36 Portishead Road,Leicester,LE5 0JL,England,['45112'],VELUPILLAICARS,LE5,VELUPILLAICARS|LE5
02945372,P. G. ASHTON & SONS (SURVEYORS) LIMITED,active,ltd,1994-07-04,Executive Suite 6 & 7 The Business Centre The Old Brickworks,Church Road,Romford,RM3 0JA,England,['71111'],PGASHTONANDSONSSURVEYORS,RM3,PGASHTONANDSONSSURVEYORS|RM3
04435267,BRIDGE PHARMACY (NEWCASTLE EMLYN) LIMITED,active,ltd,2002-05-10,Merchants Warehouse,Castle Street,Manchester,M3 4LZ,England,['74990'],BRIDGEPHARMACYNEWCASTLEEMLYN,M3,BRIDGEPHARMACYNEWCASTLEEMLYN|M3
10055038,HITEL DEVELOPMENTS LIMITED,active,ltd,2016-03-10,Preston Park House,South Road,Brighton,BN1 6SB,United Kingdom,['41100'],HITELDEVELOPMENTS,BN1,HITELDEVELOPMENTS|BN1
06539664,CDC RESTORATION LTD,active,ltd,2008-03-19,Bellingham House,2 Huntingdon Street,St. Neots,PE19 1BG,England,"['43290', '43320', '43341', '43342']",CDCRESTORATION,PE19,CDCRESTORATION|PE19
SC615124,EVOLUTION RESOURCES LIMITED,active,ltd,2018-11-30,"Milton Buisness Centre, 10 Milton Street,",Office 2,Dundee,DD3 6QQ,Scotland,['78200'],EVOLUTIONRESOURCES,DD3,EVOLUTIONRESOURCES|DD3
SC618752,ROSEWOOD MORTGAGES LIMITED,active,ltd,2019-01-21,"Unit 21 Rosewood Mortgages, Unit 21","The Paisley Centre, High Street",Paisley,PA1 2AQ,Scotland,"['64922', '66220']",ROSEWOODMORTGAGES,PA1,ROSEWOODMORTGAGES|PA1
SC613281,EION ROBERTSON TRANSPORT LTD,active,ltd,2018-11-09,101 Polkemmet Drive Polkemmet Drive,Harthill,Shotts,ML7 5RD,United Kingdom,['49410'],EIONROBERTSONTRANSPORT,ML7,EIONROBERTSONTRANSPORT|ML7
SC613840,GB HOME IMPROVEMENTS & MAINTENANCE LTD,active,ltd,2018-11-16,2e Doonside,Cumbernauld,Glasgow,G67 2HX,United Kingdom,"['43290', '43999']",GBHOMEIMPROVEMENTSANDMAINTENANCE,G67,GBHOMEIMPROVEMENTSANDMAINTENANCE|G67
SC622521,POLISH ME LTD,active,ltd,2019-02-26,150 Easter Road,,Edinburgh,EH7 5RL,Scotland,['96020'],POLISHME,EH7,POLISHME|EH7
SC624159,SMT (SCOTLAND) LTD,active,ltd,2019-03-12,12 Carron Place,,East Kilbride,G75 0YL,United Kingdom,['43320'],SMTSCOTLAND,G75,SMTSCOTLAND|G75
SC615214,SOUP&THAI LTD,active,ltd,2018-12-03,28 Warrender Park Road,,Edinburgh,EH9 1JG,United Kingdom,"['56102', '56103']",SOUPANDTHAI,EH9,SOUPANDTHAI|EH9
06989415,HIGHER STANDARD LIMITED,active,ltd,2009-08-12,239 Balfour Rd,,Ilford,IG1 4HX,,['81229'],HIGHERSTANDARD,IG1,HIGHERSTANDARD|IG1
SC625685,PM CONSERVATION CONTRACTS LIMITED,active,ltd,2019-03-26,10 Clydesdale Street,,Hamilton,ML3 0DP,Scotland,['96090'],PMCONSERVATIONCONTRACTS,ML3,PMCONSERVATIONCONTRACTS|ML3
SC613977,REBEL WITH A CLAUSE LTD,active,ltd,2018-11-19,98 Avalon Gardens,Linlithgow Bridge,Linlithgow,EH49 7PL,United Kingdom,['82190'],REBELWITHACLAUSE,EH49,REBELWITHACLAUSE|EH49
SC623635,AKAW LIMITED,active,ltd,2019-03-08,13 Saladin Street,,Kirkcaldy,KY1 2EN,,['70229'],AKAW,KY1,AKAW|KY1
SC621228,GRAND FOUNTAIN LIMITED,active,ltd,2019-02-14,Alexandria Delivery Office,Lomond Industrial Estate,Alexanbdria,G83 0LY,Scotland,['56302'],GRANDFOUNTAIN,G83,GRANDFOUNTAIN|G83
SC622134,MARBARCO LIMITED,active,ltd,2019-02-22,8 Possil Road,,Glasgow,G4 9SY,Scotland,['56302'],MARBARCO,G4,MARBARCO|G4
SC626679,JOHN CAMPBELL JOINERY SERVICES LTD,active,ltd,2019-04-04,12b Dalilea Drive,,Glasgow,G34 0EJ,Scotland,['16230'],JOHNCAMPBELLJOINERY,G34,JOHNCAMPBELLJOINERY|G34
SC626687,OSA PIPEFITTERS LIMITED,active,ltd,2019-04-04,133 St James Business Centre Linwood Road,Linwood,Paisley,PA3 3AT,Scotland,['33200'],OSAPIPEFITTERS,PA3,OSAPIPEFITTERS|PA3
SC625210,RUSH WELDING SERVICES LIMITED,active,ltd,2019-03-22,Flat 1/2 25 Belville Avenue,,Greenock,PA15 2LQ,Scotland,['96090'],RUSHWELDING,PA15,RUSHWELDING|PA15
SC609609,CITY STAR PIZZA & KEBAB LIMITED,active,ltd,2018-10-02,42 Dudhope Crescent Road,,Dundee,DD1 5RR,Scotland,['56103'],CITYSTARPIZZAANDKEBAB,DD1,CITYSTARPIZZAANDKEBAB|DD1
SC616126,CITYDEVELPHOME LIMITED,active,ltd,2018-12-13,102 Commercial Street,The Shore,Edinburgh,EH6 6LS,Scotland,['55900'],CITYDEVELPHOME,EH6,CITYDEVELPHOME|EH6
09325572,P KELL TRADING LIMITED,active,ltd,2014-11-24,Ground Floor - Lion House,Willowburn Trading Estate,Alnwick,NE66 2PF,England,['32409'],PKELLTRADING,NE66,PKELLTRADING|NE66
SC614046,SIMON'S GIFTS LTD,active,ltd,2018-11-19,29 Clermiston Place,,Edinburgh,EH4 7DN,United Kingdom,['47990'],SIMONSGIFTS,EH4,SIMONSGIFTS|EH4
SC610287,MG PROPERTY MANAGEMENT SERVICES LTD,active,ltd,2018-10-08,50 Bayne Drive,,Dingwall,IV15 9UB,Scotland,['98000'],MGPROPERTYMANAGEMENT,IV15,MGPROPERTYMANAGEMENT|IV15
SC621337,WIND SAFETY 360 LTD,active,ltd,2019-02-15,44 Glenvila Circle,,Paisley,PA2 8TS,,['70229'],WINDSAFETY360,PA2,WINDSAFETY360|PA2
SC609680,DEUTSCH LEBEN LTD,active,ltd,2018-10-02,103 Brodie Court Brodie Court,,Glenrothes,KY7 4UE,United Kingdom,"['43220', '43320']",DEUTSCHLEBEN,KY7,DEUTSCHLEBEN|KY7
SC612260,CM6 RAIL LTD,active,ltd,2018-10-31,34 Carrick Avenue,,Saltcoats,KA21 6DZ,,['49410'],CM6RAIL,KA21,CM6RAIL|KA21
SC627111,INVER RIGGING LTD,active,ltd,2019-04-09,28-30 North Street,,Dalry,KA24 5DW,United Kingdom,['82990'],INVERRIGGING,KA24,INVERRIGGING|KA24
SC615040,66 RMT LTD,active,ltd,2018-11-29,2/1 79 Quarry Street,,Hamilton,ML3 7AG,Scotland,['42120'],66RMT,ML3,66RMT|ML3
SC625395,C B DOWNIE INSPECTION LTD,active,ltd,2019-03-25,11 Livingstone Quadrant,Harthill,Shotts,ML7 5PY,Scotland,['71122'],CBDOWNIEINSPECTION,ML7,CBDOWNIEINSPECTION|ML7
SC610883,TILLMAN SCAFFOLDING LTD,active,ltd,2018-10-15,5 Pritchard Crescent,5 Pritchard Crescent,Beauly,IV4 7EU,United Kingdom,['43991'],TILLMANSCAFFOLDING,IV4,TILLMANSCAFFOLDING|IV4
SC625599,IHTTP LTD,active,ltd,2019-03-26,"10 Office 2, Milton Business Centre",10 Milton St,Dundee,DD3 6QQ,Scotland,"['62090', '82990']",IHTTP,DD3,IHTTP|DD3
SC617003,G HENDERSON DELIVER SERVICES LIMITED,active,ltd,2018-12-28,6 Sandyhill Road,,St Andrews,KY16 8EG,Scotland,['53201'],GHENDERSONDELIVER,KY16,GHENDERSONDELIVER|KY16
SC613344,NU-TECH SOLUTIONS LTD,active,ltd,2018-11-12,22 Wells Street,,Inverness,IV3 5JT,United Kingdom,['43210'],NUTECHSOLUTIONS,IV3,NUTECHSOLUTIONS|IV3
SC615957,JCWS ENGINEERING LIMITED,active,ltd,2018-12-11,4 Ogilvie Place,Portsoy,Banff,AB45 2JW,Scotland,['09100'],JCWSENGINEERING,AB45,JCWSENGINEERING|AB45
SC620321,B R WINDOW SOLUTIONS LTD,active,ltd,2019-02-06,6th Floor Gordon Chambers,90 Mitchell Street,Glasgow,G1 3NQ,Scotland,['96090'],BRWINDOWSOLUTIONS,G1,BRWINDOWSOLUTIONS|G1
SC624740,GIBSON LEISURE LIMITED,active,ltd,2019-03-18,79 Nimmo Place,,Perth,PH1 2QA,Scotland,['96040'],GIBSONLEISURE,PH1,GIBSONLEISURE|PH1
SC621374,KHEPBURN SERVICES LTD,active,ltd,2019-02-15,64 Rona Place,,Aberdeen,AB16 6EJ,Scotland,['74909'],KHEPBURN,AB16,KHEPBURN|AB16
08322014,KAMPMANN UK LTD,active,ltd,2012-12-06,6th Floor 9 Appold Street,,London,EC2A 2AP,United Kingdom,"['25210', '35300']",KAMPMANN,EC2A,KAMPMANN|EC2A
SC621826,FEEFEE4 LTD,active,ltd,2019-02-20,6 Blair Road,Crossford,Carluke,ML8 5RF,Scotland,['68209'],FEEFEE4,ML8,FEEFEE4|ML8
SC622278,R.K ENGINEERS LTD,active,ltd,2019-02-25,31 Cables Drive,,Alexandria,G83 9EN,United Kingdom,"['30200', '33170', '45200']",RKENGINEERS,G83,RKENGINEERS|G83
SC615089,EAST INDIAN FOOD LTD,active,ltd,2018-11-30,263b St. Johns Road,,Edinburgh,EH12 7XD,Scotland,['56103'],EASTINDIANFOOD,EH12,EASTINDIANFOOD|EH12
SC622577,SHAHEENAH SERENE ARTISTRY LIMITED,active,ltd,2019-02-27,C/O Shaheenah Serene Artistry,0/1 133 Stanmore Road,Glasgow,G42 9AN,Scotland,['96020'],SHAHEENAHSERENEARTISTRY,G42,SHAHEENAHSERENEARTISTRY|G42
SC609194,ALMASS LTD,active,ltd,2018-09-26,32 Alpin Drive,,Dunblane,FK15 0FQ,Scotland,['96090'],ALMASS,FK15,ALMASS|FK15
SC613616,VERIFIED GROUP GLASGOW LTD,active,ltd,2018-11-14,70 Hutcheson Street,Second Floor,Glasgow,G1 1SH,Scotland,['73110'],VERIFIEDGROUPGLASGOW,G1,VERIFIEDGROUPGLASGOW|G1
SC618163,JIM THOMPSON THERAPY LTD,active,ltd,2019-01-15,Breco Accounting Services Ltd,1346 Shettleston Road,Glasgow,G32 9AT,Scotland,['86900'],JIMTHOMPSONTHERAPY,G32,JIMTHOMPSONTHERAPY|G32
SC612459,L&B CATERING LIMITED,active,ltd,2018-11-01,249 Govan Road,,Glasgow,G51 1HJ,Scotland,['47810'],LANDBCATERING,G51,LANDBCATERING|G51
SC620993,BNK ABERDEEN LTD,active,ltd,2019-02-12,9a Little Belmont Street,,Aberdeen,AB10 1JG,United Kingdom,['56102'],BNKABERDEEN,AB10,BNKABERDEEN|AB10
SC626449,HOPE GROUNDWORKS AND BUILDING CONTRACTS LIMITED,active,ltd,2019-04-02,31 Rankin Crescent,Dennyloanhead,Bonnybridge,FK4 1RA,Scotland,['43999'],HOPEGROUNDWORKSANDBUILDINGCONTRACTS,FK4,HOPEGROUNDWORKSANDBUILDINGCONTRACTS|FK4
SC613193,C & J PUBLICANS LIMITED,active,ltd,2018-11-09,20 Caledonian Road,,Wishaw,ML2 8AR,United Kingdom,['56302'],CANDJPUBLICANS,ML2,CANDJPUBLICANS|ML2
SC626640,COOL COFFEE LTD,active,ltd,2019-04-03,C/O Dm Mcnaught & Co Ltd,166 Buchanan Street,Glasgow,G1 2LW,United Kingdom,['47110'],COOLCOFFEE,G1,COOLCOFFEE|G1
SC616291,KELVINGROVE PUBLIC HOUSE LIMITED,active,ltd,2018-12-14,82 Berkeley Street,,Glasgow,G3 7DS,Scotland,['56302'],KELVINGROVEPUBLICHOUSE,G3,KELVINGROVEPUBLICHOUSE|G3
SC619213,CARDOWAN LTD,active,ltd,2019-01-25,The Foundry,36-40 Hopetoun Street,Bathgate,EH48 4EU,,['56101'],CARDOWAN,EH48,CARDOWAN|EH48
SC615047,XOTIC COMETS UK LIMITED,active,ltd,2018-11-29,249 Govan Road,,Glasgow,G51 1HJ,Scotland,['46170'],XOTICCOMETS,G51,XOTICCOMETS|G51
04696971,UTTOXETER REWINDS LIMITED,active,ltd,2003-03-13,Unit 5 Bramshall Industrial Estate,Bramshall,Uttoxeter,ST14 8TD,,['33140'],UTTOXETERREWINDS,ST14,UTTOXETERREWINDS|ST14
SC620216,SCOTT'S WELLBEING & COUNSELLING SERVICES LTD,active,ltd,2019-02-05,11 Queensgate,,Inverness,IV1 1DF,,['86900'],SCOTTSWELLBEINGANDCOUNSELLING,IV1,SCOTTSWELLBEINGANDCOUNSELLING|IV1
SC626019,B&K KWIK CLEAN LTD,active,ltd,2019-03-29,58 Long Lane,Broughty Ferry,Dundee,DD5 1HH,Scotland,['81221'],BANDKKWIKCLEAN,DD5,BANDKKWIKCLEAN|DD5
SC613939,L&L BISTROS LTD,active,ltd,2018-11-19,138 Cross Skigersta Road,Ness,Isle Of Lewis,HS2 0TD,United Kingdom,['56101'],LANDLBISTROS,HS2,LANDLBISTROS|HS2
SC621964,TC GLW LIMITED,active,ltd,2019-02-21,385 Aikenhead Road,,Glasgow,G42 0QG,Scotland,['47789'],TCGLW,G42,TCGLW|G42
SC615132,CCM COURIER EXPRESS LTD,active,ltd,2018-11-30,9 Teviot Drive,,Bishopton,PA7 5EA,Scotland,['96090'],CCMCOURIEREXPRESS,PA7,CCMCOURIEREXPRESS|PA7
SC625162,POPPING UP LIMITED,active,ltd,2019-03-21,31 Main Street,,Glasgow,G74 4JU,United Kingdom,['56101'],POPPINGUP,G74,POPPINGUP|G74
SC622659,BELTFREE LIMITED,active,ltd,2019-02-27,Summit House,4 - 5 Mitchell Street,Edinburgh,EH6 7BD,United Kingdom,"['47710', '47749']",BELTFREE,EH6,BELTFREE|EH6
SC608702,FAST FOOD SW LTD,active,ltd,2018-09-20,11 West Main Street,Uphall,Broxburn,EH52 5DN,Scotland,['47110'],FASTFOODSW,EH52,FASTFOODSW|EH52
SC613925,GRS ACCESS & INSPECTION LTD,active,ltd,2018-11-19,58 Long Lane,Broughty Ferry,Dundee,DD5 1HH,United Kingdom,['43290'],GRSACCESSANDINSPECTION,DD5,GRSACCESSANDINSPECTION|DD5
SC610425,EVA'S FISH BAR EDINBURGH LTD,active,ltd,2018-10-09,113 High Street,,Dalkeith,EH22 1AX,Scotland,['82990'],EVASFISHBAREDINBURGH,EH22,EVASFISHBAREDINBURGH|EH22
SC610292,GPLANT 230 LTD,active,ltd,2018-10-08,"Unit 3, Maidenplain Place",Aberuthven,Auchterarder,PH3 1EL,Scotland,['45190'],GPLANT230,PH3,GPLANT230|PH3
SC613784,SKIRLIES CATERING LIMITED,active,ltd,2018-11-15,21 Forbes Place,,Paisley,PA1 1UT,Scotland,['56290'],SKIRLIESCATERING,PA1,SKIRLIESCATERING|PA1
SC626195,EXPRESS SB LTD,active,ltd,2019-04-01,22 Backbrae Street Kilsyth,,Glasgow,G65 0NH,United Kingdom,['56103'],EXPRESSSB,G65,EXPRESSSB|G65
SC612563,SEEMO LTD,active,ltd,2018-11-02,2/2 15 Maxwell Grove,,Glasgow,G41 5JP,Scotland,['69201'],SEEMO,G41,SEEMO|G41
SC619806,SCOTT THOM SOLUTIONS LTD,active,ltd,2019-01-31,22 Backbrae Street Kilsyth,,Glasgow,G65 0NH,United Kingdom,['82990'],SCOTTTHOMSOLUTIONS,G65,SCOTTTHOMSOLUTIONS|G65
SC623047,NDT SERVICES KJD LIMITED,active,ltd,2019-03-04,29a Hayton Road,,Aberdeen,AB24 2RL,Scotland,['06100'],NDTSERVICESKJD,AB24,NDTSERVICESKJD|AB24
SC613427,IVANUSS LIMITED,active,ltd,2018-11-13,Brue View 130 High Street,Ecclefechan,Lockerbie,DG11 3DG,Scotland,['49410'],IVANUSS,DG11,IVANUSS|DG11
SC609323,STYLE BUILDERS GROUP LTD,active,ltd,2018-09-28,24 York Street,,Ayr,KA8 8AZ,Scotland,['43390'],STYLEBUILDERS,KA8,STYLEBUILDERS|KA8
SC616607,COPPER LEAF DESIGN (AYRSHIRE) LTD,active,ltd,2018-12-19,151 High Street C/O Adam And Co,,Irvine,KA12 8AD,United Kingdom,['43320'],COPPERLEAFDESIGNAYRSHIRE,KA12,COPPERLEAFDESIGNAYRSHIRE|KA12
SC621131,FV MORAY LIMITED,active,ltd,2019-02-13,38 High Street,,Lossiemouth,IV31 6AA,Scotland,['56103'],FVMORAY,IV31,FVMORAY|IV31
SC623331,C J HARROW LIMITED,active,ltd,2019-03-05,45 The Foregate,,Kilmarnock,KA1 1LU,Scotland,['82990'],CJHARROW,KA1,CJHARROW|KA1
SC622429,SPRINTER DESIGN LTD.,active,ltd,2019-02-25,31 Belsyde Court,Linlithgow Bridge,Linlithgow,EH49 7RN,United Kingdom,['18129'],SPRINTERDESIGN,EH49,SPRINTERDESIGN|EH49
SC623011,GLAM SQUAD LTD,active,ltd,2019-03-01,C/O Gallone And Co,14 Newton Place,Glasgow,G3 7PY,Scotland,['96020'],GLAMSQUAD,G3,GLAMSQUAD|G3
SC621885,GREEN MANGO RESTAURANT LIMITED,active,ltd,2019-02-20,15 Greyfriars Street,,Elgin,IV30 1LF,United Kingdom,['56101'],GREENMANGORESTAURANT,IV30,GREENMANGORESTAURANT|IV30
SC623664,PAVILIUS UK LTD,active,ltd,2019-03-08,38 Queen Street,,Glasgow,G1 3DX,United Kingdom,['93290'],PAVILIUS,G1,PAVILIUS|G1
SC619909,TGR DEVELOPMENT LIMITED,active,ltd,2019-02-01,3 Torphichen Street,,Edinburgh,EH3 8HX,United Kingdom,['68100'],TGRDEVELOPMENT,EH3,TGRDEVELOPMENT|EH3
SC625096,RALLY AUTOCARE LTD,active,ltd,2019-03-21,28 Kaims Gardens,Livingston Village,Livingston,EH54 7DY,Scotland,['45200'],RALLYAUTOCARE,EH54,RALLYAUTOCARE|EH54
SC611044,PURPLE UNDERGROUND LTD,active,ltd,2018-10-17,18 Easter Drylaw View,Easter Drylaw View,Edinburgh,EH4 2QP,Scotland,['56101'],PURPLEUNDERGROUND,EH4,PURPLEUNDERGROUND|EH4
SC622118,SFOLEY'S LTD,active,ltd,2019-02-22,39 Harport Street,Thornliebank,Glasgow,G46 8HD,United Kingdom,['63110'],SFOLEYS,G46,SFOLEYS|G46
SC611171,VMELECTRICALSERVICES LTD,active,ltd,2018-10-18,1 Auchingramont Road,,Hamilton,ML3 6JP,Scotland,['33190'],VMELECTRICALSERVICES,ML3,VMELECTRICALSERVICES|ML3
SC611466,BOYD EXECUTIVE TRAVEL LTD,active,ltd,2018-10-22,1b Main Street,Hillend,Dunfermline,KY11 9ND,Scotland,['49390'],BOYDEXECUTIVETRAVEL,KY11,BOYDEXECUTIVETRAVEL|KY11
SC617861,NAUTICAL AND NICE (SCOT) LIMITED,active,ltd,2019-01-10,15 15 Wellfield Avenue,"Giffnock, Glasgow","Giffnock, Glasgow",G46 7QL,United Kingdom,"['47770', '47890', '47910']",NAUTICALANDNICESCOT,G46,NAUTICALANDNICESCOT|G46
SC610414,REL FIRE SYSTEMS LIMITED,active,ltd,2018-10-09,63 Harvest Drive,,Motherwell,ML1 2RT,United Kingdom,['43210'],RELFIRESYSTEMS,ML1,RELFIRESYSTEMS|ML1
SC611437,UNITED WHOLESALE GROUP LTD,active,ltd,2018-10-22,Clyde Offices,48 West George,Glasgow,G2 1BP,Scotland,['46730'],UNITEDWHOLESALE,G2,UNITEDWHOLESALE|G2
SC612374,FABIAN BLACK LTD,active,ltd,2018-10-31,"Unit 3, Kpp Chartered Accountants",Rosyth Road,Glasgow,G5 0YE,Scotland,['42120'],FABIANBLACK,G5,FABIANBLACK|G5
SC622443,MJH STRUCTURAL ENGINEERS LTD,active,ltd,2019-02-25,Flat 3/2. 9 Kirkwell Road Kirkwell Road,,Glasgow,G44 5UN,United Kingdom,['33120'],MJHSTRUCTURALENGINEERS,G44,MJHSTRUCTURALENGINEERS|G44
SC623058,RJ RAILWAY SOLUTIONS LTD,active,ltd,2019-03-04,2/5 Canada Court 81miller Street,,Glasgow,G1 1EB,Scotland,"['42120', '42990']",RJRAILWAYSOLUTIONS,G1,RJRAILWAYSOLUTIONS|G1
SC608292,36FIIVE LTD,active,ltd,2018-09-18,22-24 Newington Road,,Edinburgh,EH9 1QS,Scotland,['96090'],36FIIVE,EH9,36FIIVE|EH9
SC612348,TNG103A LTD,active,ltd,2018-10-31,The Manse,118 Main Street,Dreghorn,KA11 4EE,Scotland,['55100'],TNG103A,KA11,TNG103A|KA11
SC611543,K M GARAGE LIMITED,active,ltd,2018-10-23,8a Abernethy Street,,Glasgow,G31 3SZ,United Kingdom,['45200'],KMGARAGE,G31,KMGARAGE|G31
SC614988,AUTO DYNAMIC VS LTD,active,ltd,2018-11-29,Unit 8 70 Strathclyde Street,,Glasgow,G40 4JR,Scotland,"['18129', '74100']",AUTODYNAMICVS,G40,AUTODYNAMICVS|G40
SC618252,FREQUENCY BARBER LTD,active,ltd,2019-01-15,15 Duncombe Street,,Glasgow,G20 0LZ,Scotland,['96020'],FREQUENCYBARBER,G20,FREQUENCYBARBER|G20
SC621641,HOT BUFFET HOLDINGS LTD,active,ltd,2019-02-19,237 Kilmarnock Road,,Glasgow,G41 3JF,,['68209'],HOTBUFFET,G41,HOTBUFFET|G41
SC620491,SKYLINE RETAILERS LIMITED,active,ltd,2019-02-07,2/2 431 Victoria Road,,Glasgow,G42 8RW,,['47910'],SKYLINERETAILERS,G42,SKYLINERETAILERS|G42
SC622135,SUPER HOTSHOTS LIMITED,active,ltd,2019-02-22,26 Glenburn Road,East Kilbride,Glasgow,G74 5BA,Scotland,['47890'],SUPERHOTSHOTS,G74,SUPERHOTSHOTS|G74
SC622346,"HEAD, HEART AND HANDS LTD",active,ltd,2019-02-25,205 Clement Rise,,Livingston,EH54 6LR,Scotland,['86900'],HEADHEARTANDHANDS,EH54,HEADHEARTANDHANDS|EH54
SC612116,CONSTRUCTION INNOVATION TECHNOLOGIES LTD,active,ltd,2018-10-30,20 Gold Coast Lane,,Glasgow,G40 4RS,United Kingdom,['70229'],CONSTRUCTIONINNOVATIONTECHNOLOGIES,G40,CONSTRUCTIONINNOVATIONTECHNOLOGIES|G40
SC622227,YOUR INDEPENDENT TRAVEL AGENT LTD,active,ltd,2019-02-22,166 Union Street,,Aberdeen,AB10 1QT,Scotland,['79110'],YOURINDEPENDENTTRAVELAGENT,AB10,YOURINDEPENDENTTRAVELAGENT|AB10
SC622394,YPB ENTERTAINMENT LTD,active,ltd,2019-02-25,24 Briarlea Drive,Giffnock,Glasgow,G46 6DS,United Kingdom,['77291'],YPBENTERTAINMENT,G46,YPBENTERTAINMENT|G46
SC623609,BON ACCORD ELECTRICAL & PLUMBING LIMITED,active,ltd,2019-03-08,19 Rosemount Place,,Aberdeen,AB25 2XA,Scotland,"['43210', '43220']",BONACCORDELECTRICALANDPLUMBING,AB25,BONACCORDELECTRICALANDPLUMBING|AB25
SC623550,JUPITER PRIVATE LIMITED,active,ltd,2019-03-07,372 George Street,,Aberdeen,AB25 1HD,Scotland,['56101'],JUPITERPRIVATE,AB25,JUPITERPRIVATE|AB25
SC619624,TAL1 LTD,active,ltd,2019-01-30,10 Antigua Street,,Edinburgh,EH1 3NH,Scotland,['56102'],TAL1,EH1,TAL1|EH1
SC619729,MARIOO CONSTRUCTION LIMITED,active,ltd,2019-01-30,283 Yarrow Terrace,,Dundee,DD2 4HF,Scotland,['43999'],MARIOOCONSTRUCTION,DD2,MARIOOCONSTRUCTION|DD2
SC611835,BECCAS BAKES LTD,active,ltd,2018-10-25,Vesker,Twatt,Orkney,KW17 2LZ,United Kingdom,['10710'],BECCASBAKES,KW17,BECCASBAKES|KW17
SC621375,CDBM LTD,active,ltd,2019-02-15,1 Clyde Street,,Renfrew,PA4 8SL,Scotland,['56302'],CDBM,PA4,CDBM|PA4
SC617886,HARRIS & HICKMAN LTD,active,ltd,2019-01-11,Unit 19/1 Macmerry Industrial Estate,,Tranent,EH33 1RD,Scotland,['16230'],HARRISANDHICKMAN,EH33,HARRISANDHICKMAN|EH33
SC612895,SUPERDRY RETAIL LTD,active,ltd,2018-11-06,Block 3 Unit 1 Milton Road,Kirkintilloch,Glasgow,G66 1SY,Scotland,['96010'],SUPERDRYRETAIL,G66,SUPERDRYRETAIL|G66
SC612538,FULL CIRCLE CREATIVE SOLUTIONS LTD,active,ltd,2018-11-02,11 Clyde Street,,Carluke,ML8 5BA,United Kingdom,['73110'],FULLCIRCLECREATIVESOLUTIONS,ML8,FULLCIRCLECREATIVESOLUTIONS|ML8
SC626301,KULDIP DEOL LTD,active,ltd,2019-04-01,9 Clapperhowe Road,,Motherwell,ML1 4BX,United Kingdom,['49320'],KULDIPDEOL,ML1,KULDIPDEOL|ML1
SC625834,GRAHAM FAMILY MOVERS LTD,active,ltd,2019-03-27,Suite 3 And 4 Orbital House,3 Redwood Crescent,East Kilbride,G74 5PA,Scotland,['49420'],GRAHAMFAMILYMOVERS,G74,GRAHAMFAMILYMOVERS|G74
SC615344,AYT RAIL LTD,active,ltd,2018-12-04,19 Langhaul Avenue,,Glasgow,G53 7RW,Scotland,['42120'],AYTRAIL,G53,AYTRAIL|G53
SC615760,MN&B LTD,active,ltd,2018-12-10,"Unit K3 , Princes Square Shopping Centre",Buchanan Street,Glasgow,G1 3JN,Scotland,['96020'],MNANDB,G1,MNANDB|G1
SC619744,REIP UK LTD,active,ltd,2019-01-31,The Cooper Building,505 Great Western Road,Glasgow,G12 8HN,Scotland,['68310'],REIP,G12,REIP|G12
SC616152,M SCAFFOLDING CONTRACTOR LTD.,active,ltd,2018-12-13,52 Stewart Terrace,,Aberdeen,AB16 5ST,Scotland,"['43991', '68209']",MSCAFFOLDINGCONTRACTOR,AB16,MSCAFFOLDINGCONTRACTOR|AB16
SC621209,INVERNESS AUCTION CENTRE LTD,active,ltd,2019-02-14,Suite 14 98 Woodlands Road,,Glasgow,G3 6HB,Scotland,['96090'],INVERNESSAUCTIONCENTRE,G3,INVERNESSAUCTIONCENTRE|G3
SC619023,DESIGNER LASHES U.K LIMITED,active,ltd,2019-01-23,2e Napier Place,Cumbernauld,Glasgow,G68 0LL,United Kingdom,"['46900', '47990']",DESIGNERLASHESUK,G68,DESIGNERLASHESUK|G68
SC619438,ROOTS AND SALT LTD,active,ltd,2019-01-28,98 Hanover Street,,Edinburgh,EH2 1DR,Scotland,"['56210', '56290']",ROOTSANDSALT,EH2,ROOTSANDSALT|EH2
SC612080,COMPLETE COVERINGS LTD,active,ltd,2018-10-30,25 Jacobson Terrace,,Dundee,DD3 9TD,United Kingdom,['47530'],COMPLETECOVERINGS,DD3,COMPLETECOVERINGS|DD3
SC613179,S R BEAUTY LTD,active,ltd,2018-11-09,386 Paisley Road West,,Glasgow,G51 1BG,Scotland,['96020'],SRBEAUTY,G51,SRBEAUTY|G51
SC610893,NORTHBRIGHT LTD,active,ltd,2018-10-15,23-25 Teviot Walk,,Cumbernauld,G67 1NG,Scotland,['47910'],NORTHBRIGHT,G67,NORTHBRIGHT|G67
SC615752,WAR WOLF LTD,active,ltd,2018-12-10,33 Laird Street,,Coatbridge,ML5 3LW,United Kingdom,['74909'],WARWOLF,ML5,WARWOLF|ML5
06898004,STERLING INTEGRATED SYSTEMS LIMITED,active,ltd,2009-05-07,Suite 3 Falcon Court,College Road,Maidstone,ME15 6TF,England,['80100'],STERLINGINTEGRATEDSYSTEMS,ME15,STERLINGINTEGRATEDSYSTEMS|ME15
SC614049,RETAIL UN- LIMITED,active,ltd,2018-11-19,Co/Kcd,104 Cadzow Street,Hamilton,ML3 6HP,Scotland,"['45200', '59200', '63110', '70210']",RETAILUN,ML3,RETAILUN|ML3
SC613062,MARIUS HIGHWAY LTD,active,ltd,2018-11-08,15 Dunn Street,3/2 Paisley,Paisley,PA1 1NT,Scotland,['43390'],MARIUSHIGHWAY,PA1,MARIUSHIGHWAY|PA1
SC621694,AMG CONSTRUCTION SPECIALISTS LTD,active,ltd,2019-02-19,28 Craigentinny Avenue North,,Edinburgh,EH6 7LJ,United Kingdom,['43290'],AMGCONSTRUCTIONSPECIALISTS,EH6,AMGCONSTRUCTIONSPECIALISTS|EH6
SC621229,ROLLING ROAD SERVICES LTD,active,ltd,2019-02-14,C/O Horizon Ca 11,Somerset Place,Glasgow,G3 7JT,Scotland,['45200'],ROLLINGROAD,G3,ROLLINGROAD|G3
SC621835,CENTRALLETTINGWORKS LTD,active,ltd,2019-02-20,737 Pollockshaws Road,,Glasgow,G41 2AA,Scotland,['68310'],CENTRALLETTINGWORKS,G41,CENTRALLETTINGWORKS|G41
SC613871,TSLC (NO2) LIMITED,active,ltd,2018-11-16,109 Ferry Road,,Edinburgh,EH6 4ET,Scotland,"['81100', '82990']",TSLCNO2,EH6,TSLCNO2|EH6
SC613017,OZON 33 LTD,active,ltd,2018-11-07,5 Maxwell Gardens,,Glasgow,G41 5JR,Scotland,"['81210', '81221', '81300']",OZON33,G41,OZON33|G41
SC623727,U-ZONE LTD,active,ltd,2019-03-08,23 Leithland Road,,Glasgow,G53 5SW,Scotland,['47910'],UZONE,G53,UZONE|G53
SC615372,WARRIOR WELLNESS CLINIC LIMITED,active,ltd,2018-12-04,100 Auchinairn Road,Bishopbriggs,Glasgow,G64 1NQ,United Kingdom,['47990'],WARRIORWELLNESSCLINIC,G64,WARRIORWELLNESSCLINIC|G64
SC618032,DESIGNER HOMES 5 LIMITED,active,ltd,2019-01-14,25 Holmwood Park Crossford,,Carluke,ML8 5SZ,Scotland,['46190'],DESIGNERHOMES5,ML8,DESIGNERHOMES5|ML8
SC617136,PBM (INVERNESS) LTD,active,ltd,2018-12-31,42 Culduthel Mains Circle,,Inverness,IV2 6RH,United Kingdom,['56302'],PBMINVERNESS,IV2,PBMINVERNESS|IV2
SC620920,SILVER LEAF HOSPITALTY LIMITED,active,ltd,2019-02-12,560 Gorgie Road,,Edinburgh,EH11 3AL,United Kingdom,['56103'],SILVERLEAFHOSPITALTY,EH11,SILVERLEAFHOSPITALTY|EH11
SC614191,RIVERCLYDEMOTORS LIMITED,active,ltd,2018-11-21,7 Guthrie Street,,Dundee,DD1 5DR,Scotland,['45200'],RIVERCLYDEMOTORS,DD1,RIVERCLYDEMOTORS|DD1
10157457,LITTLE BEARS CHAPEL HOUSE LTD,active,ltd,2016-04-30,2 Frenton Close,,Newcastle Upon Tyne,NE5 1EH,England,['87100'],LITTLEBEARSCHAPELHOUSE,NE5,LITTLEBEARSCHAPELHOUSE|NE5
SC619331,MOODIES MILKSHAKES LTD,active,ltd,2019-01-28,45 Brent Avenue,Thornliebank,Glasgow,G46 8JU,United Kingdom,"['47190', '47910']",MOODIESMILKSHAKES,G46,MOODIESMILKSHAKES|G46
SC613952,G1 PROPERTY MAINTENANCE LTD,active,ltd,2018-11-19,88 Orr Street,,Glasgow,G40 2QF,Scotland,"['43210', '43220', '43310', '43320']",G1PROPERTYMAINTENANCE,G40,G1PROPERTYMAINTENANCE|G40
SC621741,BELLA CIAO LTD,active,ltd,2019-02-19,66 Gray Street,,Dundee,DD5 2BP,Scotland,"['56103', '56290']",BELLACIAO,DD5,BELLACIAO|DD5
SC626479,EMBO CAFE AND RESTAURANT LTD,active,ltd,2019-04-02,Unit 8 Golspie Business Park,,Golspie,KW10 6UB,United Kingdom,['56102'],EMBOCAFEANDRESTAURANT,KW10,EMBOCAFEANDRESTAURANT|KW10
SC624311,SEE MORE BODY & TANNING STUDIOS LTD,active,ltd,2019-03-13,133 Maxwellton Avenue,East Kilbride,Glasgow,G74 3DU,Scotland,['96020'],SEEMOREBODYANDTANNINGSTUDIOS,G74,SEEMOREBODYANDTANNINGSTUDIOS|G74
SC626511,HELLO PANDA SCOTLAND LTD,active,ltd,2019-04-02,9 Ainslie Place,,Edinburgh,EH3 6AT,Scotland,['56103'],HELLOPANDASCOTLAND,EH3,HELLOPANDASCOTLAND|EH3
SC618843,AUR GRILL LTD,active,ltd,2019-01-22,143 Balgrayhill Road,Unit 2,Glasgow,G21 3AE,Scotland,['56103'],AURGRILL,G21,AURGRILL|G21
SC626396,SL ELECTRICS LTD,active,ltd,2019-04-02,1 Glenburn Road,East Kilbride,Glasgow,G74 5BA,Scotland,['43210'],SLELECTRICS,G74,SLELECTRICS|G74
SC621207,KM PROPERTIES (LANARKSHIRE) LTD,active,ltd,2019-02-14,16 Orchard Gardens,,Strathaven,ML10 6UN,Scotland,['68310'],KMPROPERTIESLANARKSHIRE,ML10,KMPROPERTIESLANARKSHIRE|ML10
SC622742,TEKIVO LIMITED,active,ltd,2019-02-28,"Trident House, Suite P2.2",175 Renfrew Road,Paisley,PA3 4EF,Scotland,['82990'],TEKIVO,PA3,TEKIVO|PA3
SC624134,SRY REFRIGERATION LTD,active,ltd,2019-03-12,"171 Wyndford Road 1/C, 171 Wyndford Road",,Glasgow,G20 8DU,United Kingdom,['33190'],SRYREFRIGERATION,G20,SRYREFRIGERATION|G20
SC610337,AAA FACILITIES MANAGEMENT LTD,active,ltd,2018-10-09,1037 Sauchiehall Street,,Glasgow,G3 7TZ,Scotland,['43390'],AAAFACILITIESMANAGEMENT,G3,AAAFACILITIESMANAGEMENT|G3
SC615115,EXPO EXTRA LTD,active,ltd,2018-11-30,14-18 Hill Street,,Edinburgh,EH2 3JZ,United Kingdom,"['63990', '82301', '85590']",EXPOEXTRA,EH2,EXPOEXTRA|EH2
SC621238,HOLLYWOOD PROPERTIES LIMITED,active,ltd,2019-02-14,85 Brent Road Thornliebank,,Glasgow,G46 8JG,Scotland,['68201'],HOLLYWOODPROPERTIES,G46,HOLLYWOODPROPERTIES|G46
02603145,COMTEST LIMITED,active,ltd,1991-04-19,"3rd Floor, 1 Ashley Road",,Altrincham,WA14 2DT,,['74990'],COMTEST,WA14,COMTEST|WA14
SC621038,BENACHIN LIMITED,active,ltd,2019-02-12,24/10 Sunbury Place,,Edinburgh,EH4 3BY,Scotland,['96090'],BENACHIN,EH4,BENACHIN|EH4
00389051,F.A. WATTS & SONS (SHOEMAKERS) LIMITED,active,ltd,1944-08-03,Amelia House,Crescent Road,Worthing,BN11 1QR,,['68201'],FAWATTSANDSONSSHOEMAKERS,BN11,FAWATTSANDSONSSHOEMAKERS|BN11
02860633,LOFT SPACE LIMITED,active,ltd,1993-10-08,14 Athol Close,Pinner,Middlesex,HA5 3XJ,,['43290'],LOFTSPACE,HA5,LOFTSPACE|HA5
09275314,IKH FARMS LIMITED,active,ltd,2014-10-22,The Pinfold,Poole,Nantwich,CW5 6AL,,['01470'],IKHFARMS,CW5,IKHFARMS|CW5
12825526,SANCTUARY REVIEWS & STORAGE LTD,active,ltd,2020-08-19,41a Lawton Road,,Alsager,ST7 2AA,United Kingdom,['96090'],SANCTUARYREVIEWSANDSTORAGE,ST7,SANCTUARYREVIEWSANDSTORAGE|ST7
11397185,ACZORALO LTD,active,ltd,2018-06-04,"13, Flat 3 Oxford Road",,Swindon,SN3 4HP,England,"['49320', '63110']",ACZORALO,SN3,ACZORALO|SN3
09070025,ANTONIA EDWARDS UPHOLSTERY LIMITED,active,ltd,2014-06-04,"101 Devonshire Business Centre Aviary Court, Wade Road",,Basingstoke,RG24 8PE,England,['95240'],ANTONIAEDWARDSUPHOLSTERY,RG24,ANTONIAEDWARDSUPHOLSTERY|RG24
11952611,WILLIAM VL LIMITED,active,ltd,2019-04-17,C/O Innscribe,14 Mill Street,Bradford,BD1 4AB,England,['56302'],WILLIAMVL,BD1,WILLIAMVL|BD1
NI669134,HEXLABS.IO LTD,active,ltd,2020-04-28,5 Aylesbury Walk,,Newtownabbey,BT36 7YW,Northern Ireland,"['62012', '62020']",HEXLABSIO,BT36,HEXLABSIO|BT36
09018436,OSBISTON ELECTRICAL SERVICES LIMITED,active,ltd,2014-04-30,Five Ways,57/59 Hatfield Road,Potters Bar,EN6 1HS,,['43210'],OSBISTONELECTRICAL,EN6,OSBISTONELECTRICAL|EN6
11528309,MTF ENGINEERING CONSULTANCY LTD,active,ltd,2018-08-21,4 Redcrest Gardens,,Camberley,GU15 2DU,United Kingdom,['71122'],MTFENGINEERINGCONSULTANCY,GU15,MTFENGINEERINGCONSULTANCY|GU15
09720096,LITTLE BEARS CHILDREN'S DAY NURSERY LTD,active,ltd,2015-08-06,40 South View,East Denton,Newcastle Upon Tyne,NE5 2BP,England,['87100'],LITTLEBEARSCHILDRENSDAYNURSERY,NE5,LITTLEBEARSCHILDRENSDAYNURSERY|NE5
11658105,CAMBRIDGE ONCOLOGY LTD,active,ltd,2018-11-05,The Broers Building,21 J J Thomson Avenue,Cambridge,CB3 0FA,England,['72110'],CAMBRIDGEONCOLOGY,CB3,CAMBRIDGEONCOLOGY|CB3
05279612,ELITE GARAGE DOORS LIMITED,active,ltd,2004-11-08,32 Parkhill Road,Burntwood,Staffordshire,WS7 2ET,,['43290'],ELITEGARAGEDOORS,WS7,ELITEGARAGEDOORS|WS7
SC650154,G & T CONSULTANCY SERVICES LIMITED,active,ltd,2019-12-23,7 Queens Terrace,,Aberdeen,AB10 1XL,United Kingdom,['09100'],GANDTCONSULTANCY,AB10,GANDTCONSULTANCY|AB10
05802063,ABSOLUTE SOFTWARE EMEA LIMITED,active,ltd,2006-05-02,Birchin Court 5th Floor,19-25 Birchin Lane,London,EC3V 9DU,United Kingdom,['80200'],ABSOLUTESOFTWAREEMEA,EC3V,ABSOLUTESOFTWAREEMEA|EC3V
04749368,J & L PROPERTIES (DONCASTER) LIMITED,active,ltd,2003-04-30,1 Lords Wood Road,Harworth,Doncaster,DN11 8BZ,England,['68209'],JANDLPROPERTIESDONCASTER,DN11,JANDLPROPERTIESDONCASTER|DN11
09557919,OLIVIA FLATTERY HR LIMITED,active,ltd,2015-04-23,68 Dalling Road,,London,W6 0JA,England,['78300'],OLIVIAFLATTERYHR,W6,OLIVIAFLATTERYHR|W6
12810884,ADVANCED TREE SOLUTIONS LIMITED,active,ltd,2020-08-13,Suite 21 10 Churchill Square,Kings Hill,West Malling,ME19 4YU,United Kingdom,['81300'],ADVANCEDTREESOLUTIONS,ME19,ADVANCEDTREESOLUTIONS|ME19
10597663,RFG SERVICES LTD,active,ltd,2017-02-02,3a Vermont House Bradley Lane,Standish,Wigan,WN6 0XF,United Kingdom,['82990'],RFG,WN6,RFG|WN6
10846997,OXFORD INSTALLATIONS LTD,active,ltd,2017-07-03,23 Nash Road,Upper Heyford,Bicester,OX25 5BL,,['43210'],OXFORDINSTALLATIONS,OX25,OXFORDINSTALLATIONS|OX25
06589967,1K SOLUTIONS LTD,active,ltd,2008-05-12,20-22 Wenlock Road,,London,N1 7GU,England,"['62012', '62020']",1KSOLUTIONS,N1,1KSOLUTIONS|N1
08879239,BK DOOR INSTALLATIONS LIMITED,active,ltd,2014-02-06,2 Barley Brook Meadow,,Bolton,BL1 7HP,England,['43210'],BKDOORINSTALLATIONS,BL1,BKDOORINSTALLATIONS|BL1
10775526,OPTIMUM PERSONAL TRAINING LIMITED,active,ltd,2017-05-17,35 Thornton Way,Girton,Cambridge,CB3 0NL,England,['93199'],OPTIMUMPERSONALTRAINING,CB3,OPTIMUMPERSONALTRAINING|CB3
SC630638,SMOOTH FLOW PLUMBING LTD,active,ltd,2019-05-16,"111, Flat 2/2 Roystonhill",,Glasgow,G21 2LE,Scotland,['43220'],SMOOTHFLOWPLUMBING,G21,SMOOTHFLOWPLUMBING|G21
SC631069,GOLDLINKS TRADING LTD,active,ltd,2019-05-21,Room 17 92 Commerce Street,,Glasgow,G5 8DG,Scotland,['47190'],GOLDLINKSTRADING,G5,GOLDLINKSTRADING|G5
SC631011,KMM OFFSHORE SERVICES LTD,active,ltd,2019-05-21,21 Morrison Street,,Kirriemuir,DD8 5DB,Scotland,['06100'],KMMOFFSHORE,DD8,KMMOFFSHORE|DD8
SC638523,N&D74 LTD,active,ltd,2019-08-12,83 Dallas Drive,,Kirkcaldy,KY2 6NF,Scotland,['53202'],NANDD74,KY2,NANDD74|KY2
SC634648,SKYLINE SCAFFOLDING SCOTLAND LIMITED,active,ltd,2019-06-27,95 Lesmuir Drive,,Glasgow,G14 0EF,Scotland,['41100'],SKYLINESCAFFOLDINGSCOTLAND,G14,SKYLINESCAFFOLDINGSCOTLAND|G14
SC636066,KAMBOH 1 LTD,active,ltd,2019-07-15,93a Main Street,,West Kilbride,KA23 9AP,Scotland,['56103'],KAMBOH1,KA23,KAMBOH1|KA23
SC639193,GARYSAVENC LTD,active,ltd,2019-08-19,12 Baxters Neuk Baxters Neuk,,Tranent,EH33 2RA,Scotland,"['16230', '41201']",GARYSAVENC,EH33,GARYSAVENC|EH33
11505971,ARNOLD CONSULTANCY SERVICES LTD,active,ltd,2018-08-08,Kings Arms Vaults,Watton,Brecon,LD3 7EF,Wales,['70229'],ARNOLDCONSULTANCY,LD3,ARNOLDCONSULTANCY|LD3
SC635483,K.G.M SCAFFOLDING LTD,active,ltd,2019-07-08,104 Shafton Road Shafton Road,,Glasgow,G13 2NG,United Kingdom,['43991'],KGMSCAFFOLDING,G13,KGMSCAFFOLDING|G13
SC635832,TOT TECHNOLOGIES LIMITED,active,ltd,2019-07-11,5 South Charlotte Street,,Edinburgh,EH2 4AN,Scotland,['82990'],TOTTECHNOLOGIES,EH2,TOTTECHNOLOGIES|EH2
SC639470,MAINTENANCE SUPPORT LIMITED,active,ltd,2019-08-21,26 Wavell Crescent,,Aberdeen,AB24 2XR,Scotland,"['70229', '71129']",MAINTENANCESUPPORT,AB24,MAINTENANCESUPPORT|AB24
SC637329,ANDERSON EXTERNAL CLEANING LTD,active,ltd,2019-07-30,23 Sherwood Way,,Bonnyrigg,EH19 3NG,Scotland,['81222'],ANDERSONEXTERNALCLEANING,EH19,ANDERSONEXTERNALCLEANING|EH19
SC631370,JG GAS LTD,active,ltd,2019-05-23,34 Gotterstone Drive,Broughty Ferry,Dundee,DD5 1QX,United Kingdom,['43220'],JGGAS,DD5,JGGAS|DD5
SC633545,CENTRAL LANDSCAPING LTD,active,ltd,2019-06-17,30 Overtoun Road,Springside,Irvine,KA11 3BG,Scotland,['81300'],CENTRALLANDSCAPING,KA11,CENTRALLANDSCAPING|KA11
SC630927,GABIO LTD,active,ltd,2019-05-21,43 Lomond Court,Cumbernauld,Glasgow,G67 4JQ,Scotland,['49320'],GABIO,G67,GABIO|G67
SC632398,MACI CONTRACTS LIMITED,active,ltd,2019-06-04,49 Lomond Place,,Irvine,KA12 9PF,Scotland,['42120'],MACICONTRACTS,KA12,MACICONTRACTS|KA12
11351382,RIVERVIEW PROPERTY INVESTMENTS LIMITED,active,ltd,2018-05-09,612 Pershore Road Selly Park,,Birmingham,B29 7HQ,England,['68100'],RIVERVIEWPROPERTYINVESTMENTS,B29,RIVERVIEWPROPERTYINVESTMENTS|B29
SC638687,GREAT NORTHERN ENTERPRISES LTD,active,ltd,2019-08-13,699a Great Northern Road,,Aberdeen,AB24 2DU,Scotland,['56103'],GREATNORTHERNENTERPRISES,AB24,GREATNORTHERNENTERPRISES|AB24
SC632789,LAURELBANK CONSULTING LTD,active,ltd,2019-06-10,26 Eday Crescent,,Kilmarnock,KA3 2HJ,Scotland,['71129'],LAURELBANKCONSULTING,KA3,LAURELBANKCONSULTING|KA3
SC631905,COOPER AND SONS FORESTRY CONTRACTORS LIMITED,active,ltd,2019-05-29,Tigh Na Gall,Sandbank,Dunoon,PA23 8QS,Scotland,['02400'],COOPERANDSONSFORESTRYCONTRACTORS,PA23,COOPERANDSONSFORESTRYCONTRACTORS|PA23
SC635246,WAZIR & CO FOOD LTD,active,ltd,2019-07-04,Unit 3 Varnsdorf Way,Petersburn,Airdrie,ML6 8EQ,Scotland,['56103'],WAZIRANDCOFOOD,ML6,WAZIRANDCOFOOD|ML6
SC628825,OCCASIONS LEISURE LTD,active,ltd,2019-04-29,31 Hawkhill,,Dundee,DD1 5DH,Scotland,['56101'],OCCASIONSLEISURE,DD1,OCCASIONSLEISURE|DD1
SC631932,DWLG ROPE ACCESS LTD,active,ltd,2019-05-30,13 First Field Avenue,North Kessock,Inverness,IV1 3JB,Scotland,['33110'],DWLGROPEACCESS,IV1,DWLGROPEACCESS|IV1
SC632180,KYLE 1 ENTERPRISE LTD,active,ltd,2019-05-31,42 Nithsdale Road,,Glasgow,G41 2AN,Scotland,['42990'],KYLE1ENTERPRISE,G41,KYLE1ENTERPRISE|G41
SC635565,CDB79 LTD,active,ltd,2019-07-09,421 Wellesley Path,Cadham,Glenrothes,KY7 6SW,United Kingdom,['96090'],CDB79,KY7,CDB79|KY7
SC635761,EMMI KITCHEN LIMITED,active,ltd,2019-07-10,532 Sauchiehall Street,,Glasgow,G2 3LX,Scotland,['56103'],EMMIKITCHEN,G2,EMMIKITCHEN|G2
SC633767,TWM SERVICES LTD,active,ltd,2019-06-19,4 Endrick Gardens,Balfron,Glasgow,G63 0RD,Scotland,"['78109', '78200', '81210']",TWM,G63,TWM|G63
12431530,BEST QUALITY SERVICES LIMITED,active,ltd,2020-01-29,38 Milton Road,Broughton,Milton Keynes,MK10 9LR,England,['62020'],BESTQUALITY,MK10,BESTQUALITY|MK10
12431774,MLML LTD,active,ltd,2020-01-29,309 Winston House 2 Dollis Park,,London,N3 1HF,England,['46420'],MLML,N3,MLML|N3
12450150,D F J F LIMITED,active,ltd,2020-02-07,51b Ferndale Road,Clapham,London,SW4 7RJ,United Kingdom,['46360'],DFJF,SW4,DFJF|SW4
12439419,LOGISTICS PROJECT CONSULTANCY LIMITED,active,ltd,2020-02-03,78 Coleridge Way,,Crewe,CW1 5LE,England,['70229'],LOGISTICSPROJECTCONSULTANCY,CW1,LOGISTICSPROJECTCONSULTANCY|CW1
12434587,NORTHDALE LTD,active,ltd,2020-01-30,2a New Station Road,Swinton,Mexborough,S64 8AH,England,"['41201', '41202']",NORTHDALE,S64,NORTHDALE|S64
08955629,RENFUL SYSTEMS LIMITED,active,ltd,2014-03-24,5 North End Road,,London,NW11 7RJ,,['99999'],RENFULSYSTEMS,NW11,RENFULSYSTEMS|NW11
12442213,BLASTBUSTERS LTD,active,ltd,2020-02-04,23-27 King St,,Luton,LU1 2DW,,['81222'],BLASTBUSTERS,LU1,BLASTBUSTERS|LU1
12447515,PETNA LTD,active,ltd,2020-02-06,31 Hampden Lane,,London,N17 0AS,England,"['47910', '62020', '62030', '95110']",PETNA,N17,PETNA|N17
12438235,STARTCURIER LTD,active,ltd,2020-02-03,70 Darcy's Gardens,,London,HA3 9JT,,"['52290', '53100', '53202']",STARTCURIER,HA3,STARTCURIER|HA3
12430019,KAWA MARGATE LTD,active,ltd,2020-01-28,67 High Street,,Margate,CT9 1DX,England,['47240'],KAWAMARGATE,CT9,KAWAMARGATE|CT9
12432451,REBEL CANVAS LTD,active,ltd,2020-01-29,415 Shawclough Road,,Rochdale,OL12 7HR,England,['32300'],REBELCANVAS,OL12,REBELCANVAS|OL12
12441450,KAMP PROCUREMENT AND LOGISTICS LTD,active,ltd,2020-02-04,47 Wyles Road,,Chatham,ME4 6LE,United Kingdom,"['41100', '77110', '77390', '96090']",KAMPPROCUREMENTANDLOGISTICS,ME4,KAMPPROCUREMENTANDLOGISTICS|ME4
12429899,OLIVER BARTON LTD,active,ltd,2020-01-28,41 Laurel Drive,,Batley,WF17 8JS,England,['47910'],OLIVERBARTON,WF17,OLIVERBARTON|WF17
12431291,JK'S THE MONKEY TREE LIMITED,active,ltd,2020-01-29,564 Neath Road,Morriston,Swansea,SA6 8HE,Wales,['56302'],JKSTHEMONKEYTREE,SA6,JKSTHEMONKEYTREE|SA6
12438003,YTAGA LIMITED,active,ltd,2020-02-03,33 Ealing House Hanger Lane,,London,W5 3HJ,England,['41202'],YTAGA,W5,YTAGA|W5
12442017,GRATARE&CLEANING LTD,active,ltd,2020-02-04,49 Oxford Street,,Wellingborough,NN8 4JH,England,['47220'],GRATAREANDCLEANING,NN8,GRATAREANDCLEANING|NN8
12442892,EPK PROPERTY REFURBISHMENT LTD,active,ltd,2020-02-05,125 Noak Hill Rd,,Billericay,CM12 9UJ,England,"['16230', '43390']",EPKPROPERTYREFURBISHMENT,CM12,EPKPROPERTYREFURBISHMENT|CM12
12451263,FAMOUS SERVICES LIMITED,active,ltd,2020-02-10,132 Ranelagh Road,,London,N17 6XT,England,['86900'],FAMOUS,N17,FAMOUS|N17
12441164,TASTE OF GREAT INDIA LTD,active,ltd,2020-02-04,7 Bradley Road,,Trowbridge,BA14 0QR,,['56101'],TASTEOFGREATINDIA,BA14,TASTEOFGREATINDIA|BA14
12434784,FRH BUILDING LTD,active,ltd,2020-01-31,27a Telford Road,,Clacton-On-Sea,CO15 4LP,England,['41202'],FRHBUILDING,CO15,FRHBUILDING|CO15
12449884,SINAI ENTERPRISE LTD,active,ltd,2020-02-07,301c Amhurst Road,,London,N16 7UX,United Kingdom,"['43390', '82190']",SINAIENTERPRISE,N16,SINAIENTERPRISE|N16
12441718,DREJOI TRANS LTD,active,ltd,2020-02-04,79 Samuel Street,,Crewe,CW1 3AE,England,"['49410', '52219', '53202']",DREJOITRANS,CW1,DREJOITRANS|CW1
12444720,SPECTRUMZ LTD,active,ltd,2020-02-05,12444720 - COMPANIES HOUSE DEFAULT ADDRESS,,Cardiff,CF14 8LH,,['47789'],SPECTRUMZ,CF14,SPECTRUMZ|CF14
12436302,AY WEY LIMITED,active,ltd,2020-01-31,37 Warren Street,,London,W1T 6AD,United Kingdom,['56290'],AYWEY,W1T,AYWEY|W1T
12446226,ETHAN ENZI LONDON LTD,active,ltd,2020-02-06,International House,142 Cromwell Road,London,SW7 4EF,United Kingdom,['82990'],ETHANENZILONDON,SW7,ETHANENZILONDON|SW7
12430969,ENTERTAINMENT LIFESTYLE LTD,active,ltd,2020-01-29,14 Greenbank Court Sherwood Way,,Epsom,KT19 8LQ,England,['93290'],ENTERTAINMENTLIFESTYLE,KT19,ENTERTAINMENTLIFESTYLE|KT19
12436572,WILSONLAN LIMITED,active,ltd,2020-01-31,"Flat 22b Block B, Jura House",Plough Way,London,SE16 2NR,United Kingdom,['86230'],WILSONLAN,SE16,WILSONLAN|SE16
12440715,DCAMZ LTD,active,ltd,2020-02-04,415 North Circular Road,,London,NW10 7PN,England,['47910'],DCAMZ,NW10,DCAMZ|NW10
12433443,AMARAH LTD,active,ltd,2020-01-30,344-348 High Road,,Ilford,IG1 1QP,England,['68209'],AMARAH,IG1,AMARAH|IG1
12442066,FUTUREGODDS LIMITED,active,ltd,2020-02-04,2 Frederick Street,Kings Cross,London,WC1X 0ND,United Kingdom,"['13300', '14131', '14132', '46420']",FUTUREGODDS,WC1X,FUTUREGODDS|WC1X
12444724,AGM CONSULTANCY SERVICES LIMITED,active,ltd,2020-02-05,92 Manor Road Crosby,,Liverpool,L23 7UU,England,['70229'],AGMCONSULTANCY,L23,AGMCONSULTANCY|L23
12430330,FM BUILDING SERVICES LTD,active,ltd,2020-01-28,143 Eastfield Road,,Peterborough,PE1 4AU,United Kingdom,['43320'],FMBUILDING,PE1,FMBUILDING|PE1
12438909,TRADE COURT LIMITED,active,ltd,2020-02-03,81 Ash Tree Road,Ash Tree Road,Manchester,M8 5SA,England,"['46410', '47510', '47710', '47910']",TRADECOURT,M8,TRADECOURT|M8
SC342721,IPC ELECTRICAL SERVICES LTD,active,ltd,2008-05-12,"Unit 5, Springfield Works Emerson Road",Bishopbriggs,Glasgow,G64 1QE,,['27120'],IPCELECTRICAL,G64,IPCELECTRICAL|G64
09557304,S.M.E. SUCCESS LIMITED,active,ltd,2015-04-23,40 Church Road,,Worcester Park,KT4 7RD,England,['70229'],SMESUCCESS,KT4,SMESUCCESS|KT4
03862069,BUSINESS SUPPLIES DIRECT LIMITED,active,ltd,1999-10-20,Unit 4 Dore House Business Park,19 Orgreave Place,Sheffield,S13 9LU,,['82990'],BUSINESSSUPPLIESDIRECT,S13,BUSINESSSUPPLIESDIRECT|S13
09835067,ANYDAY RENTALS LIMITED,active,ltd,2015-10-21,Jessop House Outrams Wharf,Little Eaton,Derby,DE21 5EL,England,['77110'],ANYDAYRENTALS,DE21,ANYDAYRENTALS|DE21
10771237,VIS EXPRESS LTD,active,ltd,2017-05-15,66 High Road,,Willenhall,WV12 4JQ,England,['49410'],VISEXPRESS,WV12,VISEXPRESS|WV12
10773774,KAREER PROPERTIES LTD,active,ltd,2017-05-16,40 Parkside Gardens,,Nottingham,NG8 2PQ,United Kingdom,"['68100', '68209']",KAREERPROPERTIES,NG8,KAREERPROPERTIES|NG8
12572503,WHOLE COMMERCIAL VENT LIMITED,active,ltd,2020-04-27,24 Nicholas Street,,Chester,CH1 2AU,United Kingdom,['25110'],WHOLECOMMERCIALVENT,CH1,WHOLECOMMERCIALVENT|CH1
11965192,UNCORKED COMMUNICATIONS LTD,active,ltd,2019-04-26,5th Floor 30-31 Furnival Street,,London,EC4A 1JQ,United Kingdom,['70210'],UNCORKEDCOMMUNICATIONS,EC4A,UNCORKEDCOMMUNICATIONS|EC4A
07238329,CARGO MANAGEMENT & LOGISTICS HOLDINGS LIMITED,active,ltd,2010-04-29,Cml House 8a,Station Road West,Oxted,RH8 9EP,,['70100'],CARGOMANAGEMENTANDLOGISTICS,RH8,CARGOMANAGEMENTANDLOGISTICS|RH8
07627501,PERZONIFY LTD,active,ltd,2011-05-09,2 Gordon House,12 Guilford Street,London,WC1N 1DT,,['99999'],PERZONIFY,WC1N,PERZONIFY|WC1N
04729784,THE GARDENER LIMITED,active,ltd,2003-04-10,205 Outgang Lane,Dinnington,Sheffield,S25 3QY,,['81300'],THEGARDENER,S25,THEGARDENER|S25
08884897,RUM CAY ISLAND DEVELOPMENTS LTD,active,ltd,2014-02-10,Monometer House,Rectory Grove,Leigh-On-Sea,SS9 2HL,,['99999'],RUMCAYISLANDDEVELOPMENTS,SS9,RUMCAYISLANDDEVELOPMENTS|SS9
08802579,EMMETT RUSSELL ARCHITECTS LTD,active,ltd,2013-12-04,1 St Andrews Road,Montpelier,Bristol,BS6 5EH,,['71111'],EMMETTRUSSELLARCHITECTS,BS6,EMMETTRUSSELLARCHITECTS|BS6
08527334,TURBOGEN LTD,active,ltd,2013-05-13,2 Monmouth Farm Close,,Pawlett,TA6 4SP,,['72190'],TURBOGEN,TA6,TURBOGEN|TA6
10278877,SHROPSHIRE PEST PREVENTION SERVICES LTD,active,ltd,2016-07-14,68 Yew Tree Grove,Highley,Bridgnorth,WV16 6DG,,['81291'],SHROPSHIREPESTPREVENTION,WV16,SHROPSHIREPESTPREVENTION|WV16
08552167,EUROPEAN COMMS LIMITED,active,ltd,2013-05-31,3 Vicarage Road,Urmston,Manchester,M41 5TP,,['61200'],EUROPEANCOMMS,M41,EUROPEANCOMMS|M41
05189287,BERESFORD REGISTRARS LIMITED,active,ltd,2004-07-26,"Briar House, Beacon Road",Ditchling,Hassocks,BN6 8UL,,['82990'],BERESFORDREGISTRARS,BN6,BERESFORDREGISTRARS|BN6
10746293,ZEB TYRES LIMITED,active,ltd,2017-04-28,520-522 Moseley Road,,Birmingham,B12 9AE,England,['45320'],ZEBTYRES,B12,ZEBTYRES|B12
09036088,EGRET PRESS LTD,active,ltd,2014-05-13,"Lytchett House, 13 Freeland Park Wareham Road",Lytchett Matravers,Poole,BH16 6FA,England,['58110'],EGRETPRESS,BH16,EGRETPRESS|BH16
07457728,T W DRAINAGE LTD,active,ltd,2010-12-02,Tw Works Holmesdale Road,South Darenth,Dartford,DA4 9JP,England,['82990'],TWDRAINAGE,DA4,TWDRAINAGE|DA4
06903863,CHERRY PIE COTTAGES LIMITED,active,ltd,2009-05-13,22-26 King Street,,King's Lynn,PE30 1HJ,,['41201'],CHERRYPIECOTTAGES,PE30,CHERRYPIECOTTAGES|PE30
09554263,MINNIE AND MAMMA DAY NURSERY LIMITED,active,ltd,2015-04-22,Public Library,South Lodge Avenue,Mitcham,CR4 1LT,England,['88910'],MINNIEANDMAMMADAYNURSERY,CR4,MINNIEANDMAMMADAYNURSERY|CR4
10788319,CHATSWOOD CONSULTING LIMITED,active,ltd,2017-05-25,18 South Park,,Gerrards Cross,SL9 8HE,England,"['61200', '62011', '62020']",CHATSWOODCONSULTING,SL9,CHATSWOODCONSULTING|SL9
11937620,DITS CATERING LTD,active,ltd,2019-04-10,"First Floor, 24e Norwich Street",,Dereham,NR19 1BX,United Kingdom,['56103'],DITSCATERING,NR19,DITSCATERING|NR19
11604920,INSIGHT PMI LTD,active,ltd,2018-10-04,Wittas House Two Rivers,Station Lane,Witney,OX28 4BH,England,['68209'],INSIGHTPMI,OX28,INSIGHTPMI|OX28
09066512,OBOX ACCOUNTING LTD,active,ltd,2014-06-02,Unit 12 Dock Offices,Surrey Quays Road,London,SE16 2XU,England,"['69201', '96090']",OBOXACCOUNTING,SE16,OBOXACCOUNTING|SE16
05810692,STANGRAVE MEWS MANAGEMENT LIMITED,active,ltd,2006-05-09,C/O Block Management Uk Limited Unit 5,Stour Valley Business Centre,Sudbury,CO10 7GB,England,['98000'],STANGRAVEMEWSMANAGEMENT,CO10,STANGRAVEMEWSMANAGEMENT|CO10
06245964,ALTRIPAN UK LIMITED,active,ltd,2007-05-14,32 Monk Street,,Abergavenny,NP7 5NW,Wales,['02400'],ALTRIPAN,NP7,ALTRIPAN|NP7
08344341,IKS ROOFING & CLADDING LIMITED,active,ltd,2013-01-02,Kings Lodge London Road,West Kingsdown,Sevenoaks,TN15 6AR,,['82990'],IKSROOFINGANDCLADDING,TN15,IKSROOFINGANDCLADDING|TN15
06831366,TAP-IN SUPPLIES LIMITED,active,ltd,2009-02-26,Clara House,Valley Road,Keighley,BD21 4LN,England,['47789'],TAPINSUPPLIES,BD21,TAPINSUPPLIES|BD21
11641822,MD PLASTERING LTD,active,ltd,2018-10-25,44 Edinburgh Road,,Widnes,WA8 8BE,United Kingdom,['43310'],MDPLASTERING,WA8,MDPLASTERING|WA8
05452374,SPRING FURNITURE COMPANY LIMITED,active,ltd,2005-05-13,"Spring Furniture Company Ltd.,",152-156 Abbey Street,"Derby, Derby",DE22 3SS,,['31090'],SPRINGFURNITURECOMPANY,DE22,SPRINGFURNITURECOMPANY|DE22
12462490,HBWORLD LTD,active,ltd,2020-02-14,Hillcrest House 143 London Road,Stockton Heath,Warrington,WA4 6LG,England,['93290'],HBWORLD,WA4,HBWORLD|WA4
12466194,OPTICAL FACILITIES LTD,active,ltd,2020-02-17,3 Atherstone Close,,Canvey Island,SS8 7DG,England,['43290'],OPTICALFACILITIES,SS8,OPTICALFACILITIES|SS8
12477070,TOP GRADE CONSTRUCTION LIMITED,active,ltd,2020-02-21,1169 Newham Way,,London,E6 5JJ,England,['43290'],TOPGRADECONSTRUCTION,E6,TOPGRADECONSTRUCTION|E6
12470203,WIZARD 78 LTD,active,ltd,2020-02-18,4 25a The Village Chalton,,London,SE7 8UG,England,['96090'],WIZARD78,SE7,WIZARD78|SE7
12456105,HILL RECRUITMENT LTD,active,ltd,2020-02-11,32 Church Road 32 Church Road,,Hove,BN3 2FN,England,['78200'],HILLRECRUITMENT,BN3,HILLRECRUITMENT|BN3
11352438,MOBRAY INVESTMENTS LTD,active,ltd,2018-05-09,Flat 23 Lampard Grove,,London,N16 6XA,United Kingdom,['68320'],MOBRAYINVESTMENTS,N16,MOBRAYINVESTMENTS|N16
12465344,BUBA MARINE LTD,active,ltd,2020-02-15,1 Waldren Close,,Poole,BH15 1XR,England,['33150'],BUBAMARINE,BH15,BUBAMARINE|BH15
12470206,FOURTWENTEES LTD,active,ltd,2020-02-18,17 Railway Terrace,,Llanelli,SA15 2RH,Wales,"['47260', '47710']",FOURTWENTEES,SA15,FOURTWENTEES|SA15
12453185,SKARLETT STUDIOS LIMITED,active,ltd,2020-02-10,318 318 Haydons Road,,Wimbledon,,England,['74202'],SKARLETTSTUDIOS,,SKARLETTSTUDIOS|
12453609,O-PAWD LTD,active,ltd,2020-02-10,8 Cragside Gardens,,Leeds,LS5 3LS,England,['86900'],OPAWD,LS5,OPAWD|LS5
12467998,RIVERSIDE BRIDGE PUB CO LTD,active,ltd,2020-02-17,11 Wren Close,Syston,Leicester,LE7 1ZS,England,['56302'],RIVERSIDEBRIDGEPUBCO,LE7,RIVERSIDEBRIDGEPUBCO|LE7
12465441,CITY COURIERO LTD,active,ltd,2020-02-15,Suite 3 91 Mayflower Street,,Plymouth,PL1 1SB,England,['49410'],CITYCOURIERO,PL1,CITYCOURIERO|PL1
12477320,ELITE DELIVERY LTD,active,ltd,2020-02-21,35 St Ethelbert Ave,,Luton,LU3 1QH,United Kingdom,['53202'],ELITEDELIVERY,LU3,ELITEDELIVERY|LU3
12456743,AI SHOP LIMITED,active,ltd,2020-02-11,59 Banner Street,,London,EC1Y 8PX,England,['47110'],AISHOP,EC1Y,AISHOP|EC1Y
12462030,PRO CONSTRUCTION AND DEVELOPERS LTD,active,ltd,2020-02-13,Landmark House,"43-45, Merton Road","Merseyside, Liverpool",L20 7AP,England,['41100'],PROCONSTRUCTIONANDDEVELOPERS,L20,PROCONSTRUCTIONANDDEVELOPERS|L20
12464881,SIMON HOLLOWAY BUILDING SOLUTIONS LTD,active,ltd,2020-02-14,15 Bideford Road,,Enfield,EN3 6EH,England,['43390'],SIMONHOLLOWAYBUILDINGSOLUTIONS,EN3,SIMONHOLLOWAYBUILDINGSOLUTIONS|EN3
12473876,PANAGI (LIVERPOOL) LTD,active,ltd,2020-02-20,"Unit 3, 209 Great Howard Street",,Liverpool,L5 9ZH,England,['56103'],PANAGILIVERPOOL,L5,PANAGILIVERPOOL|L5
12467028,SUPER ALLY CARS LIMITED,active,ltd,2020-02-17,3a Carlton Vale,,London,NW6 5EG,England,['49320'],SUPERALLYCARS,NW6,SUPERALLYCARS|NW6
12476809,MASTERY INTERIORS LIMITED,active,ltd,2020-02-21,110 Viglen House Business Centre,Alperton Lane,London,HA0 1HD,England,['46470'],MASTERYINTERIORS,HA0,MASTERYINTERIORS|HA0
12465584,21HOME LTD,active,ltd,2020-02-15,104 Cleverly Estate Wormholt Road,,London,W12 0LZ,United Kingdom,['47910'],21HOME,W12,21HOME|W12
12474925,BORN GREAT LTD,active,ltd,2020-02-20,9 Heaton Close,Speke,Liverpool,L24 2UG,United Kingdom,['62020'],BORNGREAT,L24,BORNGREAT|L24
12455186,SPICE FOOD CHEDDAR LTD,active,ltd,2020-02-11,Spice Food Cheddar,Union Street,Cheddar,BS27 3NB,United Kingdom,['56101'],SPICEFOODCHEDDAR,BS27,SPICEFOODCHEDDAR|BS27
12468555,DAVY JONES LOCKER LIMITED,active,ltd,2020-02-18,45 Leyster Street,,Morecambe,LA4 5NF,England,['56302'],DAVYJONESLOCKER,LA4,DAVYJONESLOCKER|LA4
12468325,ANGELEE HEALTH CARE LIMITED,active,ltd,2020-02-18,25 Grace Close,,London,SE9 4JE,England,['87200'],ANGELEEHEALTHCARE,SE9,ANGELEEHEALTHCARE|SE9
12453129,NORD KRAFT LTD,active,ltd,2020-02-10,136 Falcon Road,,London,SW11 2LP,England,"['41100', '41202', '71129']",NORDKRAFT,SW11,NORDKRAFT|SW11
12469661,MASTERSONS HOLDING LIMITED,active,ltd,2020-02-18,Flat 2 32 Garstang Road,,Preston,PR1 1NA,United Kingdom,"['10520', '46900', '47190', '70229']",MASTERSONS,PR1,MASTERSONS|PR1
12475040,BARAHA FOOD LIMITED,active,ltd,2020-02-20,11 Broad Street,,Stamford,PE9 1PG,United Kingdom,['56101'],BARAHAFOOD,PE9,BARAHAFOOD|PE9
12464676,RAZORSOUTHAMPTON LTD,active,ltd,2020-02-14,30 Shirley High Street,,Southampton,SO15 3NG,United Kingdom,['96020'],RAZORSOUTHAMPTON,SO15,RAZORSOUTHAMPTON|SO15
12468563,ORTAC INTERNATIONAL LIMITED,active,ltd,2020-02-18,9 High Street,Woburn Sands,Milton Keynes,MK17 8RF,England,['46180'],ORTAC,MK17,ORTAC|MK17
12476782,SHAX SHAX LTD,active,ltd,2020-02-21,124 City Road,,London,EC1V 2NX,England,['56103'],SHAXSHAX,EC1V,SHAXSHAX|EC1V
12472913,BURNETTS NEWSAGENTS LTD,active,ltd,2020-02-20,62 Preston Street,,Brighton,BN1 2HE,United Kingdom,['47110'],BURNETTSNEWSAGENTS,BN1,BURNETTSNEWSAGENTS|BN1
12476372,RA-EUROCARS LIMITED,active,ltd,2020-02-21,24 Ambleside,,Purfleet,RM19 1PX,England,['45112'],RAEUROCARS,RM19,RAEUROCARS|RM19
12457846,PIK DEVELOPMENTS LTD,active,ltd,2020-02-12,13 Essex Road,,Barking,IG11 7QN,United Kingdom,['43390'],PIKDEVELOPMENTS,IG11,PIKDEVELOPMENTS|IG11
12470291,H H R SERVICES LTD,active,ltd,2020-02-18,24 Fareham Close,Walton-Le-Dale,Preston,PR5 4JX,England,['47990'],HHR,PR5,HHR|PR5
12464100,FUEL TANK SUPPLIES LTD,active,ltd,2020-02-14,Old Methodist Church,Dickson Street,Colne,BB8 9LU,England,['46719'],FUELTANKSUPPLIES,BB8,FUELTANKSUPPLIES|BB8
12476574,ABUILD (PORTSMOUTH) LIMITED,active,ltd,2020-02-21,59 Park Road,,Southbourne,PO10 8NY,United Kingdom,"['41100', '41201', '41202']",ABUILDPORTSMOUTH,PO10,ABUILDPORTSMOUTH|PO10
12466734,SOCCERLISE FOOTBALL CLUB LTD,active,ltd,2020-02-17,3 Saturn Way,,Biggleswade,SG18 8FF,England,['93120'],SOCCERLISEFOOTBALLCLUB,SG18,SOCCERLISEFOOTBALLCLUB|SG18
12472227,TEDDY BUILDING AND JOINERY LTD,active,ltd,2020-02-19,"2nd Floor, Grove House 774-780 Wilmslow Road",Didsbury,Manchester,M20 2DR,United Kingdom,['41100'],TEDDYBUILDINGANDJOINERY,M20,TEDDYBUILDINGANDJOINERY|M20
12474994,"SCHOLAR HOUSE & CO., LTD",active,ltd,2020-02-20,45 Tarragon Close,,London,SE14 6DL,England,['68320'],SCHOLARHOUSEANDCO,SE14,SCHOLARHOUSEANDCO|SE14
05446118,ARDEN PARK GARAGE SERVICES LIMITED,active,ltd,2005-05-06,2 Manor Farm Court Old Wolverton Road,Old Wolverton,Milton Keynes,MK12 5NN,England,['45200'],ARDENPARKGARAGE,MK12,ARDENPARKGARAGE|MK12
12470326,GATEWAY 2 CONSTRUCTION LTD,active,ltd,2020-02-18,Unit 214 95 Spencer Street,Birmingham,Birmingham,B18 6DA,United Kingdom,"['41100', '46130']",GATEWAY2CONSTRUCTION,B18,GATEWAY2CONSTRUCTION|B18
12468963,COURTYARDWORCESTER LTD,active,ltd,2020-02-18,88 Cemetery Road,,Stourbridge,DY9 8AB,England,['56302'],COURTYARDWORCESTER,DY9,COURTYARDWORCESTER|DY9
12464648,CURRENCY TRADING LTD,active,ltd,2020-02-14,66-68 Radclyffe House Hagley Road,,Birmingham,B16 8PF,United Kingdom,['85600'],CURRENCYTRADING,B16,CURRENCYTRADING|B16
12458662,SPICE PUB LTD,active,ltd,2020-02-12,The Golden Lion,High Street,Fareham,PO16 7AE,England,['56302'],SPICEPUB,PO16,SPICEPUB|PO16
12465114,ARDEN GREENHILL LIMITED,active,ltd,2020-02-15,1 Alexander Close,Catshill,Bromsgrove,B61 0PF,England,['41100'],ARDENGREENHILL,B61,ARDENGREENHILL|B61
12475559,ALIGN FINANCIAL LIMITED,active,ltd,2020-02-21,85 Great Portland Street,,London,W1W 7LT,England,['70221'],ALIGNFINANCIAL,W1W,ALIGNFINANCIAL|W1W
12465748,CBDMEDUK LIMITED,active,ltd,2020-02-17,"Dudley House,169 Piccadilly Street",,London,W1J 9EH,England,['47910'],CBDMEDUK,W1J,CBDMEDUK|W1J
12457154,LA&SHR LTD,active,ltd,2020-02-12,94 94 Audley Road,,London,NW4 3HB,England,['45112'],LAANDSHR,NW4,LAANDSHR|NW4
12457151,INTERIM SOLUTION (NW) POSTIE LTD,active,ltd,2020-02-12,Unit 6 Central Village,Renshaw Street,Liverpool,L1 2SA,United Kingdom,['47620'],INTERIMSOLUTIONNWPOSTIE,L1,INTERIMSOLUTIONNWPOSTIE|L1
12472429,NANDZ LTD,active,ltd,2020-02-19,3 Sealand Avenue,Garden City,Deeside,CH5 2HL,United Kingdom,['61900'],NANDZ,CH5,NANDZ|CH5
12465364,BUGCONS LTD,active,ltd,2020-02-15,5a Winchester Road,,London,E4 9LH,England,['43390'],BUGCONS,E4,BUGCONS|E4
12472080,WJ KENT LTD,active,ltd,2020-02-19,85 Burdett Road,,London,E3 4JN,United Kingdom,['56101'],WJKENT,E3,WJKENT|E3
12457510,MIDNIMO INVESTMENT LTD,active,ltd,2020-02-12,1 Market Approach,,London,W12 8DD,England,['62020'],MIDNIMOINVESTMENT,W12,MIDNIMOINVESTMENT|W12
12455925,KASA BUILD CONSULTING LTD,active,ltd,2020-02-11,141c High Road,,Loughton,IG10 4LT,England,['70229'],KASABUILDCONSULTING,IG10,KASABUILDCONSULTING|IG10
12456316,BWC DEVELOPMENTS SOUTHERN LTD,active,ltd,2020-02-11,104 Havant Road,Cosham,Portsmouth,PO6 2JF,United Kingdom,['41100'],BWCDEVELOPMENTSSOUTHERN,PO6,BWCDEVELOPMENTSSOUTHERN|PO6
12461923,DJBROWNCATERING LTD,active,ltd,2020-02-13,Weston Golf Club,Uphill Road,Weston Supermare,BS23 4NQ,United Kingdom,['56101'],DJBROWNCATERING,BS23,DJBROWNCATERING|BS23
12469301,M & S DEVELOPMENT (LEIC) LTD,active,ltd,2020-02-18,10 Netherhall Road,,Leicester,LE5 1DJ,England,['68209'],MANDSDEVELOPMENTLEIC,LE5,MANDSDEVELOPMENTLEIC|LE5
12471827,BLUSH & CO BY BEC LTD,active,ltd,2020-02-19,32 Buttermere Road,,Liverpool,L16 2NN,England,['96020'],BLUSHANDCOBYBEC,L16,BLUSHANDCOBYBEC|L16
12469414,MO’S CAR WASH LIMITED,active,ltd,2020-02-18,5 Primo Place,,Leeds,LS8 3LB,England,['81299'],MOSCARWASH,LS8,MOSCARWASH|LS8
12473124,KH PILL (2020) LTD,active,ltd,2020-02-20,The Kings Head Heywood Road,Pill,Bristol,BS20 0HT,England,['56302'],KHPILL2020,BS20,KHPILL2020|BS20
12467891,XCEED CARS LIMITED,active,ltd,2020-02-17,79 Featherstall Road North,,Oldham,OL9 6QB,England,['49320'],XCEEDCARS,OL9,XCEEDCARS|OL9
12472548,RAGGED ANCHOR LIMITED,active,ltd,2020-02-19,195 The Railway Witham Road,,Woodhall Spa,LN10 6QX,United Kingdom,['95240'],RAGGEDANCHOR,LN10,RAGGEDANCHOR|LN10
12464021,BIGGYS LTD,active,ltd,2020-02-14,575 Ashton New Road,,Manchester,M11 4EA,United Kingdom,['56103'],BIGGYS,M11,BIGGYS|M11
12473709,DAMAN LIMITED,active,ltd,2020-02-20,202 Stanley Road,,Teddington,TW11 8UE,United Kingdom,['56102'],DAMAN,TW11,DAMAN|TW11
12454658,FREEDOM ENDEAVOURS LTD,active,ltd,2020-02-11,72 Meadowbank,,Holywell,CH8 7EF,United Kingdom,['56302'],FREEDOMENDEAVOURS,CH8,FREEDOMENDEAVOURS|CH8
12475254,GRACA SERVICES LTD,active,ltd,2020-02-20,10 Inverness Road,,Hounslow,TW3 3LS,England,['41202'],GRACA,TW3,GRACA|TW3
10240282,OKF VENTURES LIMITED,active,ltd,2016-06-20,29 Orchard Avenue,,Thames Ditton,KT7 0BB,England,['62020'],OKFVENTURES,KT7,OKFVENTURES|KT7
12472236,JORDAN JAMES ELECTRICAL ENGINEERING LIMITED,active,ltd,2020-02-19,21 Rawlinson Avenue,,Derby,DE23 8WA,England,['33170'],JORDANJAMESELECTRICALENGINEERING,DE23,JORDANJAMESELECTRICALENGINEERING|DE23
12461950,FUUEL DESIGN LTD,active,ltd,2020-02-13,7 Bishan Manor,60 Plaistow Lane,Bromley,BR1 3JE,England,"['28210', '28990', '33200']",FUUELDESIGN,BR1,FUUELDESIGN|BR1
08486413,SOUTHDOWNS MANOR LIMITED,active,ltd,2013-04-12,33 Wood Street,Barnet,Herts,EN5 4BE,,['56210'],SOUTHDOWNSMANOR,EN5,SOUTHDOWNSMANOR|EN5
12460499,NELU&TRANSPORT LIMITED,active,ltd,2020-02-13,2 Palace Garden,,Peterborough,PE2 8DG,England,['49410'],NELUANDTRANSPORT,PE2,NELUANDTRANSPORT|PE2
12452452,C&G HOME IMPROVEMENTS LTD,active,ltd,2020-02-10,15 Henry Street,,Neath,SA11 1PG,Wales,"['16230', '38110', '43210', '43390']",CANDGHOMEIMPROVEMENTS,SA11,CANDGHOMEIMPROVEMENTS|SA11
12471480,LIKACS CATERING LIMITED,active,ltd,2020-02-19,4 Cranbourne Place,,West Bromwich,B71 4HD,England,['56210'],LIKACSCATERING,B71,LIKACSCATERING|B71
12469626,QQGLOBAL LIMITED,active,ltd,2020-02-18,256 Bradford Road,,Manchester,M40 7BT,England,['47710'],QQGLOBAL,M40,QQGLOBAL|M40
12474971,RADD DEVELOPMENTS LIMITED,active,ltd,2020-02-20,15 Alexander Avenue,,Leeds,LS15 0LU,England,['43290'],RADDDEVELOPMENTS,LS15,RADDDEVELOPMENTS|LS15
12471736,TREE DEGREES LTD,active,ltd,2020-02-19,14 Dome Hill Peak,,Caterham,CR3 6EH,England,['81300'],TREEDEGREES,CR3,TREEDEGREES|CR3
12473406,MISSEN CIVILS LTD,active,ltd,2020-02-20,The Point 173 Suite 14 2nd Floor,173 Cheetham Hill Road,Manchester,M8 8LG,England,['42220'],MISSENCIVILS,M8,MISSENCIVILS|M8
12452931,APEX ALIGNMENT LTD,active,ltd,2020-02-10,10 Rockling Street,,Ellesmere Port,CH66 1UJ,United Kingdom,['82110'],APEXALIGNMENT,CH66,APEXALIGNMENT|CH66
12453813,INTEGRA MARKETING LTD,active,ltd,2020-02-10,Kemp House,160 City Road,London,EC1V 2NX,United Kingdom,['70229'],INTEGRAMARKETING,EC1V,INTEGRAMARKETING|EC1V
12475212,ENVISAGE BEDS UK LTD,active,ltd,2020-02-20,128 City Road,,London,EC1V 2NX,United Kingdom,"['13921', '31030', '31090', '47910']",ENVISAGEBEDS,EC1V,ENVISAGEBEDS|EC1V
12469687,CLEAN & CHEAP SOLUTIONS LIMITED,active,ltd,2020-02-18,89 Sixth Avenue,,London,W10 4HH,England,"['53201', '56103', '81222']",CLEANANDCHEAPSOLUTIONS,W10,CLEANANDCHEAPSOLUTIONS|W10
12471511,ACUMEN 11 LIMITED,active,ltd,2020-02-19,92 Johnsons Solicitors,Rg1 4sj,Reading,RG1 4SJ,England,['68100'],ACUMEN11,RG1,ACUMEN11|RG1
12458070,STONEZILLA LTD,active,ltd,2020-02-12,19 Pitcher Court Woolcombe Road,,Portland,DT5 2HY,,['33160'],STONEZILLA,DT5,STONEZILLA|DT5
12468436,D&D VAPES LTD,active,ltd,2020-02-18,102 Station Road,Tempsford,Sandy,SG19 2AY,England,['47260'],DANDDVAPES,SG19,DANDDVAPES|SG19
12472904,PRECISION PLASTIC ENGINEERING LIMITED,active,ltd,2020-02-20,10 Reedymoor Terrace,Foulridge,Colne,BB8 7LQ,England,['71129'],PRECISIONPLASTICENGINEERING,BB8,PRECISIONPLASTICENGINEERING|BB8
12470653,INTEGRITY GROUP SOLUTIONS LIMITED,active,ltd,2020-02-19,12470653 - COMPANIES HOUSE DEFAULT ADDRESS,,Cardiff,CF14 8LH,,['79110'],INTEGRITYGROUPSOLUTIONS,CF14,INTEGRITYGROUPSOLUTIONS|CF14
12474458,GREEN EARTH GARDEN AND HOME IMPROVEMENTS LTD,active,ltd,2020-02-20,193 Haydons Road,,London,SW19 8UA,England,"['81300', '95220']",GREENEARTHGARDENANDHOMEIMPROVEMENTS,SW19,GREENEARTHGARDENANDHOMEIMPROVEMENTS|SW19
12476069,BIZZETTE LTD,active,ltd,2020-02-21,14 Netheravon Rd,,London,W7 1DN,England,"['56102', '56103', '56290']",BIZZETTE,W7,BIZZETTE|W7
12472113,DECORUM DIGITAL LIMITED,active,ltd,2020-02-19,25 Bulls Lane,Wishaw,Sutton Coldfield,B76 9QN,England,['62020'],DECORUMDIGITAL,B76,DECORUMDIGITAL|B76
12465980,FISHLAND EDMONTON LTD,active,ltd,2020-02-17,223 Hertford Road,Edmonton,London,N9 7ER,England,['96090'],FISHLANDEDMONTON,N9,FISHLANDEDMONTON|N9
11394440,POPPY COMMODITIES LIMITED,active,ltd,2018-06-04,1 Royal Terrace,,Southend On Sea,SS1 1EA,United Kingdom,['66120'],POPPYCOMMODITIES,SS1,POPPYCOMMODITIES|SS1
12469584,LION CONTRACT SERVICES LTD,active,ltd,2020-02-18,8 Crumpsall Vale,,Manchester,M9 8FW,England,"['62020', '62090']",LIONCONTRACT,M9,LIONCONTRACT|M9
12471468,RC1 TRANSPORT LIMITED,active,ltd,2020-02-19,14 Dove Court,King Edward Street,Normanton,WF6 2AW,England,['52290'],RC1TRANSPORT,WF6,RC1TRANSPORT|WF6
12465688,SOCIAL CARE TOOLBOX LIMITED,active,ltd,2020-02-17,Summer Folly,"Sambourne Park, Sambourne Lane",Redditch,B96 6PE,England,"['62030', '88100', '88990']",SOCIALCARETOOLBOX,B96,SOCIALCARETOOLBOX|B96
12476566,WIOO LTD,active,ltd,2020-02-21,20-22 Wenlock Road,,London,WS14 0EQ,England,['70229'],WIOO,WS14,WIOO|WS14
12465177,RED RUBY FOOD LTD,active,ltd,2020-02-15,111 Boundary Road,,London,NW8 0RG,England,['47810'],REDRUBYFOOD,NW8,REDRUBYFOOD|NW8
12468009,HOME TANK LIMITED,active,ltd,2020-02-17,55 Regent Place,,Birmingham,B1 3NJ,United Kingdom,"['47190', '47789', '68310']",HOMETANK,B1,HOMETANK|B1
12466175,BARBAR GRILL LTD,active,ltd,2020-02-17,330b Edgware Rd,,London,W2 1EA,United Kingdom,['56290'],BARBARGRILL,W2,BARBARGRILL|W2
12454671,ASMAAN UK LIMITED,active,ltd,2020-02-11,"7, Selby Street",Aldgate,London,E1 5BX,England,['56103'],ASMAAN,E1,ASMAAN|E1
09538583,S T GAS & PLUMBING LTD,active,ltd,2015-04-13,520-522 Moseley Road,,Birmingham,B12 9AE,United Kingdom,['43220'],STGASANDPLUMBING,B12,STGASANDPLUMBING|B12
12455478,MINPOT INVESTS LTD,active,ltd,2020-02-11,67 Westgate,,Wakefield,WF1 1BW,United Kingdom,['56302'],MINPOTINVESTS,WF1,MINPOTINVESTS|WF1
03279005,IMPERIAL COURT LIMITED,active,ltd,1996-11-15,64 Grange Gardens,,Pinner,HA5 5QF,,['98000'],IMPERIALCOURT,HA5,IMPERIALCOURT|HA5
12458829,SPEEDWELL CONVENIENCE STORE LTD,active,ltd,2020-02-12,The Mini Market 92 Ventnor Road,St. George,Bristol,BS5 7SH,United Kingdom,['47190'],SPEEDWELLCONVENIENCESTORE,BS5,SPEEDWELLCONVENIENCESTORE|BS5
12454633,SOLENT HOMES LTD,active,ltd,2020-02-11,30a Bedford Place,,Southampton,SO15 2DG,England,['68100'],SOLENTHOMES,SO15,SOLENTHOMES|SO15
12467658,DUCT-FLEX INSTALLATIONS LTD,active,ltd,2020-02-17,14 Greenacres Close,,Ossett,WF5 9SB,England,['43220'],DUCTFLEXINSTALLATIONS,WF5,DUCTFLEXINSTALLATIONS|WF5
12474279,AMAZING LOFTS LTD,active,ltd,2020-02-20,91 Parade Gardens,,London,E4 8ED,England,['41202'],AMAZINGLOFTS,E4,AMAZINGLOFTS|E4
12458665,LINKING ASSOCIATES LTD,active,ltd,2020-02-12,57 Chatto Road,,Torquay,TQ1 4HY,England,['78109'],LINKINGASSOCIATES,TQ1,LINKINGASSOCIATES|TQ1
12458831,BUILD MASTER NW LTD,active,ltd,2020-02-12,Unit 11 Bingswood Trading Estate,Whaley Bridge,High Peak,SK23 7LY,England,['43390'],BUILDMASTERNW,SK23,BUILDMASTERNW|SK23
12459591,POLLY PUB LTD,active,ltd,2020-02-12,165a Mill Road,,Wellingborough,NN8 1PR,United Kingdom,"['55100', '56101']",POLLYPUB,NN8,POLLYPUB|NN8
01230309,M.J. FEWS LIMITED,active,ltd,1975-10-17,Station Yard,Charfield,Wotton Under Edge,GL12 8SR,,"['45111', '45200']",MJFEWS,GL12,MJFEWS|GL12
12461006,ELLESMERE LEISURE LTD,active,ltd,2020-02-13,The Philadelphia Success Road,Philadelphia,Houghton Le Spring,DH4 4JG,United Kingdom,['56302'],ELLESMERELEISURE,DH4,ELLESMERELEISURE|DH4
08065813,STONENEXUS LTD,active,ltd,2012-05-11,The Old Workshop,1 Ecclesall Road South,Sheffield,S11 9PA,,['90030'],STONENEXUS,S11,STONENEXUS|S11
08896246,SHIP BUSINESS SUPPORT SERVICES LIMITED,active,ltd,2014-02-14,28 Dornoch Avenue,,Southwell,NG25 0EU,England,['74909'],SHIPBUSINESSSUPPORT,NG25,SHIPBUSINESSSUPPORT|NG25
12462657,REVEAL DESIGN LIMITED,active,ltd,2020-02-14,1110 Elliott Court Coventry Business Park,Herald Avenue,Coventry,CV5 6UB,United Kingdom,['41202'],REVEALDESIGN,CV5,REVEALDESIGN|CV5
12462111,BALANCE LIFE PLANNING LTD,active,ltd,2020-02-13,16 Bridge Street,,Macclesfield,SK11 6EG,England,['96030'],BALANCELIFEPLANNING,SK11,BALANCELIFEPLANNING|SK11
12206110,TOTAL OFFICE REFITS LIMITED,active,ltd,2019-09-13,23 Dartford Road,,March,PE15 8AN,England,"['43341', '43390']",TOTALOFFICEREFITS,PE15,TOTALOFFICEREFITS|PE15
12457116,MEAH LOGISTICS LTD,active,ltd,2020-02-12,39 Moorton Avenue,,Manchester,M19 0NQ,England,['49390'],MEAHLOGISTICS,M19,MEAHLOGISTICS|M19
12457914,PSL TRANSPORT SERVICES LIMITED,active,ltd,2020-02-12,8 Admirals Walk,Rhuddlan,Rhyl,LL18 5PL,Wales,['81300'],PSLTRANSPORT,LL18,PSLTRANSPORT|LL18
07062982,AAROGYA LIMITED,active,ltd,2009-10-31,"6th Floor, 2 London Wall Place",,London,EC2Y 5AU,England,['47730'],AAROGYA,EC2Y,AAROGYA|EC2Y
12460329,SMARTMOVE HOLDINGS LTD,active,ltd,2020-02-13,120 Old Church Road,,London,E4 8BX,England,['77110'],SMARTMOVE,E4,SMARTMOVE|E4
12463903,FRESH LOCAL & WILD LIMITED,active,ltd,2020-02-14,27 The Cottage Brooklea Meadows,Childer Thornton,Ellesmere Port,CH66 4AB,England,['56101'],FRESHLOCALANDWILD,CH66,FRESHLOCALANDWILD|CH66
06905633,ALTIDO GROUP LIMITED,active,ltd,2009-05-14,Eagle Tower,Montpellier Drive,Cheltenham,GL50 1TA,England,"['58290', '62012', '62020', '62090']",ALTIDO,GL50,ALTIDO|GL50
07315114,ACM ODYSSEY II LIMITED,active,ltd,2010-07-14,Aldgate Tower,2 Leman Street,London,E1 8FA,United Kingdom,['70100'],ACMODYSSEYII,E1,ACMODYSSEYII|E1
04002878,THE DOWER HOUSE LIMITED,active,ltd,2000-05-26,Apartment 1 The Dower House,85 North Cray Road Sidcup,Kent,DA14 5EP,,['98000'],THEDOWERHOUSE,DA14,THEDOWERHOUSE|DA14
00678866,SIR JULIAN HODGE LIMITED,active,ltd,1960-12-23,One,Central Square,Cardiff,CF10 1FS,,['74990'],SIRJULIANHODGE,CF10,SIRJULIANHODGE|CF10
06664891,SUPER PREMIUM FOODS LIMITED,active,ltd,2008-08-05,7 Bell Yard,,London,WC2A 2JR,England,['47910'],SUPERPREMIUMFOODS,WC2A,SUPERPREMIUMFOODS|WC2A
SC403453,VIEWRIGG LIMITED,active,ltd,2011-07-13,10 Knockbreck Street,,Tain,IV19 1BJ,Scotland,['74909'],VIEWRIGG,IV19,VIEWRIGG|IV19
05373240,GOWLANDS FARM MANAGEMENT COMPANY LIMITED,active,ltd,2005-02-23,Dovecote House York Road,Green Hammerton,York,YO26 8EZ,England,['68320'],GOWLANDSFARMMANAGEMENTCOMPANY,YO26,GOWLANDSFARMMANAGEMENTCOMPANY|YO26
07097873,PHOENIX CLEANING CONTRACTS LIMITED,active,ltd,2009-12-08,142 High Street,,Lee-On-The-Solent,PO13 9DD,England,['96090'],PHOENIXCLEANINGCONTRACTS,PO13,PHOENIXCLEANINGCONTRACTS|PO13
11893389,SAM UK TRANS LTD,active,ltd,2019-03-20,34 Darnley Road,,Grays,RM17 6QS,England,['49410'],SAMUKTRANS,RM17,SAMUKTRANS|RM17
09317744,DELTA AQUARIUM LIMITED,active,ltd,2014-11-19,First Floor,2 Hampton Court Road,Birmingham,B17 9AE,England,['96090'],DELTAAQUARIUM,B17,DELTAAQUARIUM|B17
11043345,JMH TM LIMITED,active,ltd,2017-11-02,39 High Brink Road,Coleshill,Birmingham,B46 1BH,England,['42110'],JMHTM,B46,JMHTM|B46
SC104964,MD SECRETARIES LIMITED,active,ltd,1987-06-03,Pinsent Masons Llp,13 Queen's Road,Aberdeen,AB15 4YL,,['74990'],MDSECRETARIES,AB15,MDSECRETARIES|AB15
06893984,KARDAN TRAVEL HOLIDAYS LTD,active,ltd,2009-05-01,16c Sandown Road,,Lake,PO36 9JP,England,['79120'],KARDANTRAVELHOLIDAYS,PO36,KARDANTRAVELHOLIDAYS|PO36
04916584,M J RYAN EYECARE LIMITED,active,ltd,2003-09-30,Unit 317 India Mill Business Centre,,Darwen,BB3 1AE,England,['47782'],MJRYANEYECARE,BB3,MJRYANEYECARE|BB3
11945342,MNKB CONSULTANCY LIMITED,active,ltd,2019-04-13,111 Warwick Road Middleton,,Manchester,M24 1HU,United Kingdom,['70229'],MNKBCONSULTANCY,M24,MNKBCONSULTANCY|M24
12741542,PUTTING ACADEMY LIMITED,active,ltd,2020-07-14,121a Grenville Street,,Stockport,SK3 9EU,,['85510'],PUTTINGACADEMY,SK3,PUTTINGACADEMY|SK3
03514372,PUMPING & TECHNICAL SERVICES LIMITED,active,ltd,1998-02-20,Unit 1 Adlington Business Park,Adlington,Macclesfield,SK10 4NL,England,['28131'],PUMPINGANDTECHNICAL,SK10,PUMPINGANDTECHNICAL|SK10
02928710,R.H. CONSULTING ASSOCIATES LIMITED,active,ltd,1994-05-13,7 Hill Lane,Ruislip,Middlesex,HA4 7JJ,,['70229'],RHCONSULTINGASSOCIATES,HA4,RHCONSULTINGASSOCIATES|HA4
09010732,AURA INVESTMENT LIMITED,active,ltd,2014-04-25,1 Place Farm Avenue,,Orpington,BR6 8DG,,['68209'],AURAINVESTMENT,BR6,AURAINVESTMENT|BR6
07217614,DIVERSE BUILDING SOLUTIONS LTD,active,ltd,2010-04-08,32 Sheephouse,,Farnham,GU9 8LR,,['68320'],DIVERSEBUILDINGSOLUTIONS,GU9,DIVERSEBUILDINGSOLUTIONS|GU9
10926199,FENNERS PROPERTY SPECIALISTS LTD,active,ltd,2017-08-22,6 South Kensington Station Arcade,,London,SW7 2NA,England,['82990'],FENNERSPROPERTYSPECIALISTS,SW7,FENNERSPROPERTYSPECIALISTS|SW7
SC457203,CLAP YOUR HANDS LTD,active,ltd,2013-08-20,21-25 Duke Street,,Edinburgh,EH6 8HH,Scotland,['56302'],CLAPYOURHANDS,EH6,CLAPYOURHANDS|EH6
SC488245,ECC I.T. CONSULTING LTD,active,ltd,2014-10-06,18 Gowan Lea,,Dollar,FK14 7FA,Scotland,['82990'],ECCITCONSULTING,FK14,ECCITCONSULTING|FK14
SC485195,A & R SHELLFISH LTD,active,ltd,2014-08-28,Container 2 Thrumster,,Wick,KW1 5TX,Scotland,['03110'],AANDRSHELLFISH,KW1,AANDRSHELLFISH|KW1
SC446619,SAFA MEDICAL LTD,active,ltd,2013-04-03,43 Western Road,,Kilmarnock,KA3 1NQ,Scotland,['86101'],SAFAMEDICAL,KA3,SAFAMEDICAL|KA3
SC508245,"BOBBY,S JOINERY PRODUCTS LIMITED",active,ltd,2015-06-12,67 Anderson Drive,,Irvine,KA12 9HY,Scotland,['32990'],BOBBYSJOINERYPRODUCTS,KA12,BOBBYSJOINERYPRODUCTS|KA12
SC511595,PERFECT KITCHENS & BATHROOMS LTD,active,ltd,2015-07-24,28-30 North Street,,Dalry,KA24 5DW,United Kingdom,['47190'],PERFECTKITCHENSANDBATHROOMS,KA24,PERFECTKITCHENSANDBATHROOMS|KA24
SC493951,ADDMAR LIMITED,active,ltd,2014-12-23,111 Nelson Street,Unit 5,Glasgow,G5 8BL,Scotland,['68209'],ADDMAR,G5,ADDMAR|G5
SC479331,HOLKAT LTD,active,ltd,2014-06-05,104 Elmore Avenue,,Glasgow,G44 5BG,,['74902'],HOLKAT,G44,HOLKAT|G44
SC494399,TU TU LINK CARS LIMITED,active,ltd,2015-01-06,33 Ferniehill Gardens,,Edinburgh,EH17 7BT,Scotland,['49320'],TUTULINKCARS,EH17,TUTULINKCARS|EH17
SC499092,KENDALL KOPPE LIMITED,active,ltd,2015-02-27,36/38 Coburg Street,,Glasgow,G5 9JF,Scotland,['90040'],KENDALLKOPPE,G5,KENDALLKOPPE|G5
11494408,WREKIN CARE LTD,active,ltd,2018-08-01,63 Station Road,Donnington,Telford,TF2 8RJ,England,"['41202', '43290', '43390', '87900']",WREKINCARE,TF2,WREKINCARE|TF2
SC510225,SCOTTIES ELECTRICAL WHOLESALE LIMITED,active,ltd,2015-07-07,Scotties Electrical Wholesale Ltd 143 Fleurs Avenue,Dumbreck,Glasgow,G41 5AR,Scotland,['46439'],SCOTTIESELECTRICALWHOLESALE,G41,SCOTTIESELECTRICALWHOLESALE|G41
SC491968,TIGER FITNESS LTD,active,ltd,2014-11-25,12 Cartmore Road,,Lochgelly,KY5 9NX,Scotland,['93199'],TIGERFITNESS,KY5,TIGERFITNESS|KY5
SC485677,A19 LTD.,active,ltd,2014-09-02,57 Wellington Street,,Aberdeen,AB11 5BX,Scotland,['47230'],A19,AB11,A19|AB11
SC480605,CA OFFSHORE SERVICES LTD,active,ltd,2014-06-23,9 Janebank Avenue Janebank Avenue,Cambuslang,Glasgow,G72 8RA,,['43999'],CAOFFSHORE,G72,CAOFFSHORE|G72
SC482763,GREENTECH-EU LIMITED,active,ltd,2014-07-23,Suite 3 Castle House,Baker Street,Stirling,FK8 1AL,Scotland,['43220'],GREENTECHEU,FK8,GREENTECHEU|FK8
SC450951,COAKLEY BROTHERS (SCOTLAND) LIMITED,active,ltd,2013-05-28,Unit 35 Belgrave Street,Evans Business Centre,Bellshill,ML4 3NP,Scotland,['49390'],COAKLEYBROTHERSSCOTLAND,ML4,COAKLEYBROTHERSSCOTLAND|ML4
SC490689,SCOTBORE DRILLING SERVICES LIMITED,active,ltd,2014-11-06,10 Knockbreck Street,,Tain,IV19 1BJ,,['43130'],SCOTBOREDRILLING,IV19,SCOTBOREDRILLING|IV19
SC442165,CREATE ONLINE CONTRACTS LTD,active,ltd,2013-02-06,22 Montrose Street,,Glasgow,G1 1RE,Scotland,['69109'],CREATEONLINECONTRACTS,G1,CREATEONLINECONTRACTS|G1
SC497546,BOLEX LIMITED,active,ltd,2015-02-11,Summit House,4-5 Mitchell Street,Edinburgh,EH6 7BD,Scotland,['43390'],BOLEX,EH6,BOLEX|EH6
SC499091,MONEYSAVER UK GROUP LIMITED,active,ltd,2015-02-27,5 Blair Court North Avenue,Clydebank Business Park,Clydebank,G81 2LA,Scotland,"['70100', '73110']",MONEYSAVER,G81,MONEYSAVER|G81
SC482394,TMD LOGISTICS LTD,active,ltd,2014-07-17,1 Brackenhill Road,Law,Carluke,ML8 5LU,Scotland,['52290'],TMDLOGISTICS,ML8,TMDLOGISTICS|ML8
SC499114,CLOCK CAFE LEITH LTD,active,ltd,2015-02-27,2 Victoria Place,Rutherglen,Glasgow,G73 2JP,,['56102'],CLOCKCAFELEITH,G73,CLOCKCAFELEITH|G73
SC463588,"SCIENCE, TECHNOLOGY AND RESEARCH SPECIALISTS LTD",active,ltd,2013-11-12,6 Mayfield Grove,,Dundee,DD4 7GZ,Scotland,['62011'],SCIENCETECHNOLOGYANDRESEARCHSPECIALISTS,DD4,SCIENCETECHNOLOGYANDRESEARCHSPECIALISTS|DD4
SC464859,BUTTIES 1 LTD,active,ltd,2013-11-29,58 Long Lane,Broughty Ferry,Dundee,DD5 1HH,,['56103'],BUTTIES1,DD5,BUTTIES1|DD5
SC471809,SCARCROFT DEVELOPMENTS LTD,active,ltd,2014-03-06,Tour House Kilmarnock Road,Kilmaurs,Kilmarnock,KA3 2NN,Scotland,['41100'],SCARCROFTDEVELOPMENTS,KA3,SCARCROFTDEVELOPMENTS|KA3
SC453922,EDDYYY LIMITED,active,ltd,2013-07-05,Regent Court,70 West Regent Street,Glasgow,G2 2QZ,,['62090'],EDDYYY,G2,EDDYYY|G2
SC492010,FIFE JOINERY LTD.,active,ltd,2014-11-25,5 Dundas St.,,Lochgelly,KY5 9AQ,,['41201'],FIFEJOINERY,KY5,FIFEJOINERY|KY5
SC495495,HIGH NOON INVESTMENTS LTD,active,ltd,2015-01-20,272 Bath Street,,Glasgow,G2 4JR,,['47910'],HIGHNOONINVESTMENTS,G2,HIGHNOONINVESTMENTS|G2
SC507934,JIM YORKSTON LIMITED,active,ltd,2015-06-09,28 Aberdour Crescent,,Dunfermline,KY11 4QU,Scotland,['33170'],JIMYORKSTON,KY11,JIMYORKSTON|KY11
09018514,SANTA MONICA TMG LIMITED,active,ltd,2014-04-30,Ground Floor Cooper House,316 Regents Park Road,London,N3 2JX,United Kingdom,['82990'],SANTAMONICATMG,N3,SANTAMONICATMG|N3
SC505481,S & C JOINERS LIMITED,active,ltd,2015-05-11,10 Jarvie Road,,Falkirk,FK2 9FD,,['43320'],SANDCJOINERS,FK2,SANDCJOINERS|FK2
SC486775,SG JOINERY LTD,active,ltd,2014-09-16,Red Tree Magenta C/O Calculo Ltd,270 Glasgow Road,Glasgow,G73 1SA,Scotland,['43320'],SGJOINERY,G73,SGJOINERY|G73
SC464331,TRADE TODAY LTD,active,ltd,2013-11-22,Unit 5 203 High Street,Kyle Centre,Ayr,KA7 1QT,United Kingdom,['47190'],TRADETODAY,KA7,TRADETODAY|KA7
SC492241,WOKS DIRECT LIMITED,active,ltd,2014-11-28,5 Mordaunt Street,,Glasgow,G40 3JZ,,['32990'],WOKSDIRECT,G40,WOKSDIRECT|G40
SC467932,AIRCON MAN LIMITED,active,ltd,2014-01-21,13-15 Strathmore House,East Kilbride,Glasgow,G74 1LF,,['43220'],AIRCONMAN,G74,AIRCONMAN|G74
SC508868,HARPER PROCESS SERVICES LTD,active,ltd,2015-06-19,28-30 North Street,,Dalry,KA24 5DW,United Kingdom,['43999'],HARPERPROCESS,KA24,HARPERPROCESS|KA24
SC492826,D&ND CONSULTANCY LTD,active,ltd,2014-12-05,"Flat 6, 8 Crown Terrace",Hyndland,Glasgow,G12 9EZ,Scotland,['70229'],DANDNDCONSULTANCY,G12,DANDNDCONSULTANCY|G12
SC467194,GADGET DOCTOR SCOTLAND LIMITED,active,ltd,2014-01-13,14 Stroud Road,East Kilbride,Glasgow,G75 0YA,,['95110'],GADGETDOCTORSCOTLAND,G75,GADGETDOCTORSCOTLAND|G75
10894057,NGNA LIMITED,active,ltd,2017-08-01,869 High Road,,London,N12 8QA,United Kingdom,['68100'],NGNA,N12,NGNA|N12
06238442,MARSHDALE MANAGEMENT COMPANY LIMITED,active,ltd,2007-05-04,8 Carisbrooke Close,,Poulton-Le-Fylde,FY6 7UA,,['98000'],MARSHDALEMANAGEMENTCOMPANY,FY6,MARSHDALEMANAGEMENTCOMPANY|FY6
SC456896,ALPINE FENCING LIMITED,active,ltd,2013-08-15,Unit 1 & 2 Block 12 Nobel Road,West Gourdie Industrial Estate,Dundee,DD2 4UH,Scotland,['43999'],ALPINEFENCING,DD2,ALPINEFENCING|DD2
SC449762,W W & J MCCLURE LTD,active,ltd,2013-05-10,C/O Frp Advisory Trading Ltd Apex 3,95 Haymarket Terrace,Edinburgh,EH12 5HD,,['69102'],WWANDJMCCLURE,EH12,WWANDJMCCLURE|EH12
SC508423,KWP ENERGY LIMITED,active,ltd,2015-06-15,4 Valentine Court,Dunsinane Industrial Estate,Dundee,DD2 3QB,Scotland,"['27120', '72190', '74909']",KWPENERGY,DD2,KWPENERGY|DD2
SC459846,WP SOURCING LIMITED,active,ltd,2013-09-23,17 Wellgate Street,,Larkhall,ML9 2AG,,['46140'],WPSOURCING,ML9,WPSOURCING|ML9
SC485339,GORDON MCNEIL OFFSHORE LIMITED,active,ltd,2014-08-28,24 Macdougall Drive,Cambuslang,Glasgow,G72 7GE,,['09100'],GORDONMCNEILOFFSHORE,G72,GORDONMCNEILOFFSHORE|G72
SC440952,WARD & FRASER FAMILY BUTCHERS LTD,active,ltd,2013-01-23,91 Alexander Street,,Airdrie,ML6 0BD,,['47220'],WARDANDFRASERFAMILYBUTCHERS,ML6,WARDANDFRASERFAMILYBUTCHERS|ML6
SC488094,GLOBAL LETTING BOOKING SERVICES LIMITED,active,ltd,2014-10-03,7b West Maitland Street,,Edinburgh,EH12 5DS,Scotland,['68209'],GLOBALLETTINGBOOKING,EH12,GLOBALLETTINGBOOKING|EH12
SC502010,AWG DRIVING LTD,active,ltd,2015-03-31,"1346 Academy House, Suite 15",1346 Shettleston Road,Glasgow,G32 9AT,Scotland,['49410'],AWGDRIVING,G32,AWGDRIVING|G32
SC511725,QWORTH INCORPORATION LIMITED,active,ltd,2015-07-28,144 Lumley Street,Lumley Street,Grangemouth,FK3 8BL,United Kingdom,['47721'],QWORTHINCORPORATION,FK3,QWORTHINCORPORATION|FK3
12002158,BUCKS FIRE SAFETY TRAINING LIMITED,active,ltd,2019-05-17,20-22 Wenlock Road,,London,N1 7GU,England,"['84250', '85590']",BUCKSFIRESAFETYTRAINING,N1,BUCKSFIRESAFETYTRAINING|N1
SC509405,H.M. DECORATORS LIMITED,active,ltd,2015-06-26,Pavilion 2 3 Dava Street,,Glasgow,G51 2JA,United Kingdom,['43341'],HMDECORATORS,G51,HMDECORATORS|G51
SC464974,FINNMAR LTD,active,ltd,2013-12-02,2 Armour Place,,Ardrossan,KA22 7JB,,['33190'],FINNMAR,KA22,FINNMAR|KA22
SC480575,JAMES SWANSON LIMITED,active,ltd,2014-06-23,42 Bruce Avenue,,Dingwall,IV15 9RG,Scotland,['43120'],JAMESSWANSON,IV15,JAMESSWANSON|IV15
SC481200,CORR ELECTRICAL SERVICES LTD,active,ltd,2014-07-01,56 Whitelaw Street,,Glasgow,G20 0DJ,Scotland,['33140'],CORRELECTRICAL,G20,CORRELECTRICAL|G20
SC508954,TRAP-MED LTD,active,ltd,2015-06-22,Suite 133 12 South Bridge,,Edinburgh,EH1 1DD,Scotland,['28990'],TRAPMED,EH1,TRAPMED|EH1
SC467021,STEVENSON AUTOMATION SOLUTIONS LIMITED,active,ltd,2014-01-09,37 St. Ronans Drive,,Peterculter,AB14 0RB,Scotland,['71129'],STEVENSONAUTOMATIONSOLUTIONS,AB14,STEVENSONAUTOMATIONSOLUTIONS|AB14
SC457129,1CLICK CLEANING LIMITED,active,ltd,2013-08-19,Stannergate House 41 Dundee Road West,Broughty Ferry,Dundee,DD5 1NB,Scotland,['81222'],1CLICKCLEANING,DD5,1CLICKCLEANING|DD5
SC476777,TAY ROOFING & BUILDING LTD,active,ltd,2014-05-02,Unit 514 Dock Street,,Dundee,DD1 4BT,Scotland,['43390'],TAYROOFINGANDBUILDING,DD1,TAYROOFINGANDBUILDING|DD1
SC466736,A1 AUTOMATIC GATES LIMITED,active,ltd,2014-01-07,130 Drummore Road,,Glasgow,G15 7NJ,Scotland,['43290'],A1AUTOMATICGATES,G15,A1AUTOMATICGATES|G15
SC508684,SCOTT MCDADE LTD,active,ltd,2015-06-18,9 9 Mansel Street,,Glasgow,G21 4JJ,Scotland,"['33170', '43210']",SCOTTMCDADE,G21,SCOTTMCDADE|G21
SC486706,AVC CONSTRUCTION LTD,active,ltd,2014-09-16,90 Loch Park Avenue,,Carluke,ML8 5TG,Scotland,['43390'],AVCCONSTRUCTION,ML8,AVCCONSTRUCTION|ML8
SC445895,DAWSON LOGISTICS LTD.,active,ltd,2013-03-25,Tinto View Tinto View Road,Ashgill,Larkhall,ML9 3AY,,['49410'],DAWSONLOGISTICS,ML9,DAWSONLOGISTICS|ML9
SC490801,ROCKET TRUCKS LIMITED,active,ltd,2014-11-07,"Unit 3, Kpp Chartered Accountants",Rosyth Road,Glasgow,G5 0YE,Scotland,['49410'],ROCKETTRUCKS,G5,ROCKETTRUCKS|G5
SC502835,BMB FABRICATIONS LTD,active,ltd,2015-04-09,130 Berkeley Street,Flat 3/1,Glasgow,G3 7HY,Scotland,['25110'],BMBFABRICATIONS,G3,BMBFABRICATIONS|G3
SC439808,TLC DETAILING LTD,active,ltd,2013-01-08,"Unit 6, Block 2 Manor Farm Business Park",Manor Loan,Stirling,FK9 5QD,,['45200'],TLCDETAILING,FK9,TLCDETAILING|FK9
SC449583,FIFE GARDENING SERVICES LTD,active,ltd,2013-05-09,3 The Maltings,Auchtertool,Kirkcaldy,KY2 5XU,,['81300'],FIFEGARDENING,KY2,FIFEGARDENING|KY2
SC483392,OEB ELECTRICAL SERVICES LTD,active,ltd,2014-07-31,1 Moray Place,Kirkintilloch,Glasgow,G66 3SR,,['43210'],OEBELECTRICAL,G66,OEBELECTRICAL|G66
SC487806,DUNEDIN DESIGN LTD,active,ltd,2014-09-30,5 Canning Street Lane,,Edinburgh,EH3 8ER,Scotland,['41100'],DUNEDINDESIGN,EH3,DUNEDINDESIGN|EH3
SC505026,PTB ALL TRADES SOLUTIONS LIMITED,active,ltd,2015-05-05,83/2 Calder Gardens,,Edinburgh,EH11 4LQ,Scotland,['43390'],PTBALLTRADESSOLUTIONS,EH11,PTBALLTRADESSOLUTIONS|EH11
SC457589,A J BUILD  & DESIGN LIMITED,active,ltd,2013-08-27,60 Sutton Park Crescent,Stenhousemuir,Larbert,FK5 4DB,Scotland,['52219'],AJBUILDANDDESIGN,FK5,AJBUILDANDDESIGN|FK5
SC512557,SW HAMILTON LIMITED,active,ltd,2015-08-07,15 63 Dunnock Road,,Dunfermline,KY11 8QE,Scotland,['56103'],SWHAMILTON,KY11,SWHAMILTON|KY11
SC499464,SOCCER PDP LIMITED,active,ltd,2015-03-03,4 Valentine Court,Dundee Business Park,Dundee,DD2 3QB,Scotland,"['63120', '93199', '94990']",SOCCERPDP,DD2,SOCCERPDP|DD2
SC513037,SCOTSWAY CONTRACTING LIMITED,active,ltd,2015-08-13,The Old Surgery,School Road,Tarbert,PA29 6UL,Scotland,['61200'],SCOTSWAYCONTRACTING,PA29,SCOTSWAYCONTRACTING|PA29
SC482956,M&M PARCEL LIMITED,active,ltd,2014-07-28,105 Skylark Wynd,,Motherwell,ML1 1AP,Scotland,['82990'],MANDMPARCEL,ML1,MANDMPARCEL|ML1
SC498668,VERTIGO (SCOTLAND) LIMITED,active,ltd,2015-02-23,Scottcourt House,West Princes Street,Helensburgh,G84 8BP,Scotland,['43390'],VERTIGOSCOTLAND,G84,VERTIGOSCOTLAND|G84
SC464631,HIGHLAND INDUSTRIAL TRAINING SUPPLIERS (HITS) LTD,active,ltd,2013-11-27,"Suite 14, 98 Woodlands Road",,Glasgow,G3 6HB,Scotland,['82990'],HIGHLANDINDUSTRIALTRAININGSUPPLIERSHITS,G3,HIGHLANDINDUSTRIALTRAININGSUPPLIERSHITS|G3
SC493853,FERRY PLUMBING & HEATING LTD,active,ltd,2014-12-22,40/42 Brantwood Avenue,,Dundee,DD3 6EW,,['43220'],FERRYPLUMBINGANDHEATING,DD3,FERRYPLUMBINGANDHEATING|DD3
SC510901,RETRO CARS LIMITED,active,ltd,2015-07-15,6 Blair Road,Crossford,Carluke,ML8 5RF,Scotland,['45112'],RETROCARS,ML8,RETROCARS|ML8
SC490891,OBAN FISH COMPANY LTD,active,ltd,2014-11-10,Smoke House,Kilmore,Oban,PA34 4XT,,['10200'],OBANFISHCOMPANY,PA34,OBANFISHCOMPANY|PA34
SC477842,JENKINS PLANT & TOOL HIRE LIMITED,active,ltd,2014-05-16,Ha' Of Bowermadden,Bower,Wick,KW1 4TW,,['43999'],JENKINSPLANTANDTOOLHIRE,KW1,JENKINSPLANTANDTOOLHIRE|KW1
SC492304,CARNDEARG CONSULTANTS LIMITED,active,ltd,2014-11-28,16 Wellesley Place Wellesley Place,Cumbernauld,Glasgow,G68 9PJ,Scotland,['70229'],CARNDEARGCONSULTANTS,G68,CARNDEARGCONSULTANTS|G68
SC487253,CROSSGATEHEAD ASSETS LIMITED,active,ltd,2014-09-22,Oakfield House,378 Brandon Street,Motherwell,ML1 1XA,,['77390'],CROSSGATEHEADASSETS,ML1,CROSSGATEHEADASSETS|ML1
SC483935,PLUS FITNESS LIMITED,active,ltd,2014-08-08,73 Chapel Street,,Aberdeen,AB10 1SS,Scotland,['93130'],PLUSFITNESS,AB10,PLUSFITNESS|AB10
SC472758,WESTFIELD PLUMBING-HEATING SERVICES LTD,active,ltd,2014-03-18,5 Westerdale,Stewartfield,Eastkilbride,G74 4JF,,['43220'],WESTFIELDPLUMBINGHEATING,G74,WESTFIELDPLUMBINGHEATING|G74
SC508011,PEREGRINE CONSTRUCTION SITE ENGINEERS LIMITED,active,ltd,2015-06-10,22 Alnwick Drive,Eaglesham,Glasgow,G76 0AZ,Scotland,['41201'],PEREGRINECONSTRUCTIONSITEENGINEERS,G76,PEREGRINECONSTRUCTIONSITEENGINEERS|G76
SC456797,FRASER RADIOLOGICAL LIMITED,active,ltd,2013-08-15,Suite 14 98 Woodlands Road,Charing Cross,Glasgow,G3 6HB,Scotland,['74909'],FRASERRADIOLOGICAL,G3,FRASERRADIOLOGICAL|G3
SC508753,ALLOA BATHROOM CENTRE LTD,active,ltd,2015-06-18,66 Clackmannan Road,,Alloa,FK10 4DA,United Kingdom,['47750'],ALLOABATHROOMCENTRE,FK10,ALLOABATHROOMCENTRE|FK10
SC493214,WILKIE BUILDERS LIMITED,active,ltd,2014-12-11,42 St. Abbs Road,,Arbroath,DD11 5AS,,['41202'],WILKIEBUILDERS,DD11,WILKIEBUILDERS|DD11
SC453069,D&D TAVERNS LTD,active,ltd,2013-06-25,"3rd Floor, St. Georges Building",5 St. Vincent Place,Glasgow,G1 2DH,,['56302'],DANDDTAVERNS,G1,DANDDTAVERNS|G1
SC488673,N.G RUGS LTD,active,ltd,2014-10-10,151 Balmoral Street,Unit 7,Glasgow,G14 0HB,,['47990'],NGRUGS,G14,NGRUGS|G14
SC512044,HATS AND BITS (SCOTLAND) LIMITED,active,ltd,2015-07-31,Radleigh House 1 Golf Road,Clarkston,Glasgow,G76 7HU,Scotland,['47890'],HATSANDBITSSCOTLAND,G76,HATSANDBITSSCOTLAND|G76
SC491261,ALL THINGS WOOD LTD,active,ltd,2014-11-14,50 Hawthorn Drive,Banknock,Bonnybridge,FK4 1LF,,['31090'],ALLTHINGSWOOD,FK4,ALLTHINGSWOOD|FK4
SC502414,BOWE FAB & WELD LIMITED,active,ltd,2015-04-02,3 John Row Place,Oakley,Dunfermline,KY12 9QZ,Scotland,['25990'],BOWEFABANDWELD,KY12,BOWEFABANDWELD|KY12
SC440113,EAST COAST CLADDING LTD.,active,ltd,2013-01-11,20 Scott Road,,Lauder,TD2 6QH,,['41201'],EASTCOASTCLADDING,TD2,EASTCOASTCLADDING|TD2
SC444321,ATRADEYA LTD,active,ltd,2013-03-06,23 A Finlow Terrace,,Dundee,DD4 9NQ,Scotland,['63110'],ATRADEYA,DD4,ATRADEYA|DD4
SC457326,AULD JOCKS LTD,active,ltd,2013-08-21,Flat 6 30b Chambers Street,,Edinburgh,EH1 1HU,,"['56101', '56102']",AULDJOCKS,EH1,AULDJOCKS|EH1
SC493716,SAMARAK LTD,active,ltd,2014-12-18,14 Craigfoot Walk,,Kirkcaldy,KY1 1GA,Scotland,['70229'],SAMARAK,KY1,SAMARAK|KY1
SC494818,A&C ELECTRICAL PROJECTS LIMITED,active,ltd,2015-01-12,49 Walkerston Avenue,,Largs,KA30 8EP,Scotland,['41100'],AANDCELECTRICALPROJECTS,KA30,AANDCELECTRICALPROJECTS|KA30
SC456851,PHOENIX CLINIC LIMITED,active,ltd,2013-08-15,19 Shottsburn Road,Salsburgh,Shotts,ML7 4NT,Scotland,['86230'],PHOENIXCLINIC,ML7,PHOENIXCLINIC|ML7
11294429,ARL PROPERTIES LTD,active,ltd,2018-04-05,10 Clere Gardens,Chineham,Basingstoke,RG24 8LZ,England,['68209'],ARLPROPERTIES,RG24,ARLPROPERTIES|RG24
SC499218,JOHN ROSS INTERNATIONAL TRUCKING COMPANY LTD,active,ltd,2015-03-02,56 Crags Road,,Paisley,PA2 6QT,Scotland,['49410'],JOHNROSSINTERNATIONALTRUCKINGCOMPANY,PA2,JOHNROSSINTERNATIONALTRUCKINGCOMPANY|PA2
SC485570,ASYA HOT FOOD LTD,active,ltd,2014-09-01,41 The Murray Square,East Kilbride,Glasgow,G75 0BH,,['56103'],ASYAHOTFOOD,G75,ASYAHOTFOOD|G75
SC463161,HOFFMAN SECURITY SYSTEMS LIMITED,active,ltd,2013-11-06,67 Wellgate Street,,Larkhall,ML9 2AQ,Scotland,['74909'],HOFFMANSECURITYSYSTEMS,ML9,HOFFMANSECURITYSYSTEMS|ML9
SC451621,REBELI ELECTRICAL LTD,active,ltd,2013-06-05,24 Montreal Park Westwood,,East Kilbride,G75 8LB,Scotland,['43210'],REBELIELECTRICAL,G75,REBELIELECTRICAL|G75
SC505578,ASUK TRADE LTD,active,ltd,2015-05-11,109 Den Walk,Methil,Leven,KY8 3LL,Scotland,"['46120', '46520', '46900']",ASUKTRADE,KY8,ASUKTRADE|KY8
SC474098,KENUTCHAY (UK) LIMITED,active,ltd,2014-04-01,E1e2 Somervell Street,Cambuslang,Glasgow,G72 7EB,Scotland,['47990'],KENUTCHAYUK,G72,KENUTCHAYUK|G72
SC453114,MYO WEALTH LTD,active,ltd,2013-06-25,73 Dunnikier Road,,Kirkcaldy,KY1 2RL,Scotland,['47110'],MYOWEALTH,KY1,MYOWEALTH|KY1
SC442091,SLM  WELL SERVICES LIMITED,active,ltd,2013-02-06,16 Tayview Drive,Liff,Dundee,DD2 5PF,,"['06100', '06200']",SLMWELL,DD2,SLMWELL|DD2
SC449109,THAI KITCHEN (CARNOUSTIE) LIMITED,active,ltd,2013-05-02,59 Bonnygate,,Cupar,KY15 4BY,Scotland,['56101'],THAIKITCHENCARNOUSTIE,KY15,THAIKITCHENCARNOUSTIE|KY15
SC455938,"A,T & B LTD.",active,ltd,2013-08-02,2b Kingston Estate,Ardgowan Street,Port Glasgow,PA14 5DG,Scotland,['47990'],ATANDB,PA14,ATANDB|PA14
SC461217,TALKADOODLEDOO LTD,active,ltd,2013-10-10,50/8 Coltbridge Avenue,,Edinburgh,EH12 6AH,,['59113'],TALKADOODLEDOO,EH12,TALKADOODLEDOO|EH12
SC462362,JM HUTT SERVICES LIMITED,active,ltd,2013-10-28,25 Adam Drive,,Dundee,DD3 0SS,Scotland,"['09100', '43210']",JMHUTT,DD3,JMHUTT|DD3
SC511146,GILLESPIE & ROSS LTD,active,ltd,2015-07-20,Unit 4 Eastfield Farm Industrial Estate Unit 4,Eastfield Farm Ind Est,Penicuik,EH26 8EZ,Scotland,['96090'],GILLESPIEANDROSS,EH26,GILLESPIEANDROSS|EH26
SC468338,WE ARE TINGLE LTD,active,ltd,2014-01-27,63 Dunnock Road,,Dunfermline,KY11 8QE,Scotland,['56302'],WEARETINGLE,KY11,WEARETINGLE|KY11
SC500448,HELEN STREET ENGINEERING LIMITED,active,ltd,2015-03-13,133 Helen Street,,Govan,G51 3HD,United Kingdom,['28110'],HELENSTREETENGINEERING,G51,HELENSTREETENGINEERING|G51
SC509841,ADMC CONSULTANTS LIMITED,active,ltd,2015-07-01,31 Gardenside Grove,,Glasgow,G32 8DS,Scotland,['06100'],ADMCCONSULTANTS,G32,ADMCCONSULTANTS|G32
SC476591,DELS EXOTICS LIMITED,active,ltd,2014-05-01,"Flat 0/4, 7 Rigby Drive",,Glasgow,G32 6EE,Scotland,['96090'],DELSEXOTICS,G32,DELSEXOTICS|G32
SC512654,GLITTER GLAMOUR WALLS LIMITED,active,ltd,2015-08-10,107 King Street,Unit 3 Kings Court,Glasgow,G1 5RB,Scotland,['47530'],GLITTERGLAMOURWALLS,G1,GLITTERGLAMOURWALLS|G1
SC479933,212 FABRICATION LIMITED,active,ltd,2014-06-12,42 Orchard Street,,Renfrew,PA4 8RL,Scotland,['43999'],212FABRICATION,PA4,212FABRICATION|PA4
SC505682,ORBITAL FUNNEL MARKETING LTD,active,ltd,2015-05-12,6 Rosewood Place,,Glasgow,G69 7UD,United Kingdom,['73110'],ORBITALFUNNELMARKETING,G69,ORBITALFUNNELMARKETING|G69
SC511196,MANYANGA LTD,active,ltd,2015-07-20,40 Springbank,,Glasgow,G31 4PZ,Scotland,['86102'],MANYANGA,G31,MANYANGA|G31
SC481083,MATTHEW SMITH ELECTRICAL LTD,active,ltd,2014-06-30,Suite 14 98 Woodlands Road,Charing Cross,Glasgow,G3 6HB,Scotland,['43999'],MATTHEWSMITHELECTRICAL,G3,MATTHEWSMITHELECTRICAL|G3
SC496523,DIRECT COATINGS LIMITED,active,ltd,2015-02-02,93 Robertson Way,,Livingston,EH54 8RF,Scotland,['96090'],DIRECTCOATINGS,EH54,DIRECTCOATINGS|EH54
SC498206,DARROCH HEARING CLINICS LIMITED,active,ltd,2015-02-18,15 St. Leonard Street,,Lanark,ML11 7AB,Scotland,['86900'],DARROCHHEARINGCLINICS,ML11,DARROCHHEARINGCLINICS|ML11
SC454599,IDAHO SERVICES LTD,active,ltd,2013-07-16,48 West George Street,C/O Clyde Offices,Glasgow,G2 1BP,United Kingdom,"['70229', '82990']",IDAHO,G2,IDAHO|G2
SC509174,BMCP PIPELINE LTD,active,ltd,2015-06-24,57 The Maltings,,Haddington,EH41 4EF,Scotland,['71121'],BMCPPIPELINE,EH41,BMCPPIPELINE|EH41
SC511124,PERFECT PASTURE LIMITED,active,ltd,2015-07-20,Carnessie,Ancrum,Jedburgh,TD8 6XA,Scotland,['01629'],PERFECTPASTURE,TD8,PERFECTPASTURE|TD8
SC450143,ASPECT IMPROVEMENTS LTD,active,ltd,2013-05-16,3 High Street,Strichen,Fraserburgh,AB43 6SQ,,['41100'],ASPECTIMPROVEMENTS,AB43,ASPECTIMPROVEMENTS|AB43
SC509029,MG TECHNICAL LIMITED,active,ltd,2015-06-22,54 Pleaknowe Crescent,Chryston,Glasgow,G69 0LQ,Scotland,['43210'],MGTECHNICAL,G69,MGTECHNICAL|G69
SC509505,SHELBAR CONSTRUCTION LIMITED,active,ltd,2015-06-29,1 Gibbdun Place,,Denny,FK6 5PH,United Kingdom,['41202'],SHELBARCONSTRUCTION,FK6,SHELBARCONSTRUCTION|FK6
SC466711,MANSELL AUTOMOTIVE LTD,active,ltd,2014-01-06,517 Gilmerton Road,,Edinburgh,EH17 7JB,Scotland,['33170'],MANSELLAUTOMOTIVE,EH17,MANSELLAUTOMOTIVE|EH17
SC466404,SPAGHETTI TATTOOS LTD,active,ltd,2013-12-24,"Suite 3a, Elizabeth House Barclay Court",Mitchelston Industrial Estate,Kirkcaldy,KY1 3WE,Scotland,"['90030', '96090']",SPAGHETTITATTOOS,KY1,SPAGHETTITATTOOS|KY1
SC494814,DRS CONTRACTS LIMITED,active,ltd,2015-01-12,41 Knowe View,Ochiltree,Cumnock,KA18 2AU,Scotland,"['30990', '33170']",DRSCONTRACTS,KA18,DRSCONTRACTS|KA18
SC452565,EDINBURGH TOWNHOUSE LTD,active,ltd,2013-06-18,38 North Castle Street,,Edinburgh,EH2 3BN,,['55209'],EDINBURGHTOWNHOUSE,EH2,EDINBURGHTOWNHOUSE|EH2
SC449423,PIVOTAL SCOTLAND LTD,active,ltd,2013-05-07,C/O Prmier Accounting 15 Townhead,Kirkintilloch,Glasgow,G66 1NG,Scotland,['85590'],PIVOTALSCOTLAND,G66,PIVOTALSCOTLAND|G66
SC512875,MONKTON GROCERS LTD,active,ltd,2015-08-12,29 Main Street,Monkton,Prestwick,KA9 2QJ,Scotland,['47110'],MONKTONGROCERS,KA9,MONKTONGROCERS|KA9
07458451,SIMPLY TRANSLATION LIMITED,active,ltd,2010-12-02,Harscombe House,1 Darklake View,Plymouth,PL6 7TL,,['74300'],SIMPLYTRANSLATION,PL6,SIMPLYTRANSLATION|PL6
09158559,MW GOLF ACADEMY LTD,active,ltd,2014-08-01,16 The Hazells Abbeymead,,Gloucester,GL4 5WN,,['85510'],MWGOLFACADEMY,GL4,MWGOLFACADEMY|GL4
SC444948,MFV ISLANDER LIMITED,active,ltd,2013-03-13,19 Wellington Square,,Ayr,KA7 1EZ,,['99999'],MFVISLANDER,KA7,MFVISLANDER|KA7
SC505345,941 LIMITED,active,ltd,2015-05-07,41 London Street,,Edinburgh,EH3 6LX,,['86900'],941,EH3,941|EH3
SC495773,STEVENSTON 24 LTD,active,ltd,2015-01-22,2-4 Ardoch Crescent,,Stevenston,KA20 3PP,,['47110'],STEVENSTON24,KA20,STEVENSTON24|KA20
SC479287,GLOBAL IT & MANAGEMENT LTD,active,ltd,2014-06-05,36 Corrour Road,Newton Mearns,Glasgow,G77 6EU,,['62090'],GLOBALITANDMANAGEMENT,G77,GLOBALITANDMANAGEMENT|G77
SC452612,HOMERENEWABLES SCOTLAND LTD,active,ltd,2013-06-18,Office 6 The Chrichton Estate,Bankend Road,Dumfries,DG1 4TA,Scotland,['43999'],HOMERENEWABLESSCOTLAND,DG1,HOMERENEWABLESSCOTLAND|DG1
SC471241,BIBBLE BAR SILVERBURN LIMITED,active,ltd,2014-02-28,Bibble Milkshake,Unit 42/1 Hardengreen Business Park,Eskbank,EH22 3NU,Scotland,['56103'],BIBBLEBARSILVERBURN,EH22,BIBBLEBARSILVERBURN|EH22
SC485297,PERFECTION BEAUTY SCHOOL LTD.,active,ltd,2014-08-28,141-143 High Street,Lochee,Dundee,DD2 3DB,Scotland,['96020'],PERFECTIONBEAUTYSCHOOL,DD2,PERFECTIONBEAUTYSCHOOL|DD2
SC461549,BCW TRANSPORT LTD,active,ltd,2013-10-15,Forbes House,36 Huntly Street,Inverness,IV3 5PR,United Kingdom,['49410'],BCWTRANSPORT,IV3,BCWTRANSPORT|IV3
SC509516,PREMIER ROOFING SCOTLAND LIMITED,active,ltd,2015-06-29,Unit 16 Dock Street,,Dundee,DD1 4BT,Scotland,['43910'],PREMIERROOFINGSCOTLAND,DD1,PREMIERROOFINGSCOTLAND|DD1
SC468415,GALLERY ART MARKETING LTD,active,ltd,2014-01-27,1 Woodside Ind. Est. Main Street,Glenluce,Newton Stewart,DG8 0PL,,['18129'],GALLERYARTMARKETING,DG8,GALLERYARTMARKETING|DG8
SC482824,MHF SCOTLAND LIMITED,active,ltd,2014-07-24,P M B Taxation Services,"6b, Hunter Street",Glasgow,G74 4LZ,,['93120'],MHFSCOTLAND,G74,MHFSCOTLAND|G74
SC448134,KENNERGY LTD,active,ltd,2013-04-22,13 Queen's Place,,Dunbar,EH42 1YA,Scotland,['35110'],KENNERGY,EH42,KENNERGY|EH42
SC493747,ELLIOT ENTERPRISES LIMITED,active,ltd,2014-12-19,6 Benhar Road,Newcraighall,Edinburgh,EH21 8RR,Scotland,['47990'],ELLIOTENTERPRISES,EH21,ELLIOTENTERPRISES|EH21
SC509535,FRANK DYER LTD,active,ltd,2015-06-29,2-1 182 Kinfauns Drive,,Glasgow,G15 7TX,,['33170'],FRANKDYER,G15,FRANKDYER|G15
SC510200,DENT AWAY GLASGOW LIMITED,active,ltd,2015-07-06,40 Forth Street,,Glasgow,G41 2SS,Scotland,['45200'],DENTAWAYGLASGOW,G41,DENTAWAYGLASGOW|G41
SC457478,FLEXIBLE CONSULTS LTD,active,ltd,2013-08-23,"Flat B, 8",Ferrier Gardens,Aberdeen,AB24 2QD,,['74909'],FLEXIBLECONSULTS,AB24,FLEXIBLECONSULTS|AB24
06239725,FOUR SEASONS CLEANING LTD,active,ltd,2007-05-08,36 Park Road,,Ryde,PO33 1HH,England,['81210'],FOURSEASONSCLEANING,PO33,FOURSEASONSCLEANING|PO33
10789502,MARK SWALLOW PHOTOGRAPHY LIMITED,active,ltd,2017-05-25,St George's House,St. Georges Road,Barnstaple,EX32 7AS,England,['74202'],MARKSWALLOWPHOTOGRAPHY,EX32,MARKSWALLOWPHOTOGRAPHY|EX32
10937767,HAMPTON DEVELOPMENTS LTD,active,ltd,2017-08-30,Larne House,,Sevenhampton,SN6 7QA,United Kingdom,['41100'],HAMPTONDEVELOPMENTS,SN6,HAMPTONDEVELOPMENTS|SN6
04760670,ASKEW HAWKINS LIMITED,active,ltd,2003-05-12,The Old Farm House Bank Green,Bellingdon,Chesham,HP5 2UT,England,['68310'],ASKEWHAWKINS,HP5,ASKEWHAWKINS|HP5
11938951,TRAIZR LIMITED,active,ltd,2019-04-10,20-22 Wenlock Road,,London,N1 7GU,England,['62012'],TRAIZR,N1,TRAIZR|N1
00172097,LLOYDS & COMPANY LETCHWORTH LIMITED,active,ltd,1920-12-17,Birds Hill,Letchworth,Herts,SG6 1JE,,['28990'],LLOYDSANDCOMPANYLETCHWORTH,SG6,LLOYDSANDCOMPANYLETCHWORTH|SG6
07585524,WILLIAM JARROD PARTNERSHIP LTD,active,ltd,2011-03-31,5 Hatfields,,London,SE1 9PG,England,['62030'],WILLIAMJARRODPARTNERSHIP,SE1,WILLIAMJARRODPARTNERSHIP|SE1
08007415,ZENITH CHESTER LIMITED,active,ltd,2012-03-27,45 Westerham Road,,Sevenoaks,TN13 2QB,,['68100'],ZENITHCHESTER,TN13,ZENITHCHESTER|TN13
06594657,THE ARBOUR MANAGEMENT COMPANY LIMITED,active,ltd,2008-05-15,19 Highfield Road,Edgbaston,Birmingham,B15 3BH,,['68320'],THEARBOURMANAGEMENTCOMPANY,B15,THEARBOURMANAGEMENTCOMPANY|B15
03055016,B & S DRY LINING LIMITED,active,ltd,1995-05-10,4 Meadow Close,Clophill,Bedford,MK45 4SS,United Kingdom,['41202'],BANDSDRYLINING,MK45,BANDSDRYLINING|MK45
06201601,ROTHERHAM TAYLOR LIMITED,active,ltd,2007-04-03,21 Navigation Business Village,Navigation Way Ashton-On-Ribble,Preston,PR2 2YP,,['69201'],ROTHERHAMTAYLOR,PR2,ROTHERHAMTAYLOR|PR2
07356524,BRIGHT TIME LIMITED,active,ltd,2010-08-25,36 Hartfield Avenue,,Brighton,BN1 8AE,England,['47190'],BRIGHTTIME,BN1,BRIGHTTIME|BN1
05431576,AMERICAN JUKEBOX LIMITED,active,ltd,2005-04-21,22 The Nursery,Sutton Courtenay,Abingdon,OX14 4UA,England,['90030'],AMERICANJUKEBOX,OX14,AMERICANJUKEBOX|OX14
10743679,INTEQ LIMITED,active,ltd,2017-04-27,8 Deben Mill Business Centre,Old Maltings Approach,Woodbridge,IP12 1BL,United Kingdom,['74100'],INTEQ,IP12,INTEQ|IP12
11556304,FORD PROCUREMENT & CONSTRUCTION CONSULTANTS FPCC LTD,active,ltd,2018-09-06,23 Cottingham Way,,Thrapston,NN14 4PL,England,"['46730', '64203']",FORDPROCUREMENTANDCONSTRUCTIONCONSULTANTSFPCC,NN14,FORDPROCUREMENTANDCONSTRUCTIONCONSULTANTSFPCC|NN14
05800245,GLOSS SERVICES LIMITED,active,ltd,2006-04-28,11b Boundary Road,Buckingham Road Industrial,"Estate, Brackley",NN13 7ES,,"['43341', '69201']",GLOSS,NN13,GLOSS|NN13
03563590,OAKWOOD HEIGHTS RESIDENTS COMPANY LIMITED,active,ltd,1998-05-14,Brook House,62 Crown Street,Brentwood,CM14 4BJ,England,['98000'],OAKWOODHEIGHTSRESIDENTSCOMPANY,CM14,OAKWOODHEIGHTSRESIDENTSCOMPANY|CM14
04965506,CASTLE COURT APARTMENTS (COLNE) LIMITED,active,ltd,2003-11-17,18 Castle Court,,Colne,BB8 7RD,England,['98000'],CASTLECOURTAPARTMENTSCOLNE,BB8,CASTLECOURTAPARTMENTSCOLNE|BB8
SC658348,DCI WHOLESALE LIMITED,active,ltd,2020-03-26,5 Tarbet Street,,Gourock,PA19 1UF,Scotland,['46380'],DCIWHOLESALE,PA19,DCIWHOLESALE|PA19
06222210,UNDERGROUND MEDIA (UK) LTD.,active,ltd,2007-04-23,Sterlings Ltd Lawford House,Albert Place,London,N3 1QA,,['96090'],UNDERGROUNDMEDIAUK,N3,UNDERGROUNDMEDIAUK|N3
03743992,BATCH LIMITED,active,ltd,1999-03-30,6 Bell Yard,,London,WC2A 2JR,,['94110'],BATCH,WC2A,BATCH|WC2A
08512785,BARRISTERS FOR BUSINESS LIMITED,active,ltd,2013-05-01,Belfry House Bell Lane Hertford Sg14 1bp,Bell Lane,Hertford,SG14 1BP,England,['69101'],BARRISTERSFORBUSINESS,SG14,BARRISTERSFORBUSINESS|SG14
SC591175,PARAGON ECOMMERCE LTD,active,ltd,2018-03-13,Clyde Offices 2nd Floor,48 West George Street,Glasgow,G2 1BP,United Kingdom,"['62012', '62020', '62090']",PARAGONECOMMERCE,G2,PARAGONECOMMERCE|G2
SC600883,B & E INNS LIMITED,active,ltd,2018-06-25,20b Smith Street,,Ayr,KA7 1TF,Scotland,['56302'],BANDEINNS,KA7,BANDEINNS|KA7
10674358,WESTWOODXCROSS LIMITED,active,ltd,2017-03-16,156 Northdown Road,Cliftonville,Margate,CT9 2QN,England,['82990'],WESTWOODXCROSS,CT9,WESTWOODXCROSS|CT9
SC604147,PROTREE LIMITED,active,ltd,2018-08-01,Unit 6 Lower Mill Road,Clarkston,Glasgow,G76 8BJ,United Kingdom,['02400'],PROTREE,G76,PROTREE|G76
SC600600,NESS MOTOR REPAIRS LTD,active,ltd,2018-06-21,Unit 8 23 Harbour Road,,Inverness,IV1 1SY,United Kingdom,['45200'],NESSMOTORREPAIRS,IV1,NESSMOTORREPAIRS|IV1
SC604069,SHAMBAILLA LIMITED,active,ltd,2018-07-31,155 Jerviston Road,,Glasgow,G33 5QL,Scotland,['63110'],SHAMBAILLA,G33,SHAMBAILLA|G33
SC595304,CLR ENGINEERING TECHNICAL SERVICES (UK) LTD,active,ltd,2018-04-25,32 Braemar Crescent,,Carluke,ML8 4BH,Scotland,['96090'],CLRENGINEERINGTECHNICALSERVICESUK,ML8,CLRENGINEERINGTECHNICALSERVICESUK|ML8
SC605766,DJGOODBAND LTD,active,ltd,2018-08-20,"2/1, 69 Causeyside Street",,Paisley,PA1 1YT,Scotland,['64191'],DJGOODBAND,PA1,DJGOODBAND|PA1
SC599381,SALTIRE CONFECTIONERY LIMITED,active,ltd,2018-06-08,14 Lugar Street,,Cumnock,KA18 1AB,Scotland,['10822'],SALTIRECONFECTIONERY,KA18,SALTIRECONFECTIONERY|KA18
SC596190,BLUE SKY ADVISORY SOLUTIONS LIMITED,active,ltd,2018-05-03,200 Flat 3-2b Bath Street,,Glasgow,G2 4HG,Scotland,['64999'],BLUESKYADVISORYSOLUTIONS,G2,BLUESKYADVISORYSOLUTIONS|G2
SC602734,API TECHNOLOGY LTD,active,ltd,2018-07-17,20 Nikka Drive,,East Kilbride,G75 8FU,Scotland,['62020'],APITECHNOLOGY,G75,APITECHNOLOGY|G75
SC588609,MCALLISTER RENEWABLES LTD,active,ltd,2018-02-13,25 Carbrook Drive,Plean,Stirling,FK7 8DN,Scotland,['09100'],MCALLISTERRENEWABLES,FK7,MCALLISTERRENEWABLES|FK7
SC588665,AEC NETWORKS LTD,active,ltd,2018-02-13,1 Simonsburn Road,,Kilmarnock,KA1 5LA,United Kingdom,['63990'],AECNETWORKS,KA1,AECNETWORKS|KA1
SC591567,QUAY WEDDINGS LIMITED,active,ltd,2018-03-16,25 Kirkcroft Brae Kirkcroft Brae,Liff,Dundee,DD2 5RT,United Kingdom,['56210'],QUAYWEDDINGS,DD2,QUAYWEDDINGS|DD2
SC588483,CHRIS BARRATT JOINT INTEGRITY SOLUTIONS LTD,active,ltd,2018-02-12,Thornhill Farm Thornhill Road,Cuminestown,Turriff,AB53 5YL,Scotland,['82990'],CHRISBARRATTJOINTINTEGRITYSOLUTIONS,AB53,CHRISBARRATTJOINTINTEGRITYSOLUTIONS|AB53
SC603907,EJAY TEAROOMS LTD,active,ltd,2018-07-30,3 County Place,,Paisley,PA1 1BN,Scotland,['56101'],EJAYTEAROOMS,PA1,EJAYTEAROOMS|PA1
SC600501,MS RENDERING LTD,active,ltd,2018-06-20,Lime Tree House/ Room F,North Castle Street,Alloa,FK10 1EX,Scotland,['82990'],MSRENDERING,FK10,MSRENDERING|FK10
SC600272,LASGACH SNACRAIG LTD,active,ltd,2018-06-18,10 Robbies Walk Robbies Walk,,Fraserburgh,AB43 7BJ,United Kingdom,['03110'],LASGACHSNACRAIG,AB43,LASGACHSNACRAIG|AB43
SC608062,AMIN CAFE LTD,active,ltd,2018-09-13,1057 Maryhill Road,,Glasgow,G20 9AX,Scotland,['56102'],AMINCAFE,G20,AMINCAFE|G20
SC606054,DAZZLE HOME & LIFE ORGANISERS LTD,active,ltd,2018-08-22,4 Cedar Drive,Milton Of Campsie,Glasgow,G66 8AY,United Kingdom,"['97000', '98100', '98200']",DAZZLEHOMEANDLIFEORGANISERS,G66,DAZZLEHOMEANDLIFEORGANISERS|G66
SC601103,ARABSCO LIMITED,active,ltd,2018-06-27,53 Kilnside Road,Renfrewshire,Paisley,PA1 1RJ,Scotland,"['46120', '46180']",ARABSCO,PA1,ARABSCO|PA1
SC593071,TAYPORT TATTOO COLLECTIVE LIMITED,active,ltd,2018-04-03,11 Dudhope Terrace,,Dundee,DD3 6TS,United Kingdom,['96090'],TAYPORTTATTOOCOLLECTIVE,DD3,TAYPORTTATTOOCOLLECTIVE|DD3
SC599018,PANELINE LTD,active,ltd,2018-06-05,Unit F Scott Way,Weat Pitkerro Industrial Estate,Dundee,DD5 3RX,Scotland,['43330'],PANELINE,DD5,PANELINE|DD5
SC602558,ASIFALL LTD,active,ltd,2018-07-13,171 High Street,,Arbroath,DD11 1DY,United Kingdom,"['46450', '47750']",ASIFALL,DD11,ASIFALL|DD11
SC598964,PAISLEY DRINKS CO. LTD,active,ltd,2018-06-04,New Alloa Brewery,Kelliebank,Alloa,FK10 1NT,Scotland,"['11070', '46341']",PAISLEYDRINKSCO,FK10,PAISLEYDRINKSCO|FK10
SC605387,CEEMAC LTD,active,ltd,2018-08-15,1 Mc Kenna Drive,Mckenna Drive,Airdrie,ML6 0JF,United Kingdom,['43999'],CEEMAC,ML6,CEEMAC|ML6
SC606172,NOVAGUARD SECURITY LIMITED,active,ltd,2018-08-23,152 Albert Street,,Dundee,DD4 6QW,Scotland,['80100'],NOVAGUARDSECURITY,DD4,NOVAGUARDSECURITY|DD4
SC601817,FREE FIT LTD,active,ltd,2018-07-05,12 Douglas Drive Douglas Drive,Cambuslang,Glasgow,G72 8NG,Scotland,['93130'],FREEFIT,G72,FREEFIT|G72
SC594712,RM&CO LTD,active,ltd,2018-04-18,10 Fosterland,,Skemorlie,PA17 5BS,Scotland,"['74100', '90030']",RMANDCO,PA17,RMANDCO|PA17
SC595290,TURKISH GRILL BUTE LIMITED,active,ltd,2018-04-24,72 Victoria Street,Rothesay,Isle Of Bute,PA20 0AP,United Kingdom,['56103'],TURKISHGRILLBUTE,PA20,TURKISHGRILLBUTE|PA20
SC605067,MCFARLANE COACH BUILDERS LTD,active,ltd,2018-08-13,5 Lyon Court,,Bo'Ness,EH51 0HR,United Kingdom,['29201'],MCFARLANECOACHBUILDERS,EH51,MCFARLANECOACHBUILDERS|EH51
SC599484,INDEPENDENT BUSINESS FACILITIES MANAGEMENT (2018) LTD,active,ltd,2018-06-08,Abercorn School,Newton,Broxburn,EH52 6PZ,United Kingdom,['82990'],INDEPENDENTBUSINESSFACILITIESMANAGEMENT2018,EH52,INDEPENDENTBUSINESSFACILITIESMANAGEMENT2018|EH52
SC602725,AB HOLDINGS (PETERHEAD) LTD,active,ltd,2018-07-17,37 Broad Street,,Peterhead,AB42 1JB,Scotland,['47789'],ABHOLDINGSPETERHEAD,AB42,ABHOLDINGSPETERHEAD|AB42
SC594123,TP JOINERY SERVICES LIMITED,active,ltd,2018-04-12,Crichton House,Meeks Road,Falkirk,FK2 7EW,Scotland,['43320'],TPJOINERY,FK2,TPJOINERY|FK2
SC596457,CHILTON MECHANICAL SERVICES LTD,active,ltd,2018-05-08,33 Darochville Place,,Inverness,IV2 6FG,Scotland,['71129'],CHILTONMECHANICAL,IV2,CHILTONMECHANICAL|IV2
SC596574,PSR CONSULTING(UK) LIMITED,active,ltd,2018-05-08,15 Larchwood Square,,Edinburgh,EH12 8WT,Scotland,['62020'],PSRCONSULTINGUK,EH12,PSRCONSULTINGUK|EH12
SC602864,AFF TAKEAWAY LIMITED,active,ltd,2018-07-18,Unit 16 Maple Court,,Alloa,FK10 1JS,United Kingdom,['56103'],AFFTAKEAWAY,FK10,AFFTAKEAWAY|FK10
SC606597,HALAL BEAUTY COMPANY LTD,active,ltd,2018-08-29,1 Holburn Road,,Aberdeen,AB10 6EY,Scotland,"['46450', '47910']",HALALBEAUTYCOMPANY,AB10,HALALBEAUTYCOMPANY|AB10
SC603052,MANTA MARKETING LTD,active,ltd,2018-07-19,Suite 14 98 Woodlands Road,,Glasgow,G3 6HB,Scotland,"['58120', '63990', '73110']",MANTAMARKETING,G3,MANTAMARKETING|G3
SC604724,REPRISE LTD,active,ltd,2018-08-08,43 Magdalen Yard Road,,Dundee,DD1 4NE,Scotland,"['56101', '56302']",REPRISE,DD1,REPRISE|DD1
SC588653,PREMIER HEARING CLINIC LIMITED,active,ltd,2018-02-13,Unit 20 Caledonia Street,,Glasgow,G5 0XG,Scotland,['47741'],PREMIERHEARINGCLINIC,G5,PREMIERHEARINGCLINIC|G5
SC598876,LOKI TRANSPORT SCOTLAND LTD,active,ltd,2018-06-04,2 Canmore Place Canmore Place,Stewarton,Kilmarnock,KA3 5PS,United Kingdom,['49410'],LOKITRANSPORTSCOTLAND,KA3,LOKITRANSPORTSCOTLAND|KA3
SC595360,JDK BROTHERS LIMITED,active,ltd,2018-04-25,Flat 2/1 Ballater Place,,Glasgow,G5 0RQ,Scotland,['53202'],JDKBROTHERS,G5,JDKBROTHERS|G5
07620321,LATIS HOMES LIMITED,active,ltd,2011-05-03,66 St. James's Street,St. James's,London,SW1A 1NE,England,['68100'],LATISHOMES,SW1A,LATISHOMES|SW1A
SC597411,EVENTS BRANDING LTD,active,ltd,2018-05-17,272 Bath Street,,Glasgow,G2 4JR,United Kingdom,['96090'],EVENTSBRANDING,G2,EVENTSBRANDING|G2
SC588570,ABBEY PROPERTY HOLDINGS LTD,active,ltd,2018-02-13,26 Glenburn Road,East Kilbride,Glasgow,G74 5BA,Scotland,['68100'],ABBEYPROPERTY,G74,ABBEYPROPERTY|G74
SC595185,USI LTD,active,ltd,2018-04-23,515 Sauchiehall Street,,Glasgow,G3 7PQ,United Kingdom,['56102'],USI,G3,USI|G3
SC605989,BRUADAR MOR LTD,active,ltd,2018-08-21,SC605989 - COMPANIES HOUSE DEFAULT ADDRESS,,Edinburgh,EH7 9HR,,['41202'],BRUADARMOR,EH7,BRUADARMOR|EH7
SC593352,CHRISRAH LTD.,active,ltd,2018-04-04,39 South Park Avenue,Barrhead,Glasgow,G78 1QF,United Kingdom,['56101'],CHRISRAH,G78,CHRISRAH|G78
SC607484,AFILLION LTD,active,ltd,2018-09-06,Studio 13 52-54 Washington Street,,Glasgow,G3 8AZ,Scotland,['59200'],AFILLION,G3,AFILLION|G3
SC594900,MAGD CROSS KEYS LTD,active,ltd,2018-04-20,3 Queen Street,,Stirling,FK8 1HL,Scotland,['56302'],MAGDCROSSKEYS,FK8,MAGDCROSSKEYS|FK8
SC597790,NIXON BLUE (OLD SNEDDON STREET) LIMITED,active,ltd,2018-05-22,Radleigh House 1 Golf Road,Clarkston,Glasgow,G76 7HU,United Kingdom,"['41100', '68100']",NIXONBLUEOLDSNEDDONSTREET,G76,NIXONBLUEOLDSNEDDONSTREET|G76
SC598969,S.P CONTRACTING LIMITED,active,ltd,2018-06-04,1/1 27 Herriet Street,,Glasgow,G41 2NN,Scotland,['70229'],SPCONTRACTING,G41,SPCONTRACTING|G41
SC601035,CUPPAKAPI LIMITED,active,ltd,2018-06-27,99 Richardson Avenue,Hurlford,Kilmarnock,KA1 5DX,Scotland,['56102'],CUPPAKAPI,KA1,CUPPAKAPI|KA1
SC605676,GO CONTRACTING LTD,active,ltd,2018-08-20,10 Avonhead Road,Condorrat,Glasgow,G67 4RA,United Kingdom,['78200'],GOCONTRACTING,G67,GOCONTRACTING|G67
10512944,GLD FINANCIAL CONSULTANTS LIMITED,active,ltd,2016-12-06,39-43 Bridge Street Swinton,,Mexborough,S64 8AP,United Kingdom,['64205'],GLDFINANCIALCONSULTANTS,S64,GLDFINANCIALCONSULTANTS|S64
SC604443,GRAHAM CATERING REPAIRS LIMITED,active,ltd,2018-08-06,21 Forbes Place,,Paisley,PA1 1UT,Scotland,['33190'],GRAHAMCATERINGREPAIRS,PA1,GRAHAMCATERINGREPAIRS|PA1
SC602256,SKOTTLANDREISER LTD,active,ltd,2018-07-10,3 Queen Street,,Edinburgh,EH2 1JE,Scotland,['79120'],SKOTTLANDREISER,EH2,SKOTTLANDREISER|EH2
SC602259,CARD GIFTS LTD,active,ltd,2018-07-10,67 Westmoreland Street,Flat3/2,Glasgow,G42 8LJ,United Kingdom,['47190'],CARDGIFTS,G42,CARDGIFTS|G42
SC603323,GLASGOW HALAL MEATS LTD,active,ltd,2018-07-23,250 Albert Drive,,Glasgow,G41 2NL,Scotland,"['46320', '47220']",GLASGOWHALALMEATS,G41,GLASGOWHALALMEATS|G41
SC601548,WILMACK LTD,active,ltd,2018-07-03,Wilkies Bar,Henderson Street,Edinburgh,EH6 6BT,United Kingdom,['56302'],WILMACK,EH6,WILMACK|EH6
SC603689,ONSITE CATERING SCOTLAND LIMITED,active,ltd,2018-07-26,39 Queen Square,,Glasgow,G41 2BD,Scotland,['56102'],ONSITECATERINGSCOTLAND,G41,ONSITECATERINGSCOTLAND|G41
SC593054,PEPPERSTAWN LTD,active,ltd,2018-04-03,268 Birkhall Parade,,Aberdeen,AB16 5RA,Scotland,"['84120', '87200']",PEPPERSTAWN,AB16,PEPPERSTAWN|AB16
SC604333,SERVICES BY LEE.K LTD,active,ltd,2018-08-03,13 Wingfaulds Avenue Wingfaulds Avenue,,Dalry,KA24 5EJ,Scotland,['33170'],SERVICESBYLEEK,KA24,SERVICESBYLEEK|KA24
SC606937,MCMILLAN'S PROPERTY MAINTENANCE LTD,active,ltd,2018-08-31,60 Main Street,,Ayr,KA8 8EF,Scotland,"['43290', '43320', '43341']",MCMILLANSPROPERTYMAINTENANCE,KA8,MCMILLANSPROPERTYMAINTENANCE|KA8
SC601321,M7FIT LIMITED,active,ltd,2018-06-29,221 Muirfield Drive,,Glenrothes,KY6 2PY,Scotland,['47910'],M7FIT,KY6,M7FIT|KY6
SC604364,PS PROFESSIONALS LTD,active,ltd,2018-08-03,8 Birchend Drive,,Glasgow,G21 2BL,United Kingdom,['74909'],PSPROFESSIONALS,G21,PSPROFESSIONALS|G21
SC606812,TDH RIGGING & ACCESS LTD,active,ltd,2018-08-30,93 Etive Cresc,,Bishopbriggs,G64 1EY,Scotland,['43290'],TDHRIGGINGANDACCESS,G64,TDHRIGGINGANDACCESS|G64
SC607047,EM FOOD DISTRIBUTION LTD,active,ltd,2018-09-03,154 Reid Street,,Glasgow,G40 4EN,Scotland,['56290'],EMFOODDISTRIBUTION,G40,EMFOODDISTRIBUTION|G40
SC605074,NORTHERN SHIELD LTD,active,ltd,2018-08-13,13 Steedman Row,,Edinburgh,EH16 4FQ,,['49390'],NORTHERNSHIELD,EH16,NORTHERNSHIELD|EH16
SC591760,MKY ALUMINIUM LTD,active,ltd,2018-03-19,Unit 15 Springhill Parkway,Glasgow Business Park,"Baillieston, Glasgow",G69 6GA,Scotland,['25120'],MKYALUMINIUM,G69,MKYALUMINIUM|G69
SC592578,TBI HAMILTON LIMITED,active,ltd,2018-03-27,2 Store Row,Quarter,Hamilton,ML3 7XU,United Kingdom,['56101'],TBIHAMILTON,ML3,TBIHAMILTON|ML3
SC593665,TEQBEV LTD,active,ltd,2018-04-06,28-30 North Street,,Dalry,KA24 5DW,Scotland,['46342'],TEQBEV,KA24,TEQBEV|KA24
SC602703,G81 DISTRIBUTIONS LTD,active,ltd,2018-07-16,E-Cig Stand O/S Farmfoods,"109 Sylvania Way, Clyde Shopping Centre",Clydebank,G81 2RR,,['47789'],G81DISTRIBUTIONS,G81,G81DISTRIBUTIONS|G81
SC591276,MACO PROJECT SERVICES LTD,active,ltd,2018-03-14,58 Long Lane,Broughty Ferry,Dundee,DD5 1HH,United Kingdom,['43999'],MACOPROJECT,DD5,MACOPROJECT|DD5
SC601843,CMA ENTERPRISES LIMITED,active,ltd,2018-07-05,21e Lorimer Street,,Dundee,DD3 6SE,Scotland,"['47210', '47240']",CMAENTERPRISES,DD3,CMAENTERPRISES|DD3
SC602315,K SCAFFOLDING AND BUILDING LIMITED,active,ltd,2018-07-11,172 Baberton Mains Drive,,Edinburgh,EH14 3DZ,Scotland,['43991'],KSCAFFOLDINGANDBUILDING,EH14,KSCAFFOLDINGANDBUILDING|EH14
SC595349,INTEGRA BUILDING CONTRACTORS LTD,active,ltd,2018-04-25,24 York Street,,Ayr,KA8 8AZ,Scotland,['43999'],INTEGRABUILDINGCONTRACTORS,KA8,INTEGRABUILDINGCONTRACTORS|KA8
SC607496,HYBRID SIGNS SOLUTIONS LTD,active,ltd,2018-09-06,1037 Sauchiehall Street,,Glasgow,G3 7TZ,United Kingdom,['32990'],HYBRIDSIGNSSOLUTIONS,G3,HYBRIDSIGNSSOLUTIONS|G3
07634577,EDENHALL EDENVALLEY HOTEL LIMITED,active,ltd,2011-05-16,Unit 4 Clifford Court,Cooper Way,Carlisle,CA3 0JG,England,['55100'],EDENHALLEDENVALLEYHOTEL,CA3,EDENHALLEDENVALLEYHOTEL|CA3
SC594292,EVOLUTION TREE SURGERY LIMITED,active,ltd,2018-04-13,60 Clove Mill Wynd,,Larkhall,ML9 1NT,Scotland,['81300'],EVOLUTIONTREESURGERY,ML9,EVOLUTIONTREESURGERY|ML9
SC605097,DBR CHAHAL LTD,active,ltd,2018-08-13,176 Paisley Road,,Renfrew,PA4 8DS,Scotland,['47110'],DBRCHAHAL,PA4,DBRCHAHAL|PA4
SC601529,TGA INTERNATIONAL LIMITED,active,ltd,2018-07-03,Unit 3b Block 2 151 Balmoral Street,,Glasgow,G14 0HB,Scotland,['46900'],TGA,G14,TGA|G14
SC598840,BLAIR ROBERTSON INVESTMENTS LIMITED,active,ltd,2018-06-04,4 Valentine Court,Dundee Business Park,Dundee,DD2 3QB,United Kingdom,['68209'],BLAIRROBERTSONINVESTMENTS,DD2,BLAIRROBERTSONINVESTMENTS|DD2
SC588608,ABERDEEN DRONE COMPANY LIMITED,active,ltd,2018-02-13,19 Newlands Gardens,Portlethen,Aberdeen,AB12 4LW,United Kingdom,['59120'],ABERDEENDRONECOMPANY,AB12,ABERDEENDRONECOMPANY|AB12
SC593677,CBD -TEC LIMITED,active,ltd,2018-04-06,Javid House,115 Bath Street,Glasgow,G2 2SZ,Scotland,"['47190', '47990']",CBDTEC,G2,CBDTEC|G2
SC595704,SOURCE PROPERTY MANAGEMENT LTD.,active,ltd,2018-04-30,12 Brougham Street,,Edinburgh,EH3 9JH,Scotland,['68320'],SOURCEPROPERTYMANAGEMENT,EH3,SOURCEPROPERTYMANAGEMENT|EH3
SC599671,PERTHSHIRE SALES MANAGEMENT LTD,active,ltd,2018-06-11,15 Station Road,Bridge Of Earn,Perth,PH2 9EA,Scotland,['43342'],PERTHSHIRESALESMANAGEMENT,PH2,PERTHSHIRESALESMANAGEMENT|PH2
SC599984,M & G BROWN ELECTRICAL LTD,active,ltd,2018-06-14,24 Cranbrooke Drive,,Glasgow,G20 0LX,United Kingdom,['43210'],MANDGBROWNELECTRICAL,G20,MANDGBROWNELECTRICAL|G20
SC599371,J&V RENDERING LTD,active,ltd,2018-06-07,Wrights Accountants,Princes Street,Edinburgh,EH2 2EQ,Scotland,"['41201', '41202']",JANDVRENDERING,EH2,JANDVRENDERING|EH2
SC606132,DAVID WATSON GS LTD,active,ltd,2018-08-23,2 Fountainbridge,,Edinburgh,EH3 9FF,Scotland,['47190'],DAVIDWATSONGS,EH3,DAVIDWATSONGS|EH3
SC602978,STAYCENTRAL APARTMENTS & MANAGEMENT LTD,active,ltd,2018-07-19,42 Nithsdale Road,,Glasgow,G41 2AN,Scotland,['98000'],STAYCENTRALAPARTMENTSANDMANAGEMENT,G41,STAYCENTRALAPARTMENTSANDMANAGEMENT|G41
SC589954,MC INSTALLATION SERVICES LTD,active,ltd,2018-02-27,2/2 5 Scapa Way,Stepps,Glasgow,G33 6GL,Scotland,['32990'],MCINSTALLATION,G33,MCINSTALLATION|G33
SC596022,JMW LARGS LTD,active,ltd,2018-05-02,28-30 North Street,,Dalry,KA24 5DW,United Kingdom,['82990'],JMWLARGS,KA24,JMWLARGS|KA24
SC599704,KRISTIAN KUMUD LTD,active,ltd,2018-06-12,200 East Kilbride Road,Clarkston,Glasgow,G76 8RS,Scotland,['81299'],KRISTIANKUMUD,G76,KRISTIANKUMUD|G76
SC590335,CLEAN & PROTECT LIMITED,active,ltd,2018-03-05,Ingram House,227 Ingram Street,Glasgow,G1 1DA,Scotland,['43999'],CLEANANDPROTECT,G1,CLEANANDPROTECT|G1
SC599046,S&L HOSPITALITY LTD,active,ltd,2018-06-05,The Old Garage,Mill Hills Farm,Crieff,PH7 3QW,Scotland,"['56101', '56210', '56302', '70229']",SANDLHOSPITALITY,PH7,SANDLHOSPITALITY|PH7
SC607416,CAPTAX LTD,active,ltd,2018-09-06,272 Bath Street,,Glasgow,G2 4JR,Scotland,['49320'],CAPTAX,G2,CAPTAX|G2
SC593074,JB RECOVERY SERVICES LTD,active,ltd,2018-04-03,"The Old Bakery, 13 North Bute Street The Old Bakery",13 North Bute Street,Coatbridge,ML5 4HE,United Kingdom,['64999'],JBRECOVERY,ML5,JBRECOVERY|ML5
SC603505,CAUPONA LTD,active,ltd,2018-07-24,24 Ashley Road,,Aberdeen,AB10 6RN,Scotland,['56101'],CAUPONA,AB10,CAUPONA|AB10
SC592249,HANDMADE STAIRS LTD,active,ltd,2018-03-22,10b Longford Avenue,Caledonia House,Kilwinning,KA13 6EX,Scotland,['16230'],HANDMADESTAIRS,KA13,HANDMADESTAIRS|KA13
SC605604,SCALPAY CAFE LIMITED,active,ltd,2018-08-17,20 Macqueen Street,,Tarbert Isle Of Harris,HS3 3DH,Scotland,['56102'],SCALPAYCAFE,HS3,SCALPAYCAFE|HS3
SC597563,ROCKELL & DUNCAN BUILDING SERVICES LTD,active,ltd,2018-05-18,23 Eastercraig Gardens,Saline,Dunfermline,KY12 9TH,United Kingdom,['43390'],ROCKELLANDDUNCANBUILDING,KY12,ROCKELLANDDUNCANBUILDING|KY12
SC597831,D.MILNE SERVICES LTD,active,ltd,2018-05-22,3/2 4 Croftfoot Street,,Glasgow,G45 0BP,United Kingdom,"['09100', '43320']",DMILNE,G45,DMILNE|G45
SC603088,DSC GARAGE LTD,active,ltd,2018-07-20,23/5 Sailmaker Road,,Edinburgh,EH6 7JS,Scotland,"['45112', '45200']",DSCGARAGE,EH6,DSCGARAGE|EH6
SC603798,JM LIFTING AND RIGGING SERVICES LTD,active,ltd,2018-07-27,15 St Clair Terrace,,Kirkcaldy,KY1 2YJ,,['43290'],JMLIFTINGANDRIGGING,KY1,JMLIFTINGANDRIGGING|KY1
SC594756,GW JOINERS LTD,active,ltd,2018-04-18,28 Caithness Street,Blantyre,Glasgow,G72 0DY,Scotland,['43320'],GWJOINERS,G72,GWJOINERS|G72
SC602009,SIGOODRICH LTD,active,ltd,2018-07-09,58 Drumlanrig Street,,Thornhill,DG3 5LY,Scotland,['33170'],SIGOODRICH,DG3,SIGOODRICH|DG3
SC605025,KS WHOLESALE LIMITED,active,ltd,2018-08-10,69a Newmains Road,,Renfrew,PA4 0EB,Scotland,['46190'],KSWHOLESALE,PA4,KSWHOLESALE|PA4
SC603177,LOTHIAN FISHKEEPERS LIMITED,active,ltd,2018-07-20,40 Nigel Rise,,Livingston,EH54 6LT,Scotland,['73120'],LOTHIANFISHKEEPERS,EH54,LOTHIANFISHKEEPERS|EH54
SC604522,DC WELDING SOLUTIONS LTD,active,ltd,2018-08-06,25 Rosemount,,Kilwinning,KA13 6LZ,United Kingdom,['43290'],DCWELDINGSOLUTIONS,KA13,DCWELDINGSOLUTIONS|KA13
SC591910,SPEYBURN CONSTRUCTION LTD,active,ltd,2018-03-20,17 Wellgate Street,,Larkhall,ML9 2AG,Scotland,"['43320', '43390']",SPEYBURNCONSTRUCTION,ML9,SPEYBURNCONSTRUCTION|ML9
SC604079,LABB DIGITAL SOLUTIONS LIMITED,active,ltd,2018-08-01,Accy Busn Cnslt,17 Flowerhill Street,Airdrie,ML6 6AP,Scotland,['62020'],LABBDIGITALSOLUTIONS,ML6,LABBDIGITALSOLUTIONS|ML6
SC603664,CKA ELECTRICAL SERVICES LIMITED,active,ltd,2018-07-26,9 Glamis Place,,Elgin,IV30 8UJ,Scotland,['43210'],CKAELECTRICAL,IV30,CKAELECTRICAL|IV30
SC607659,CITI HOTEL ABERDEEN LIMITED,active,ltd,2018-09-10,19 Adelphi,Merchant Quarter,Aberdeen,AB11 5BL,United Kingdom,['55100'],CITIHOTELABERDEEN,AB11,CITIHOTELABERDEEN|AB11
SC602662,FORTH BUILDING AND DEVELOPMENT LTD,active,ltd,2018-07-16,32 Briery Bank,,Haddington,EH41 4AB,Scotland,['41202'],FORTHBUILDINGANDDEVELOPMENT,EH41,FORTHBUILDINGANDDEVELOPMENT|EH41
SC588864,MORTGAGE AND PROPERTY SOLUTIONS TWO LTD,active,ltd,2018-02-15,247 Queens Road,,Aberdeen,AB15 8DL,Scotland,['55209'],MORTGAGEANDPROPERTYSOLUTIONSTWO,AB15,MORTGAGEANDPROPERTYSOLUTIONSTWO|AB15
SC604125,ENERIO ENTERPRISES LTD.,active,ltd,2018-08-01,4th Floor Metropolitan House,31-33 High Street,Inverness,IV1 1HT,United Kingdom,['74100'],ENERIOENTERPRISES,IV1,ENERIOENTERPRISES|IV1
SC600375,ALLOAHOTFOOD LIMITED,active,ltd,2018-06-19,41 Drysdale Street,,Alloa,FK10 1JA,United Kingdom,['56103'],ALLOAHOTFOOD,FK10,ALLOAHOTFOOD|FK10
SC598391,SMC CARE SERVICES LTD,active,ltd,2018-05-29,29 Canal View,,Winchburgh,EH52 6FE,Scotland,['86102'],SMCCARE,EH52,SMCCARE|EH52
SC592808,ABODOS GROUP LTD,active,ltd,2018-03-28,"Indigo House, 291 Glasgow Business Park",Springhill Parkway,Glasgow,G69 6GA,,['73110'],ABODOS,G69,ABODOS|G69
SC606819,MANSION HOUSE FACILITY MANAGEMENT LIMITED,active,ltd,2018-08-30,Gleannan,Dunbar Street,Lossiemouth,IV31 6RB,Scotland,['56101'],MANSIONHOUSEFACILITYMANAGEMENT,IV31,MANSIONHOUSEFACILITYMANAGEMENT|IV31
SC607589,NESS LAUNDRY LTD,active,ltd,2018-09-08,2 Grant Street,,Inverness,IV3 8BC,United Kingdom,['81299'],NESSLAUNDRY,IV3,NESSLAUNDRY|IV3
SC606609,SENIOR SAVERS LIMITED,active,ltd,2018-08-29,49 Philips Wynd,,Hamilton,ML3 8PA,Scotland,['62012'],SENIORSAVERS,ML3,SENIORSAVERS|ML3
SC598010,BESP-OAK INTERIORS (SCOTLAND) LTD,active,ltd,2018-05-23,4 Old School Place Old School Place,Law,Carluke,ML8 5GP,Scotland,['47599'],BESPOAKINTERIORSSCOTLAND,ML8,BESPOAKINTERIORSSCOTLAND|ML8
SC602242,NORTH HIGHLAND ACCESS LTD,active,ltd,2018-07-10,4th Floor Metropolitan House,31-33 High Street,Inverness,IV1 1HT,Scotland,['96090'],NORTHHIGHLANDACCESS,IV1,NORTHHIGHLANDACCESS|IV1
07617397,TG-STUDIO LTD,active,ltd,2011-04-28,91 A & 91 B Heath Street,,London,NW3 6SS,England,['74100'],TGSTUDIO,NW3,TGSTUDIO|NW3
09403772,LPK BODYSHOP LTD,active,ltd,2015-01-23,Rear Of Gornal Tyres,Blackthorne Road,Dudley,DY1 3TE,,"['45112', '45200']",LPKBODYSHOP,DY1,LPKBODYSHOP|DY1
08748331,HOLLBRIDGE LIMITED,active,ltd,2013-10-25,202 Old Shoreham Road,,Hove,BN3 7EH,United Kingdom,['78109'],HOLLBRIDGE,BN3,HOLLBRIDGE|BN3
09570839,MARMADUKE MARKETING LTD,active,ltd,2015-05-01,Bulmershe House,Upper Street,Maidstone,ME17 1PP,United Kingdom,['82990'],MARMADUKEMARKETING,ME17,MARMADUKEMARKETING|ME17
07619481,DCP SOLUTIONS LIMITED,active,ltd,2011-05-03,Bts House 73 Manor Road,"Suite 1a, 1st Floor",Wallington,SM6 0DD,England,['43290'],DCPSOLUTIONS,SM6,DCPSOLUTIONS|SM6
11961656,FIRST LINE HEALTHCARE LTD,active,ltd,2019-04-24,Flat 7 Vale View 113 B Sedlescombe Road North,,Hastings,TN37 7EJ,United Kingdom,['86900'],FIRSTLINEHEALTHCARE,TN37,FIRSTLINEHEALTHCARE|TN37
11985145,STRATEGIC SHERPAS LTD,active,ltd,2019-05-08,27 Knowles Wharf 38 St Pancras Way,,London,NW1 0QW,United Kingdom,['70229'],STRATEGICSHERPAS,NW1,STRATEGICSHERPAS|NW1
10633409,NUNUDE LIMITED,active,ltd,2017-02-22,26 Dunster Drive 26 Dunster Drive,,London,NW9 8EJ,England,"['14190', '47190']",NUNUDE,NW9,NUNUDE|NW9
10064079,REDSUMMER GROUP LIMITED,active,ltd,2016-03-15,124 Finchley Road,,London,NW3 5JS,England,['68100'],REDSUMMER,NW3,REDSUMMER|NW3
12841935,ALAKA LTD,active,ltd,2020-08-27,7b King Street,Mildenhall,Bury St. Edmunds,IP28 7EZ,England,['56102'],ALAKA,IP28,ALAKA|IP28
SC475643,4C TRUSTEES LIMITED,active,ltd,2014-04-22,"Rankine House Unit 13, Port Dundas Business Park",100 Borrow Street,Glasgow,G4 9XG,,['99999'],4CTRUSTEES,G4,4CTRUSTEES|G4
10901758,HOUSE RENOVATION LONDON LTD,active,ltd,2017-08-07,155 North End Road,,London,W14 9NH,England,"['41201', '41202', '43320', '43341']",HOUSERENOVATIONLONDON,W14,HOUSERENOVATIONLONDON|W14
12834429,YOUR PAYMENTS LTD,active,ltd,2020-08-24,Summer Hill Claypit Lane,South Milford,Leeds,LS25 5LP,England,['62090'],YOURPAYMENTS,LS25,YOURPAYMENTS|LS25
11342682,JAS HAIR &BEAUTY LIMITED,active,ltd,2018-05-02,102 High Street Feltham High Street,,Feltham,TW13 4EX,United Kingdom,['96020'],JASHAIRANDBEAUTY,TW13,JASHAIRANDBEAUTY|TW13
11377608,OVINGTONRESEARCH LIMITED,active,ltd,2018-05-23,The Smith,145 London Road,Kingston Upon Thames,KT2 6SR,England,['73200'],OVINGTONRESEARCH,KT2,OVINGTONRESEARCH|KT2
09587485,PICKTHORN LIMITED,active,ltd,2015-05-12,45 Ringmer Avenue,,London,SW6 5LP,United Kingdom,['99999'],PICKTHORN,SW6,PICKTHORN|SW6
10940220,A2B DYNASTY LTD,active,ltd,2017-08-31,4 Pallister Road,,Clacton-On-Sea,CO15 1PQ,United Kingdom,['49320'],A2BDYNASTY,CO15,A2BDYNASTY|CO15
10501984,THERMO FISHER SCIENTIFIC LIFE FINANCING LIMITED,active,ltd,2016-11-29,3rd Floor 1 Ashley Road,,Altrincham,WA14 2DT,United Kingdom,['70100'],THERMOFISHERSCIENTIFICLIFEFINANCING,WA14,THERMOFISHERSCIENTIFICLIFEFINANCING|WA14
12206810,SUPER YACHT AGENT S-Y-A LTD,active,ltd,2019-09-13,115 London Road,,Morden,SM4 5HP,,['82990'],SUPERYACHTAGENTSYA,SM4,SUPERYACHTAGENTSYA|SM4
10378917,COLLINGWOOD ECOWARE LIMITED,active,ltd,2016-09-16,13 Buttinghill Drive,Cuckfield,Haywards Heath,RH17 5GQ,United Kingdom,"['47910', '47990', '70229']",COLLINGWOODECOWARE,RH17,COLLINGWOODECOWARE|RH17
10748734,CORALCOTE LIMITED,active,ltd,2017-05-02,46-48 Station Road,Llanishen,Cardiff,CF14 5LU,Wales,['86230'],CORALCOTE,CF14,CORALCOTE|CF14
09228012,S&S CARE (MIDLANDS) LIMITED,active,ltd,2014-09-22,17 School Road,Hall Green,Birmingham,B28 8JG,,['87100'],SANDSCAREMIDLANDS,B28,SANDSCAREMIDLANDS|B28
09788689,GRAY VS GREY LIMITED,active,ltd,2015-09-22,The Dairy Manor Courtyard,Aston Sandford,Haddenham,HP17 8JB,England,['90030'],GRAYVSGREY,HP17,GRAYVSGREY|HP17
00662603,"GEO,AUSDEN LIMITED",active,ltd,1960-06-20,"253, Lower High Street,","Watford,",Hertfordshire,WD17 2HW,,['46770'],GEOAUSDEN,WD17,GEOAUSDEN|WD17
11300833,EAST ANGLIA CASTLE CARE LTD,active,ltd,2018-04-10,54 Thorpe Road,,Norwich,NR1 1RY,England,['96090'],EASTANGLIACASTLECARE,NR1,EASTANGLIACASTLECARE|NR1
04761653,D MCDERMOTT LTD,active,ltd,2003-05-12,19 Jellicoe Avenue,,Gravesend,DA12 5HU,,['74990'],DMCDERMOTT,DA12,DMCDERMOTT|DA12
05567326,PROMEDICAL CONSULTING LIMITED,active,ltd,2005-09-19,Unit 9 Gemini Business Park,Sheepscar Way,Leeds,LS7 3JB,England,['86210'],PROMEDICALCONSULTING,LS7,PROMEDICALCONSULTING|LS7
09325416,BEASLON LTD,active,ltd,2014-11-24,240 Score Lane,,Liverpool,L16 5EQ,England,['59112'],BEASLON,L16,BEASLON|L16
SC323477,MCM FISHING LIMITED,active,ltd,2007-05-11,23 Corn Road,Inverallochy,Fraserburgh,AB43 8WR,Scotland,['82990'],MCMFISHING,AB43,MCMFISHING|AB43
11987814,SCLK GROUP LIMITED,active,ltd,2019-05-09,167-169 5th Floor Great Portland Street,,London,W1W 5PP,,['47910'],SCLK,W1W,SCLK|W1W
07112358,THERMO FISHER SCIENTIFIC HOLDINGS EUROPE LIMITED,active,ltd,2009-12-23,"3rd Floor, 1 Ashley Road",,Altrincham,WA14 2DT,,['70100'],THERMOFISHERSCIENTIFICHOLDINGSEUROPE,WA14,THERMOFISHERSCIENTIFICHOLDINGSEUROPE|WA14
07978469,VENTURE WORKS U.K. LIMITED,active,ltd,2012-03-06,101 New Cavendish Street,1st Floor South,London,W1W 6XH,United Kingdom,['74909'],VENTUREWORKSUK,W1W,VENTUREWORKSUK|W1W
SC480772,SHETLAND SURGERY LIMITED,active,ltd,2014-06-25,"Dyce Dental Practice Dyce Dental Practice , Unit 8/9 Asda Shopping Cent",Riverview Dr,Aberdeen,AB21 7LW,United Kingdom,['86230'],SHETLANDSURGERY,AB21,SHETLANDSURGERY|AB21
SC626099,NDT INSPECTION CONTRACTS LIMITED,active,ltd,2019-03-29,15 Cluny Terrace,,Kingussie,PH21 1JW,Scotland,['25990'],NDTINSPECTIONCONTRACTS,PH21,NDTINSPECTIONCONTRACTS|PH21
11570578,ABSOLUTE ECO LTD,active,ltd,2018-09-14,32 Hawthorn Walk,,Wilmslow,SK9 5BS,England,"['71122', '74100']",ABSOLUTEECO,SK9,ABSOLUTEECO|SK9
09341306,HANA & CO LTD,active,ltd,2014-12-04,St Denys House,22 East Hill,St Austell,PL25 4TR,,['71111'],HANAANDCO,PL25,HANAANDCO|PL25
09572240,PENDULUM DEVELOPMENT LTD,active,ltd,2015-05-01,71-75 Shelton Street,Covent Garden,London,WC2H 9JQ,England,['62012'],PENDULUMDEVELOPMENT,WC2H,PENDULUMDEVELOPMENT|WC2H
09404893,ENSEL LIMITED,active,ltd,2015-01-26,11 Broad Street,Staple Hill,Bristol,BS16 5LN,United Kingdom,['56102'],ENSEL,BS16,ENSEL|BS16
09448720,THE BEAUTY OF WEYBRIDGE TANNING LTD,active,ltd,2015-02-19,3a Headley Road,Woodley,Reading,RG5 4JB,England,['96020'],THEBEAUTYOFWEYBRIDGETANNING,RG5,THEBEAUTYOFWEYBRIDGETANNING|RG5
09411290,HUGH JAMES CONSULTANCY LIMITED,active,ltd,2015-01-28,85 Great Portland Street,First Floor,London,W1W 7LT,England,['66190'],HUGHJAMESCONSULTANCY,W1W,HUGHJAMESCONSULTANCY|W1W
09563782,CARROLL & SON LTD,active,ltd,2015-04-27,1 Eaton Valley Road,,Luton,LU2 0SN,England,['74909'],CARROLLANDSON,LU2,CARROLLANDSON|LU2
09287148,BRAILES AGRICULTURE LTD,active,ltd,2014-10-29,4 Deerhurst Close,Little Compton,Moreton-In-Marsh,GL56 0SR,England,['46310'],BRAILESAGRICULTURE,GL56,BRAILESAGRICULTURE|GL56
09117000,SAMZ TRADING LIMITED,active,ltd,2014-07-04,158/160 Barking Road,,London,E16 1EN,England,['47110'],SAMZTRADING,E16,SAMZTRADING|E16
09562794,CLASS GROUP LIMITED,active,ltd,2015-04-27,19 Arundel Gate,,Sheffield,S1 2PN,United Kingdom,['46130'],CLASS,S1,CLASS|S1
09558169,2OYAL LIMITED,active,ltd,2015-04-23,95 Robbery Bottom Lane,,Welwyn,AL6 0UL,England,['41202'],2OYAL,AL6,2OYAL|AL6
09272533,SMALL WORLD EVENTS LTD,active,ltd,2014-10-21,71-75 Shelton Street,,London,WC2H 9JQ,England,"['79120', '93290']",SMALLWORLDEVENTS,WC2H,SMALLWORLDEVENTS|WC2H
09407970,PASTORAL HOME CARE LTD,active,ltd,2015-01-27,249 Newbold Road,Newbold,Chesterfield,S41 7AQ,England,['87300'],PASTORALHOMECARE,S41,PASTORALHOMECARE|S41
09546475,LYRA LABOV LTD,active,ltd,2015-04-16,Unit 1 8 Argall Avenue,,London,E10 7QE,England,['82990'],LYRALABOV,E10,LYRALABOV|E10
09224410,COYS CAFE LIMITED,active,ltd,2014-09-18,2 Victoria Road,,London,N15 4PS,England,['56102'],COYSCAFE,N15,COYSCAFE|N15
09564122,M B PAVING LTD,active,ltd,2015-04-28,38 Station Street,Mansfield Woodhouse,Mansfield,NG19 8AB,England,['43999'],MBPAVING,NG19,MBPAVING|NG19
09555822,ROOM FOR ONE MORE PROPERTY MANAGEMENT LTD,active,ltd,2015-04-22,20 The Mead,,Beckenham,BR3 5PE,England,['68320'],ROOMFORONEMOREPROPERTYMANAGEMENT,BR3,ROOMFORONEMOREPROPERTYMANAGEMENT|BR3
09100817,TMO SOLUTIONS LIMITED,active,ltd,2014-06-24,18 Meadow Sweet Road,,Rushden,NN10 0GA,England,['69201'],TMOSOLUTIONS,NN10,TMOSOLUTIONS|NN10
08059076,LINSKILL & CO LTD,active,ltd,2012-05-04,Unit 5 Asda,Western Esplanade,Southampton,SO14 7EG,,['95230'],LINSKILLANDCO,SO14,LINSKILLANDCO|SO14
12797389,MARCIE HOMES LTD.,active,ltd,2020-08-06,123 Wellington Road South,,Stockport,SK1 3TH,United Kingdom,['82990'],MARCIEHOMES,SK1,MARCIEHOMES|SK1
13038514,BAINS (GB) LETTINGS LTD,active,ltd,2020-11-23,54 Henry Fowler Drive,,Wolverhampton,WV6 8TL,England,['68209'],BAINSGBLETTINGS,WV6,BAINSGBLETTINGS|WV6
SC322983,HANKS INFORMATION SERVICES LIMITED,active,ltd,2007-05-04,Thistle House 24 Thistle Street,2nd Floor,Aberdeen,AB10 1XD,Scotland,['82990'],HANKSINFORMATION,AB10,HANKSINFORMATION|AB10
03826095,PINPOINT DRAINAGE SERVICES LTD,active,ltd,1999-08-16,Osborne House,143-145 Stanwell Road,Ashford,TW15 3QN,United Kingdom,['39000'],PINPOINTDRAINAGE,TW15,PINPOINTDRAINAGE|TW15
10749192,SENSATIONAL TUTORS LIMITED,active,ltd,2017-05-02,8 Main Street,Bilton,Rugby,CV22 7NB,England,['85600'],SENSATIONALTUTORS,CV22,SENSATIONALTUTORS|CV22
11933524,DEEP SPACE AVIATION RECRUITMENT LTD,active,ltd,2019-04-09,"Kemp House, 152-160 City Road",,London,EC1V 2NX,England,['78109'],DEEPSPACEAVIATIONRECRUITMENT,EC1V,DEEPSPACEAVIATIONRECRUITMENT|EC1V
06851759,FOOTPRINTS PHOTOGRAPHY LIMITED,active,ltd,2009-03-18,140 Rayne Road,,Braintree,CM7 2QR,England,['74201'],FOOTPRINTSPHOTOGRAPHY,CM7,FOOTPRINTSPHOTOGRAPHY|CM7
07244400,MASTER GRILL LIMITED,active,ltd,2010-05-05,87 Poulton Road,,Wallasey,CH44 9DE,,['46690'],MASTERGRILL,CH44,MASTERGRILL|CH44
11593602,MRODW LOCUM SERVICES LIMITED,active,ltd,2018-09-28,Thornegrove Lodge,Main Road,Hallow,WR2 6LW,United Kingdom,['75000'],MRODWLOCUM,WR2,MRODWLOCUM|WR2
10534048,HARDPATH CONSULTING LTD,active,ltd,2016-12-21,23 Grosvenor House Sorbonne Close,,Stockton-On-Tees,TS17 6DP,England,['62020'],HARDPATHCONSULTING,TS17,HARDPATHCONSULTING|TS17
08482583,CIY LED LIMITED,active,ltd,2013-04-10,Suite 108 Chase Business Centre,39-41 Chase Side,London,N14 5BP,United Kingdom,['99999'],CIYLED,N14,CIYLED|N14
09385657,SUPREME SUPPORT LTD,active,ltd,2015-01-13,Suppreme Support Ltd Sovereign House Office 6,Queensway Industrial Estate,Scunthorpe,DN16 1AL,England,['88100'],SUPREMESUPPORT,DN16,SUPREMESUPPORT|DN16
10000397,DR MICHAEL BOND LIMITED,active,ltd,2016-02-11,Emstrey House (North),Shrewsbury Business Park,Shrewsbury,SY2 6LG,United Kingdom,['86220'],DRMICHAELBOND,SY2,DRMICHAELBOND|SY2
12323612,TECH 24 SERVICES LTD,active,ltd,2019-11-20,Brulimar House,Jubilee Road,Manchester,M24 2LX,England,['96090'],TECH24,M24,TECH24|M24
11380751,FOUR SEASONS COMMERCE LIMITED,active,ltd,2018-05-24,71-75 Shelton Street,,London,WC2H 9JQ,United Kingdom,['47910'],FOURSEASONSCOMMERCE,WC2H,FOURSEASONSCOMMERCE|WC2H
07831782,MOSES ROBINSON LIMITED,active,ltd,2011-11-02,Chandler House 7 Ferry Road Office Park,Riversway,Preston,PR2 2YH,,"['68100', '68209']",MOSESROBINSON,PR2,MOSESROBINSON|PR2
12521332,CHANGE MANAGEMENT & LEAN CONSULTANCY LIMITED,active,ltd,2020-03-17,4 Perrins Lane,,Stourbridge,DY9 8XR,United Kingdom,"['70229', '96090']",CHANGEMANAGEMENTANDLEANCONSULTANCY,DY9,CHANGEMANAGEMENTANDLEANCONSULTANCY|DY9
09087402,FRAME PR LIMITED,active,ltd,2014-06-16,Old Heath,Hill Brow,Liss,GU33 7QD,England,['70210'],FRAMEPR,GU33,FRAMEPR|GU33
05445857,BLONDES COFFEE LIMITED,active,ltd,2005-05-06,90 Calvert Lane,,Hull,HU4 6BJ,England,['56102'],BLONDESCOFFEE,HU4,BLONDESCOFFEE|HU4
09747789,PLAN MY PROPERTY LIMITED,active,ltd,2015-08-25,5 Carlton Close,,Newport Pagnell,MK16 9AX,England,['71111'],PLANMYPROPERTY,MK16,PLANMYPROPERTY|MK16
SC626791,ROBERT WALKER ELECTRICAL LIMITED,active,ltd,2019-04-05,1 Edgelaw Cottages,,Gorebridge,EH23 4SW,,"['43210', '43220']",ROBERTWALKERELECTRICAL,EH23,ROBERTWALKERELECTRICAL|EH23
09310230,LUDFORD FINEST LTD,active,ltd,2014-11-13,"Unit 1c, 55 Forest Road",,Leicester,LE5 0BT,England,['56290'],LUDFORDFINEST,LE5,LUDFORDFINEST|LE5
03817529,Z.D.P. LIMITED,active,ltd,1999-08-02,4 Station Terrace,Caerphilly,Mid Glamorgan,CF83 1HD,,"['69201', '69203']",ZDP,CF83,ZDP|CF83
11549371,ELECTRITEC LTD,active,ltd,2018-09-03,58 Jackson Road,,Matlock,DE4 3JQ,England,['43210'],ELECTRITEC,DE4,ELECTRITEC|DE4
SC357172,GSD (SCOTLAND) LIMITED,active,ltd,2009-03-25,6 Randolph Place,,Edinburgh,EH3 7TE,Scotland,['86230'],GSDSCOTLAND,EH3,GSDSCOTLAND|EH3
08109753,TERRA SUPRA LIMITED,active,ltd,2012-06-18,269 Farnborough Road,,Farnborough,GU14 7LY,England,['82990'],TERRASUPRA,GU14,TERRASUPRA|GU14
08895774,ASSET (PANDORA ROAD NW6 NO. 2) LTD,active,ltd,2014-02-14,Able House,61 Gorst Road,London,NW10 6LS,England,['68100'],ASSETPANDORAROADNW6NO2,NW10,ASSETPANDORAROADNW6NO2|NW10
10173982,CDH YORKSHIRE LTD,active,ltd,2016-05-11,22 Hell Wath Grove,,Ripon,HG4 2JT,England,['85310'],CDHYORKSHIRE,HG4,CDHYORKSHIRE|HG4
09030984,TEAMPROTECT SERVICES LIMITED,active,ltd,2014-05-08,"Flat 38, Edwin House",Wentworth Crescent,London,SE15 5UD,,['82990'],TEAMPROTECT,SE15,TEAMPROTECT|SE15
08506275,S C PIPELINES LTD,active,ltd,2013-04-26,Middle Stoodley,Lee Bottom Road,Todmorden,OL14 6HD,England,['46900'],SCPIPELINES,OL14,SCPIPELINES|OL14
SC323579,SAY IT GIFTS LTD,active,ltd,2007-05-14,65 Arden Avenue,Thornliebank,Glasgow,G46 8PZ,Scotland,['99999'],SAYITGIFTS,G46,SAYITGIFTS|G46
01709794,PLASCOAT PENSION TRUSTEES LIMITED,active,ltd,1983-03-25,Trading Estate,Farnham,Surrey,GU9 9NY,,['70100'],PLASCOATPENSIONTRUSTEES,GU9,PLASCOATPENSIONTRUSTEES|GU9
10099967,M B LOGISTIK LTD,active,ltd,2016-04-04,102 Cheyneys Avenue,,Edgware,HA8 6SD,England,['49410'],MBLOGISTIK,HA8,MBLOGISTIK|HA8
09602391,OPEN CONSENT GROUP LTD,active,ltd,2015-05-21,20-22 Wenlock Road,,London,N1 7GU,,['62012'],OPENCONSENT,N1,OPENCONSENT|N1
09664189,CHOICE WINDOWS GLOSSOP LTD,active,ltd,2015-06-30,15 Arden Close,Simmondley,Glossop,SK13 6PD,,['43390'],CHOICEWINDOWSGLOSSOP,SK13,CHOICEWINDOWSGLOSSOP|SK13
09610555,INA GROUP LTD,active,ltd,2015-05-27,142 Memorial Heights Monarch Way,,Ilford,IG2 7HS,England,['45112'],INA,IG2,INA|IG2
09887103,TRANSITION BATHROOMS LIMITED,active,ltd,2015-11-24,73 London Road,Cowplain,Waterlooville,PO8 8UJ,England,['43220'],TRANSITIONBATHROOMS,PO8,TRANSITIONBATHROOMS|PO8
09913346,CAMERON & NIAMH LTD,active,ltd,2015-12-11,16 Myrtle Grove,,Liverpool,L22 2AG,United Kingdom,['33190'],CAMERONANDNIAMH,L22,CAMERONANDNIAMH|L22
10127223,RAYAN BUILDING MAINTENANCE LTD,active,ltd,2016-04-15,158 Horn Lane,Acton,London,W3 6PH,England,['41202'],RAYANBUILDINGMAINTENANCE,W3,RAYANBUILDINGMAINTENANCE|W3
09987749,AW PROJECT SOLUTIONS LIMITED,active,ltd,2016-02-04,"1-2 Studley Court Mews, Studley Court Guildford Road",Chobham,Woking,GU24 8EB,,['70229'],AWPROJECTSOLUTIONS,GU24,AWPROJECTSOLUTIONS|GU24
09614565,DELIVER2GETHER LTD,active,ltd,2015-05-29,20-22 Wenlock Road,,London,N1 7GU,England,['82990'],DELIVER2GETHER,N1,DELIVER2GETHER|N1
NI664622,MN BRICKLAYING LTD,active,ltd,2019-09-25,44a 44a Ballymartin Village,Ballymartin,Newry,BT34 4PB,Northern Ireland,['41202'],MNBRICKLAYING,BT34,MNBRICKLAYING|BT34
10096492,S & S COMMERCIAL FLOORING LIMITED,active,ltd,2016-04-01,"1 Royal Terrace,",,"Southend-On-Sea,",SS1 1EA,United Kingdom,['43330'],SANDSCOMMERCIALFLOORING,SS1,SANDSCOMMERCIALFLOORING|SS1
09974257,VIET MEMORIES LIMITED,active,ltd,2016-01-28,3 Brook Street,,Hull,HU2 8LA,England,['56101'],VIETMEMORIES,HU2,VIETMEMORIES|HU2
08668108,P&P BUILD LTD,active,ltd,2013-08-29,63 Loveridge Road,,London,NW6 2DR,United Kingdom,['43999'],PANDPBUILD,NW6,PANDPBUILD|NW6
SC092477,NEIL MACLEOD (PRINTS & ENTERPRISES) LIMITED,active,ltd,1985-03-28,Unit 40 Capital Business Park,Drakemyre,Dalry,KA24 5JD,Scotland,['58190'],NEILMACLEODPRINTSANDENTERPRISES,KA24,NEILMACLEODPRINTSANDENTERPRISES|KA24
10101224,WBH CONSTRUCTION LTD,active,ltd,2016-04-04,"Suite 0295, Unit D3 Mod Village Baron Way",Kingmoor Business Park,Carlisle,CA6 4BU,England,['41202'],WBHCONSTRUCTION,CA6,WBHCONSTRUCTION|CA6
10037469,NK MIDLANDS LIMITED,active,ltd,2016-03-02,First Floor,2 Hampton Court Road,Birmingham,B17 9AE,England,['81100'],NKMIDLANDS,B17,NKMIDLANDS|B17
09598444,ALINA'S INVESTMENTS LTD,active,ltd,2015-05-19,298 Gray's Inn Road,,London,WC1X 8DX,United Kingdom,['68209'],ALINASINVESTMENTS,WC1X,ALINASINVESTMENTS|WC1X
09701247,OASIS BANQUETING SERVICES LIMITED,active,ltd,2015-07-24,770-776 Easter Avenue,Newbury Park,Ilford,IG2 7HY,England,['56210'],OASISBANQUETING,IG2,OASISBANQUETING|IG2
09776369,PURRFECT HIRE LTD,active,ltd,2015-09-14,Hill Farm Flitwick Road,Maulden,Bedford,MK45 2BJ,England,"['49410', '78109']",PURRFECTHIRE,MK45,PURRFECTHIRE|MK45
09991258,KILIMANJARO BUSINESS CONNECT LIMITED,active,ltd,2016-02-08,330-332 Uxbridge Road,,London,W12 7LL,England,['56102'],KILIMANJAROBUSINESSCONNECT,W12,KILIMANJAROBUSINESSCONNECT|W12
09620413,M.K. BEAUTY LIMITED,active,ltd,2015-06-03,Natwest Chambers,143-146 High Street,Cradley Heath,B64 5HJ,United Kingdom,['96020'],MKBEAUTY,B64,MKBEAUTY|B64
09992278,ROBERT KENT DESIGN LIMITED,active,ltd,2016-02-08,55 Rectory Grove,,Leigh-On-Sea,SS9 2HA,England,['74100'],ROBERTKENTDESIGN,SS9,ROBERTKENTDESIGN|SS9
10006144,TRANSPARENTE UK LTD,active,ltd,2016-02-15,7 High Grove,,London,SE18 2PS,England,"['79120', '85590']",TRANSPARENTE,SE18,TRANSPARENTE|SE18
09923388,HILMI BABA LIMITED,active,ltd,2015-12-21,310 High Road,,London,N22 8JR,England,['56103'],HILMIBABA,N22,HILMIBABA|N22
09948432,MICHAELS DRINKSTORE (2) LIMITED,active,ltd,2016-01-13,Bridge House,9 - 13 Holbrook Lane,Coventry,CV6 4AD,United Kingdom,['47110'],MICHAELSDRINKSTORE2,CV6,MICHAELSDRINKSTORE2|CV6
10106615,PYRA PROPERTY SERVICES LTD,active,ltd,2016-04-06,C/O 24 Longley Road,Rainham,Gillingham,ME8 7RT,United Kingdom,['41202'],PYRAPROPERTY,ME8,PYRAPROPERTY|ME8
10132307,PJB GAS & HEATING LTD,active,ltd,2016-04-19,76 Discovery Drive,Kings Hill,West Malling,ME19 4GA,England,['43220'],PJBGASANDHEATING,ME19,PJBGASANDHEATING|ME19
09964578,LOOSE MOOSE LIMITED,active,ltd,2016-01-22,14a Albany Road,,Weymouth,DT4 9TH,United Kingdom,['56103'],LOOSEMOOSE,DT4,LOOSEMOOSE|DT4
09929864,FLAMETHROWER LIMITED,active,ltd,2015-12-24,"Unit 1h, Mereworth Business Centre, Danns Lane",Wateringbury,Maidstone,ME18 5LW,England,['62090'],FLAMETHROWER,ME18,FLAMETHROWER|ME18
09986936,ARAS CAGLAYAN LIMITED,active,ltd,2016-02-04,24 Bedford Row Bedford Row,,London,WC1R 4TQ,England,['68100'],ARASCAGLAYAN,WC1R,ARASCAGLAYAN|WC1R
09992727,TOPS INSTALLATIONS LIMITED,active,ltd,2016-02-08,"1 Royal Terrace,",,"Southend-On-Sea,",SS1 1EA,United Kingdom,['43999'],TOPSINSTALLATIONS,SS1,TOPSINSTALLATIONS|SS1
10110121,SARTCH LIMITED,active,ltd,2016-04-07,10110121: COMPANIES HOUSE DEFAULT ADDRESS,,Cardiff,CF14 8LH,,['47910'],SARTCH,CF14,SARTCH|CF14
09756709,CALLEVA BUILDING SERVICES LTD,active,ltd,2015-09-01,18 Stratfield Avenue,,Tadley,RG26 3UD,United Kingdom,['43210'],CALLEVABUILDING,RG26,CALLEVABUILDING|RG26
09760709,KELLY & O'SHEA LIMITED,active,ltd,2015-09-03,101 The Rock,,Bury,BL9 0NB,England,['56103'],KELLYANDOSHEA,BL9,KELLYANDOSHEA|BL9
09905099,ASHLEY AZELLA LTD.,active,ltd,2015-12-07,12b Morat Street,,London,SW9 0RB,United Kingdom,['70229'],ASHLEYAZELLA,SW9,ASHLEYAZELLA|SW9
09997314,RAINBOW (NE) LTD,active,ltd,2016-02-10,2 Front Street,Guide Post,Choppington,NE62 5LT,United Kingdom,['56103'],RAINBOWNE,NE62,RAINBOWNE|NE62
10021284,STRATEGIC MARKETING AND REFERRAL TECHNIQUE LTD,active,ltd,2016-02-23,"Flat 100, 6 Chandlers Avenue",,London,SE10 0GE,United Kingdom,['96090'],STRATEGICMARKETINGANDREFERRALTECHNIQUE,SE10,STRATEGICMARKETINGANDREFERRALTECHNIQUE|SE10
09706772,AK SECURITY SERVICES LTD,active,ltd,2015-07-28,Victoria House,18 Dalston Gardens,Stanmore,HA7 1BU,England,['80100'],AKSECURITY,HA7,AKSECURITY|HA7
09924782,S J ROSE ELECTRICAL CONTRACTORS LTD,active,ltd,2015-12-21,25 Highfield Avenue,,Melton Mowbray,LE13 0NQ,United Kingdom,['43210'],SJROSEELECTRICALCONTRACTORS,LE13,SJROSEELECTRICALCONTRACTORS|LE13
09984235,GREYSTONE BUILDING CONTRACTORS LIMITED,active,ltd,2016-02-03,24 Cornwall Road,,Dorchester,DT1 1RX,United Kingdom,['41202'],GREYSTONEBUILDINGCONTRACTORS,DT1,GREYSTONEBUILDINGCONTRACTORS|DT1
09605625,SLYWARK IT SERVICES LIMITED,active,ltd,2015-05-22,4 High Street High Street,First Floor,Grays,RM17 6LU,England,['62020'],SLYWARKIT,RM17,SLYWARKIT|RM17
09986280,MARSHWOOD PROPERTY SERVICES LTD,active,ltd,2016-02-03,Unit 1 The Dutch Barn,Draycott Foliat,Chiseldon,SN4 0HX,England,['41100'],MARSHWOODPROPERTY,SN4,MARSHWOODPROPERTY|SN4
09994018,LARN MARINE LIMITED,active,ltd,2016-02-09,34 Ffordd Pentre Mynach,,Barmouth,LL42 1EN,United Kingdom,['74909'],LARNMARINE,LL42,LARNMARINE|LL42
10027000,ZAMAN CONSTRUCTIONS LTD,active,ltd,2016-02-25,"2-3 Office 4 Roebuck House, 2-3 Cromwell Centre",Hainault Business Park,Ilford,IG6 3UT,England,"['43330', '43341', '43390']",ZAMANCONSTRUCTIONS,IG6,ZAMANCONSTRUCTIONS|IG6
10109315,T R M SURVEYING LIMITED,active,ltd,2016-04-07,Suite 12 Haven House,Albemarle Street,Harwich,CO12 3HL,England,['42120'],TRMSURVEYING,CO12,TRMSURVEYING|CO12
09840045,EMPIRE HOMES (SOUTH WEST) LIMITED,active,ltd,2015-10-23,The Mill,Kingsteignton Road,Newton Abbot,TQ12 2QA,United Kingdom,['41100'],EMPIREHOMESSOUTHWEST,TQ12,EMPIREHOMESSOUTHWEST|TQ12
09973875,SMART ITC LIMITED,active,ltd,2016-01-27,Flat 6 199 Watling Street,,Radlett,WD7 7NQ,England,"['33140', '47410', '47421']",SMARTITC,WD7,SMARTITC|WD7
09956941,PROACTIVE PROJECT OFFICER LIMITED,active,ltd,2016-01-18,83 Hill House Road,,Dartford,DA2 6EX,England,['96090'],PROACTIVEPROJECTOFFICER,DA2,PROACTIVEPROJECTOFFICER|DA2
09740079,GEM BOX (BIRMINGHAM) LIMITED,active,ltd,2015-08-19,9-11 Stratford Road,Shirley,Solihull,B90 3LU,England,['47770'],GEMBOXBIRMINGHAM,B90,GEMBOXBIRMINGHAM|B90
09599550,MATTHUMPHREYS LIMITED,active,ltd,2015-05-19,"Room 3, Apartment A Bewdley Lodge",Bewdley Street,Evesham,WR11 4AD,England,['47910'],MATTHUMPHREYS,WR11,MATTHUMPHREYS|WR11
09600547,SITE ENGINEERING SOUTHWEST LTD,active,ltd,2015-05-20,12 Broad Park Avenue,,Ilfracombe,EX34 8DZ,,['43999'],SITEENGINEERINGSOUTHWEST,EX34,SITEENGINEERINGSOUTHWEST|EX34
09758135,GRASSHOPPERS CROP CARE LTD,active,ltd,2015-09-02,45 High Street,,Haverfordwest,SA61 2BP,Wales,['01630'],GRASSHOPPERSCROPCARE,SA61,GRASSHOPPERSCROPCARE|SA61
09820419,MILAN BEAUTY SALON LIMITED,active,ltd,2015-10-12,254 Oxford Road,,Reading,RG30 1AD,England,['96020'],MILANBEAUTYSALON,RG30,MILANBEAUTYSALON|RG30
10006081,AKBAR DAD LTD,active,ltd,2016-02-15,10 Primo Place,,Leeds,LS8 3LB,United Kingdom,['84110'],AKBARDAD,LS8,AKBARDAD|LS8
09599984,INDIAN PALACE TAKEAWAY LIMITED,active,ltd,2015-05-20,95 Oldham Road,,Rochdale,OL16 5QR,United Kingdom,['56103'],INDIANPALACETAKEAWAY,OL16,INDIANPALACETAKEAWAY|OL16
10135646,MIDBURY LTD,active,ltd,2016-04-20,Unit 2c Martinbridge Estate,,Enfield,EN1 1SP,England,['47910'],MIDBURY,EN1,MIDBURY|EN1
10001526,NW WINDOWS LIMITED,active,ltd,2016-02-11,C/O David Nugent & C0 Ltd,4a Moss Lane,Swinton,M27 9SA,England,['32990'],NWWINDOWS,M27,NWWINDOWS|M27
09674020,CLARENCE AUTO REPAIRS LIMITED,active,ltd,2015-07-07,Singleton Court Business Park,Wonastow Road,Monmouth,NP25 5JA,United Kingdom,['45200'],CLARENCEAUTOREPAIRS,NP25,CLARENCEAUTOREPAIRS|NP25
09957983,W A COARSE FISH & CONSULTANCY LTD,active,ltd,2016-01-19,Epperstone Hatcheries,Epperstone By Pass,Woodborough,NG14 6DH,England,['03120'],WACOARSEFISHANDCONSULTANCY,NG14,WACOARSEFISHANDCONSULTANCY|NG14
09968699,QUINTESSENTIAL COSMETICS LTD,active,ltd,2016-01-25,Belgrave House,15 Belgrave Crescent,Scarborough,YO11 1UB,England,['85590'],QUINTESSENTIALCOSMETICS,YO11,QUINTESSENTIALCOSMETICS|YO11
09993566,DRAGON SCHOOLWEAR LTD,active,ltd,2016-02-08,Unit D2 Morfa Clwyd Business Centre,Marsh Road,Rhyl,LL18 2AF,Wales,"['14190', '47910']",DRAGONSCHOOLWEAR,LL18,DRAGONSCHOOLWEAR|LL18
09829751,ITAL SARDO LIMITED,active,ltd,2015-10-19,"Suite 8, Worthington House",146 High Street,Burton-On-Trent,DE14 1JE,England,['46342'],ITALSARDO,DE14,ITALSARDO|DE14
09996008,M.J.ELECTRICAL.SP. LTD,active,ltd,2016-02-09,Apartment 45 3 Churchyard Row,,London,SE11 4FB,England,['35130'],MJELECTRICALSP,SE11,MJELECTRICALSP|SE11
10034346,JUNELL MAINTENANCE AND REPAIR LTD,active,ltd,2016-03-01,5 Apollo Close,,Daventry,NN11 9FT,United Kingdom,['33170'],JUNELLMAINTENANCEANDREPAIR,NN11,JUNELLMAINTENANCEANDREPAIR|NN11
11898999,PFPL PROJECTS (SURREY HEATH) LTD,active,ltd,2019-03-22,305 Gray's Inn Road,,London,WC1X 8QR,England,['93120'],PFPLPROJECTSSURREYHEATH,WC1X,PFPLPROJECTSSURREYHEATH|WC1X
10112258,DIGITAL BLANKET LTD,active,ltd,2016-04-08,Booth Street Chambers,32 Booth Street,Ashton Under Lyne,OL6 7LQ,United Kingdom,"['62090', '82990']",DIGITALBLANKET,OL6,DIGITALBLANKET|OL6
09881667,PM CONSULTANCY SERVICES LTD,active,ltd,2015-11-20,35 Ruddlesway,,Windsor,SL4 5SF,United Kingdom,['62020'],PMCONSULTANCY,SL4,PMCONSULTANCY|SL4
10031644,BALDAWI LIMITED,active,ltd,2016-02-29,10 Bishop Street,Town Hall Square,Leicester,LE1 6AF,England,['86230'],BALDAWI,LE1,BALDAWI|LE1
09862261,KB TRANSPORT SOLUTIONS LIMITED LIMITED,active,ltd,2015-11-09,47 Anatase Close Anatase Close,,Sittingbourne,ME10 5AN,England,['45200'],KBTRANSPORTSOLUTIONS,ME10,KBTRANSPORTSOLUTIONS|ME10
09764984,CARINGTON HOSPITALITY LTD,active,ltd,2015-09-07,43a St. Marys Road,,Market Harborough,LE16 7DS,England,['56302'],CARINGTONHOSPITALITY,LE16,CARINGTONHOSPITALITY|LE16
09992711,HONEY BEE CIVIC LTD,active,ltd,2016-02-08,46 Victoria Road Fallowfield,,Manchester,M14 6BQ,England,['68209'],HONEYBEECIVIC,M14,HONEYBEECIVIC|M14
09599377,ROMAAN'S IDEAL FASHION LIMITED,active,ltd,2015-05-19,43a Carnarvon Street,,Manchester,M3 1EZ,England,['47910'],ROMAANSIDEALFASHION,M3,ROMAANSIDEALFASHION|M3
09594451,ADD 5019 LTD,active,ltd,2015-05-16,Velocity Point,Wreakes Lane,Dronfield,S18 1PN,England,['99999'],ADD5019,S18,ADD5019|S18
09893082,Q SPORTS ONLINE LTD,active,ltd,2015-11-27,158 Turves Road,Cheadle Hulme,Cheadle,SK8 6AW,England,['47910'],QSPORTSONLINE,SK8,QSPORTSONLINE|SK8
08761457,NINJA KITTEN PRODUCTIONS LTD,active,ltd,2013-11-05,127a Kew Road,,Richmond,TW9 2PN,England,['59111'],NINJAKITTENPRODUCTIONS,TW9,NINJAKITTENPRODUCTIONS|TW9
10005342,MOTHER HEN CATERING LTD,active,ltd,2016-02-15,31 Crawley Crescent,,Trowbridge,BA14 9SP,England,['56210'],MOTHERHENCATERING,BA14,MOTHERHENCATERING|BA14
09753268,BGL DESIGN AND BUILD LIMITED,active,ltd,2015-08-28,Number 5 The Business Quarter,Eco Park Road,Ludlow,SY8 1FD,England,['41100'],BGLDESIGNANDBUILD,SY8,BGLDESIGNANDBUILD|SY8
10094232,2ND INNINGS LIMITED,active,ltd,2016-03-31,27 Fylde Lane,,Manchester,M18 7TL,England,"['47910', '96090']",2NDINNINGS,M18,2NDINNINGS|M18
10103598,VELLA SECURITY SOLUTIONS LTD,active,ltd,2016-04-05,6 Chapel Meadow,Alfrick,Worcester,WR6 5HQ,United Kingdom,['80200'],VELLASECURITYSOLUTIONS,WR6,VELLASECURITYSOLUTIONS|WR6
10100851,LOWNDES CLOSE CONSULTING LTD,active,ltd,2016-04-04,15 Lowndes Close,,Stockport,SK2 6DW,United Kingdom,['62020'],LOWNDESCLOSECONSULTING,SK2,LOWNDESCLOSECONSULTING|SK2
09973949,H2H FLOORING LIMITED,active,ltd,2016-01-27,39 Grove Road,,Rushden,NN10 0JX,England,['43330'],H2HFLOORING,NN10,H2HFLOORING|NN10
10096262,ARBITER LIMITED,active,ltd,2016-04-01,"First Floor, Unit 4 Kettlestring Lane",Clifton Moor,York,YO30 4XF,England,['74909'],ARBITER,YO30,ARBITER|YO30
09612702,DW BUILDING SOLUTIONS (DURHAM) LTD,active,ltd,2015-05-28,C/O D Parsons Accountancy Ltd,2 Beech Avenue,Houghton Le Spring,DH4 5DU,England,['41100'],DWBUILDINGSOLUTIONSDURHAM,DH4,DWBUILDINGSOLUTIONSDURHAM|DH4
09883846,SIYEN LTD.,active,ltd,2015-11-23,"4th Floor, 18 St. Cross Street",,London,EC1N 8UN,England,"['14190', '47710', '74100']",SIYEN,EC1N,SIYEN|EC1N
09670409,ASSIGN US CONSULTING LIMITED,active,ltd,2015-07-03,65 Denecroft Crescent,,Uxbridge,UB10 9HY,England,"['70229', '74909']",ASSIGNUSCONSULTING,UB10,ASSIGNUSCONSULTING|UB10
09757405,XEROPH LIMITED,active,ltd,2015-09-02,4 Clonmel Close,Caversham,Reading,RG4 5BF,England,['62012'],XEROPH,RG4,XEROPH|RG4
09891988,REPTYLERS LTD,active,ltd,2015-11-27,2 South Road,,Brighton,BN1 6SB,United Kingdom,['93290'],REPTYLERS,BN1,REPTYLERS|BN1
09978456,GARI TECH LIMITED,active,ltd,2016-02-01,168 Richmond Road,,Ilford,IG1 1JT,United Kingdom,['63110'],GARITECH,IG1,GARITECH|IG1
09972978,ALI EVENTS LTD,active,ltd,2016-01-27,94 Heston Road,,Hounslow,TW5 0QP,United Kingdom,['94910'],ALIEVENTS,TW5,ALIEVENTS|TW5
09953931,ALL SO PRO LTD,active,ltd,2016-01-15,2b Haddo Street,,Greenwich,SE10 9RN,United Kingdom,['96090'],ALLSOPRO,SE10,ALLSOPRO|SE10
06592680,ATEC DRAINAGE SYSTEMS LIMITED,active,ltd,2008-05-14,The New Ruperra Offices Navigation Street,Trethomas,Caerphilly,CF83 8FR,Wales,['37000'],ATECDRAINAGESYSTEMS,CF83,ATECDRAINAGESYSTEMS|CF83
10005048,HILLHEAD RESIDENTIAL SERVICES LIMITED,active,ltd,2016-02-15,51 Rannoch Drive Cyncoed,,Cardiff,CF23 6LP,United Kingdom,"['41100', '41201', '41202']",HILLHEADRESIDENTIAL,CF23,HILLHEADRESIDENTIAL|CF23
09998362,ALPHA RESOURCE CONSULTING LTD,active,ltd,2016-02-10,"Unit 510 Crown House, North Circular Road,",Ealing,London,NW10 7PN,United Kingdom,['78109'],ALPHARESOURCECONSULTING,NW10,ALPHARESOURCECONSULTING|NW10
10128274,OLIVER BENNETT HIGH QUALITY DECORATING SERVICES LIMITED,active,ltd,2016-04-15,32 The Hillway,Portchester,Fareham,PO16 8BL,England,['43341'],OLIVERBENNETTHIGHQUALITYDECORATING,PO16,OLIVERBENNETTHIGHQUALITYDECORATING|PO16
09621251,LUV-2-CLN LIMITED,active,ltd,2015-06-03,3 Gorse Close,,Tadworth,KT20 5BX,United Kingdom,['96090'],LUV2CLN,KT20,LUV2CLN|KT20
09623642,CAPTEC INVESTMENTS LIMITED,active,ltd,2015-06-04,214 Kingston Road,Ewell,Epsom,KT19 0SQ,,['66190'],CAPTECINVESTMENTS,KT19,CAPTECINVESTMENTS|KT19
09978818,TROPICS TRADING LIMITED,active,ltd,2016-02-01,4 Creekside 4 Creekside,Deptford,London,SE8 4SA,United Kingdom,"['56301', '56302', '90040']",TROPICSTRADING,SE8,TROPICSTRADING|SE8
10110489,BUXTON ELECTRICAL CONTRACTORS LTD,active,ltd,2016-04-07,48 Manchester Road,,Buxton,SK17 6SY,,['43210'],BUXTONELECTRICALCONTRACTORS,SK17,BUXTONELECTRICALCONTRACTORS|SK17
10130784,CARE FOR YOU PLUS LTD,active,ltd,2016-04-18,19 Haydn Avenue,,Manchester,M14 4DJ,England,"['78200', '86900']",CAREFORYOUPLUS,M14,CAREFORYOUPLUS|M14
10040034,CADENCE WEALTH LTD,active,ltd,2016-03-03,19 Collins Street,,Blackheath,SE3 0UG,,['70221'],CADENCEWEALTH,SE3,CADENCEWEALTH|SE3
10022046,KESEN LTD,active,ltd,2016-02-23,16 Coverdale,,Hull,HU7 4AL,,['49410'],KESEN,HU7,KESEN|HU7
09708426,SALTWELL CHIPPY LTD,active,ltd,2015-07-29,170 Saltwell Road,,Gateshead,NE8 4XH,,['56103'],SALTWELLCHIPPY,NE8,SALTWELLCHIPPY|NE8
10116419,LUCAS LARMOND ELECTRICAL SERVICES LTD,active,ltd,2016-04-11,Flat 2 40 Daysbrook Road,,London,SW2 3BF,England,"['43210', '61100', '61200', '61900']",LUCASLARMONDELECTRICAL,SW2,LUCASLARMONDELECTRICAL|SW2
09606473,MI & PHO LIMITED,active,ltd,2015-05-23,384 Palatine Road Northenden,,Manchester,M22 4FZ,England,['56102'],MIANDPHO,M22,MIANDPHO|M22
10129866,LUNCH AND MORE LTD,active,ltd,2016-04-18,21 Westow Street,,London,SE19 3RY,England,['56102'],LUNCHANDMORE,SE19,LUNCHANDMORE|SE19
09609939,HEALTH AND PROTECTION LIMITED,active,ltd,2015-05-27,5 Ducketts Wharf,South Street,Bishop's Stortford,CM23 3AR,United Kingdom,['66220'],HEALTHANDPROTECTION,CM23,HEALTHANDPROTECTION|CM23
09966190,ETHICS AND ANTICS LIMITED,active,ltd,2016-01-22,101 Elmsleigh Drive,Midway,Swadlincote,DE11 0EP,England,['47820'],ETHICSANDANTICS,DE11,ETHICSANDANTICS|DE11
10001805,P E ANDERSON LIMITED,active,ltd,2016-02-12,53 Lingtree Road,,Liverpool,L32 0RN,United Kingdom,['70221'],PEANDERSON,L32,PEANDERSON|L32
09611806,REDCODE CONSULTING LIMITED,active,ltd,2015-05-28,House 36 Whalley Grove,,Manchester,M16 8DN,England,['63990'],REDCODECONSULTING,M16,REDCODECONSULTING|M16
09588819,JV MINNS LTD,active,ltd,2015-05-13,13 Irwin Drive,Handforth,Wilmslow,SK9 3JS,England,['70221'],JVMINNS,SK9,JVMINNS|SK9
09611877,ECO WHITE LTD,active,ltd,2015-05-28,The Old Barn Off Wood Street,Swanley Village,Swanley,BR8 7PA,United Kingdom,"['81100', '82990']",ECOWHITE,BR8,ECOWHITE|BR8
10097179,GLAZE PROJECT MANAGEMENT LIMITED,active,ltd,2016-04-01,255 Green Lanes,,London,N13 4XE,United Kingdom,['70229'],GLAZEPROJECTMANAGEMENT,N13,GLAZEPROJECTMANAGEMENT|N13
09603119,DELCE HAND CAR WASH LTD,active,ltd,2015-05-21,316 Rush Green Road,,Romford,RM7 0LD,England,['45200'],DELCEHANDCARWASH,RM7,DELCEHANDCARWASH|RM7
09893015,MALCOLM MICHAELS QUALITY BUTCHERS LIMITED,active,ltd,2015-11-27,39 Crossgates Shopping Centre Station Road,Crossgates,Leeds,LS15 8EU,England,['47220'],MALCOLMMICHAELSQUALITYBUTCHERS,LS15,MALCOLMMICHAELSQUALITYBUTCHERS|LS15
09971668,LORDFORGE LIMITED,active,ltd,2016-01-27,34 Westfield Road,,Camberley,GU15 2RZ,England,['86101'],LORDFORGE,GU15,LORDFORGE|GU15
09031053,P J BINGHAM & CO LTD,active,ltd,2014-05-08,Wellesley House Duke Of Wellington Avenue,Royal Arsenal,Woolwich,SE18 6SS,,['82990'],PJBINGHAMANDCO,SE18,PJBINGHAMANDCO|SE18
10104431,LUBITEC LIMITED,active,ltd,2016-04-05,9 Grange Close,Ipplepen,Newton Abbot,TQ12 5RX,England,['96090'],LUBITEC,TQ12,LUBITEC|TQ12
09951072,1ST 4 FUN LTD,active,ltd,2016-01-14,"Flat 2, 94 Victoria Road",Aston,Birmingham,B6 5HG,United Kingdom,['59200'],1ST4FUN,B6,1ST4FUN|B6
04879715,U K PROPERTY INVESTMENTS LIMITED,active,ltd,2003-08-28,The White House,Clifton Marine Parade,Gravesend,DA11 0DY,England,['68209'],UKPROPERTYINVESTMENTS,DA11,UKPROPERTYINVESTMENTS|DA11
09997435,ASIR TECH GB LTD,active,ltd,2016-02-10,2 Torrington Drive,Brooklands,Milton Keynes,MK10 7JF,England,['62020'],ASIRTECHGB,MK10,ASIRTECHGB|MK10
09610067,SHYLINE LTD,active,ltd,2015-05-27,129 St. Albans Road,,Watford,WD17 1RA,England,['46450'],SHYLINE,WD17,SHYLINE|WD17
09952009,4DTRONIC LTD,active,ltd,2016-01-14,"Suite 205, Balfour House 741 High Road",,London,N12 0BP,United Kingdom,['70229'],4DTRONIC,N12,4DTRONIC|N12
09660450,MESTRE DELIVERY COMPANY LIMITED,active,ltd,2015-06-29,87 Godman Road,St Mary,Grays,RM16 4TD,England,['49410'],MESTREDELIVERYCOMPANY,RM16,MESTREDELIVERYCOMPANY|RM16
07608613,K WHITE PROPERTY SERVICES LIMITED,active,ltd,2011-04-19,6 Ormesby Close,,Aylesbury,HP21 7JX,England,['98000'],KWHITEPROPERTY,HP21,KWHITEPROPERTY|HP21
09826121,LLANGEVIEW LTD,active,ltd,2015-10-15,34 Landon Road,,Herne Bay,CT6 6HP,England,['55100'],LLANGEVIEW,CT6,LLANGEVIEW|CT6
09983396,INCONSTRUCT SERVICES LTD,active,ltd,2016-02-02,Flat 1 High Street,34b Lincoln House,Harpenden,AL5 2SX,England,['43290'],INCONSTRUCT,AL5,INCONSTRUCT|AL5
09735852,DAL'S INTERIORS LTD,active,ltd,2015-08-17,1a Woodfield Close,,Walsall,WS5 3LE,England,['47599'],DALSINTERIORS,WS5,DALSINTERIORS|WS5
08524411,BINGHAM AND JONES LIMITED,active,ltd,2013-05-10,"Ground Floor, Seneca House Links Point",Amy Johnson Way,Blackpool,FY4 2FF,England,['56290'],BINGHAMANDJONES,FY4,BINGHAMANDJONES|FY4
10379849,NEW LOCAL MINIMARKET LTD,active,ltd,2016-09-16,Unit 2 274-276 Highbury New Park,,London,N5 2LH,United Kingdom,['47110'],NEWLOCALMINIMARKET,N5,NEWLOCALMINIMARKET|N5
10205792,APPTEC 32 LIMITED,active,ltd,2016-05-31,Suite 1d Widford Business Centre,33 Robjohns Road,Chelmsford,CM1 3AG,England,['62090'],APPTEC32,CM1,APPTEC32|CM1
10206156,CANDOO MULTI-TRADE SERVICES LIMITED,active,ltd,2016-05-31,5 Bata Avenue,East Tilbury,Tilbury,RM18 8SD,United Kingdom,['43341'],CANDOOMULTITRADE,RM18,CANDOOMULTITRADE|RM18
10354045,DEALS JUNCTION LTD,active,ltd,2016-09-01,"Nile Mill A, Unit 41, 4th Floor Field New Road",Chadderton,Oldham,OL9 8NT,England,['47910'],DEALSJUNCTION,OL9,DEALSJUNCTION|OL9
10379471,SUZERO LIMITED,active,ltd,2016-09-16,Unit 56 Culley Court,Orton Southgate,Peterborough,PE2 6WA,England,['10890'],SUZERO,PE2,SUZERO|PE2
10197129,GRZEGORZ KLINGA TRANSPORT LTD.,active,ltd,2016-05-24,55 Mosscraig,,Liverpool,L28 5RW,England,['49410'],GRZEGORZKLINGATRANSPORT,L28,GRZEGORZKLINGATRANSPORT|L28
10337852,KAJAL LONDON LIMITED,active,ltd,2016-08-19,19 Loughborough Park,,London,SW9 8TP,England,['47190'],KAJALLONDON,SW9,KAJALLONDON|SW9
10205099,LONDON SCHOOL OF BASKETBALL LTD,active,ltd,2016-05-28,6th Floor First Central,2 Lakeside Drive,London,NW10 7FQ,England,['85510'],LONDONSCHOOLOFBASKETBALL,NW10,LONDONSCHOOLOFBASKETBALL|NW10
06212184,P K FINANCIAL LIMITED,active,ltd,2007-04-13,253 Gray's Inn Road,London,,WC1X 8QT,,['64999'],PKFINANCIAL,WC1X,PKFINANCIAL|WC1X
10261287,5EMEDIA LTD,active,ltd,2016-07-04,14a Dalston Gardens,,Stanmore,HA7 1BU,England,['73120'],5EMEDIA,HA7,5EMEDIA|HA7
10177232,DEVELOPMENT AND CAPITAL LIMITED,active,ltd,2016-05-12,10177232 - COMPANIES HOUSE DEFAULT ADDRESS,,Cardiff,CF14 8LH,,['68320'],DEVELOPMENTANDCAPITAL,CF14,DEVELOPMENTANDCAPITAL|CF14
10207914,CAMBERWELL CREATIVE LTD,active,ltd,2016-05-31,7 Peacock House 38 St. Giles Road,Camberwell,London,SE5 7RG,,['70229'],CAMBERWELLCREATIVE,SE5,CAMBERWELLCREATIVE|SE5
10965742,VTS ELECTRICAL LTD,active,ltd,2017-09-15,300 St Mary's Road,Garston,Liverpool,L19 0NQ,England,['33140'],VTSELECTRICAL,L19,VTSELECTRICAL|L19
10201323,AP PROPERTY CONSULTANTS LTD,active,ltd,2016-05-26,2 Green Lane,Stokenchurch,High Wycombe,HP14 3TU,England,['41100'],APPROPERTYCONSULTANTS,HP14,APPROPERTYCONSULTANTS|HP14
12617661,SOCIAL BRANDS (GB) LTD,active,ltd,2020-05-22,9 Park Lane Business Centre Park Lane,Langham,Colchester,CO4 5WR,,['46420'],SOCIALBRANDSGB,CO4,SOCIALBRANDSGB|CO4
10177428,NOBA GROUP LIMITED,active,ltd,2016-05-12,"3rd Floor, 45 Albemarle Street",,London,W1S 4JL,England,['82990'],NOBA,W1S,NOBA|W1S
10384617,WYCOMBE SPICE LTD,active,ltd,2016-09-20,6a Crendon Street,,High Wycombe,HP13 6LW,United Kingdom,['56101'],WYCOMBESPICE,HP13,WYCOMBESPICE|HP13
10170735,IMPACT FOR CHANGE LTD,active,ltd,2016-05-09,Canns Down Press,Beaford,Winkleigh,EX19 8LZ,England,['87900'],IMPACTFORCHANGE,EX19,IMPACTFORCHANGE|EX19
10246875,PLYMCLEAN LTD,active,ltd,2016-06-23,The Post House,Fore Street,South Brent,TQ10 9BQ,United Kingdom,['97000'],PLYMCLEAN,TQ10,PLYMCLEAN|TQ10
02420614,COWAN ARCHITECTS LTD.,active,ltd,1989-09-07,9-10 Old Stone Link,Ship Street,East Grinstead,RH19 4EF,,['71111'],COWANARCHITECTS,RH19,COWANARCHITECTS|RH19
10323515,HIGHLEA LTD,active,ltd,2016-08-10,68 Rodney Street,,Liverpool,L1 9AF,England,['82110'],HIGHLEA,L1,HIGHLEA|L1
10316915,LVK MEDICAL SERVICES LIMITED,active,ltd,2016-08-08,9 Leafield Close,,Irby,CH61 3XZ,United Kingdom,['82990'],LVKMEDICAL,CH61,LVKMEDICAL|CH61
10182526,STEGAMA LTD,active,ltd,2016-05-16,235 Nightingale Road,,London,N9 8QL,England,['96090'],STEGAMA,N9,STEGAMA|N9
11356268,CFM NORTH EAST HOLDINGS LTD,active,ltd,2018-05-11,Bedale Hall Office 7,North End,Bedale,DL8 1AA,England,['46690'],CFMNORTHEAST,DL8,CFMNORTHEAST|DL8
10314849,NAM GLOBAL LTD,active,ltd,2016-08-05,"Unit 25 Wharfside, Rosemont Road",,Wembley,HA0 4PE,England,['49410'],NAMGLOBAL,HA0,NAMGLOBAL|HA0
10327413,FORBOWES LTD,active,ltd,2016-08-12,55 Columbine Road,Widmer End,High Wycombe,HP15 6BS,England,['82990'],FORBOWES,HP15,FORBOWES|HP15
10207007,GEPII LTD,active,ltd,2016-05-31,19 St Leonards Road St. Leonards Road,Nazeing,Waltham Abbey,EN9 2HN,England,['53202'],GEPII,EN9,GEPII|EN9
10187576,K S N CONSTRUCTION LTD,active,ltd,2016-05-19,73 Brighton Road,,Banstead,SM7 1BE,England,['43999'],KSNCONSTRUCTION,SM7,KSNCONSTRUCTION|SM7
10280760,BURGS HUT LTD,active,ltd,2016-07-15,Demar House 14 Church Road,East Wittering,Chichester,PO20 8PS,England,['56210'],BURGSHUT,PO20,BURGSHUT|PO20
03548362,THE LONDON ALCOVE COMPANY LIMITED,active,ltd,1998-04-17,5 Rocks Lane,,London,SW13 0DB,England,['31090'],THELONDONALCOVECOMPANY,SW13,THELONDONALCOVECOMPANY|SW13
SC323013,FREELANCE EURO SERVICES (MMDCCXXXI) LIMITED,active,ltd,2007-05-04,Thistle House 24 Thistle Street,2nd Floor,Aberdeen,AB10 1XD,Scotland,['82990'],FREELANCEEUROSERVICESMMDCCXXXI,AB10,FREELANCEEUROSERVICESMMDCCXXXI|AB10
05814960,TITAS DEVELOPMENT LIMITED,active,ltd,2006-05-12,36 Mandeville Road,London,,N14 7NH,,['68209'],TITASDEVELOPMENT,N14,TITASDEVELOPMENT|N14
07247497,CAR LINK LIMITED,active,ltd,2010-05-10,506 Ringwood Road,,Ferndown,BH22 9BB,England,['45112'],CARLINK,BH22,CARLINK|BH22
08914760,THE VIEW (ST IVES) MANAGEMENT COMPANY LIMITED,active,ltd,2014-02-27,26 Daniell House Falmouth Road,,Truro,TR1 2HX,England,['98000'],THEVIEWSTIVESMANAGEMENTCOMPANY,TR1,THEVIEWSTIVESMANAGEMENTCOMPANY|TR1
04436637,BEARS AND PEARS PROPERTY LIMITED,active,ltd,2002-05-13,696 Yardley Wood Road,Billesley,Birmingham,B13 0HY,,['68201'],BEARSANDPEARSPROPERTY,B13,BEARSANDPEARSPROPERTY|B13
12162141,COMMA PAYMENTS LTD,active,ltd,2019-08-19,128 City Road,,London,EC1V 2NX,United Kingdom,['58290'],COMMAPAYMENTS,EC1V,COMMAPAYMENTS|EC1V
SC638914,ASD CIVILS LIMITED,active,ltd,2019-08-15,Yonderton Farm Cottage,Lesmahagow,Lanark,ML11 0HL,Scotland,['42990'],ASDCIVILS,ML11,ASDCIVILS|ML11
09391395,LONDSAN CONSTRUCTION LTD,active,ltd,2015-01-15,4 Lealand Road,,London,N15 6JS,United Kingdom,['41202'],LONDSANCONSTRUCTION,N15,LONDSANCONSTRUCTION|N15
SC476581,GTH ELECTRICAL SERVICES LIMITED,active,ltd,2014-05-01,7 St Kilda Terrace,,Dundee,DD3 9JL,Scotland,['33140'],GTHELECTRICAL,DD3,GTHELECTRICAL|DD3
07584134,IBD LICENSING LIMITED,active,ltd,2011-03-30,Invision House,Wilbury Way,Hitchin,SG4 0TY,,['99999'],IBDLICENSING,SG4,IBDLICENSING|SG4
08238466,BUILDING ESTIMATING AND SURVEYING LTD,active,ltd,2012-10-03,63 Chase Hill,,Arlesey,SG15 6UD,,['43999'],BUILDINGESTIMATINGANDSURVEYING,SG15,BUILDINGESTIMATINGANDSURVEYING|SG15
00800030,DEEPDALE FARM LIMITED,active,ltd,1964-04-08,Deepdale Farm,Burnham Deepdale,King's Lynn,PE31 8DD,,['01110'],DEEPDALEFARM,PE31,DEEPDALEFARM|PE31
02022816,SIMPSONS GARAGE (GT. YARMOUTH) LIMITED,active,ltd,1986-05-27,C/O Desira Group,Victoria Road,Diss,IP22 4GS,England,"['45111', '45200']",SIMPSONSGARAGEGTYARMOUTH,IP22,SIMPSONSGARAGEGTYARMOUTH|IP22
11371418,SWAGBEER LTD,active,ltd,2018-05-18,19 Claremont Lane,,Esher,KT10 9DP,England,['47990'],SWAGBEER,KT10,SWAGBEER|KT10
01485817,G.M. CRAIG (DEVELOPMENTS) LIMITED,active,ltd,1980-03-17,Ava Lodge,Castle Terrace,Berwick Upon Tweed,TD15 1NP,,['41201'],GMCRAIGDEVELOPMENTS,TD15,GMCRAIGDEVELOPMENTS|TD15
12752989,SAGLAM GROUP LIMITED,active,ltd,2020-07-19,Ktm Meats Building,Norfolk Road,Gravesend,DA12 2PS,England,['64209'],SAGLAM,DA12,SAGLAM|DA12
12881091,A DOGS BIZ RECREATION AND WELLBEING CENTRE LTD,active,ltd,2020-09-15,Rustlings Guildford Road,Alfold,Cranleigh,GU6 8HF,England,['96090'],ADOGSBIZRECREATIONANDWELLBEINGCENTRE,GU6,ADOGSBIZRECREATIONANDWELLBEINGCENTRE|GU6
10919302,CENIT SOLUTIONS LTD,active,ltd,2017-08-16,Cleveleys Selby Road,Monk Fryston,Leeds,LS25 5JE,United Kingdom,"['71121', '71122', '71200']",CENITSOLUTIONS,LS25,CENITSOLUTIONS|LS25
09019967,ATLAS SOUTH WEST LIMITED,active,ltd,2014-05-01,The Island House The Island,Midsomer Norton,Radstock,BA3 2DZ,,['49320'],ATLASSOUTHWEST,BA3,ATLASSOUTHWEST|BA3
10736101,TAKELEY HOUSE LIMITED,active,ltd,2017-04-24,Takeley House Brewers End,Takeley,Bishop's Stortford,CM22 6QJ,England,['55100'],TAKELEYHOUSE,CM22,TAKELEYHOUSE|CM22
11743818,QUALITY CARE AGENCY LTD,active,ltd,2018-12-31,Chestnuts,Quakers Close,"Hartley,",DA3 7EA,England,['86900'],QUALITYCAREAGENCY,DA3,QUALITYCAREAGENCY|DA3
12640870,SKYBLUE EDUCATION LTD,active,ltd,2020-06-02,"Suite 1c, Cranbroook House",61 Cranbrook Road,Ilford,IG1 4PG,England,"['70229', '85510', '85590', '85600']",SKYBLUEEDUCATION,IG1,SKYBLUEEDUCATION|IG1
11929588,ILET REAL ESTATE LTD,active,ltd,2019-04-05,9 Orchard Road,Erdington,Birmingham,B24 9JL,England,['68100'],ILETREALESTATE,B24,ILETREALESTATE|B24
02401647,MYDEAN PROPERTIES LIMITED,active,ltd,1989-07-06,16 Queen Street,,Ilkeston,DE7 5GT,England,['41201'],MYDEANPROPERTIES,DE7,MYDEANPROPERTIES|DE7
11220485,HENRY GREEN PLUMBING & HEATING SOLUTIONS LTD,active,ltd,2018-02-22,"C/O Ayling Ware Ltd, 48",Spelthorne Lane,Ashford,TW15 1UJ,England,['43220'],HENRYGREENPLUMBINGANDHEATINGSOLUTIONS,TW15,HENRYGREENPLUMBINGANDHEATINGSOLUTIONS|TW15
01443500,HATFIELD CONSTRUCTION LIMITED,active,ltd,1979-08-13,Oakwood House Sunning Avenue,Sunningdale,Berkshire,SL5 9PN,,['99999'],HATFIELDCONSTRUCTION,SL5,HATFIELDCONSTRUCTION|SL5
06002797,MH (NO.1) GENERAL PARTNER LIMITED,active,ltd,2006-11-20,2nd Floor 168 Shoreditch High Street,,London,E1 6RA,United Kingdom,['68100'],MHNO1GENERALPARTNER,E1,MHNO1GENERALPARTNER|E1
10751568,A HYATT CONTRACTORS LIMITED,active,ltd,2017-05-03,3 Johnson Barns,Waterworks Road,Petersfield,GU32 2BY,England,['43120'],AHYATTCONTRACTORS,GU32,AHYATTCONTRACTORS|GU32
10920141,IGNITER100 UK LTD,active,ltd,2017-08-17,63/66 Hatton Garden,Fifth Floor Suite 23,London,EC1N 8LE,,['62020'],IGNITER100,EC1N,IGNITER100|EC1N
10663356,NATURAL TRADING LIMITED,active,ltd,2017-03-10,400 Richmond Road,,Twickenham,TW1 2DY,United Kingdom,['47190'],NATURALTRADING,TW1,NATURALTRADING|TW1
10768235,LONDON THAI SPA LIMITED,active,ltd,2017-05-12,172 Royal College Street,,London,NW1 0SP,United Kingdom,['96090'],LONDONTHAISPA,NW1,LONDONTHAISPA|NW1
10787575,ASPIRE MENTORING SERVICES LTD,active,ltd,2017-05-24,89a Essington Road,,Willenhall,WV12 5DT,England,['82990'],ASPIREMENTORING,WV12,ASPIREMENTORING|WV12
10876624,LABOUR SPECIALISTS LIMITED,active,ltd,2017-07-20,4 Arkell Gardens,,Carterton,OX18 3DD,England,['43999'],LABOURSPECIALISTS,OX18,LABOURSPECIALISTS|OX18
10697905,HERMITAGE FISH AND CHIPS LTD,active,ltd,2017-03-30,24 Bonchurch Road,,London,W10 5SD,,['56103'],HERMITAGEFISHANDCHIPS,W10,HERMITAGEFISHANDCHIPS|W10
10858394,FIVEOLA (MANCHESTER) LIMITED,active,ltd,2017-07-10,"Room 2, Jdec London Road",Apsley,Hemel Hempstead,HP3 9QU,England,['73120'],FIVEOLAMANCHESTER,HP3,FIVEOLAMANCHESTER|HP3
10993406,DIRECT COMPLIANT FACTORIES LIMITED,active,ltd,2017-10-03,55 Loudoun Road,,London,NW8 0DL,United Kingdom,"['46160', '70229']",DIRECTCOMPLIANTFACTORIES,NW8,DIRECTCOMPLIANTFACTORIES|NW8
10689171,BLOCK DESIGN CONSULTANCY LIMITED,active,ltd,2017-03-24,1 Barham Road,,Petersfield,GU32 3EX,England,['71111'],BLOCKDESIGNCONSULTANCY,GU32,BLOCKDESIGNCONSULTANCY|GU32
10788538,SAGE FOODS LTD,active,ltd,2017-05-25,44 Islawen Meadows,Pencoed,Bridgend,CF35 6LW,Wales,['99999'],SAGEFOODS,CF35,SAGEFOODS|CF35
10860875,AMEEN SPICES LIMITED,active,ltd,2017-07-11,139 Worplesdon Road,,Guildford,GU2 9XA,United Kingdom,['56103'],AMEENSPICES,GU2,AMEENSPICES|GU2
10800568,FERDYNAND DUTLOW LTD,active,ltd,2017-06-02,13 Pemberton Drive,,Bradford,BD7 1RA,England,['49410'],FERDYNANDDUTLOW,BD7,FERDYNANDDUTLOW|BD7
10626831,RESOLUTIONS PRINT LIMITED,active,ltd,2017-02-17,17a Electric Lane,,London,SW9 8LA,England,['18129'],RESOLUTIONSPRINT,SW9,RESOLUTIONSPRINT|SW9
08514974,WEST END GARAGE (WOLSINGHAM) LTD,active,ltd,2013-05-02,3 Hope Street House,Hope Street,Crook,DL15 9HU,England,['45200'],WESTENDGARAGEWOLSINGHAM,DL15,WESTENDGARAGEWOLSINGHAM|DL15
10930891,VAG LIMITED,active,ltd,2017-08-24,47 Windmill Drive,,London,SW4 9DE,England,"['45112', '45320']",VAG,SW4,VAG|SW4
10694091,BIG TOP CIRCUS (2017) LTD,active,ltd,2017-03-28,The Bungalow Common Lane,Heapham,Gainsborough,DN21 5XD,England,['82990'],BIGTOPCIRCUS2017,DN21,BIGTOPCIRCUS2017|DN21
10738557,QUOTE EASY LIMITED,active,ltd,2017-04-25,Basement 35 Seymour Terrace,Seymour Street,Liverpool,L3 5PE,England,['65110'],QUOTEEASY,L3,QUOTEEASY|L3
10997397,HIT MARBLE LTD,active,ltd,2017-10-05,"Unit 1, Springalls Farm",Trowes Lane,Reading,RG7 1RN,England,['43330'],HITMARBLE,RG7,HITMARBLE|RG7
10707916,CHASE GROUNDWORKS SW LIMITED,active,ltd,2017-04-04,Unit 10 Dainton Buissness Park,Heathfield Industrial Estate,Newton Abbot,TQ12 6RG,England,['41202'],CHASEGROUNDWORKSSW,TQ12,CHASEGROUNDWORKSSW|TQ12
10769985,HEPHZIBAH GLOBAL SECURITY LTD,active,ltd,2017-05-15,"23, Ridley Road",,Welling,DA16 3EE,United Kingdom,['80100'],HEPHZIBAHGLOBALSECURITY,DA16,HEPHZIBAHGLOBALSECURITY|DA16
10778001,GOB MANCHESTER LIMITED,active,ltd,2017-05-18,1 Swains End,Swains Road,Bembridge,PO35 5XT,England,['56101'],GOBMANCHESTER,PO35,GOBMANCHESTER|PO35
10896429,JDB (U.K.) LTD,active,ltd,2017-08-02,16 Barns Close,,Walsall,WS9 9BD,England,"['93290', '96090']",JDBUK,WS9,JDBUK|WS9
10649704,AH UK TECH LIMITED,active,ltd,2017-03-03,Queensgate House,48 Queen Street,Exeter,EX4 3SR,England,"['46900', '47910']",AHUKTECH,EX4,AHUKTECH|EX4
10993373,EIGHT FORTY ONE LTD,active,ltd,2017-10-03,20 Monument Road,,Weybridge,KT13 8QX,United Kingdom,['82301'],EIGHTFORTYONE,KT13,EIGHTFORTYONE|KT13
08949508,NWACHIS LIMITED,active,ltd,2014-03-20,2nd Floor 6 Greenwich Quay,Clarence Road,London,SE8 3EY,United Kingdom,['86900'],NWACHIS,SE8,NWACHIS|SE8
10795841,PUPPERCUTS LTD,active,ltd,2017-05-31,31 Madison Walk,Ackworth,Pontefract,WF7 7ER,England,['96090'],PUPPERCUTS,WF7,PUPPERCUTS|WF7
10791672,ROOM 17 STUDIO LTD,active,ltd,2017-05-26,11 High Street,Ruddington,Nottingham,NG11 6DT,England,['62011'],ROOM17STUDIO,NG11,ROOM17STUDIO|NG11
10795086,D.A.R 2014 LTD,active,ltd,2017-05-31,14 Linden Road,,London,N15 3QB,England,['96090'],DAR2014,N15,DAR2014|N15
10675979,ZAVIAN CONSULTANT UK LIMITED,active,ltd,2017-03-17,50 Cambridge Road,,Barking,IG11 8FG,England,['85600'],ZAVIANCONSULTANT,IG11,ZAVIANCONSULTANT|IG11
10682172,AP WOOD LIMITED,active,ltd,2017-03-21,10 Meadow Street Avonmouth,,Bristol,BS11 9AR,England,['43210'],APWOOD,BS11,APWOOD|BS11
10749173,FUTUR AFRIQ LIMITED,active,ltd,2017-05-02,Office 017 Ealing House,33 Hanger Lane,London,W5 3HJ,United Kingdom,['63990'],FUTURAFRIQ,W5,FUTURAFRIQ|W5
10707535,CORNERSTONE OFFICE SEARCH LIMITED,active,ltd,2017-04-04,Flat 16 2 Down Hall Road,,Kingston Upon Thames,KT2 5FH,England,['70229'],CORNERSTONEOFFICESEARCH,KT2,CORNERSTONEOFFICESEARCH|KT2
10843051,RHEMA ESTATE MANAGEMENT LTD,active,ltd,2017-06-30,16 Derby Road,,Enfield,EN3 4AN,England,"['68209', '68310']",RHEMAESTATEMANAGEMENT,EN3,RHEMAESTATEMANAGEMENT|EN3
10900029,H SAMS LTD.,active,ltd,2017-08-04,273 London Road,,Croydon,CR0 2RL,United Kingdom,['82990'],HSAMS,CR0,HSAMS|CR0
10675712,RAW STORE LIMITED,active,ltd,2017-03-17,830a Harrogate Road,,Bradford,BD10 0RA,United Kingdom,['47110'],RAWSTORE,BD10,RAWSTORE|BD10
10732984,SQUARE FISH LTD,active,ltd,2017-04-20,8 Devonshire Square,,London,EC2M 4YD,England,['99999'],SQUAREFISH,EC2M,SQUAREFISH|EC2M
10782210,E-LUKS LTD,active,ltd,2017-05-22,11 Fairfield Road,,Bexleyheath,DA7 4PD,England,['41202'],ELUKS,DA7,ELUKS|DA7
10779596,VILLECROWN SERVICES LIMITED,active,ltd,2017-05-19,Unit 1 The Courtyard Hawksfield,St. Breock,Wadebridge,PL27 7LR,,['68209'],VILLECROWN,PL27,VILLECROWN|PL27
11002886,PURPLE STAG LIMITED,active,ltd,2017-10-09,10 - 12 Commercial Street,,Shipley,BD18 3SR,United Kingdom,['56101'],PURPLESTAG,BD18,PURPLESTAG|BD18
10707163,RPTILER LTD,active,ltd,2017-04-04,10 Betterton Road,,Rainham,RM13 8NA,United Kingdom,"['41202', '43290', '43390', '43999']",RPTILER,RM13,RPTILER|RM13
10656075,OLYMPUS ELECTRICAL & BUILDING SERVICES LTD,active,ltd,2017-03-07,1 Britten Close,Langdon Hills,Basildon,SS16 6TB,England,"['43210', '43290', '96090']",OLYMPUSELECTRICALANDBUILDING,SS16,OLYMPUSELECTRICALANDBUILDING|SS16
10621459,BUZZ CAFE LIMITED,active,ltd,2017-02-15,Prospect House 3 The Centre,Beaconsfield Road,Farnham Common,SL2 3QQ,England,['56102'],BUZZCAFE,SL2,BUZZCAFE|SL2
10758193,INNOVATION ERA LTD,active,ltd,2017-05-08,277 A Green Street,,London,E7 8LJ,England,"['41201', '41202', '43999']",INNOVATIONERA,E7,INNOVATIONERA|E7
10879048,TRINANON HOLDING LTD,active,ltd,2017-07-21,196 High Road,,London,N22 8HH,England,['82990'],TRINANON,N22,TRINANON|N22
10716405,BEST FESTIVALS LIMITED,active,ltd,2017-04-08,48 Fir Road,,Feltham,TW13 6UJ,England,"['90010', '90020']",BESTFESTIVALS,TW13,BESTFESTIVALS|TW13
10750392,F.C.L. FROZENS MANCHESTER LIMITED,active,ltd,2017-05-03,Unit 6 - Willan Industrial Estate,West Ashton Street,Salford,M50 2GR,England,['46390'],FCLFROZENSMANCHESTER,M50,FCLFROZENSMANCHESTER|M50
10738874,SALT CURATED FASHION LTD,active,ltd,2017-04-25,20-22 Wenlock Road,,London,N1 7GU,England,['99999'],SALTCURATEDFASHION,N1,SALTCURATEDFASHION|N1
12136127,COOMBE DOWN ORCHARDS LIMITED,active,ltd,2019-08-02,Unity Chambers,34 High East Street,Dorchester,DT1 1HA,England,"['11030', '47810']",COOMBEDOWNORCHARDS,DT1,COOMBEDOWNORCHARDS|DT1
10768167,EURO ASIA BUSINESS LTD,active,ltd,2017-05-12,"C/O Shafi & Co Accountants, Nida House, Ground Floor","60 Sutton Street, Shadwell",London,E1 0AX,United Kingdom,"['46410', '46420', '82990']",EUROASIABUSINESS,E1,EUROASIABUSINESS|E1
10991503,SERGIU'S SOLUTIONS LTD,active,ltd,2017-10-02,63 Southgate Way,,Dudley,DY1 3HN,England,"['41201', '49410', '52103']",SERGIUSSOLUTIONS,DY1,SERGIUSSOLUTIONS|DY1
10795013,TAMU APP LTD,active,ltd,2017-05-30,Pears Lodge Farm House Station Road,Whissendine,Oakham,LE15 7HG,England,"['62011', '62012']",TAMUAPP,LE15,TAMUAPP|LE15
10740915,CAR AUTO SALVAGE LTD,active,ltd,2017-04-25,Colstar Yard Malthouse Lane,Llantarnam,Cwmbran,NP44 3EE,Wales,['96090'],CARAUTOSALVAGE,NP44,CARAUTOSALVAGE|NP44
10960021,EVERYDAY'S FOODS LIMITED,active,ltd,2017-09-13,112 Lower Road,,Belvedere,DA17 6DG,England,"['47110', '47190']",EVERYDAYSFOODS,DA17,EVERYDAYSFOODS|DA17
10734440,ACCESS BUSINESS CAPITAL UK LTD,active,ltd,2017-04-21,9 Barclay Mansions,St. Valerie Road,Bournemouth,BH2 6PE,,['64999'],ACCESSBUSINESSCAPITAL,BH2,ACCESSBUSINESSCAPITAL|BH2
10807956,PURE MINUTES TELECOMMUNICATIONS LTD,active,ltd,2017-06-07,71-75 Shelton Street,,London,WC2H 9JQ,England,['61200'],PUREMINUTESTELECOMMUNICATIONS,WC2H,PUREMINUTESTELECOMMUNICATIONS|WC2H
04289340,ALBION LEASING (WEST MIDLANDS) LIMITED,active,ltd,2001-09-18,C/O Hayley Group,Shelah Road,Halesowen,B63 3XL,England,['77110'],ALBIONLEASINGWESTMIDLANDS,B63,ALBIONLEASINGWESTMIDLANDS|B63
10794102,RICHMOND LIQUIDITY MANAGEMENT LIMITED,active,ltd,2017-05-30,"Regal House 3rd Floor, C/O Regus",70 London Road,Twickenham,TW1 3QS,England,['64999'],RICHMONDLIQUIDITYMANAGEMENT,TW1,RICHMONDLIQUIDITYMANAGEMENT|TW1
10764952,SPOTLIGHT SALES AND LETTINGS LTD,active,ltd,2017-05-11,31 High Street,,Lyndhurst,SO43 7BE,England,"['68310', '68320']",SPOTLIGHTSALESANDLETTINGS,SO43,SPOTLIGHTSALESANDLETTINGS|SO43
10922120,CJ HEALTH & FITNESS CONSULTANCY LIMITED,active,ltd,2017-08-18,17 Victoria Road East,,Thornton Cleveleys,FY5 5HT,United Kingdom,['96040'],CJHEALTHANDFITNESSCONSULTANCY,FY5,CJHEALTHANDFITNESSCONSULTANCY|FY5
10717109,THE DOWNS BRISTOL LIMITED,active,ltd,2017-04-08,"Unit 5-6 Parkway Trading Estate, St. Werburghs Road",,Bristol,BS2 9PG,England,['90010'],THEDOWNSBRISTOL,BS2,THEDOWNSBRISTOL|BS2
10760924,SKY VAPE LONDON LIMITED,active,ltd,2017-05-09,29 High Holborn,,London,WC1V 6AZ,England,"['56301', '56302', '96090']",SKYVAPELONDON,WC1V,SKYVAPELONDON|WC1V
10755135,CARMANIA CATERING LTD,active,ltd,2017-05-05,772 Finchley Road,,London,NW11 7TH,United Kingdom,['56101'],CARMANIACATERING,NW11,CARMANIACATERING|NW11
10957910,KANNDOO C.I.C.,active,ltd,2017-09-12,Union Suite The Union Building,51-59 Rose Lane,Norwich,NR1 1BY,England,['88990'],KANNDOOCIC,NR1,KANNDOOCIC|NR1
10631066,THOMAS ENGINEERING LTD,active,ltd,2017-02-21,23 Fforest Hill,Aberdulais,Neath,SA10 8HD,Wales,['82990'],THOMASENGINEERING,SA10,THOMASENGINEERING|SA10
10619564,CRISTEM LIMITED,active,ltd,2017-02-14,Kings Arms,Beach Street,Sunderland,SR4 6BU,United Kingdom,['56302'],CRISTEM,SR4,CRISTEM|SR4
10734535,ANDIAN CONSULTING LTD,active,ltd,2017-04-21,3 Wath Road,Elsecar,Barnsley,S74 8HJ,England,['62020'],ANDIANCONSULTING,S74,ANDIANCONSULTING|S74
10919490,HUMMUS BAR LTD,active,ltd,2017-08-16,249 Cranbrook Road,,Ilford,IG1 4TG,England,['99999'],HUMMUSBAR,IG1,HUMMUSBAR|IG1
10729632,FRAUD AND FINANCIAL CRIME CONSULTING LIMITED,active,ltd,2017-04-19,71 Trenoweth Road,,Falmouth,TR11 5GH,England,"['80300', '85422']",FRAUDANDFINANCIALCRIMECONSULTING,TR11,FRAUDANDFINANCIALCRIMECONSULTING|TR11
10785516,BURLINGTON (UK) CONSTRUCTION LIMITED,active,ltd,2017-05-23,1-5 Market Square Market Square,,Ilfracombe,EX34 9AU,United Kingdom,"['41100', '41201', '41202']",BURLINGTONUKCONSTRUCTION,EX34,BURLINGTONUKCONSTRUCTION|EX34
10775066,DANNY & SON CONSTRUCTION LIMITED,active,ltd,2017-05-17,250 High Road,Unit 6,London,N15 4AJ,United Kingdom,['41202'],DANNYANDSONCONSTRUCTION,N15,DANNYANDSONCONSTRUCTION|N15
10705154,CENTRAL CUTS LONDON LTD,active,ltd,2017-04-03,Care Of Italian Accountants Limited Unit 2,Bedford Mews,London,N2 9DF,England,['96020'],CENTRALCUTSLONDON,N2,CENTRALCUTSLONDON|N2
10770867,BEST BUSINESS (LONDON) LTD,active,ltd,2017-05-15,98 Commercial Road,,London,E1 1NU,England,"['47220', '47230']",BESTBUSINESSLONDON,E1,BESTBUSINESSLONDON|E1
10774746,ALKA FOODS LTD,active,ltd,2017-05-17,"Office 408, Screenworks 22 Highbury Grove",,London,N5 2ER,United Kingdom,['56102'],ALKAFOODS,N5,ALKAFOODS|N5
10941529,CLIVES WINES LTD,active,ltd,2017-09-01,2 Tudor Park Gardens,,Burntwood,WS7 0BA,United Kingdom,['82990'],CLIVESWINES,WS7,CLIVESWINES|WS7
10990654,DAYI'S PIZZA LIMITED,active,ltd,2017-10-02,Unit 12 Edison Road,,Enfield,EN3 7XF,England,['56103'],DAYISPIZZA,EN3,DAYISPIZZA|EN3
10752277,NATURAL RELIANCE LTD,active,ltd,2017-05-03,Kemp House,160 City Road,London,EC1V 2NX,United Kingdom,['10890'],NATURALRELIANCE,EC1V,NATURALRELIANCE|EC1V
10651001,AGIE&KATIE LTD,active,ltd,2017-03-03,12 St. Johns Square,,Stoke-On-Trent,ST6 3AJ,England,['56101'],AGIEANDKATIE,ST6,AGIEANDKATIE|ST6
10763442,PEAK ENTERTAINMENT LTD,active,ltd,2017-05-10,172 Columbia Road,,Bournemouth,BH10 4DT,England,['93290'],PEAKENTERTAINMENT,BH10,PEAKENTERTAINMENT|BH10
10749804,INTENSEBEAM LTD,active,ltd,2017-05-02,76-80 Deansgate,,Manchester,M3 2FW,England,['90040'],INTENSEBEAM,M3,INTENSEBEAM|M3
10764203,THE FITZBOURNE GROUP LIMITED,active,ltd,2017-05-10,"1st Floor, Spitalfields House",Stirling Way,Borehamwood,WD6 2FX,England,['68100'],THEFITZBOURNE,WD6,THEFITZBOURNE|WD6
10995115,BRITANNIA AUTOMATION LIMITED,active,ltd,2017-10-04,Onega House,112 Main Road,Sidcup,DA14 6NE,United Kingdom,['82990'],BRITANNIAAUTOMATION,DA14,BRITANNIAAUTOMATION|DA14
10758641,J. G. BRADY CONSTRUCTION LTD,active,ltd,2017-05-08,22 The Croft,Ruislip,London,HA4 3SE,United Kingdom,['82990'],JGBRADYCONSTRUCTION,HA4,JGBRADYCONSTRUCTION|HA4
10759470,SHEPHERD PROPERTY SOLUTIONS LTD,active,ltd,2017-05-08,8 Norelands Drive,Burnham,Slough,SL1 8AZ,England,"['68209', '68320']",SHEPHERDPROPERTYSOLUTIONS,SL1,SHEPHERDPROPERTYSOLUTIONS|SL1
10796492,C.A.S MECHANICAL SERVICES LTD,active,ltd,2017-05-31,42 Coalway Road,,Walsall,WS3 2PU,England,['82990'],CASMECHANICAL,WS3,CASMECHANICAL|WS3
10994902,ANDREW & LAW LIMITED,active,ltd,2017-10-04,24b Coombe Road,,New Malden,KT3 4QE,England,['69109'],ANDREWANDLAW,KT3,ANDREWANDLAW|KT3
10714387,I&R EXPRESS LTD,active,ltd,2017-04-07,58 Firmley Drive Frimley Drive,,Bradford,BD5 9EP,England,['49410'],IANDREXPRESS,BD5,IANDREXPRESS|BD5
10759168,FIFI ONE LIMITED,active,ltd,2017-05-08,21 Shelly Row,,Cambridge,CB3 0BS,England,"['86101', '86102', '87200', '87300']",FIFIONE,CB3,FIFIONE|CB3
10989270,TRAFFCO ACCOUNTING LTD,active,ltd,2017-09-29,Gpg House Walker Avenue,Milton Keynes,Milton Keynes,MK12 5TW,United Kingdom,['69201'],TRAFFCOACCOUNTING,MK12,TRAFFCOACCOUNTING|MK12
10718776,GAS HEAT PUMP SERVICES LTD,active,ltd,2017-04-10,6a Clarendon Villas,,Hove,BN3 3RB,England,['96090'],GASHEATPUMP,BN3,GASHEATPUMP|BN3
10636647,CHITRAKOET LINEN SERVICES LTD,active,ltd,2017-02-23,35 Bristol Road,,London,E7 8HG,England,['96010'],CHITRAKOETLINEN,E7,CHITRAKOETLINEN|E7
10199360,EYESPY SECURITY LTD,active,ltd,2016-05-25,Brulimar House Jubilee Road,Middleton,Manchester,M24 2LX,England,['80200'],EYESPYSECURITY,M24,EYESPYSECURITY|M24
10682981,HYMAN CAPITAL LIMITED,active,ltd,2017-03-21,32 Chester Close South,Regent's Park,London,NW1 4JG,England,['82990'],HYMANCAPITAL,NW1,HYMANCAPITAL|NW1
10716323,DAILY SHOP LIMITED,active,ltd,2017-04-08,33a Elmshott Lane,,Slough,SL1 5QS,England,['47910'],DAILYSHOP,SL1,DAILYSHOP|SL1
10737700,WE SHINE TOGETHER LTD,active,ltd,2017-04-24,369 Hagley Road West,,West Midlands,B32 2AL,,['74909'],WESHINETOGETHER,B32,WESHINETOGETHER|B32
10726507,A C TEK-SOL LTD,active,ltd,2017-04-18,Carreg Y Bedmon,Llanfairynghornwy,Holyhead,LL65 4LY,Wales,['45200'],ACTEKSOL,LL65,ACTEKSOL|LL65
10837146,LIVERPOOL AIRPORT SECURE PARKING (NW) LIMITED,active,ltd,2017-06-27,Unit 1 Woodend Avenue,Speke,Liverpool,L24 9NB,England,['79909'],LIVERPOOLAIRPORTSECUREPARKINGNW,L24,LIVERPOOLAIRPORTSECUREPARKINGNW|L24
10714249,CRANBERRY ESTATES LTD,active,ltd,2017-04-07,66 Station Road Marston Green,,Birmingham,B37 7BA,England,['82990'],CRANBERRYESTATES,B37,CRANBERRYESTATES|B37
10758067,AGI BENTLEY RAIL LIMITED,active,ltd,2017-05-08,20 Melbourne Avenue,,Fleetwood,FY7 8AY,United Kingdom,['43120'],AGIBENTLEYRAIL,FY7,AGIBENTLEYRAIL|FY7
10777287,AZURE TECHNOLOGY LIMITED,active,ltd,2017-05-18,9 Timms Close,Formby,Liverpool,L37 7HR,England,"['62020', '70229', '90020']",AZURETECHNOLOGY,L37,AZURETECHNOLOGY|L37
10758820,BHC INDICATOR LIMITED,active,ltd,2017-05-08,First Floor 12 St John's Way,St John's Business Estate,Downham Market,PE38 0QQ,United Kingdom,['82990'],BHCINDICATOR,PE38,BHCINDICATOR|PE38
10729847,DSB TOOLS LIMITED,active,ltd,2017-04-19,"Suite 0323, Unit D3 Mod Village Baron Way",Kingmoor Business Park,Carlisle,CA6 4BU,England,['47990'],DSBTOOLS,CA6,DSBTOOLS|CA6
10723972,BLUE SOLE LIMITED,active,ltd,2017-04-13,"Unit 25, Cp House",Otterspool Way,Watford,WD25 8HR,England,['46420'],BLUESOLE,WD25,BLUESOLE|WD25
11000649,CD1 TRANSPORT LTD,active,ltd,2017-10-06,11 Whitehurst Street,Allenton,Derby,DE24 8LE,United Kingdom,['96090'],CD1TRANSPORT,DE24,CD1TRANSPORT|DE24
10746406,MANTELLE HAIRDRESSING LIMITED,active,ltd,2017-04-28,Unit 12 Galen Place,Bloomsbury,London,WC1A 2JR,England,['96020'],MANTELLEHAIRDRESSING,WC1A,MANTELLEHAIRDRESSING|WC1A
10770648,BOROUGH MUNCH LIMITED,active,ltd,2017-05-15,124-131  Market Stall Borough Market,,Halifax,HX1 1DZ,England,['56103'],BOROUGHMUNCH,HX1,BOROUGHMUNCH|HX1
10632835,ADROIT SOFT LIMITED,active,ltd,2017-02-22,262 Obelisk Rise,,Northampton,NN2 8TW,United Kingdom,"['62020', '63110', '63990', '85600']",ADROITSOFT,NN2,ADROITSOFT|NN2
10741791,CONNECT 31 LIMITED,active,ltd,2017-04-26,4 Andrews Close,,Bournemouth,BH11 8HB,England,['49410'],CONNECT31,BH11,CONNECT31|BH11
10784441,ATKINSON HOME AND BUILD LIMITED,active,ltd,2017-05-23,"Winghams House, 9 Freeport Office Village",Century Drive,Braintree,CM77 8YG,England,['82990'],ATKINSONHOMEANDBUILD,CM77,ATKINSONHOMEANDBUILD|CM77
10723142,CHESHIRE RETREAT LTD,active,ltd,2017-04-12,2 Old Market Place,,Altrincham,WA14 4NP,England,"['96020', '96090']",CHESHIRERETREAT,WA14,CHESHIRERETREAT|WA14
10707121,MMK TELECOM LIMITED,active,ltd,2017-04-04,7 Woodstock Close,,Maidenhead,SL6 7JT,England,['71129'],MMKTELECOM,SL6,MMKTELECOM|SL6
10703058,BEAUTIFUL ESTATES GROUP LTD,active,ltd,2017-04-03,50 Princes Street,,Ipswich,IP1 1RJ,England,"['68209', '68310', '68320']",BEAUTIFULESTATES,IP1,BEAUTIFULESTATES|IP1
10718158,TSK STUDIO LIMITED,active,ltd,2017-04-10,596 Kingsland Road,,London,E8 4AH,England,"['14132', '15200']",TSKSTUDIO,E8,TSKSTUDIO|E8
10721181,PAKT CONSULTING LIMITED,active,ltd,2017-04-11,82a James Carter Road,Mildenhall,Bury St. Edmunds,IP28 7DE,England,['70229'],PAKTCONSULTING,IP28,PAKTCONSULTING|IP28
10730761,OSHIE'S KITCHEN LTD,active,ltd,2017-04-19,5 Church Street,,Merthyr Tydfil,CF47 0BW,Wales,['56101'],OSHIESKITCHEN,CF47,OSHIESKITCHEN|CF47
11948783,MR FINANSINGH LTD,active,ltd,2019-04-16,Denning House Suite 106 C/O Know Tax,1a George Street,Wolverhampton,WV2 4DP,England,['70229'],MRFINANSINGH,WV2,MRFINANSINGH|WV2
10737904,FASHION FACTORY LIMITED,active,ltd,2017-04-24,Janay Sec Suite 2,"Unit 2 Bradburys Court, Lyon Road",Harrow,HA1 2BY,United Kingdom,"['46420', '47910']",FASHIONFACTORY,HA1,FASHIONFACTORY|HA1
10828430,MA MONETIZE LIMITED,active,ltd,2017-06-21,6 Neville Road,,Peacehaven,BN10 8PH,England,['73110'],MAMONETIZE,BN10,MAMONETIZE|BN10
10776696,BEAR THINK LTD.,active,ltd,2017-05-18,15 The Borough Brockham,,Betchworth,RH3 7NB,United Kingdom,['82990'],BEARTHINK,RH3,BEARTHINK|RH3
10630004,JOES TRANSPORT LTD,active,ltd,2017-02-21,23 Dene Lane,,Farnham,GU10 3PW,United Kingdom,['49410'],JOESTRANSPORT,GU10,JOESTRANSPORT|GU10
10738825,CROSBY WINDOW SYSTEMS LIMITED,active,ltd,2017-04-25,"Level One , Basecamp Liverpool",Jamaica Street,Liverpool,L1 0AH,England,['43342'],CROSBYWINDOWSYSTEMS,L1,CROSBYWINDOWSYSTEMS|L1
10733978,DEMO GROUP LIMITED,active,ltd,2017-04-21,Providence Yard,Wormald Street,Liversedge,WF15 6AR,England,"['41100', '42990', '43110', '43120']",DEMO,WF15,DEMO|WF15
10771220,R&M THERMAL INSULATIONS LTD,active,ltd,2017-05-15,10771220 - COMPANIES HOUSE DEFAULT ADDRESS,,Cardiff,CF14 8LH,,['43290'],RANDMTHERMALINSULATIONS,CF14,RANDMTHERMALINSULATIONS|CF14
10623950,WILL'S BAKERY LTD,active,ltd,2017-02-16,"Unit 3, The Farm Shop Lower Icknield Way",Wilstone Green,Tring,HP23 4NT,England,['10710'],WILLSBAKERY,HP23,WILLSBAKERY|HP23
10615613,AVRO CONTRACTS LTD,active,ltd,2017-02-13,6-8 Freeman Street,,Grimsby,DN32 7AA,England,['82990'],AVROCONTRACTS,DN32,AVROCONTRACTS|DN32
10740093,DARYL CATTERALL LIMITED,active,ltd,2017-04-25,White Hart House,Silwood Road,Ascot,SL5 0PY,England,"['51210', '52103', '52242', '70210']",DARYLCATTERALL,SL5,DARYLCATTERALL|SL5
10752071,WALLACE CONSTRUCTION LIMITED,active,ltd,2017-05-03,Grove Park House,7 Grove Park Road,Wrexham,LL12 7AA,United Kingdom,['43999'],WALLACECONSTRUCTION,LL12,WALLACECONSTRUCTION|LL12
10757477,FAR FEW GIANTS LIMITED,active,ltd,2017-05-08,11 Osprey Close,Mudeford,Christchurch,BH23 4RX,England,['62011'],FARFEWGIANTS,BH23,FARFEWGIANTS|BH23
10622034,PHONE WORKS LTD,active,ltd,2017-02-15,196 Sneinton Dale,,Nottingham,NG2 4HJ,England,['46520'],PHONEWORKS,NG2,PHONEWORKS|NG2
07637942,INTERLUDE STUDIO LIMITED,active,ltd,2011-05-17,117 Holywell Centre 1 Phipp Street,,London,EC2A 4PS,England,['90030'],INTERLUDESTUDIO,EC2A,INTERLUDESTUDIO|EC2A
10096106,HVAC DESIGN SERVICES LTD,active,ltd,2016-04-01,"C/O Ayling Ware Ltd, 48",Spelthorne Lane,Ashford,TW15 1UJ,England,['71129'],HVACDESIGN,TW15,HVACDESIGN|TW15
09039321,GEIST DOMOVOI LIMITED,active,ltd,2014-05-14,Harwood House 43 Harwood Road,Harwood Road,London,SW6 4QP,,['90030'],GEISTDOMOVOI,SW6,GEISTDOMOVOI|SW6
09209237,REVILL DESIGN LTD,active,ltd,2014-09-09,Netil House,1 Westgate Street,London,E8 3RL,,['32990'],REVILLDESIGN,E8,REVILLDESIGN|E8
12939021,PIOMARTOS LTD,active,ltd,2020-10-08,1 Wassell Road,,Bilston,WV14 6PX,England,['49410'],PIOMARTOS,WV14,PIOMARTOS|WV14
05004980,MICHAEL BRADFORD ACCOUNTANTS LIMITED,active,ltd,2003-12-31,16 Market Street,Hednesford,Cannock,WS12 1AF,England,['69201'],MICHAELBRADFORDACCOUNTANTS,WS12,MICHAELBRADFORDACCOUNTANTS|WS12
04291765,7 BRUNSWICK SQUARE (HOVE) LIMITED,active,ltd,2001-09-21,28/29 Carlton Terrace,Portslade,Brighton,BN41 1UR,,['98000'],7BRUNSWICKSQUAREHOVE,BN41,7BRUNSWICKSQUAREHOVE|BN41
08426533,ALL TECH FIT LTD,active,ltd,2013-03-01,78a Caversham Road,Kentish Town,London,NW5 2DN,England,['46160'],ALLTECHFIT,NW5,ALLTECHFIT|NW5
09994556,BESPOKE PLOT FINDER LIMITED,active,ltd,2016-02-09,Hillcrest Estate Holmes Chapel Road,Over Peover,Knutsford,WA16 9RB,England,['41100'],BESPOKEPLOTFINDER,WA16,BESPOKEPLOTFINDER|WA16
06989064,DORMATIS LIMITED,active,ltd,2009-08-12,4th Floor Fitzrovia House,153-157 Cleveland Street,London,W1T 6QW,,['86210'],DORMATIS,W1T,DORMATIS|W1T
12316398,SUMBABEUS LIMITED,active,ltd,2019-11-15,15 Davy Road New Rossington,Doncaster,South Yorkshire,DN11 0LQ,England,['86102'],SUMBABEUS,DN11,SUMBABEUS|DN11
09836467,G.M.C BERKSHIRE LTD,active,ltd,2015-10-22,"C/O Ayling Ware Ltd, 48",Spelthorne Lane,Ashford,TW15 1UJ,England,['45112'],GMCBERKSHIRE,TW15,GMCBERKSHIRE|TW15
SC604253,MANOR CONSULTANCY SERVICES LTD,active,ltd,2018-08-02,Manortoun,Manor,Peebles,EH45 9JN,United Kingdom,"['01500', '02400', '70229']",MANORCONSULTANCY,EH45,MANORCONSULTANCY|EH45
09590189,NEWMAN COOK ASSOCIATES LIMITED,active,ltd,2015-05-14,269 Farnborough Road,,Farnborough,GU14 7LY,United Kingdom,['70229'],NEWMANCOOKASSOCIATES,GU14,NEWMANCOOKASSOCIATES|GU14
07250186,ATELIER MAIA LIMITED,active,ltd,2010-05-11,Wellesley House,Duke Of Wellington Avenue,London,SE18 6SS,England,['74100'],ATELIERMAIA,SE18,ATELIERMAIA|SE18
02159079,GEODESIGN LIMITED,active,ltd,1987-08-28,6 Coombe Neville,Warren Road,Kingston Upon Thames,KT2 7HW,England,['74909'],GEODESIGN,KT2,GEODESIGN|KT2
03263236,HARTLAND RESIDENTIAL HOME LTD,active,ltd,1996-10-14,St Georges Court St. Georges Square,High Street,New Malden,KT3 4HG,England,['56302'],HARTLANDRESIDENTIALHOME,KT3,HARTLANDRESIDENTIALHOME|KT3
12265595,SENCODE LTD,active,ltd,2019-10-16,Fusion Hive,North Shore Road,Stockton-On-Tees,TS18 2NB,England,"['62020', '62090']",SENCODE,TS18,SENCODE|TS18
02815970,PEAK COLLECTIONS LIMITED,active,ltd,1993-05-07,Manson House,Shaw Street,Macclesfield,SK11 6QY,England,"['63990', '80300', '82911', '82990']",PEAKCOLLECTIONS,SK11,PEAKCOLLECTIONS|SK11
SC549174,ROX GEAR LTD.,active,ltd,2016-11-02,39 Hillside Crescent,,Westhill,AB32 6PA,Scotland,"['47640', '47710']",ROXGEAR,AB32,ROXGEAR|AB32
04521780,F.D. MOTORCYCLES LIMITED,active,ltd,2002-08-29,Gautam House,1-3 Shenley Avenue,Ruislip Manor,HA4 6BP,,['45400'],FDMOTORCYCLES,HA4,FDMOTORCYCLES|HA4
10933085,ELLIPSE ACCOUNTANTS & BUSINESS ADVISERS LTD,active,ltd,2017-08-25,43a St Marys Road,,Market Harborough,LE16 7DS,United Kingdom,['99999'],ELLIPSEACCOUNTANTSANDBUSINESSADVISERS,LE16,ELLIPSEACCOUNTANTSANDBUSINESSADVISERS|LE16
11752942,KRIS KP SERVICES LTD,active,ltd,2019-01-07,69 Trinant Terrace,Pentwyn Crumlin,Newport,NP11 3JJ,United Kingdom,"['43999', '49410', '81299']",KRISKP,NP11,KRISKP|NP11
09038881,0040 BLACKBURNFIT (LEASECO) LIMITED,active,ltd,2014-05-14,Unit A,Brook Park East,Shirebrook,NG20 8RY,,['93130'],0040BLACKBURNFITLEASECO,NG20,0040BLACKBURNFITLEASECO|NG20
10754272,BOCA JAY SALOKIN LTD,active,ltd,2017-05-04,12 Alma Street,,Northampton,NN5 5LS,England,['82990'],BOCAJAYSALOKIN,NN5,BOCAJAYSALOKIN|NN5
08172358,DR MICHAEL J WATTS LIMITED,active,ltd,2012-08-08,4th Floor Fitzrovia House,153-157 Cleveland Street,London,W1T 6QW,England,['86210'],DRMICHAELJWATTS,W1T,DRMICHAELJWATTS|W1T
11129107,RENDERHOUSE LIMITED,active,ltd,2018-01-02,Flat 47 Olympian Heights,Guildford Road,Woking,GU22 7RN,United Kingdom,"['47410', '62030', '74100']",RENDERHOUSE,GU22,RENDERHOUSE|GU22
11304358,GARRISON TRADE CENTRE LIMITED,active,ltd,2018-04-11,2-4 Fleming Road,,Hinckley,LE10 3DU,England,['45320'],GARRISONTRADECENTRE,LE10,GARRISONTRADECENTRE|LE10
03997800,BLACKPOOL VISIONPLUS LIMITED,active,ltd,2000-05-19,Unit 3 26 Victoria Street,,Blackpool,FY1 4RW,,['47782'],BLACKPOOLVISIONPLUS,FY1,BLACKPOOLVISIONPLUS|FY1
11104946,ARCHWAY NORTHAMPTON LIMITED,active,ltd,2017-12-11,7 St Pauls Yard,Silver Street,Newport Pagnell,MK16 0EG,England,['41100'],ARCHWAYNORTHAMPTON,MK16,ARCHWAYNORTHAMPTON|MK16
11095362,PRIMA BEAUTY LTD,active,ltd,2017-12-04,71 Warrenhouse Walk,,Sutton Coldfield,B76 1TS,England,"['96020', '96040']",PRIMABEAUTY,B76,PRIMABEAUTY|B76
11174471,SMART SOLUTIONS-GB LIMITED,active,ltd,2018-01-29,27 Old Gloucester Street,,London,WC1N 3AX,United Kingdom,['96090'],SMARTSOLUTIONSGB,WC1N,SMARTSOLUTIONSGB|WC1N
11201412,AMARA ANDREWS LTD,active,ltd,2018-02-12,3 Anchor Court Talbot Lane,Horsham,West Sussex,RH12 1ET,United Kingdom,['71122'],AMARAANDREWS,RH12,AMARAANDREWS|RH12
11091843,N K T TRAVELS LIMITED,active,ltd,2017-12-01,38 Balmoral Drive,,Woking,GU22 8EY,England,['49320'],NKTTRAVELS,GU22,NKTTRAVELS|GU22
11213756,H.K RECYCLING LTD,active,ltd,2018-02-19,Unit 1 Talbot Street,,Stourbridge,DY9 8UH,United Kingdom,['39000'],HKRECYCLING,DY9,HKRECYCLING|DY9
11193067,THE TAJ SKIPTON LIMITED,active,ltd,2018-02-07,56 Broughton Road,,Skipton,BD23 1SS,England,['56103'],THETAJSKIPTON,BD23,THETAJSKIPTON|BD23
11228280,JULIETA CARE UK LTD,active,ltd,2018-02-27,Unit 15 Weld Parade,,Southport,PR8 2DT,England,"['78200', '87200', '87300']",JULIETACARE,PR8,JULIETACARE|PR8
11189961,IZAANS LTD,active,ltd,2018-02-06,"74, Hassans Grill Oundle Road",,Peterborough,PE2 9PA,United Kingdom,['56103'],IZAANS,PE2,IZAANS|PE2
11225438,TEACHING THE FUTURE LTD,active,ltd,2018-02-26,11225438 - COMPANIES HOUSE DEFAULT ADDRESS,,Cardiff,CF14 8LH,,['82990'],TEACHINGTHEFUTURE,CF14,TEACHINGTHEFUTURE|CF14
11237355,GLUTEYWEAR LTD,active,ltd,2018-03-06,41 Robinia Close Robinia Close,Laindon,Basildon,SS15 4HD,England,"['47910', '82990']",GLUTEYWEAR,SS15,GLUTEYWEAR|SS15
11289749,EQUAL LONDON FASHION CLOTHING LTD,active,ltd,2018-04-04,58b High Street,Stony Stratford,Milton Keynes,MK11 1AQ,England,"['14142', '14190', '47910']",EQUALLONDONFASHIONCLOTHING,MK11,EQUALLONDONFASHIONCLOTHING|MK11
11292426,CASTLE DIY LTD,active,ltd,2018-04-05,C/O Bfs Accountants Ltd The Willows Southwell Road West,Rainworth,Mansfield,NG21 0HJ,England,['47190'],CASTLEDIY,NG21,CASTLEDIY|NG21
11192203,FOLD2 ARCHITECTURE LTD,active,ltd,2018-02-07,68 Rodney Street,,Liverpool,L1 9AF,United Kingdom,['71111'],FOLD2ARCHITECTURE,L1,FOLD2ARCHITECTURE|L1
11022484,NOURA LTD,active,ltd,2017-10-19,7 Westmoreland House Cumberland Park,Scrubs Lane,London,NW10 6RE,United Kingdom,['56103'],NOURA,NW10,NOURA|NW10
11026819,ROBYN SAMUELS CONSTRUCTION LTD,active,ltd,2017-10-23,International House,12 Constance Street,London,E16 2DQ,United Kingdom,"['41100', '68100', '68209']",ROBYNSAMUELSCONSTRUCTION,E16,ROBYNSAMUELSCONSTRUCTION|E16
11164375,KK&L TRANSPORT LTD,active,ltd,2018-01-23,15 Sycamore Fold,,Leeds,LS11 6BD,England,['49410'],KKANDLTRANSPORT,LS11,KKANDLTRANSPORT|LS11
11195790,POP & CANDY LTD,active,ltd,2018-02-08,105 Thornsbeach Road,,London,SE6 1EY,England,['93290'],POPANDCANDY,SE6,POPANDCANDY|SE6
11191284,SASSY N TRENDY COSMETICS LTD,active,ltd,2018-02-06,191 St. Albans Road,,Watford,WD24 5BH,England,['46450'],SASSYNTRENDYCOSMETICS,WD24,SASSYNTRENDYCOSMETICS|WD24
11259961,AL AQSA TOURS & CARGO SERVICES LIMITED,active,ltd,2018-03-16,66 London Road,,"Plaistow, London",E13 0DD,England,"['49410', '50200', '79110', '79120']",ALAQSATOURSANDCARGO,E13,ALAQSATOURSANDCARGO|E13
11146710,N EIGHT LIVE LIMITED,active,ltd,2018-01-12,First Floor,17-19 Foley Street,London,W1W 6DW,United Kingdom,['90010'],NEIGHTLIVE,W1W,NEIGHTLIVE|W1W
11174055,RAIL BENTLEY LTD,active,ltd,2018-01-29,"Unit A15, Champions Business Park, Kenwright & Co",Arrowe Brook Road,Wirral,CH49 0AB,United Kingdom,['82990'],RAILBENTLEY,CH49,RAILBENTLEY|CH49
11191662,CD CONTRACTS LIMITED,active,ltd,2018-02-07,30 Warburton Street,,Newark,NG24 1LT,United Kingdom,['43999'],CDCONTRACTS,NG24,CDCONTRACTS|NG24
11213853,AADHVICK LTD,active,ltd,2018-02-19,1 Derwent Business Centre,Clarke Street,Derby,DE1 2BU,United Kingdom,['68209'],AADHVICK,DE1,AADHVICK|DE1
11297804,STEAM 'N' GLEAM LTD,active,ltd,2018-04-07,878 Kingsbury Road,Erdington,Birmingham,B24 9PY,England,"['81222', '81299']",STEAMNGLEAM,B24,STEAMNGLEAM|B24
11178742,SMARTDIL LTD,active,ltd,2018-01-30,1 Camellia Close,,London,E10 5GT,England,['56103'],SMARTDIL,E10,SMARTDIL|E10
11091755,PHISHING FORENSICS LTD,active,ltd,2017-12-01,"Upper Flat, 3","Upper Flat, 3 St. Simons Road",Southsea,PO5 2PE,England,"['62012', '62020', '62030', '62090']",PHISHINGFORENSICS,PO5,PHISHINGFORENSICS|PO5
11141476,PONTE VECHIO LTD,active,ltd,2018-01-09,51 St. James Gardens,,Trowbridge,BA14 8TH,England,['56101'],PONTEVECHIO,BA14,PONTEVECHIO|BA14
11162740,WALVIN CONSTRUCTIONS LTD,active,ltd,2018-01-22,19 Sherwood Rise,Mansfield Woodhouse,Mansfield,NG19 7NP,England,"['41100', '41201', '41202', '43390']",WALVINCONSTRUCTIONS,NG19,WALVINCONSTRUCTIONS|NG19
11173072,KARL M WARD LIMITED,active,ltd,2018-01-26,Grafton House,81 Chorley Old Road,Bolton,BL1 3AJ,United Kingdom,['49410'],KARLMWARD,BL1,KARLMWARD|BL1
11241818,BURNAP + ABEL (DOVER) LTD,active,ltd,2018-03-08,Unit 11 The Charlton Centre,High Street,Dover,CT16 1TT,United Kingdom,['68310'],BURNAPABELDOVER,CT16,BURNAPABELDOVER|CT16
11175505,BK BUILDING LTD,active,ltd,2018-01-29,The Workspace,All Saints Road,Wolverhampton,WV2 1EL,England,['41202'],BKBUILDING,WV2,BKBUILDING|WV2
11143295,YK CONCEPTS UK LTD,active,ltd,2018-01-10,5 Blyth Avenue,Eccles,Manchester,M30 0YR,United Kingdom,['70229'],YKCONCEPTS,M30,YKCONCEPTS|M30
11148377,ALDERMAN LOGISTICS LTD,active,ltd,2018-01-15,23-27 Bolton Street,,Chorley,PR7 3AA,United Kingdom,['49410'],ALDERMANLOGISTICS,PR7,ALDERMANLOGISTICS|PR7
11175188,NRJ CARS LTD,active,ltd,2018-01-29,"Flat 6, 19 Preston Road",,Yeovil,BA21 3AD,England,"['45112', '45200', '45320', '81222']",NRJCARS,BA21,NRJCARS|BA21
11144615,VALERIAN STEEL LTD,active,ltd,2018-01-11,36 Harrington Road,,Worcester,WR2 5HD,United Kingdom,['56103'],VALERIANSTEEL,WR2,VALERIANSTEEL|WR2
11155958,GREAT GENIUS TRANSPORT LTD,active,ltd,2018-01-17,144 Waddens Brook Lane,,Wolverhampton,WV11 3SJ,United Kingdom,"['49390', '49410']",GREATGENIUSTRANSPORT,WV11,GREATGENIUSTRANSPORT|WV11
11292698,GREATEST ON EARTH LTD,active,ltd,2018-04-05,19 Court Road,,Bedlington,NE22 7LD,England,['43210'],GREATESTONEARTH,NE22,GREATESTONEARTH|NE22
11201147,JADE LABOUR SERVICES LIMITED,active,ltd,2018-02-12,1 Epworth Road,,Isleworth,TW7 5BL,United Kingdom,"['43310', '43999']",JADELABOUR,TW7,JADELABOUR|TW7
11155620,HOME IMPROVEMENTS AND LAND DESIGN LTD,active,ltd,2018-01-17,4 Sladebrooke Rd,Sladebrook Road,London,SE3 8LT,United Kingdom,"['43341', '43390', '81300', '97000']",HOMEIMPROVEMENTSANDLANDDESIGN,SE3,HOMEIMPROVEMENTSANDLANDDESIGN|SE3
11186681,JAXA TRANSPORT LIMITED,active,ltd,2018-02-05,10 Swallow Close,,Luton,LU4 0XS,England,['53202'],JAXATRANSPORT,LU4,JAXATRANSPORT|LU4
11209846,K H CONSTRUCTORS LTD,active,ltd,2018-02-16,190 Billet Road,,London,E17 5DX,United Kingdom,['96090'],KHCONSTRUCTORS,E17,KHCONSTRUCTORS|E17
11194159,HAWKES FILM LIMITED,active,ltd,2018-02-08,54 Sydney Road,,London,N10 2RL,England,['59120'],HAWKESFILM,N10,HAWKESFILM|N10
11199342,SURE REMOVALS LIMITED,active,ltd,2018-02-12,Unit 29 Soapstone Way,Irlam,Manchester,M44 6GP,England,['96090'],SUREREMOVALS,M44,SUREREMOVALS|M44
11079045,ETERNAL PICTURES LTD,active,ltd,2017-11-23,54 Lichfield Grove,,London,N3 2JP,United Kingdom,"['59111', '59113', '59131', '73110']",ETERNALPICTURES,N3,ETERNALPICTURES|N3
11132752,THE LONDON FONE COMPANY LTD,active,ltd,2018-01-04,One Oaks Court,Warwick Road,Borehamwood,WD6 1GS,England,['46520'],THELONDONFONECOMPANY,WD6,THELONDONFONECOMPANY|WD6
11106995,CLD SIGNALLING LIMITED,active,ltd,2017-12-12,Stewart House,139 Tonge Moor Road,Bolton,BL2 2HR,England,['82990'],CLDSIGNALLING,BL2,CLDSIGNALLING|BL2
11176281,LOBY LIMITED,active,ltd,2018-01-30,Suite 112 Ajp Business Centre,152-154 Coles Green Road,London,NW2 7HD,England,['82990'],LOBY,NW2,LOBY|NW2
11253884,ATKINSON RENOVATIONS LTD,active,ltd,2018-03-14,70 Market Street,,Dalton-In-Furness,LA15 8AA,England,['43390'],ATKINSONRENOVATIONS,LA15,ATKINSONRENOVATIONS|LA15
11291572,BUSINESS POWER SOLUTIONS LTD,active,ltd,2018-04-04,11291572 - COMPANIES HOUSE DEFAULT ADDRESS,,Cardiff,CF14 8LH,,['61900'],BUSINESSPOWERSOLUTIONS,CF14,BUSINESSPOWERSOLUTIONS|CF14
11293139,FIRST THOUGHT FINANCIAL SERVICES LTD,active,ltd,2018-04-05,112-114 High Street,,Rickmansworth,WD3 1AQ,England,['64999'],FIRSTTHOUGHTFINANCIAL,WD3,FIRSTTHOUGHTFINANCIAL|WD3
11301003,DEMAX 2018 LTD,active,ltd,2018-04-10,44 Somerville Road,,Leicester,LE3 2EU,England,"['45112', '49410', '77110']",DEMAX2018,LE3,DEMAX2018|LE3
11198961,G.ALLEN & SON LTD,active,ltd,2018-02-12,19 Scott Street,,Bognor Regis,PO21 1UH,United Kingdom,['41202'],GALLENANDSON,PO21,GALLENANDSON|PO21
11130582,KG WHOLESALE LTD,active,ltd,2018-01-03,9 Warbreck Avenue,,Liverpool,L9 4RL,England,['46341'],KGWHOLESALE,L9,KGWHOLESALE|L9
11106573,CHAMELTIA SUPPLIES LIMITED,active,ltd,2017-12-11,13 Tilling Road,,Bristol,BS10 5AQ,United Kingdom,"['32990', '46190']",CHAMELTIASUPPLIES,BS10,CHAMELTIASUPPLIES|BS10
11163596,RA COLLECTIONS AND CONSULTANCY LIMITED,active,ltd,2018-01-22,45 Mymms Drive,Brookmans Park,Hatfield,AL9 7AE,England,"['70229', '82911', '82990']",RACOLLECTIONSANDCONSULTANCY,AL9,RACOLLECTIONSANDCONSULTANCY|AL9
11226941,NEW GURUKRIPA LIMITED,active,ltd,2018-02-27,289 Green Street,,London,E13 9AR,United Kingdom,['47510'],NEWGURUKRIPA,E13,NEWGURUKRIPA|E13
11153880,TEMPLES GROUP LTD,active,ltd,2018-01-17,8 Littlebury Green,,Basildon,SS13 1PA,England,"['49320', '49390', '52290']",TEMPLES,SS13,TEMPLES|SS13
11005430,B ALI CONSULTANTS LIMITED,active,ltd,2017-10-10,5 Ivegate,Yeadon,Leeds,LS19 7RE,United Kingdom,['78300'],BALICONSULTANTS,LS19,BALICONSULTANTS|LS19
11207457,EAT IN HOUSE CAFE LTD,active,ltd,2018-02-15,Unit D 2 Seedbed Centre,Langston Road,Loughton,IG10 3TQ,England,['56102'],EATINHOUSECAFE,IG10,EATINHOUSECAFE|IG10
11144405,JOR-EL LTD,active,ltd,2018-01-11,36 Harrington Road,,Worcester,WR2 5HD,United Kingdom,['77110'],JOREL,WR2,JOREL|WR2
11199515,INTER SPECTRUM LTD,active,ltd,2018-02-12,128 City Road,,London,EC1V 2NX,United Kingdom,"['41202', '42120', '42220', '43210']",INTERSPECTRUM,EC1V,INTERSPECTRUM|EC1V
11206868,KEARNEY ELECTRICAL LIMITED,active,ltd,2018-02-14,25 Darlington Road,,Manchester,M20 1JB,England,['43210'],KEARNEYELECTRICAL,M20,KEARNEYELECTRICAL|M20
11260543,C'DEDA LTD,active,ltd,2018-03-16,"Flat 67 Miller Heights, 43 - 51 Lowerstone Street Lower Stone Street",,Maidstone,ME15 6LN,United Kingdom,['62020'],CDEDA,ME15,CDEDA|ME15
11199543,MIDLANDS VAN CONVERSIONS LTD,active,ltd,2018-02-12,43 The Fieldway,,Broughton Astley,LE9 6SX,,['29201'],MIDLANDSVANCONVERSIONS,LE9,MIDLANDSVANCONVERSIONS|LE9
11170014,BFA.UK LIMITED,active,ltd,2018-01-25,394 Muswell Hill Broadway,Muswell Hill,London,N10 1DJ,England,"['62090', '70229', '82990', '94200']",BFA,N10,BFA|N10
11045306,EVI SOLUTIONS LIMITED,active,ltd,2017-11-02,89b The Old Church,89b Quicks Road,Wimbledon,SW19 1EX,United Kingdom,['29310'],EVISOLUTIONS,SW19,EVISOLUTIONS|SW19
11106327,BEST CARE 17 LIMITED,active,ltd,2017-12-11,"30 St Loy's Road, London",30 St. Loy's Road,London,N17 6UD,England,['96090'],BESTCARE17,N17,BESTCARE17|N17
11143810,CINAR & IRMAK LTD,active,ltd,2018-01-10,493 Roman Road,,London,E3 5LX,England,['47110'],CINARANDIRMAK,E3,CINARANDIRMAK|E3
11197061,YES PHILIPPINES PUBLICATIONS LTD,active,ltd,2018-02-09,Unit 3 Ibex House Unit 3 Ibex House,2 Leytonstone Road,Stratford,E15 1SE,United Kingdom,['58130'],YESPHILIPPINESPUBLICATIONS,E15,YESPHILIPPINESPUBLICATIONS|E15
07666983,SPECIALI HOLDINGS LIMITED,active,ltd,2011-06-13,3 Formby Close,Lower Earley,Reading,RG6 7XH,England,['82990'],SPECIALI,RG6,SPECIALI|RG6
11174634,CLEETHORPES HAIR LOUNGE LTD,active,ltd,2018-01-29,19 Kingsway,,Cleethorpes,DN35 8QL,United Kingdom,['96020'],CLEETHORPESHAIRLOUNGE,DN35,CLEETHORPESHAIRLOUNGE|DN35
11291409,ROSENBIRD LTD,active,ltd,2018-04-04,11291409 - COMPANIES HOUSE DEFAULT ADDRESS,,Cardiff,CF14 8LH,,"['45112', '49410', '82990', '96090']",ROSENBIRD,CF14,ROSENBIRD|CF14
06594924,COMPUTER MARKETING LTD,active,ltd,2008-05-16,20-22 Wenlock Road,,London,N1 7GU,England,['62020'],COMPUTERMARKETING,N1,COMPUTERMARKETING|N1
11161155,BAZZA COURIER LIMITED,active,ltd,2018-01-22,68 Black Bull Lane,Fulwood,Preston,PR2 3JX,England,['53201'],BAZZACOURIER,PR2,BAZZACOURIER|PR2
11033037,IDEAL HOMES ORANGERIES AND CONSERVATORIES LTD,active,ltd,2017-10-26,59 Salop Drive,,Oldbury,B68 9AG,England,['43342'],IDEALHOMESORANGERIESANDCONSERVATORIES,B68,IDEALHOMESORANGERIESANDCONSERVATORIES|B68
11124366,JASSAL CATERING AND EVENTS LIMITED,active,ltd,2017-12-22,1st Floor 33a Grove Lane,,Birmingham,B21 9ES,United Kingdom,['56210'],JASSALCATERINGANDEVENTS,B21,JASSALCATERINGANDEVENTS|B21
11149802,WILSON'S PAINTING AND DECORATING LIMITED,active,ltd,2018-01-15,10 Commercial Street,,Shipley,BD18 3SR,England,['43341'],WILSONSPAINTINGANDDECORATING,BD18,WILSONSPAINTINGANDDECORATING|BD18
11209557,CITY GO LTD,active,ltd,2018-02-16,529 Kings Road,Stretford,Manchester,M32 8JG,United Kingdom,['77110'],CITYGO,M32,CITYGO|M32
11252993,S&K TRADERS LTD,active,ltd,2018-03-13,1 Fern Avenue,,Mitcham,CR4 1LS,England,['46420'],SANDKTRADERS,CR4,SANDKTRADERS|CR4
11053194,WOLFOX LIMITED,active,ltd,2017-11-08,26b Eaton Road,,Hove,BN3 3PJ,England,['10832'],WOLFOX,BN3,WOLFOX|BN3
11142325,WEST RIDING ENGINEERING SERVICES LTD,active,ltd,2018-01-10,28 Lords Lane,,Brighouse,HD6 3RF,England,['30300'],WESTRIDINGENGINEERING,HD6,WESTRIDINGENGINEERING|HD6
11164983,FTW CLOTHING LTD,active,ltd,2018-01-23,878 Kingsbury Road,Erdington,Birmingham,B24 9PY,England,['14190'],FTWCLOTHING,B24,FTWCLOTHING|B24
11164346,MATTEOMECH ENGINEERING LIMITED,active,ltd,2018-01-23,"Lanocks, Treberth Crescent",Treberth Crescent,Newport,NP19 9TF,United Kingdom,['71129'],MATTEOMECHENGINEERING,NP19,MATTEOMECHENGINEERING|NP19
11189227,COUNTRY ROSE LIMITED,active,ltd,2018-02-06,212 Albert Road Albert Road,Aston,Birmingham,B6 5NL,United Kingdom,"['86900', '87200']",COUNTRYROSE,B6,COUNTRYROSE|B6
11134142,GROVEMARK CARS LIMITED,active,ltd,2018-01-04,Brulimar House,Jubilee Road,Middleton,M24 2LX,United Kingdom,['43341'],GROVEMARKCARS,M24,GROVEMARKCARS|M24
11297338,BIRCHWOOD FENCING LTD,active,ltd,2018-04-07,Birchwood Cox Pasture Farm,Constable Burton,Leyburn,DL8 5LW,United Kingdom,['96090'],BIRCHWOODFENCING,DL8,BIRCHWOODFENCING|DL8
11304068,DULOVO LTD,active,ltd,2018-04-11,66 Whatley Avenue,,London,SW20 9NS,England,['43210'],DULOVO,SW20,DULOVO|SW20
11089048,IMAN DELIVERY LTD,active,ltd,2017-11-30,26 Sonning Court Farnburn Avenue,,Slough,SL1 4AG,United Kingdom,['49410'],IMANDELIVERY,SL1,IMANDELIVERY|SL1
11205348,HG ACCESS LTD,active,ltd,2018-02-14,1 Shelly Court 1 Shelly Court,South Zeal,South Zeal,EX20 2PT,England,['43999'],HGACCESS,EX20,HGACCESS|EX20
11279833,WRIGHT WILLS ESTATE PLANNING LIMITED,active,ltd,2018-03-28,18 Roneo Corner,,Hornchurch,RM12 4TN,England,['69109'],WRIGHTWILLSESTATEPLANNING,RM12,WRIGHTWILLSESTATEPLANNING|RM12
11236801,NOBATIC TRADERS LIMITED,active,ltd,2018-03-06,1210 Arlington Business Park,Theale,Reading,RG7 4TY,England,['45112'],NOBATICTRADERS,RG7,NOBATICTRADERS|RG7
11152631,THWAITE HAULAGE LTD,active,ltd,2018-01-16,3 South Street,Gargrave,Skipton,BD23 3RT,England,['96090'],THWAITEHAULAGE,BD23,THWAITEHAULAGE|BD23
11193509,HANDS ON PGE LIMITED,active,ltd,2018-02-07,"1st Floor, The Syms Building Bumpers Way",Bumpers Farm,Chippenham,SN14 6LH,United Kingdom,['99999'],HANDSONPGE,SN14,HANDSONPGE|SN14
11198540,DEEPS SOLUTIONS LIMITED,active,ltd,2018-02-12,Flat 1 Oxford House,Fowler Road,Aylesbury,HP19 7BU,United Kingdom,"['62012', '62020', '62030', '62090']",DEEPSSOLUTIONS,HP19,DEEPSSOLUTIONS|HP19
11186649,D.H.S SPECIALISED HAULAGE LIMITED,active,ltd,2018-02-05,52a Dalby Road,Anstey,Leicester,LE7 7DJ,United Kingdom,"['49410', '52103']",DHSSPECIALISEDHAULAGE,LE7,DHSSPECIALISEDHAULAGE|LE7
11187150,SAFE BRIGHT LIMITED,active,ltd,2018-02-05,The Masters House,92a Arundel Street,Sheffield,S1 4RE,United Kingdom,['43210'],SAFEBRIGHT,S1,SAFEBRIGHT|S1
11308003,GROVE GLOBAL SOLUTIONS LTD,active,ltd,2018-04-13,Grosvenor House,St. Pauls Square,Birmingham,B3 1RB,England,"['46900', '49410', '68310', '68320']",GROVEGLOBALSOLUTIONS,B3,GROVEGLOBALSOLUTIONS|B3
11303970,KAM3 LIMITED,active,ltd,2018-04-11,180 Reading Road South,Church Crookham,Fleet,GU52 6AE,England,['71129'],KAM3,GU52,KAM3|GU52
11190290,K ANIMS LTD,active,ltd,2018-02-06,12 Oxford Meadow,Sible Hedingham,Halstead,CO9 3QN,England,['49410'],KANIMS,CO9,KANIMS|CO9
11202741,CERBERUS ORGANIC DOG FOOD LTD,active,ltd,2018-02-13,3 Vista Place,Ingworth Road,Poole,BH12 1JY,United Kingdom,['10920'],CERBERUSORGANICDOGFOOD,BH12,CERBERUSORGANICDOGFOOD|BH12
11298081,WHITES CATERING EQUIPMENT LTD.,active,ltd,2018-04-07,"Flat 2, 33c Stanley Court Stanley Road",,Wellingborough,NN8 1DY,England,['56210'],WHITESCATERINGEQUIPMENT,NN8,WHITESCATERINGEQUIPMENT|NN8
11160432,BHCC PROPERTY SERVICES LTD,active,ltd,2018-01-22,32a Church Road,,Hove,BN3 2FN,United Kingdom,['81100'],BHCCPROPERTY,BN3,BHCCPROPERTY|BN3
11152110,K7 HOLDINGS LIMITED,active,ltd,2018-01-16,221 Wellingborough Road,,Northampton,NN1 4EF,England,['56302'],K7,NN1,K7|NN1
11141477,NEXUS APEX LTD,active,ltd,2018-01-09,80a Thanet Street,Clay Cross,Chesterfield,S45 9JU,England,"['47890', '47910', '78109']",NEXUSAPEX,S45,NEXUSAPEX|S45
11294204,ACCESS HDPC LIMITED,active,ltd,2018-04-05,48-52 Penny Lane,,Liverpool,L18 1DG,England,"['41100', '42110', '71112', '74100']",ACCESSHDPC,L18,ACCESSHDPC|L18
11186683,SARAH NDAGIRE LTD,active,ltd,2018-02-05,16 Bargate Court,,Guildford,GU2 8EF,England,"['90010', '90030']",SARAHNDAGIRE,GU2,SARAHNDAGIRE|GU2
11014471,BMA TEXTILE SOLUTIONS LTD,active,ltd,2017-10-16,Unit 3b Berol House,25 Ashley Road,Tottenham Hale,N17 9LJ,United Kingdom,"['46410', '47910', '70229']",BMATEXTILESOLUTIONS,N17,BMATEXTILESOLUTIONS|N17
11155140,PVH CARPENTRY SERVICES LIMITED,active,ltd,2018-01-17,Mount Pleasant Farm Carbrooke Lane,Shipdham,Thetford,IP25 7RP,United Kingdom,['43320'],PVHCARPENTRY,IP25,PVHCARPENTRY|IP25
10399515,VEIVA LIMITED,active,ltd,2016-09-28,"Anglia House 6 Central Avenue, St Andrews Business Park",Thorpe St Andrew,Norwich,NR7 0HR,United Kingdom,['71121'],VEIVA,NR7,VEIVA|NR7
01021665,JOE DAVIES (MANCHESTER) LIMITED,active,ltd,1971-08-20,149 Broadstone Road,Reddish Stockport,Cheshire,SK5 7GA,,['46499'],JOEDAVIESMANCHESTER,SK5,JOEDAVIESMANCHESTER|SK5
12229168,TS MARKT LTD,active,ltd,2019-09-26,Engine House Bexley 2 Veridion Way,Veridion Park,Erith,DA18 4AL,England,"['47110', '47190']",TSMARKT,DA18,TSMARKT|DA18
11307337,MICHAEL KNOWLES WORKS LIMITED,active,ltd,2018-04-12,6-8 Freeman Street,,Grimsby,DN32 7AA,,['81300'],MICHAELKNOWLESWORKS,DN32,MICHAELKNOWLESWORKS|DN32
10698789,CODE CONSULTING LIMITED,active,ltd,2017-03-30,19 Trinity Square,,Llandudno,LL30 2RD,United Kingdom,"['58190', '62012']",CODECONSULTING,LL30,CODECONSULTING|LL30
10144963,SELLING A FRANCHISE LIMITED,active,ltd,2016-04-25,Swatton Barn,Badbury,Swindon,SN4 0EU,United Kingdom,['70229'],SELLINGAFRANCHISE,SN4,SELLINGAFRANCHISE|SN4
11069325,LA CANTINA (THEMALTHOUSE) LIMITED,active,ltd,2017-11-17,72e New Court Way,,Ormskirk,L39 2YT,England,['56302'],LACANTINATHEMALTHOUSE,L39,LACANTINATHEMALTHOUSE|L39
07149444,ACMS (MORAY) LIMITED,active,ltd,2010-02-08,26 Bolingbroke Road,,Norwich,NR3 2SH,United Kingdom,"['74909', '81221', '81300']",ACMSMORAY,NR3,ACMSMORAY|NR3
11040567,SKYLINE BUILDING & PROPERTY MANAGEMENT LIMITED,active,ltd,2017-10-31,466 Cranbrook Road,,Ilford,IG2 6LE,United Kingdom,['41202'],SKYLINEBUILDINGANDPROPERTYMANAGEMENT,IG2,SKYLINEBUILDINGANDPROPERTYMANAGEMENT|IG2
11335686,F R REAL ESTATE LTD,active,ltd,2018-04-30,Barnston House Beacon Lane,Heswall,Wirral,CH60 0EE,United Kingdom,['68100'],FRREALESTATE,CH60,FRREALESTATE|CH60
03191380,WOODLAND OIL LIMITED,active,ltd,1996-04-26,The New Depot Naylor Street,Parkgate,Rotherham,S62 6BP,,['38120'],WOODLANDOIL,S62,WOODLANDOIL|S62
11059589,1ST FOR BUY TO LET HOMES LTD,active,ltd,2017-11-13,Onward Chambers,34 Market Street,Hyde,SK14 1AH,United Kingdom,['68100'],1STFORBUYTOLETHOMES,SK14,1STFORBUYTOLETHOMES|SK14
11033233,RENEES PLANT POWERED KITCHEN LTD,active,ltd,2017-10-26,7a 7a,St Stephens Grove,London,SE13 5AJ,United Kingdom,['56103'],RENEESPLANTPOWEREDKITCHEN,SE13,RENEESPLANTPOWEREDKITCHEN|SE13
04072404,IRIS INSURANCE BROKERS LIMITED,active,ltd,2000-09-15,The Baxter Building,80 Baxter Avenue,Southend-On-Sea,SS2 6HZ,United Kingdom,"['65120', '65202']",IRISINSURANCEBROKERS,SS2,IRISINSURANCEBROKERS|SS2
NI671121,THE STANDARD MILL LTD,active,ltd,2020-07-20,108 Mill Hill,,Castlewellan,BT31 9ND,Northern Ireland,['35110'],THESTANDARDMILL,BT31,THESTANDARDMILL|BT31
07043595,SIMON BAILEY SURGEON LIMITED,active,ltd,2009-10-15,4th Floor Fitzrovia House,153-157 Cleveland Street,London,W1T 6QW,,['86210'],SIMONBAILEYSURGEON,W1T,SIMONBAILEYSURGEON|W1T
11048058,BAREY MUSIC LTD,active,ltd,2017-11-06,212a Capstone Road,,Bournemouth,BH8 8RX,England,"['59200', '81299', '88910', '90010']",BAREYMUSIC,BH8,BAREYMUSIC|BH8
10185625,APSION TRAINING SERVICES LIMITED,active,ltd,2016-05-18,10 Crich Circle,Littleover,Derby,DE23 6DS,England,['85320'],APSIONTRAINING,DE23,APSIONTRAINING|DE23
10175310,SHA INVESTMENT LTD,active,ltd,2016-05-11,28 Gunnersbury Way,,Nuthall,NG16 1QD,United Kingdom,['68209'],SHAINVESTMENT,NG16,SHAINVESTMENT|NG16
11063438,A S ATLANTIC LTD,active,ltd,2017-11-14,"C/O Ayling Ware Ltd, 48",Spelthorne Lane,Ashford,TW15 1UJ,England,['99999'],ASATLANTIC,TW15,ASATLANTIC|TW15
06206675,JPS WASHROOM INSTALLERS LIMITED,active,ltd,2007-04-10,24 Brights Road,,Nuneaton,CV10 9FX,,['43320'],JPSWASHROOMINSTALLERS,CV10,JPSWASHROOMINSTALLERS|CV10
07511956,WORLD OF GOODS LTD,active,ltd,2011-02-01,18 Ashover Close,,Nottingham,NG3 3BT,,['47290'],WORLDOFGOODS,NG3,WORLDOFGOODS|NG3
07632457,PRESTIGE VEHICLE MOVEMENTS LTD,active,ltd,2011-05-12,Wyndham,St Hilary's Road,Llandudno,LL30 1PU,,['49410'],PRESTIGEVEHICLEMOVEMENTS,LL30,PRESTIGEVEHICLEMOVEMENTS|LL30
07706281,PERODI HOSTING LIMITED,active,ltd,2011-07-15,3 Hartley Down,60 Christchurch Road,Bournemouth,BH1 3PJ,England,"['59112', '63110']",PERODIHOSTING,BH1,PERODIHOSTING|BH1
07914237,RESPONSE REHAB LIMITED,active,ltd,2012-01-18,171 Deansgate,"Imperial Suite, Deansgate House",Bolton,BL1 1EX,,['96090'],RESPONSEREHAB,BL1,RESPONSEREHAB|BL1
07393722,MASLAK DESIGN LIMITED,active,ltd,2010-10-01,Horley Green House,Horley Green Road,Halifax,HX3 6AS,England,['82990'],MASLAKDESIGN,HX3,MASLAKDESIGN|HX3
07342955,WASTEAWAY SHROPSHIRE LIMITED,active,ltd,2010-08-11,Unit B8,Hortonwood 10,Telford,TF1 7ES,,"['38110', '38320']",WASTEAWAYSHROPSHIRE,TF1,WASTEAWAYSHROPSHIRE|TF1
07501137,THE OPERATIONS HUB LTD,active,ltd,2011-01-21,Century House Old Mill Place,Tattenhall,Chester,CH3 9RJ,England,['62020'],THEOPERATIONSHUB,CH3,THEOPERATIONSHUB|CH3
08087339,WE ARE SOCIAL HOUSING LIMITED,active,ltd,2012-05-29,31 Nether Hall Road,,Doncaster,DN1 2PG,,['68209'],WEARESOCIALHOUSING,DN1,WEARESOCIALHOUSING|DN1
10669218,CLASSIC PLUMBING AND HEATING LTD,active,ltd,2017-03-14,Trinity Green,Eldon Street,South Shields,NE33 1SA,England,['43220'],CLASSICPLUMBINGANDHEATING,NE33,CLASSICPLUMBINGANDHEATING|NE33
07266562,DISCOVERY SERVICES LIMITED,active,ltd,2010-05-26,50 Tenterden  Road,,Dagenham,RM8 1PX,,['78200'],DISCOVERY,RM8,DISCOVERY|RM8
07228222,CELANDINE CAPITAL UK LTD,active,ltd,2010-04-20,Flat 504 21 New Village Avenue,,London,E14 0GL,United Kingdom,"['64303', '70229']",CELANDINECAPITAL,E14,CELANDINECAPITAL|E14
07617653,MIRRORTECH LIMITED,active,ltd,2011-04-28,C/O Seftons,135-143 Union Street,Oldham,OL1 1TE,United Kingdom,['46499'],MIRRORTECH,OL1,MIRRORTECH|OL1
08088111,PANTARA LIMITED,active,ltd,2012-05-30,82a James Carter Road,Mildenhall,Bury St. Edmunds,IP28 7DE,England,['41100'],PANTARA,IP28,PANTARA|IP28
08333847,A1D LONDON LIMITED,active,ltd,2012-12-17,The Mille,1000 Great West Road,Brentford,TW8 9DW,England,['62090'],A1DLONDON,TW8,A1DLONDON|TW8
08084372,HARVEST PARTS LIMITED,active,ltd,2012-05-25,Crofton Hall Farm,Thursby,Carlisle,CA5 6QB,,['46610'],HARVESTPARTS,CA5,HARVESTPARTS|CA5
07363429,ESSEX ANGLING LTD,active,ltd,2010-09-02,7/8 Queensgate Centre,Orsett Road,Grays,RM17 5DF,England,['61900'],ESSEXANGLING,RM17,ESSEXANGLING|RM17
08288857,S-CLASS CHAUFFEUR SERVICES LIMITED,active,ltd,2012-11-12,3 Inglewood Copse,Bickley,Bromley,BR1 2BB,United Kingdom,['49390'],SCLASSCHAUFFEUR,BR1,SCLASSCHAUFFEUR|BR1
07378555,MARMALADE SKI SCHOOL LIMITED,active,ltd,2010-09-16,2 The Stables,Priory Road Thurgarton,Nottingham,NG14 7GX,,"['79909', '85510', '93199']",MARMALADESKISCHOOL,NG14,MARMALADESKISCHOOL|NG14
07416184,HAMMOSH UK LIMITED,active,ltd,2010-10-22,"Flat 7 Howick Mansion, 831 Woolwich Road","Flat 7 Howick  Mansion, 831woolwich Road",London,SE7 8LL,,['62020'],HAMMOSH,SE7,HAMMOSH|SE7
07827136,PLUMB TOOLS DIRECT LIMITED,active,ltd,2011-10-28,Unit 2 Capital Business Centre,Garnett Close,Watford,WD24 7GN,United Kingdom,"['46740', '47910']",PLUMBTOOLSDIRECT,WD24,PLUMBTOOLSDIRECT|WD24
07159986,CCP (LONDON) LIMITED,active,ltd,2010-02-17,7 St. Petersgate,,Stockport,SK1 1EB,England,['52219'],CCPLONDON,SK1,CCPLONDON|SK1
07646702,HAWKWELL PARK LIMITED,active,ltd,2011-05-25,2 Lyne Road,,Virginia Water,GU25 4EF,England,['55300'],HAWKWELLPARK,GU25,HAWKWELLPARK|GU25
07244595,MARGATE HAND CAR WASH LTD,active,ltd,2010-05-06,"Flat 1, 31-32 Fort Crescent Fort Crescent",,Margate,CT9 1HX,England,['96090'],MARGATEHANDCARWASH,CT9,MARGATEHANDCARWASH|CT9
07503922,SPENCER HOLDINGS LIMITED,active,ltd,2011-01-24,13 Hyde Road,,Paignton,TQ4 5BW,United Kingdom,['70229'],SPENCER,TQ4,SPENCER|TQ4
07617761,CARDS 4U LIMITED,active,ltd,2011-04-28,Gable End Cottage,Park Road,Darwen,BB3 2LE,England,['82110'],CARDS4U,BB3,CARDS4U|BB3
07891421,TECHNOCAP LTD,active,ltd,2011-12-23,3 Chartwell Drive,,Orpington,BR6 7LL,England,['74909'],TECHNOCAP,BR6,TECHNOCAP|BR6
07825473,THOR BUILDING SERVICES LIMITED,active,ltd,2011-10-27,6-8 Freeman Street,,Grimsby,DN32 7AA,England,['41201'],THORBUILDING,DN32,THORBUILDING|DN32
04225817,ST JOHNS INVESTMENTS LIMITED,active,ltd,2001-05-31,2 St Johns North,Wakefield,,WF1 3QA,,['68100'],STJOHNSINVESTMENTS,WF1,STJOHNSINVESTMENTS|WF1
04490693,FLOORCHOICE LIMITED,active,ltd,2002-07-19,414 Blackpool Road,Ashton Preston,Lancashire,PR2 2DX,,['47530'],FLOORCHOICE,PR2,FLOORCHOICE|PR2
07620490,THOMAS'S BUILDING CONTRACTORS LTD,active,ltd,2011-05-03,4 Lon Cae Fynnon,New Road,Llandeilo,SA19 6DX,Wales,['43390'],THOMASSBUILDINGCONTRACTORS,SA19,THOMASSBUILDINGCONTRACTORS|SA19
07706501,MTG COMMS LIMITED,active,ltd,2011-07-15,2 Woodland Park View,,Mansfield,NG18 5FD,England,['42990'],MTGCOMMS,NG18,MTGCOMMS|NG18
11041401,CATCH A FIRE LTD,active,ltd,2017-11-01,"First Floor, The Old Winery Lamberhurst Vineyard",Furnace Lane,Lamberhurst,TN3 8ER,England,['73110'],CATCHAFIRE,TN3,CATCHAFIRE|TN3
08121198,MOORVIEW KENNELS & CATTERY LIMITED,active,ltd,2012-06-27,"The Old Coach House, Rear Of Eastville Terrace",Ripon Road,Harrogate,HG1 3HJ,United Kingdom,['01621'],MOORVIEWKENNELSANDCATTERY,HG1,MOORVIEWKENNELSANDCATTERY|HG1
07242406,MM FENCING AND ARENAS LTD,active,ltd,2010-05-04,69 Hurstbrook,Coppull,Chorley,PR7 4QX,,['43290'],MMFENCINGANDARENAS,PR7,MMFENCINGANDARENAS|PR7
07473386,C MORTON HAULAGE LTD,active,ltd,2010-12-20,29 Briarfields Lane,Worrall,Sheffield,S35 0AA,England,['49410'],CMORTONHAULAGE,S35,CMORTONHAULAGE|S35
07857004,RYKEL AUTOMOTIVE GROUP LIMITED,active,ltd,2011-11-22,Rykel House,Purfleet Road,Aveley,RM15 4DT,,['45200'],RYKELAUTOMOTIVE,RM15,RYKELAUTOMOTIVE|RM15
08287345,MUSKAAN BEAUTY LTD,active,ltd,2012-11-09,15 Victoria Shopping Centre,,Harrogate,HG1 1AE,England,['96020'],MUSKAANBEAUTY,HG1,MUSKAANBEAUTY|HG1
07783164,SEYMOUR GREEN HORTICULTURE CENTRE LIMITED,active,ltd,2011-09-22,Unit 2 Fordhouse Road Industrial Estate,Steel Drive,Wolverhampton,WV10 9XA,England,['47190'],SEYMOURGREENHORTICULTURECENTRE,WV10,SEYMOURGREENHORTICULTURECENTRE|WV10
07388312,XPRESSIVE BUSINESS SOLUTIONS LTD,active,ltd,2010-09-27,30 Waterfront Way,,Walsall,WS2 9NH,,['82990'],XPRESSIVEBUSINESSSOLUTIONS,WS2,XPRESSIVEBUSINESSSOLUTIONS|WS2
07478076,INNOVATION MARKETING LIMITED,active,ltd,2010-12-23,62-66 Deansgate,,Manchester,M3 2EN,England,['70229'],INNOVATIONMARKETING,M3,INNOVATIONMARKETING|M3
08310225,CFMBMEDIA LTD,active,ltd,2012-11-27,4 West Park,,St. Columb,TR9 6RP,England,"['58130', '68310']",CFMBMEDIA,TR9,CFMBMEDIA|TR9
12583529,WOODY PAPER LTD,active,ltd,2020-05-04,18 Foxglove Walk,,Crawley,RH11 9DY,England,['17220'],WOODYPAPER,RH11,WOODYPAPER|RH11
07515495,OUTFOXED MEDIA LIMITED,active,ltd,2011-02-03,79 High Street,Abbotsley,St. Neots,PE19 6UE,England,['60100'],OUTFOXEDMEDIA,PE19,OUTFOXEDMEDIA|PE19
07520217,381A IDRISSI LIMITED,active,ltd,2011-02-07,35 Dorset Mount,,Leeds,LS8 3QX,,['70221'],381AIDRISSI,LS8,381AIDRISSI|LS8
08246792,HARRIS TRAVEL LIMITED,active,ltd,2012-10-10,Unit 5b Duttons Way,Shadsworth Business Park,Blackburn,BB1 2QR,England,['49319'],HARRISTRAVEL,BB1,HARRISTRAVEL|BB1
08274872,RITEVALUE LTD,active,ltd,2012-10-31,25 Alnwick Road,,Sunderland,SR3 3BU,England,['70229'],RITEVALUE,SR3,RITEVALUE|SR3
07501928,CLARK JAMES NORWICH LIMITED,active,ltd,2011-01-21,Suite 9 Diamond House,Vulcan Road North,Norwich,NR6 6AQ,England,"['78200', '78300', '86900']",CLARKJAMESNORWICH,NR6,CLARKJAMESNORWICH|NR6
07203709,OGHOHEN LIMITED,active,ltd,2010-03-25,7 Nuneaton Road,,Dagenham,RM9 6DX,,['86101'],OGHOHEN,RM9,OGHOHEN|RM9
07652976,KINGDOM CONTRACTING SERVICES LTD,active,ltd,2011-05-31,1st Floor 30 North Street,,Ashford,TN24 8JR,England,['43290'],KINGDOMCONTRACTING,TN24,KINGDOMCONTRACTING|TN24
08127455,N&M PARADISE LTD,active,ltd,2012-07-03,108 Bentley Road,,Hertford,SG14 2HL,England,['38110'],NANDMPARADISE,SG14,NANDMPARADISE|SG14
07143797,I CAN PLAY TENNIS LTD.,active,ltd,2010-02-02,2 Clifton Moor Business Village James Nicolson Link,Clifton Moor,York,YO30 4XG,,['93199'],ICANPLAYTENNIS,YO30,ICANPLAYTENNIS|YO30
08323450,RACEHORSE FARRIERY LIMITED,active,ltd,2012-12-10,Unit 12 Westway Business Centre,Marksbury,Bath,BA2 9HN,United Kingdom,['01621'],RACEHORSEFARRIERY,BA2,RACEHORSEFARRIERY|BA2
07142845,MMCC PROPERTY LTD,active,ltd,2010-02-02,14 King George Square,,Richmond,TW10 6LG,England,['42990'],MMCCPROPERTY,TW10,MMCCPROPERTY|TW10
08238590,EVALAST HOME IMPROVEMENTS LIMITED,active,ltd,2012-10-03,Evalast House,Hindpool Road,Barrow-In-Furness,LA14 2ND,England,['25120'],EVALASTHOMEIMPROVEMENTS,LA14,EVALASTHOMEIMPROVEMENTS|LA14
08290869,PS 13 LTD,active,ltd,2012-11-12,268 Brompton Road,,London,SW3 2AS,,['82990'],PS13,SW3,PS13|SW3
01894493,SOUTHCROWN LIMITED,active,ltd,1985-03-12,60 Longbridge Road,,Barking,IG11 8RT,England,"['68100', '68209']",SOUTHCROWN,IG11,SOUTHCROWN|IG11
07164959,SUSSEX REFURBISHMENTS LTD,active,ltd,2010-02-22,5 Clinch Green Avenue,,Bexhill-On-Sea,TN39 5HN,England,"['43220', '43330', '43341', '43390']",SUSSEXREFURBISHMENTS,TN39,SUSSEXREFURBISHMENTS|TN39
07227502,OVERHIRST LIMITED,active,ltd,2010-04-19,85 Great Portland Street,,London,W1W 7LT,England,['46360'],OVERHIRST,W1W,OVERHIRST|W1W
07699027,KARACAN LTD,active,ltd,2011-07-11,223 Field End Road,,Pinner,HA5 1QZ,England,['56102'],KARACAN,HA5,KARACAN|HA5
08093162,GABAK SERVICES LIMITED,active,ltd,2012-06-01,81 Ribblesdale Avenue,,London,N11 3AQ,England,['70229'],GABAK,N11,GABAK|N11
07593280,GARY MALKIN LTD,active,ltd,2011-04-06,12a Fleet Business Park Sandy Lane,Church Crookham,Fleet,GU52 8BF,England,['70229'],GARYMALKIN,GU52,GARYMALKIN|GU52
07912223,ATLANTIC SCENTS LTD.,active,ltd,2012-01-17,Cumberland House,24-28 Baxter Avenue,Southend-On-Sea,SS2 6HZ,England,['47990'],ATLANTICSCENTS,SS2,ATLANTICSCENTS|SS2
04202799,PLANET WASH LIMITED,active,ltd,2001-04-20,29a Bishopthorpe Road,,York,YO23 1NA,England,['99999'],PLANETWASH,YO23,PLANETWASH|YO23
10170330,JBJ PLACES LTD,active,ltd,2016-05-09,120 Moorlands Road,,Bristol,BS16 3LQ,England,['68209'],JBJPLACES,BS16,JBJPLACES|BS16
07909006,ESTHER MACK'S PRODUCE LTD,active,ltd,2012-01-13,82 Clive Road,,London,SE21 8BU,,['56290'],ESTHERMACKSPRODUCE,SE21,ESTHERMACKSPRODUCE|SE21
07789330,ELITE ELECTRICAL CONNECT LIMITED,active,ltd,2011-09-27,3 Kensworth Gate,200-204 High Street South,Dunstable,LU6 3HS,,['43210'],ELITEELECTRICALCONNECT,LU6,ELITEELECTRICALCONNECT|LU6
07693297,TIGERMOTH LIMITED,active,ltd,2011-07-05,3 Avon Vale,Stoke Bishop,Bristol,BS9 1TB,United Kingdom,['62090'],TIGERMOTH,BS9,TIGERMOTH|BS9
08067168,MANAGING 2 SUCCEED LIMITED,active,ltd,2012-05-14,6 Bowling Green View,Drighlington,Bradford,BD11 1JP,,['70229'],MANAGING2SUCCEED,BD11,MANAGING2SUCCEED|BD11
07591041,DRA UK RECRUITMENT LIMITED,active,ltd,2011-04-05,Minerva Mill,Station Road,Alcester,B49 5ET,,['99999'],DRAUKRECRUITMENT,B49,DRAUKRECRUITMENT|B49
07891312,FAST FOODS LDN LTD,active,ltd,2011-12-23,Alpha House,296 Kenton Road,Harrow,HA3 8DD,England,['56101'],FASTFOODSLDN,HA3,FASTFOODSLDN|HA3
06548230,T.P. ELECTRICAL SERVICES LIMITED,active,ltd,2008-03-28,Flat 2 39 Longden Coleman,,Shrewsbury,SY3 7DQ,United Kingdom,['99999'],TPELECTRICAL,SY3,TPELECTRICAL|SY3
07590691,UNIVERSAL PIPEWORK LIMITED,active,ltd,2011-04-04,32 Lumina Way,,Enfield,EN1 1FS,England,['43220'],UNIVERSALPIPEWORK,EN1,UNIVERSALPIPEWORK|EN1
07297976,A & S INTERIORS LIMITED,active,ltd,2010-06-29,Broadway House,Broadway,Cardiff,CF24 1PU,,"['31090', '41100']",AANDSINTERIORS,CF24,AANDSINTERIORS|CF24
07766869,TOSYNS LIMITED,active,ltd,2011-09-08,2 Glendevon Close,Off Tayside Drive,Edgware,HA8 8RG,,"['41100', '62020', '68100']",TOSYNS,HA8,TOSYNS|HA8
07921657,WEESE KEYS LTD,active,ltd,2012-01-24,5 The Maltings,,Sunderland,SR3 2BF,England,['82990'],WEESEKEYS,SR3,WEESEKEYS|SR3
07929667,CROYDON LODGE HOTEL LIMITED,active,ltd,2012-01-31,"Suite 3, Exhibition House",Addison Bridge Place,London,W14 8XP,England,['55100'],CROYDONLODGEHOTEL,W14,CROYDONLODGEHOTEL|W14
08065601,ADVANCED METALCRAFT LIMITED,active,ltd,2012-05-11,"Units 14/15 Francis Way Francis Way, Bowthorpe Employment Area",,Norwich,NR5 9JA,England,['25110'],ADVANCEDMETALCRAFT,NR5,ADVANCEDMETALCRAFT|NR5
06573500,IPD AQUARIUS LTD,active,ltd,2008-04-22,357 Greenford Avenue,Hanwell,London,W7 1JJ,,['43220'],IPDAQUARIUS,W7,IPDAQUARIUS|W7
10915487,DARWIOLL LTD,active,ltd,2017-08-15,Flat 28 Priory Court,59 Waterloo Road,Wolverhampton,WV1 4QG,United Kingdom,['49410'],DARWIOLL,WV1,DARWIOLL|WV1
11151341,AJ COSTA LTD,active,ltd,2018-01-16,136 Hurworth Avenue,,Slough,SL3 7FQ,England,['49410'],AJCOSTA,SL3,AJCOSTA|SL3
07773622,EU CABLING LIMITED,active,ltd,2011-09-14,Aloe House 1freesia Road,Barnet,London,EN5 2GD,England,['43999'],EUCABLING,EN5,EUCABLING|EN5
05697156,INFINITY GLOBAL LIMITED,active,ltd,2006-02-03,Unit 82a James Carter Road,,Milden Hall,IP28 7DE,,"['68100', '68209']",INFINITYGLOBAL,IP28,INFINITYGLOBAL|IP28
07240897,RA CONVERY LIMITED,active,ltd,2010-04-30,16 Wheelers Orchard,Chalfont St. Peter,Gerrards Cross,SL9 0HL,England,['66190'],RACONVERY,SL9,RACONVERY|SL9
12890506,LITTLE KARMA CO. LTD,active,ltd,2020-09-18,12 Swan Hill Aylesbury Road,Cuddington,Aylesbury,HP18 0BE,England,"['32990', '96090']",LITTLEKARMACO,HP18,LITTLEKARMACO|HP18
05515546,JULIE HATCHELL OPTICIANS LIMITED,active,ltd,2005-07-21,2 Framingham Road,,Sale,M33 3SH,England,['74909'],JULIEHATCHELLOPTICIANS,M33,JULIEHATCHELLOPTICIANS|M33
NI620823,KERR FARMS LIMITED,active,ltd,2013-10-09,38 Gortin Road,,Omagh,BT79 7HX,Northern Ireland,['01460'],KERRFARMS,BT79,KERRFARMS|BT79
09038124,TGM DENTAL CARE LIMITED,active,ltd,2014-05-13,61 Rumbridge Street,Totton,Southampton,SO40 9DT,England,['86230'],TGMDENTALCARE,SO40,TGMDENTALCARE|SO40
06664931,FIRTOWN LTD,active,ltd,2008-08-05,23 Park Avenue,,Gateshead,NE11 9QE,England,['43320'],FIRTOWN,NE11,FIRTOWN|NE11
11301310,MAXXILIA HAIR SALON LTD,active,ltd,2018-04-10,4 Church Hill Road,,Barnet,EN4 8TB,England,['96020'],MAXXILIAHAIRSALON,EN4,MAXXILIAHAIRSALON|EN4
12878289,NEW IMAGE HAIR STYLISTS (SOLIHULL) LIMITED,active,ltd,2020-09-14,751 Old Lode Lane,,Solihull,B92 8JE,England,['96020'],NEWIMAGEHAIRSTYLISTSSOLIHULL,B92,NEWIMAGEHAIRSTYLISTSSOLIHULL|B92
05125335,LOCUM CHOICE LIMITED,active,ltd,2004-05-11,73 Avalon Road,Ealing,London,W13 0BB,,['86900'],LOCUMCHOICE,W13,LOCUMCHOICE|W13
10493807,VLADUT LTD,active,ltd,2016-11-23,8 The Galleries,"The Galleries, Dovecot Road",High Wycombe,HP13 5HR,United Kingdom,['33170'],VLADUT,HP13,VLADUT|HP13
06241877,HATTON JEWELS LIMITED,active,ltd,2007-05-09,5 Hatton Place,,London,EC1N 8RU,England,['47770'],HATTONJEWELS,EC1N,HATTONJEWELS|EC1N
09821419,MCLOUGHLIN RIGGING SERVICES LIMITED,active,ltd,2015-10-13,Victoria Street Business Centre,192 Victoria Street,Grimsby,DN31 1NX,United Kingdom,['42990'],MCLOUGHLINRIGGING,DN31,MCLOUGHLINRIGGING|DN31
08364047,LJM SOFTWARE SOLUTIONS LIMITED,active,ltd,2013-01-17,2 Otter Court,,Buxton,SK17 6XD,England,['62020'],LJMSOFTWARESOLUTIONS,SK17,LJMSOFTWARESOLUTIONS|SK17
08922677,AATKINS  SECURITY SERVICES (UK) LTD,active,ltd,2014-03-05,"Unit K, Jannat Business Centre",98 Bentinck Street,Ashton-Under-Lyne,OL6 7SS,England,['80100'],AATKINSSECURITYSERVICESUK,OL6,AATKINSSECURITYSERVICESUK|OL6
08842792,GREAT PROPERTY LONDON LIMITED,active,ltd,2014-01-13,351 Norbury Avenue,,London,SW16 3RW,,['68320'],GREATPROPERTYLONDON,SW16,GREATPROPERTYLONDON|SW16
08441820,SHAPERS (PLUMSTEAD) LIMITED,active,ltd,2013-03-12,22a Plumstead High Street,,London,SE18 1SL,England,['96020'],SHAPERSPLUMSTEAD,SE18,SHAPERSPLUMSTEAD|SE18
08403394,BLACK FISH TANK LIMITED,active,ltd,2013-02-14,C/O Progress Advisory,16 High Holborn,London,WC1V 6BX,England,['70210'],BLACKFISHTANK,WC1V,BLACKFISHTANK|WC1V
08355302,RAIN-SCAPE LTD,active,ltd,2013-01-10,18 Vale View,Charvil,Reading,RG10 9SJ,England,['43910'],RAINSCAPE,RG10,RAINSCAPE|RG10
08469718,TOUBIAN CONSULTING LIMITED,active,ltd,2013-04-02,29 Glenwood Road,,London,NW7 4LH,United Kingdom,['68310'],TOUBIANCONSULTING,NW7,TOUBIANCONSULTING|NW7
08392062,ELITE SPORTS & MENTORING LTD,active,ltd,2013-02-07,70 Wood Street,,London,E17 3HT,,['85510'],ELITESPORTSANDMENTORING,E17,ELITESPORTSANDMENTORING|E17
08538331,CHEVYS1CALL LTD,active,ltd,2013-05-21,56 Ladywood Road,,Hertford,SG14 2TE,England,['41100'],CHEVYS1CALL,SG14,CHEVYS1CALL|SG14
09283816,HARTREE PARTNERS SUPPLY (UK) LIMITED,active,ltd,2014-10-28,"2nd Floor, Cardinal Place",100 Victoria Street,London,SW1E 5JL,England,['35140'],HARTREEPARTNERSSUPPLYUK,SW1E,HARTREEPARTNERSSUPPLYUK|SW1E
09109064,BCS ENTERPRISES LIMITED,active,ltd,2014-07-01,The Blue Coat School Birmingham Ltd Somerset Road,Edgbaston,Birmingham,B17 0HR,,['93110'],BCSENTERPRISES,B17,BCSENTERPRISES|B17
08939269,PAPRIKA (GB) LIMITED,active,ltd,2014-03-14,52 High Street,Ewell,Epsom,KT17 1RW,,['56101'],PAPRIKAGB,KT17,PAPRIKAGB|KT17
08477502,BRISTOL DESIGN FORGE LTD,active,ltd,2013-04-08,7 Cotham Side,,Bristol,BS6 5TP,England,"['32990', '90030']",BRISTOLDESIGNFORGE,BS6,BRISTOLDESIGNFORGE|BS6
08940635,BECKETT LANE LIMITED,active,ltd,2014-03-14,3 Martyns Avenue,Seven Sisters,Neath,SA10 9DP,,['69201'],BECKETTLANE,SA10,BECKETTLANE|SA10
08830627,ALL BY MAMA LTD,active,ltd,2014-01-03,73 Maple Road,,Surbiton,KT6 4AG,England,['47910'],ALLBYMAMA,KT6,ALLBYMAMA|KT6
08487130,DAVENPORT SALONS LTD,active,ltd,2013-04-12,65 Street End Road,,Chatham,ME5 0BG,,['96020'],DAVENPORTSALONS,ME5,DAVENPORTSALONS|ME5
08929838,KMBS ACCOUNTS LIMITED,active,ltd,2014-03-10,42 Lower Street,Horning,Norwich,NR12 8AA,England,['69202'],KMBSACCOUNTS,NR12,KMBSACCOUNTS|NR12
08848515,RENEW KITCHENS LIMITED,active,ltd,2014-01-16,21 Aldersyde,Dringhouses,York,YO24 1QP,,['43320'],RENEWKITCHENS,YO24,RENEWKITCHENS|YO24
08845691,H&L CO. LTD,active,ltd,2014-01-15,Unit 4 Haymarket Metro Station,,Newcastle Upon Tyne,NE1 7PF,England,['56102'],HANDLCO,NE1,HANDLCO|NE1
08833546,RAVULA IT AND MGT CONSULTANCY LIMITED,active,ltd,2014-01-06,161 Bristol Road,,Gloucester,GL1 5TG,England,['62020'],RAVULAITANDMGTCONSULTANCY,GL1,RAVULAITANDMGTCONSULTANCY|GL1
08537670,JAQUES CLEARANCE LTD,active,ltd,2013-05-21,98 Carnation Road,Strood,Rochester,ME2 2YQ,,['74909'],JAQUESCLEARANCE,ME2,JAQUESCLEARANCE|ME2
08544665,H2 REMOVALS& STORAGE LTD,active,ltd,2013-05-24,Unit 4b Leftwich Warehouses,Queen Street,Northwich,CW9 5JN,England,['49420'],H2REMOVALSANDSTORAGE,CW9,H2REMOVALSANDSTORAGE|CW9
08399294,HANDY STORES MINI MARKET LTD,active,ltd,2013-02-12,Handy Stores Mini Market Goldhill West,Chalfont St.Peter,Gerard's Cross,SL9 9HN,,['47110'],HANDYSTORESMINIMARKET,SL9,HANDYSTORESMINIMARKET|SL9
10778420,DC PLUMBING & HEATING SOLUTIONS LIMITED,active,ltd,2017-05-18,5 Turner Close,Shoeburyness,Southend-On-Sea,SS3 9TL,United Kingdom,['43220'],DCPLUMBINGANDHEATINGSOLUTIONS,SS3,DCPLUMBINGANDHEATINGSOLUTIONS|SS3
08836043,JAKESTER DEVELOPMENTS LIMITED,active,ltd,2014-01-08,C/O Elco Accounting,24 Church Street,Rickmansworth,WD3 1DD,England,['41100'],JAKESTERDEVELOPMENTS,WD3,JAKESTERDEVELOPMENTS|WD3
08535879,PROJECTLINE CONSULTING LIMITED,active,ltd,2013-05-20,3 Piccadilly Place,,Manchester,M1 3BN,United Kingdom,['74909'],PROJECTLINECONSULTING,M1,PROJECTLINECONSULTING|M1
08811800,GROVEMORE DEVELOPMENTS LIMITED,active,ltd,2013-12-12,55 Abbeystead Road,,Liverpool,L15 7JE,England,['68100'],GROVEMOREDEVELOPMENTS,L15,GROVEMOREDEVELOPMENTS|L15
05124256,LIBRA CAPITAL LIMITED,active,ltd,2004-05-10,13-14 Hobart Place,London,,SW1W 0HH,,['70100'],LIBRACAPITAL,SW1W,LIBRACAPITAL|SW1W
08530920,TONY & LILY NAILS LIMITED,active,ltd,2013-05-16,166 Heath Park Road,Heath Park,Romford,RM2 5XL,,['96020'],TONYANDLILYNAILS,RM2,TONYANDLILYNAILS|RM2
08483591,PENDRAGON  WINGS LIMITED,active,ltd,2013-04-11,8 Dennis Road,Kempston,Bedford,MK42 7HF,England,['32990'],PENDRAGONWINGS,MK42,PENDRAGONWINGS|MK42
08428973,DUNNMEDIA LIMITED,active,ltd,2013-03-04,11 Fullwell Road,11 Fullwell Road Bozeat,Wellingborough,NN29 7LX,,['59113'],DUNNMEDIA,NN29,DUNNMEDIA|NN29
08538920,4SQUAREIT LIMITED,active,ltd,2013-05-21,Kemp House,160 City Road,London,EC1V 2NX,England,"['62020', '63110', '78109', '78200']",4SQUAREIT,EC1V,4SQUAREIT|EC1V
08536436,JUST HEALTH LIMITED,active,ltd,2013-05-20,"First Floor, Cql House Alington Road",Little Barford,St. Neots,PE19 6YH,England,['86900'],JUSTHEALTH,PE19,JUSTHEALTH|PE19
08853221,NUUGOLD LIMITED,active,ltd,2014-01-20,1 Gresham Drive,,Romford,RM6 4TL,,['96090'],NUUGOLD,RM6,NUUGOLD|RM6
08978346,ZUBIKS UK LTD,active,ltd,2014-04-04,08978346 - COMPANIES HOUSE DEFAULT ADDRESS,,Cardiff,CF14 8LH,,['86102'],ZUBIKS,CF14,ZUBIKS|CF14
08509073,MERCER LAW LTD,active,ltd,2013-04-29,4 Union Street,,Runcorn,WA7 5SU,England,['69102'],MERCERLAW,WA7,MERCERLAW|WA7
08883374,WINSIDA LIMITED,active,ltd,2014-02-10,Flat 26 Otford House,Staple Street,London,SE1 4LS,,['86102'],WINSIDA,SE1,WINSIDA|SE1
08393455,COLOUR & BEAUTY LIMITED,active,ltd,2013-02-07,11 Cherry Lane,,Sutton Coldfield,B73 5TW,England,['96020'],COLOURANDBEAUTY,B73,COLOURANDBEAUTY|B73
08550396,ULOT LTD,active,ltd,2013-05-30,256 Wricklemarsh Road,,London,SE3 8DW,England,['70229'],ULOT,SE3,ULOT|SE3
08864677,BLAZON STUDIOS LIMITED,active,ltd,2014-01-28,"C/O Taxassist Accountants, 184",Marsh Road,Luton,LU3 2QL,England,['18129'],BLAZONSTUDIOS,LU3,BLAZONSTUDIOS|LU3
08871462,ASARF LIMITED,active,ltd,2014-01-31,11 Dalby Road,,Walsall,WS3 1TS,England,['39000'],ASARF,WS3,ASARF|WS3
08417236,BIMAYO HEALTH CARE SERVICES LIMITED,active,ltd,2013-02-25,68 Bridge Road,,Erith,DA8 2DQ,,['86900'],BIMAYOHEALTHCARE,DA8,BIMAYOHEALTHCARE|DA8
08862325,GLAD KARE LTD.,active,ltd,2014-01-27,22 Tilney Road,,Dagenham,RM9 6HP,,['86210'],GLADKARE,RM9,GLADKARE|RM9
08893111,AN SWEETS (SLOUGH) LTD,active,ltd,2014-02-13,300 Farnham Road,,Slough,SL1 4XL,England,['47240'],ANSWEETSSLOUGH,SL1,ANSWEETSSLOUGH|SL1
08383592,BRIGHTER SOFTWARE LTD.,active,ltd,2013-01-31,78 - 84 High Street,Houghton Regis,Dunstable,LU5 5BJ,England,['62090'],BRIGHTERSOFTWARE,LU5,BRIGHTERSOFTWARE|LU5
08501918,IDRIVE AUTO SOLUTIONS LTD,active,ltd,2013-04-24,124 City Road,,London,EC1V 2NX,England,['77110'],IDRIVEAUTOSOLUTIONS,EC1V,IDRIVEAUTOSOLUTIONS|EC1V
08367091,FORCES RECRUITING LIMITED,active,ltd,2013-01-21,1 The Forum,Minerva Business Park,"Lynch Wood, Peterborough",PE2 6FT,England,['82990'],FORCESRECRUITING,PE2,FORCESRECRUITING|PE2
08380307,DORU HAULAGE LTD,active,ltd,2013-01-29,14 Kettlebaston Road,,London,E10 7PF,United Kingdom,['49410'],DORUHAULAGE,E10,DORUHAULAGE|E10
04062906,THE REALLY STABLE COMPANY LIMITED,active,ltd,2000-08-31,Adelaide Cottage 2 Stable Court,Chilham Castle Estate,Canterbury,CT4 8DB,England,['55900'],THEREALLYSTABLECOMPANY,CT4,THEREALLYSTABLECOMPANY|CT4
08860507,LATHAMS STONE RESTORATION LIMITED,active,ltd,2014-01-24,33 Lower House Walk,Bromley Cross,Bolton,BL7 9JT,,['43999'],LATHAMSSTONERESTORATION,BL7,LATHAMSSTONERESTORATION|BL7
08998053,STAFFORDSHIRE CLEANING & MAINTENANCE LIMITED,active,ltd,2014-04-15,171 Dartmouth Avenue,,Newcastle,ST5 3NR,England,['81299'],STAFFORDSHIRECLEANINGANDMAINTENANCE,ST5,STAFFORDSHIRECLEANINGANDMAINTENANCE|ST5
08776719,NISA ENGINEERING LIMITED,active,ltd,2013-11-15,5 Moorcroft Lane,,Aylesbury,HP18 0UR,England,['42990'],NISAENGINEERING,HP18,NISAENGINEERING|HP18
02116433,BEDFORD ROW CHAMBERS LIMITED,active,ltd,1987-03-27,29 Bedford Row,London,,WC1R 4HE,,['69101'],BEDFORDROWCHAMBERS,WC1R,BEDFORDROWCHAMBERS|WC1R
08911557,TOP SPEC ENVIRONMENTAL SERVICES LIMITED,active,ltd,2014-02-25,8d Victoria Industrial Estate,,Hebburn,NE31 1UB,,['38220'],TOPSPECENVIRONMENTAL,NE31,TOPSPECENVIRONMENTAL|NE31
08515670,VISTA CONSTRUCTION DAMP & TIMBER TREATMENT LIMITED,active,ltd,2013-05-03,12 Studholme Close,Penwortham,Preston,PR1 9NB,,['41202'],VISTACONSTRUCTIONDAMPANDTIMBERTREATMENT,PR1,VISTACONSTRUCTIONDAMPANDTIMBERTREATMENT|PR1
08362293,LONDON FLATS LIMITED,active,ltd,2013-01-16,83 -87,Crawford Street,London,W1H 2HB,,['55900'],LONDONFLATS,W1H,LONDONFLATS|W1H
08682708,PURE PARTY LTD,active,ltd,2013-09-09,12 Saltergate,,Chesterfield,S40 1UT,England,['47789'],PUREPARTY,S40,PUREPARTY|S40
08516305,UPO'S FISH BAR (WOODVILLE) LIMITED,active,ltd,2013-05-03,91 Soho Hill,,Birmingham,B19 1AY,,['56103'],UPOSFISHBARWOODVILLE,B19,UPOSFISHBARWOODVILLE|B19
08484278,SIGNTEC (UK) LIMITED,active,ltd,2013-04-11,28 (Rear Of) Walmley Road,,Sutton Coldfield,B76 1QN,,['18129'],SIGNTECUK,B76,SIGNTECUK|B76
08888254,STEAD ENGINEERING LIMITED,active,ltd,2014-02-12,151 Wincolmlee,Wincolmlee,Hull,HU2 0HD,,['25110'],STEADENGINEERING,HU2,STEADENGINEERING|HU2
08893005,SILVER LINING FILM PRODUCTIONS LTD,active,ltd,2014-02-13,61 West Hill Road,East Putney,London,SW18 1LE,England,['59112'],SILVERLININGFILMPRODUCTIONS,SW18,SILVERLININGFILMPRODUCTIONS|SW18
08550425,BRAKE BONDING LTD.,active,ltd,2013-05-30,64 Leamington Road,,Southport,PR8 3JY,England,['29320'],BRAKEBONDING,PR8,BRAKEBONDING|PR8
09467359,WAHIB LIMITED,active,ltd,2015-03-03,Unit R02 Acton Business Centre,School Road,London,NW10 6TD,England,['47240'],WAHIB,NW10,WAHIB|NW10
10755355,TJH MORTGAGE SPECIALIST SERVICES LTD,active,ltd,2017-05-05,13 Malpass Gardens,Codsall,Wolverhampton,WV8 1DD,,['96090'],TJHMORTGAGESPECIALIST,WV8,TJHMORTGAGESPECIALIST|WV8
11259178,TINTED VISION COMMERCIAL LTD,active,ltd,2018-03-16,Unit 2 Albion Industrial Estate,Cilfynydd,Pontypridd,CF37 4NX,United Kingdom,['47990'],TINTEDVISIONCOMMERCIAL,CF37,TINTEDVISIONCOMMERCIAL|CF37
03766796,TELLINGS ORCHARD MANAGEMENT COMPANY LIMITED,active,ltd,1999-05-07,Ashmead House,"Tellings Orchard, Upper Minety",Malmesbury,SN16 9SU,,"['68320', '98000']",TELLINGSORCHARDMANAGEMENTCOMPANY,SN16,TELLINGSORCHARDMANAGEMENTCOMPANY|SN16
08872292,D.SOUTHERNFITOUT LIMITED,active,ltd,2014-02-03,27 South Hill Road,,Gateshead,NE8 2XZ,,['43390'],DSOUTHERNFITOUT,NE8,DSOUTHERNFITOUT|NE8
08381718,PEAK FACTOR CONSULTING LTD,active,ltd,2013-01-30,129 Station Road,,London,NW4 4NJ,,['96090'],PEAKFACTORCONSULTING,NW4,PEAKFACTORCONSULTING|NW4
08877152,CHILTERN DAVIES IT SERVICES LIMITED,active,ltd,2014-02-05,2a The Crescent,,Blackpool,FY4 1EQ,England,['62020'],CHILTERNDAVIESIT,FY4,CHILTERNDAVIESIT|FY4
09587819,AOA TESTING LIMITED,active,ltd,2015-05-13,9 Warwick Drive,Cheshunt,Waltham Cross,EN8 0BN,England,['62020'],AOATESTING,EN8,AOATESTING|EN8
08353026,TEMPLETON EVENTS LIMITED,active,ltd,2013-01-09,187 Woods House 7 Gatliff Road,,London,SW1W 8DF,England,"['79909', '90020', '93199']",TEMPLETONEVENTS,SW1W,TEMPLETONEVENTS|SW1W
08585117,GOLDSTAR BRADFORD LIMITED,active,ltd,2013-06-26,11 The Boundary,,Bradford,BD8 0BQ,,['70229'],GOLDSTARBRADFORD,BD8,GOLDSTARBRADFORD|BD8
08524473,MYA EVENTS LIMITED,active,ltd,2013-05-10,212 Jubilee Street,,London,E1 3BS,,['96090'],MYAEVENTS,E1,MYAEVENTS|E1
08505808,JETS4UDIRECT LIMITED,active,ltd,2013-04-26,12 Clarendon Place,Clarendon Place,Leamington Spa,CV32 5QR,,['46140'],JETS4UDIRECT,CV32,JETS4UDIRECT|CV32
08981490,MOLYN LIMITED,active,ltd,2014-04-07,15 Allt-Yr-Yn Avenue,,Newport,NP20 5DA,,['43999'],MOLYN,NP20,MOLYN|NP20
08513748,THE COTSWOLD GOODLIFE COMPANY LTD,active,ltd,2013-05-02,Edgehill Stud Stratford Road,Kineton,Warwick,CV35 0DX,,['47990'],THECOTSWOLDGOODLIFECOMPANY,CV35,THECOTSWOLDGOODLIFECOMPANY|CV35
10178773,KAI & CO INVESTMENTS LTD,active,ltd,2016-05-13,Gains Cross House,Gains Cross,Blandford Forum,DT11 0QP,England,['68209'],KAIANDCOINVESTMENTS,DT11,KAIANDCOINVESTMENTS|DT11
06560669,GREENCARE GARDEN SERVICES LTD,active,ltd,2008-04-09,11 Asheton Business Park Tysea Hill,Stapleford Abbotts,Romford,RM4 1JU,England,['41201'],GREENCAREGARDEN,RM4,GREENCAREGARDEN|RM4
05419339,MARTYN TODD PACKAGING LIMITED,active,ltd,2005-04-08,Unit 12 Glyncorrwg,Business Centre Ynysgorrwg Pk,"Glyncorrwg, Port Talbot",SA13 3EA,,['46900'],MARTYNTODDPACKAGING,SA13,MARTYNTODDPACKAGING|SA13
05850592,M.S.B. INTERIORS LTD,active,ltd,2006-06-19,8 High Street,Heathfield,East Sussex,TN21 8LS,,['43210'],MSBINTERIORS,TN21,MSBINTERIORS|TN21
06890481,LLAWNROC PARKING SERVICES LTD,active,ltd,2009-04-28,58 Mellanear Road,,Hayle,TR27 6HF,England,['96090'],LLAWNROCPARKING,TR27,LLAWNROCPARKING|TR27
05831097,STRINGS OF BEAUTY LIMITED,active,ltd,2006-05-30,17 Leicester Road,,Tilbury Town,RM18 7AX,,['96090'],STRINGSOFBEAUTY,RM18,STRINGSOFBEAUTY|RM18
05231011,INNOVATE PROJECT SUPPORT LIMITED,active,ltd,2004-09-14,56 Burlingham Avenue,,West Kirby,CH48 8AR,,['82990'],INNOVATEPROJECTSUPPORT,CH48,INNOVATEPROJECTSUPPORT|CH48
10757623,EASTERN PALACE RESTAURANT LTD,active,ltd,2017-05-08,278 Romford Road,,London,E7 9HD,England,['56101'],EASTERNPALACERESTAURANT,E7,EASTERNPALACERESTAURANT|E7
04662294,IFRAZ JEWELLERS LIMITED,active,ltd,2003-02-11,107 Alum Rock Road,Saltely,Birmingham,B8 1ND,,['47770'],IFRAZJEWELLERS,B8,IFRAZJEWELLERS|B8
08526184,ANGLIA LIVING CARE SERVICES LTD,active,ltd,2013-05-13,Unit 5 Beta Terrace,West Road,Ipswich,IP3 9FE,,['86900'],ANGLIALIVINGCARE,IP3,ANGLIALIVINGCARE|IP3
06502043,MADE BY HUMANS LTD,active,ltd,2008-02-12,13 Oaks Road,,Kenley,CR8 5NY,,"['56210', '56290', '59112', '59120']",MADEBYHUMANS,CR8,MADEBYHUMANS|CR8
04315543,INDEPENDENT CLAIMS RECOVERY UK LIMITED,active,ltd,2001-11-02,Units 1-4 Buntsford Business Park,Buntsford Park Road,Bromsgrove,B60 3DX,England,['96090'],INDEPENDENTCLAIMSRECOVERY,B60,INDEPENDENTCLAIMSRECOVERY|B60
06082792,HILTON & HORSFALL LETTINGS LIMITED,active,ltd,2007-02-05,75 Gisburn Road,Barrowford,Nelson,BB9 6DX,England,['68320'],HILTONANDHORSFALLLETTINGS,BB9,HILTONANDHORSFALLLETTINGS|BB9
03777578,IMMUNOBIOLOGY LIMITED,active,ltd,1999-05-26,Babraham Research Campus,Babraham,Cambridge,CB22 3AT,,['72110'],IMMUNOBIOLOGY,CB22,IMMUNOBIOLOGY|CB22
03868556,BARTON FINCH LIMITED,active,ltd,1999-10-29,23 Broadwall,London,,SE1 9PL,,['68100'],BARTONFINCH,SE1,BARTONFINCH|SE1
06481269,RED & BLACK TV LIMITED,active,ltd,2008-01-23,Tramshed Tech,Pendyris Street,Cardiff,CF11 6BH,Wales,['59113'],REDANDBLACKTV,CF11,REDANDBLACKTV|CF11
06121014,SA CLAIMS LTD,active,ltd,2007-02-21,101 Wrenbury Road,,Northampton,NN5 6HB,,['82990'],SACLAIMS,NN5,SACLAIMS|NN5
07092153,PROGRESS LODGE LIMITED,active,ltd,2009-12-01,124 City Road,,London,EC1V 2NX,England,['87200'],PROGRESSLODGE,EC1V,PROGRESSLODGE|EC1V
06715913,THE WYLDES LTD,active,ltd,2008-10-06,The Wyldes Ltd,Lower Exe Farm,Week St Mary,EX22 6UX,England,['93290'],THEWYLDES,EX22,THEWYLDES|EX22
06977222,POWDER WHITE LITE LIMITED,active,ltd,2009-07-30,1 Golden Court,,Richmond,TW9 1EU,England,['79110'],POWDERWHITELITE,TW9,POWDERWHITELITE|TW9
06603360,Q.R. FILLING SERVICES LIMITED,active,ltd,2008-05-27,Unit 8 Constance Way,Waterloo Road,Widnes,WA8 0QR,,['32990'],QRFILLING,WA8,QRFILLING|WA8
05714284,APC DEVELOPMENTS (UK) LIMITED,active,ltd,2006-02-17,7 Redbridge Lane East,,Ilford,IG4 5ET,,['41100'],APCDEVELOPMENTSUK,IG4,APCDEVELOPMENTSUK|IG4
03012827,KALIBER CONSULTANTS LIMITED,active,ltd,1995-01-23,260 - 270 Butterfield Great Marlings,,Luton,LU2 8DL,England,['62020'],KALIBERCONSULTANTS,LU2,KALIBERCONSULTANTS|LU2
04203591,MANHATTAN ENTERPRISES LIMITED,active,ltd,2001-04-23,"Cherry Tree Lodge, 4 Sheepmoor","Drive, Fleet",Hampshire,GU51 1JB,,['62090'],MANHATTANENTERPRISES,GU51,MANHATTANENTERPRISES|GU51
06573417,J D EUROPEAN HORSES LIMITED,active,ltd,2008-04-22,182 Front Street,,Chester Le Street,DH3 3AZ,England,['01629'],JDEUROPEANHORSES,DH3,JDEUROPEANHORSES|DH3
06472162,VIA SATELLITE LIMITED,active,ltd,2008-01-14,06472162 - COMPANIES HOUSE DEFAULT ADDRESS,,Cardiff,CF14 8LH,,['47990'],VIASATELLITE,CF14,VIASATELLITE|CF14
05036266,DUNWORTH BUILDERS LIMITED,active,ltd,2004-02-05,Crown House,27 Old Gloucester Street,London,WC1N 3AX,England,['43390'],DUNWORTHBUILDERS,WC1N,DUNWORTHBUILDERS|WC1N
06227082,OTAGO HEALTHCARE LIMITED,active,ltd,2007-04-25,Artisans House,7 Queensbridge,Northampton,NN4 7BF,,['70229'],OTAGOHEALTHCARE,NN4,OTAGOHEALTHCARE|NN4
05383132,REDDY FOR HIRE LIMITED,active,ltd,2005-03-04,6 Manchester Road,Buxton,Derbyshire,SK17 6SB,,['49320'],REDDYFORHIRE,SK17,REDDYFORHIRE|SK17
02758638,SWALLOW AQUATICS (RAYLEIGH) LIMITED,active,ltd,1992-10-23,7 - 8 Britannia Business Park,Comet Way,Southend On Sea,SS2 6GE,England,['47760'],SWALLOWAQUATICSRAYLEIGH,SS2,SWALLOWAQUATICSRAYLEIGH|SS2
04442951,J K WILLIAMSON LIMITED,active,ltd,2002-05-20,Subway Unit 1a English Gate Plaza,Botchergate,Carlisle,CA1 1RP,,['56102'],JKWILLIAMSON,CA1,JKWILLIAMSON|CA1
05674119,PRIVATE EYE SERVICE LIMITED,active,ltd,2006-01-12,235 Three Bridges Road,,Crawley,RH10 1LS,England,['63990'],PRIVATEEYESERVICE,RH10,PRIVATEEYESERVICE|RH10
07134168,AJH DRIVING SERVICES LIMITED,active,ltd,2010-01-22,Dc Business Centre,10 Charles Wood Road,Dereham,NR19 1SX,,['49410'],AJHDRIVING,NR19,AJHDRIVING|NR19
08962606,MARS@ CONSTRUCTION LIMITED,active,ltd,2014-03-27,169 Bedfont Lane,Feltham,London,TW14 9NH,England,['43390'],MARSCONSTRUCTION,TW14,MARSCONSTRUCTION|TW14
04433472,ESWAR ACCOUNTANCY SERVICES LTD,active,ltd,2002-05-08,1096 Uxbridge Road,,Hayes,UB4 8QH,England,['69202'],ESWARACCOUNTANCY,UB4,ESWARACCOUNTANCY|UB4
04651310,CAROL KLEIN TELEVISION LIMITED,active,ltd,2003-01-29,Glebe Cottage,Warkleigh,Umberleigh,EX37 9DH,,['59113'],CAROLKLEINTELEVISION,EX37,CAROLKLEINTELEVISION|EX37
05801531,XING HEALTH LIMITED,active,ltd,2006-05-02,The Deep Business Centre,Tower Street,Hull,HU1 4BG,England,['56210'],XINGHEALTH,HU1,XINGHEALTH|HU1
07135418,CAPSTONE ACCOUNTANTS LIMITED,active,ltd,2010-01-26,59 North Downs Crescent,New Addington,Croydon,CR0 0LJ,,['74909'],CAPSTONEACCOUNTANTS,CR0,CAPSTONEACCOUNTANTS|CR0
05115190,CWS RACING LTD,active,ltd,2004-04-28,3 Marco Polo House,Cook Way,Taunton,TA2 6BJ,United Kingdom,['74990'],CWSRACING,TA2,CWSRACING|TA2
06783514,JP CONSULTANTS (LONDON) LIMITED,active,ltd,2009-01-06,786 Harrow Road,,Wembley,HA0 3EL,,['96090'],JPCONSULTANTSLONDON,HA0,JPCONSULTANTSLONDON|HA0
05576801,W.T. LEASING LIMITED,active,ltd,2005-09-28,Sunny Bank Southwood,Baldwins Gate,Newcastle-Under-Lyme,ST5 5EY,United Kingdom,"['43290', '47990']",WTLEASING,ST5,WTLEASING|ST5
05846276,HASMAR RETAIL LIMITED,active,ltd,2006-06-14,"Suite 3, 91 Mayflower Street",,Plymouth,PL1 1SB,England,"['47210', '47250']",HASMARRETAIL,PL1,HASMARRETAIL|PL1
06907197,CLEARWATER PEOPLE LTD,active,ltd,2009-05-15,42 Spenser Road,,Bedford,MK40 2BB,England,['80100'],CLEARWATERPEOPLE,MK40,CLEARWATERPEOPLE|MK40
02891316,SMOOTH OPERATOR (CORPORATE EVENTS) LIMITED,active,ltd,1994-01-25,75 Alwoodley Lane,,Leeds,LS17 7PN,England,['96090'],SMOOTHOPERATORCORPORATEEVENTS,LS17,SMOOTHOPERATORCORPORATEEVENTS|LS17
05236496,RYE PARK CLEANERS LIMITED,active,ltd,2004-09-21,40 Forest Hill Road,,London,SE22 0RR,,['96010'],RYEPARKCLEANERS,SE22,RYEPARKCLEANERS|SE22
06368689,PALM CONSTRUCTION LIMITED,active,ltd,2007-09-12,34/36 Fore Street,,Bovey Tracey,TQ13 9AE,,['41201'],PALMCONSTRUCTION,TQ13,PALMCONSTRUCTION|TQ13
06583849,ELT ACQUISITIONS LIMITED,active,ltd,2008-05-02,15a Station Road,,Epping,CM16 4HG,England,['63990'],ELTACQUISITIONS,CM16,ELTACQUISITIONS|CM16
09287756,SWEET FOOD AND WINES LTD,active,ltd,2014-10-30,333-335 Lillie Road,,London,SW6 7NR,,['47110'],SWEETFOODANDWINES,SW6,SWEETFOODANDWINES|SW6
04863094,POWDER WHITE LIMITED,active,ltd,2003-08-11,1 Golden Court,,Richmond,TW9 1EU,England,['79909'],POWDERWHITE,TW9,POWDERWHITE|TW9
12190717,VIKING FORESTRY LIMITED,active,ltd,2019-09-05,Convent Lodge,Abbey Road,Barrow-In-Furness,LA13 9JR,United Kingdom,['02100'],VIKINGFORESTRY,LA13,VIKINGFORESTRY|LA13
01975242,MAXFIELD MOTORS (SWINDON) LIMITED,active,ltd,1986-01-06,366 Marlborough Road,,Swindon,SN3 1NP,England,['77390'],MAXFIELDMOTORSSWINDON,SN3,MAXFIELDMOTORSSWINDON|SN3
12339849,DAMIAN KNOWLES CONSULTANCY SERVICES LIMITED,active,ltd,2019-11-29,2 Spring Lane,,Hemel Hempstead,HP1 3QH,England,['63990'],DAMIANKNOWLESCONSULTANCY,HP1,DAMIANKNOWLESCONSULTANCY|HP1
11139698,OXFORD 365 LTD,active,ltd,2018-01-09,Ivy House Middle Barton Road,Duns Tew,Bicester,OX25 6JN,United Kingdom,['62020'],OXFORD365,OX25,OXFORD365|OX25
11381184,TRINITY CLIFTON LTD,active,ltd,2018-05-24,Suite 356 179 Whiteladies Road,,Bristol,,England,"['68209', '74909', '82990']",TRINITYCLIFTON,,TRINITYCLIFTON|
08801754,MEREACRE M & G LIMITED,active,ltd,2013-12-04,Artisans' House,7 Queensbridge,Northampton,NN4 7BF,,['49410'],MEREACREMANDG,NN4,MEREACREMANDG|NN4
10682192,LITHEND ESTATES LIMITED,active,ltd,2017-03-21,Clarke Willmott Llp Burlington House,Botleigh Grange Business Park,Hedge End,SO30 2AF,England,['68209'],LITHENDESTATES,SO30,LITHENDESTATES|SO30
11729578,OLR CONTRACTS LIMITED,active,ltd,2018-12-17,"The Annexe, Minerva House",Bordyke,Tonbridge,TN9 1NR,England,['43342'],OLRCONTRACTS,TN9,OLRCONTRACTS|TN9
08364929,SYNC WORLD LTD,active,ltd,2013-01-17,69 Whernside Close 69 Whernside Close,,London,SE28 8HB,,"['62020', '70229']",SYNCWORLD,SE28,SYNCWORLD|SE28
11359166,CONOLLY ENGINEERING LTD,active,ltd,2018-05-14,3 Tarset Walk,,Blyth,NE24 4SQ,United Kingdom,"['25620', '71129']",CONOLLYENGINEERING,NE24,CONOLLYENGINEERING|NE24
12601027,TLC HOSPITALITY GROUP LIMITED,active,ltd,2020-05-13,36 Railway Approach,,Harrow,HA3 5AA,United Kingdom,['64209'],TLCHOSPITALITY,HA3,TLCHOSPITALITY|HA3
05810574,T. A. LAW LIMITED,active,ltd,2006-05-09,The Old Police Station,Church Street,Ambleside,LA22 0BT,,['43999'],TALAW,LA22,TALAW|LA22
09876484,TOMZEM TRANSPORT LIMITED,active,ltd,2015-11-17,12 Beadle Place,,Erith,DA8 3FE,England,['49410'],TOMZEMTRANSPORT,DA8,TOMZEMTRANSPORT|DA8
05696956,SELF BUILD SERVICES (SOUTH WEST) LIMITED,active,ltd,2006-02-03,77 School Lane,,Manchester,M20 6WN,,['43999'],SELFBUILDSERVICESSOUTHWEST,M20,SELFBUILDSERVICESSOUTHWEST|M20
05826020,MINI ELECTRIC EUROPE LTD.,active,ltd,2006-05-23,The Old Palace,Christ's Hospital Terrace,Lincoln,LN2 1LY,United Kingdom,['82990'],MINIELECTRICEUROPE,LN2,MINIELECTRICEUROPE|LN2
08042554,DOUGLAS WALKER LIMITED,active,ltd,2012-04-24,189 Brighton Road,South Croydon,Croydon,CR2 6EG,,['96090'],DOUGLASWALKER,CR2,DOUGLASWALKER|CR2
11032912,LCAM (NOTTINGHAM) LIMITED,active,ltd,2017-10-26,93 Flixton Road,Urmston,Manchester,M41 5AN,United Kingdom,"['45112', '68100']",LCAMNOTTINGHAM,M41,LCAMNOTTINGHAM|M41
11859727,B17 ENTERPRISES LTD,active,ltd,2019-03-04,171 Clifton Road,,Shefford,SG17 5AG,United Kingdom,"['47890', '47910']",B17ENTERPRISES,SG17,B17ENTERPRISES|SG17
04450807,JANUS BUSINESS CONSULTING LIMITED,active,ltd,2002-05-29,Unit 28 Loughborough Technology Centre,Epinal Way,Loughborough,,United Kingdom,['82990'],JANUSBUSINESSCONSULTING,,JANUSBUSINESSCONSULTING|
00629628,DAVID W. WILLIAMS LIMITED,active,ltd,1959-06-04,St Andrews House Yale Business Village,Ellice Way,Wrexham,LL13 7YL,,"['45112', '68209']",DAVIDWWILLIAMS,LL13,DAVIDWWILLIAMS|LL13
12254477,R P BUILDING SERVICES (KENT) LTD,active,ltd,2019-10-10,36 Princes Terrace,Dymchurch Road,Hythe,CT21 6LY,England,['43390'],RPBUILDINGSERVICESKENT,CT21,RPBUILDINGSERVICESKENT|CT21
11722560,JAMES CADBY CREATIVE LTD,active,ltd,2018-12-11,12 Tyrell Rise Warley,,Brentwood,CM14 5LE,England,['74100'],JAMESCADBYCREATIVE,CM14,JAMESCADBYCREATIVE|CM14
04655729,MULGRAVE HEATING LIMITED,active,ltd,2003-02-04,55 Mulgrave Road,Sutton,Surrey,SM2 6LR,,"['43220', '68209']",MULGRAVEHEATING,SM2,MULGRAVEHEATING|SM2
04757497,WHEELSURE HOLDINGS PLC,active,plc,2003-05-08,235 Hunts Pond Road,,Fareham,PO14 4PJ,England,['70100'],WHEELSURE,PO14,WHEELSURE|PO14
SC054039,EXECUTIVE BENEFIT SERVICES (U.K.) LIMITED,active,ltd,1973-09-18,Ebs House,25 Hope Street,Lanark,ML11 7NE,,['66290'],EXECUTIVEBENEFITSERVICESUK,ML11,EXECUTIVEBENEFITSERVICESUK|ML11
04366491,ORIGINAL WINDOWS LIMITED,active,ltd,2002-02-04,32 Raleigh Road,Enfield,Middlesex,EN2 6UB,,"['43320', '43342', '43999']",ORIGINALWINDOWS,EN2,ORIGINALWINDOWS|EN2
03797682,NORTHERN EXPOSURE PUBLIC RELATIONS LIMITED,active,ltd,1999-06-29,Carlton House,Grammar School  Street,Bradford,BD1 4NS,,['73110'],NORTHERNEXPOSUREPUBLICRELATIONS,BD1,NORTHERNEXPOSUREPUBLICRELATIONS|BD1
04511851,A.R.J. SANSOM LIMITED,active,ltd,2002-08-15,"Construction House, Runwell Road",Wickford,Essex,SS11 7HQ,,['47710'],ARJSANSOM,SS11,ARJSANSOM|SS11
05649265,SHOPWHYKE STORAGE CENTRE LTD,active,ltd,2005-12-08,Demar House 14 Church Road,East Wittering,Chichester,PO20 8PS,,['77390'],SHOPWHYKESTORAGECENTRE,PO20,SHOPWHYKESTORAGECENTRE|PO20
13059168,SQUARED CAPITAL LTD,active,ltd,2020-12-03,369 Hagley Road West,,Birmingham,B32 2AL,England,"['68209', '68320']",SQUAREDCAPITAL,B32,SQUAREDCAPITAL|B32
04008624,JUST HOLDINGS LIMITED,active,ltd,2000-06-06,Somerset Industrial Estate,Cwmbran,Gwent,NP44 1QX,,['22190'],JUST,NP44,JUST|NP44
13111736,NAISH ESTATE AGENTS LIMITED,active,ltd,2021-01-04,3 High Petergate,,York,YO1 7EN,England,['68310'],NAISHESTATEAGENTS,YO1,NAISHESTATEAGENTS|YO1
04196643,FLEMING HERITAGE LIMITED,active,ltd,2001-04-09,The Old Sunday School Canterbury Street,Islington,Blackburn,BB2 2LN,England,['82990'],FLEMINGHERITAGE,BB2,FLEMINGHERITAGE|BB2
05450100,TOP DECOR LTD,active,ltd,2005-05-11,St Mary's House,Netherhampton,Salisbury,SP2 8PU,,['43341'],TOPDECOR,SP2,TOPDECOR|SP2
05830914,DCV TECHNOLOGIES LIMITED,active,ltd,2006-05-30,Bruce Allen Llp Ground Floor Suite Crown House,40 North Street,Hornchurch,RM11 1EW,United Kingdom,"['62090', '78109', '78200', '78300']",DCVTECHNOLOGIES,RM11,DCVTECHNOLOGIES|RM11
10734610,"FIRICH UK CO., LTD.",active,ltd,2017-04-21,1a Cecil Road,,London,NW9 5EL,England,"['26200', '46690']",FIRICHUKCO,NW9,FIRICHUKCO|NW9
05637961,TOMKINS HOLDINGS LIMITED,active,ltd,2005-11-28,Kings Lodge,London Road,West Kingsdown,TN15 6AR,,['70100'],TOMKINS,TN15,TOMKINS|TN15
11955815,EGG & BUN LTD,active,ltd,2019-04-20,119 Walton Road,,East Molesey,KT8 0DT,England,['56103'],EGGANDBUN,KT8,EGGANDBUN|KT8
09029451,C A WATSON GENERAL BUILDER / CONTRACTOR LTD,active,ltd,2014-05-08,44 Oakfield Road,Blackwater,Camberley,GU17 9EA,,['43390'],CAWATSONGENERALBUILDERCONTRACTOR,GU17,CAWATSONGENERALBUILDERCONTRACTOR|GU17
09372567,MASS VAPOUR LTD,active,ltd,2015-01-05,50 Linden Grove,Great Ayton,Middlesbrough,TS9 6AH,England,['47190'],MASSVAPOUR,TS9,MASSVAPOUR|TS9
08102846,AHMCO HEATING SUPPLIES LTD,active,ltd,2012-06-13,Unit 1 Kingston House,Southdown Ind. Est. Marlbrough Park,Harpenden,AL5 1PW,,['46740'],AHMCOHEATINGSUPPLIES,AL5,AHMCOHEATINGSUPPLIES|AL5
11026572,CBDCHEM LIMITED,active,ltd,2017-10-23,Wyken Medical Centre,Brixham Drive,Coventry,CV2 3LB,United Kingdom,['86900'],CBDCHEM,CV2,CBDCHEM|CV2
SC256022,EYE 2 DETAIL LIMITED,active,ltd,2003-09-17,40/1 Buckingham Terrace,,Edinburgh,EH4 3AP,,['82302'],EYE2DETAIL,EH4,EYE2DETAIL|EH4
12596407,PI PACK UK LTD,active,ltd,2020-05-12,86 - 90 Paul Street,,London,EC2A 4NE,England,['46760'],PIPACK,EC2A,PIPACK|EC2A
10083876,FD PLUS BUSINESS SOLUTIONS LTD,active,ltd,2016-03-24,20-22 Wenlock Road,,London,N1 7GU,England,['62020'],FDPLUSBUSINESSSOLUTIONS,N1,FDPLUSBUSINESSSOLUTIONS|N1
08042999,MVC CONTRACTOR LTD,active,ltd,2012-04-24,6 The Drive (Flat B Basement),,Hove,BN3 3JA,England,['62020'],MVCCONTRACTOR,BN3,MVCCONTRACTOR|BN3
08048807,LJ INC LTD,active,ltd,2012-04-27,2nd Floor Capitol House,662 London Road,Sutton,SM3 9BY,,['88990'],LJINC,SM3,LJINC|SM3
08019903,MASSACRE SOUNDS LIMITED,active,ltd,2012-04-04,221 Harefield Road,,Uxbridge,UB8 1PP,England,['90010'],MASSACRESOUNDS,UB8,MASSACRESOUNDS|UB8
08078837,AJAXIS LIMITED,active,ltd,2012-05-22,57 Manor Park Road,,West Wickham,BR4 0JY,England,['70229'],AJAXIS,BR4,AJAXIS|BR4
07973492,THE REMI COLLECTION LIMITED,active,ltd,2012-03-02,07973492: COMPANIES HOUSE DEFAULT ADDRESS,,Cardiff,CF14 8LH,,['47990'],THEREMICOLLECTION,CF14,THEREMICOLLECTION|CF14
07960196,CLERKENWELLS (2012) LTD,active,ltd,2012-02-22,11 Portpool Lane,,London,EC1N 7UJ,England,['96020'],CLERKENWELLS2012,EC1N,CLERKENWELLS2012|EC1N
11374848,HIVER LTD,active,ltd,2018-05-22,147 Mead Way,,Bushey,WD23 2DJ,England,['47910'],HIVER,WD23,HIVER|WD23
01590730,WINSTON AMENITY LIMITED,active,ltd,1981-10-12,27 Daventry Street,,London,NW1 6TD,,['98000'],WINSTONAMENITY,NW1,WINSTONAMENITY|NW1
08064209,RNSTRADERS LIMITED,active,ltd,2012-05-10,Inglenook,Ray Mill Road East,Maidenhead,SL6 8SX,United Kingdom,['70229'],RNSTRADERS,SL6,RNSTRADERS|SL6
05993112,HAIR EDEN LIMITED,active,ltd,2006-11-09,Black Horse Chambers 231 Elliott Street,Tyldesley,Manchester,M29 8DG,,['96020'],HAIREDEN,M29,HAIREDEN|M29
08038150,SUAVE PETAL LTD,active,ltd,2012-04-19,Meadow Bank,Atherington,Umberleigh,EX37 9HY,England,['47910'],SUAVEPETAL,EX37,SUAVEPETAL|EX37
08037920,P J WARD LTD,active,ltd,2012-04-19,08037920 - COMPANIES HOUSE DEFAULT ADDRESS,,Cardiff,CF14 8LH,,['69102'],PJWARD,CF14,PJWARD|CF14
08039937,IN ONE CONSULTING LTD,active,ltd,2012-04-20,4 Gillingham Road,,Kettering,NN15 7RA,,['70229'],INONECONSULTING,NN15,INONECONSULTING|NN15
08053779,GENECO TRADING LTD,active,ltd,2012-05-02,1st Floor 182-184 Edgware Road,,London,W2 2DS,England,['70229'],GENECOTRADING,W2,GENECOTRADING|W2
09591933,HARC HOLDINGS LIMITED,active,ltd,2015-05-14,19 King Street,,King's Lynn,PE30 1HB,England,['64209'],HARC,PE30,HARC|PE30
09934254,DRAGONFLY (ACCOUNTING & FINANCIAL MANAGMENT) LIMITED,active,ltd,2016-01-04,34 King James Close,,Fordham,CB7 5ZH,United Kingdom,"['69201', '69202', '69203']",DRAGONFLYACCOUNTINGANDFINANCIALMANAGMENT,CB7,DRAGONFLYACCOUNTINGANDFINANCIALMANAGMENT|CB7
08262608,DHVARSANI LIMITED,active,ltd,2012-10-22,31 Sturgess Avenue,Hendon,London,NW4 3TR,,['88990'],DHVARSANI,NW4,DHVARSANI|NW4
07266454,LEMON TREE TRAINING ACADEMY LTD,active,ltd,2010-05-26,The Old Exchange,521 Wimborne Road East,Ferndown,BH22 9NH,,['85590'],LEMONTREETRAININGACADEMY,BH22,LEMONTREETRAININGACADEMY|BH22
07639015,COLE DECORATORS LIMITED,active,ltd,2011-05-18,C/O Rodliffe Accounting Ltd 1 Canada Square 37th Floor,Canary Wharf,London,E14 5AA,England,['43390'],COLEDECORATORS,E14,COLEDECORATORS|E14
07903276,SKY EXPRESS TRAVEL AND TOURS LTD,active,ltd,2012-01-10,180 Mile End Road,,London,E1 4LJ,,"['79110', '79120']",SKYEXPRESSTRAVELANDTOURS,E1,SKYEXPRESSTRAVELANDTOURS|E1
07936097,BILL AND BENS HYDROWORLD LTD,active,ltd,2012-02-03,"Unit D, 15 & 16 Erin Trade Centre",Bumpers Way,Chippenham,SN14 6LH,United Kingdom,['46900'],BILLANDBENSHYDROWORLD,SN14,BILLANDBENSHYDROWORLD|SN14
07224895,WREKIN VEHICLE MANAGEMENT LIMITED,active,ltd,2010-04-15,The Firs Bolas Road,Ercall Heath,Telford,TF6 6PN,,"['45112', '45310', '46190', '46900']",WREKINVEHICLEMANAGEMENT,TF6,WREKINVEHICLEMANAGEMENT|TF6
07679812,HPB LEISURE LTD,active,ltd,2011-06-23,39 Charles Street,Basement,Cardiff,CF10 2GB,Wales,['56302'],HPBLEISURE,CF10,HPBLEISURE|CF10
08454788,FILBY BUILDERS LIMITED,active,ltd,2013-03-21,76 Crescent Drive South,Woodingdean,Brighton,BN2 6RB,,['41202'],FILBYBUILDERS,BN2,FILBYBUILDERS|BN2
07153652,HEATON COMPUTERS LTD.,active,ltd,2010-02-10,88 Heaton Moor Road,,Stockport,SK4 4NZ,,['62090'],HEATONCOMPUTERS,SK4,HEATONCOMPUTERS|SK4
07603155,STEPHEN LAFFAN SERVICES LIMITED,active,ltd,2011-04-13,The Hive,Beaufighter Road,Weston-Super-Mare,BS24 8EE,,['70229'],STEPHENLAFFAN,BS24,STEPHENLAFFAN|BS24
07808114,MAGNIFICENT SECURITY LTD,active,ltd,2011-10-13,59 Chalton Street,,London,NW1 1HY,,['43999'],MAGNIFICENTSECURITY,NW1,MAGNIFICENTSECURITY|NW1
08334226,BARBAQANIS LTD,active,ltd,2012-12-17,9 Cavell Road,,London,N17 7BJ,,['41202'],BARBAQANIS,N17,BARBAQANIS|N17
07147898,HERBS & SPICES LTD,active,ltd,2010-02-05,10 Fatherford Farm,,Okehampton,EX20 1QQ,England,['46380'],HERBSANDSPICES,EX20,HERBSANDSPICES|EX20
08328764,LIBERTY'S FUNCTION SUITE LTD,active,ltd,2012-12-12,11 Brynhyfryd Road,Briton Ferry,Neath,SA11 2HT,Wales,['56210'],LIBERTYSFUNCTIONSUITE,SA11,LIBERTYSFUNCTIONSUITE|SA11
07771343,J&H ENERGY LIMITED,active,ltd,2011-09-13,46-54 High Street,,Ingatestone,CM4 9DW,,['64301'],JANDHENERGY,CM4,JANDHENERGY|CM4
07159800,STYLITO ARTS LTD,active,ltd,2010-02-17,40 Delamere Road,,Hayes,UB4 0NN,,['46499'],STYLITOARTS,UB4,STYLITOARTS|UB4
07213370,STEWART TAYLOR MOWER SERVICES LIMITED,active,ltd,2010-04-06,"The Piggery Barn Hill Farm, Hundon Road,",Barnardiston,Haverhill,CB9 7TJ,England,['33120'],STEWARTTAYLORMOWER,CB9,STEWARTTAYLORMOWER|CB9
08197469,SEXY EVE LIMITED,active,ltd,2012-08-31,24 Archer Square Archer Square,,London,SE14 6EX,England,['47910'],SEXYEVE,SE14,SEXYEVE|SE14
07611744,C M PERFORMANCE ENGINEERING LIMITED,active,ltd,2011-04-21,Dove Cottage,Yarburgh,Louth,LN11 0PR,,['45400'],CMPERFORMANCEENGINEERING,LN11,CMPERFORMANCEENGINEERING|LN11
07932263,DBT TRANSPORT LIMITED,active,ltd,2012-02-01,23-27 Bolton Street,,Chorley,PR7 3AA,,['82990'],DBTTRANSPORT,PR7,DBTTRANSPORT|PR7
07837043,OLLYCOM LTD,active,ltd,2011-11-07,12 Stonyhurst Avenue,,Burnley,BB10 4NL,England,"['61100', '61200', '62020']",OLLYCOM,BB10,OLLYCOM|BB10
07913027,T M APPLIANCE SERVICES LTD,active,ltd,2012-01-17,12 St. Marys Drive,East Preston,Littlehampton,BN16 1JB,England,['95220'],TMAPPLIANCE,BN16,TMAPPLIANCE|BN16
07630633,HOUGHTON HOSTING & WEB SERVICES LIMITED,active,ltd,2011-05-11,36 Anlaby Road,,Teddington,TW11 0PU,England,['62090'],HOUGHTONHOSTINGANDWEB,TW11,HOUGHTONHOSTINGANDWEB|TW11
07251399,GROVESIDE LIMITED,active,ltd,2010-05-12,112 Morden Road,,London,SW19 3BP,England,['62020'],GROVESIDE,SW19,GROVESIDE|SW19
07591282,B & M INTERIORS LIMITED,active,ltd,2011-04-05,61 Lower Street,,Wolverhampton,WV6 9LW,England,['43341'],BANDMINTERIORS,WV6,BANDMINTERIORS|WV6
SC652743,BMA ENGINEERING SOLUTIONS LIMITED,active,ltd,2020-01-27,C/O Stewart And Co,Tom Johnston Road,Dundee,DD4 8XD,Scotland,['71129'],BMAENGINEERINGSOLUTIONS,DD4,BMAENGINEERINGSOLUTIONS|DD4
SC664547,YVONNE GRATTAN LTD,active,ltd,2020-06-17,3a Panmure Terrace,,Montrose,DD10 8HD,Scotland,['86220'],YVONNEGRATTAN,DD10,YVONNEGRATTAN|DD10
SC654241,ALCHEMY BARBER SHOP LTD,active,ltd,2020-02-11,5 Ochilview Square,Armadale,Bathgate,EH48 3EP,Scotland,['96020'],ALCHEMYBARBERSHOP,EH48,ALCHEMYBARBERSHOP|EH48
SC642778,REBEL CATERING COMPANY LIMITED,active,ltd,2019-09-26,Unit 5 Millar Court Alloa Business Park,The Whins,Alloa,FK10 3SA,United Kingdom,['56210'],REBELCATERINGCOMPANY,FK10,REBELCATERINGCOMPANY|FK10
SC651070,ACM SELECT SERVICES LTD,active,ltd,2020-01-09,47a Maxwell Drive,Pollokshield,Glasgow,G41 5JF,Scotland,['41100'],ACMSELECT,G41,ACMSELECT|G41
SC647688,J BRUCE LTD,active,ltd,2019-11-21,191 Cuiken Terrace,,Penicuik,EH26 9AZ,Scotland,['43390'],JBRUCE,EH26,JBRUCE|EH26
SC648470,HARDELL SERVICES LIMITED,active,ltd,2019-11-29,30 Broxwood Place,Sandbank,Dunoon,PA23 8PF,Scotland,"['55100', '56302']",HARDELL,PA23,HARDELL|PA23
SC642518,MARTIN TRAINING SOLUTIONS LTD,active,ltd,2019-09-24,91 Alexander Street,,Airdrie,ML6 0BD,Scotland,['71122'],MARTINTRAININGSOLUTIONS,ML6,MARTINTRAININGSOLUTIONS|ML6
SC641221,HOME FIRE PROTECTION SCOTLAND LTD,active,ltd,2019-09-11,3a Moss Street,,Paisley,PA1 1BG,Scotland,['43210'],HOMEFIREPROTECTIONSCOTLAND,PA1,HOMEFIREPROTECTIONSCOTLAND|PA1
SC645914,ABRTRAINING LIMITED,active,ltd,2019-11-01,Mckellar Accountancy,"Unit 3.2, 1 Macdowall Street",Paisley,PA3 2NB,,['96020'],ABRTRAINING,PA3,ABRTRAINING|PA3
SC642566,BAGELS & BAKES LTD,active,ltd,2019-09-25,91 Saltmarket,,Glasgow,G1 5LE,Scotland,['56103'],BAGELSANDBAKES,G1,BAGELSANDBAKES|G1
SC644600,NESSIE PIZZA LIMITED,active,ltd,2019-10-16,Unit 2/3 Glenurquhart Road,,Inverness,IV3 5NZ,Scotland,['56103'],NESSIEPIZZA,IV3,NESSIEPIZZA|IV3
SC640358,CHAOCHAO5356 LIMITED,active,ltd,2019-09-02,Spicy Papa,8 Castlehill Road,Dumbarton,G82 5BL,,['56290'],CHAOCHAO5356,G82,CHAOCHAO5356|G82
SC641424,JLN METAL FABRICATION & CONSTRUCTION LTD,active,ltd,2019-09-12,Unit 1 Kirkstyle,Kirkstyle Cottages,Coatbridge,ML5 5AJ,Scotland,"['25110', '25990', '43999']",JLNMETALFABRICATIONANDCONSTRUCTION,ML5,JLNMETALFABRICATIONANDCONSTRUCTION|ML5
SC649110,XPRESS FOODS (GLASGOW) LTD,active,ltd,2019-12-09,21 West Nile Street,2/1,Glasgow,G1 2PS,Scotland,['56103'],XPRESSFOODSGLASGOW,G1,XPRESSFOODSGLASGOW|G1
SC655318,XINDA 2 LTD,active,ltd,2020-02-21,115 Bath Street,,Glasgow,G2 2SZ,Scotland,['56103'],XINDA2,G2,XINDA2|G2
01884913,F.E. DOWNES (HOMES) LIMITED,active,ltd,1985-02-11,1 Wood Street Downes Properties Ltd,Stockwell Road,Hinckley,LE10 1JQ,England,['41202'],FEDOWNESHOMES,LE10,FEDOWNESHOMES|LE10
SC655787,ENVIRO DEM LTD,active,ltd,2020-02-26,"A A Accounting Ltd, 1037 Sauchiehall Street",,Glasgow,G3 7TZ,Scotland,"['43110', '43999']",ENVIRODEM,G3,ENVIRODEM|G3
SC645317,PALBA LTD,active,ltd,2019-10-24,23 Stanmore Crescent Stanmore Crescent,Stanmore Crescent,Lanark,ML11 7DF,Scotland,['46130'],PALBA,ML11,PALBA|ML11
SC646161,SOLUTIONS CIVIL ENGINEERING LIMITED,active,ltd,2019-11-04,48 Buttars Road,,Dundee,DD2 4LT,Scotland,['71122'],SOLUTIONSCIVILENGINEERING,DD2,SOLUTIONSCIVILENGINEERING|DD2
SC640595,EUROCAM FACILITIES MANAGEMENT LIMITED,active,ltd,2019-09-03,201-211 Wallace Street,,Glasgow,G5 8NT,Scotland,['43210'],EUROCAMFACILITIESMANAGEMENT,G5,EUROCAMFACILITIESMANAGEMENT|G5
SC648746,H J S HOLDINGS LIMITED,active,ltd,2019-12-03,5 South Charlotte Street,,Edinburgh,EH2 4AN,Scotland,['93290'],HJS,EH2,HJS|EH2
SC649322,RED PLANET EXPRESS LIMITED,active,ltd,2019-12-10,689 Duke Street,1c,Glasgow,G31 1NW,Scotland,['56103'],REDPLANETEXPRESS,G31,REDPLANETEXPRESS|G31
00939160,W.B.LEACH(HOLDINGS)LIMITED,active,ltd,1968-09-23,18 Langton Place,Bury St Edmunds,Suffolk,IP33 1NE,,['01110'],WBLEACHHOLDINGSLIMITED,IP33,WBLEACHHOLDINGSLIMITED|IP33
SC642699,CK INDUSTRIAL SERVICES LTD,active,ltd,2019-09-26,50 Rossend Terrace,,Burntisland,KY3 0DH,United Kingdom,['43341'],CKINDUSTRIAL,KY3,CKINDUSTRIAL|KY3
SC651058,RKL VAC LIMITED,active,ltd,2020-01-09,18 18 Faskine Crescent,,Airdrie,ML6 9EB,Scotland,['43999'],RKLVAC,ML6,RKLVAC|ML6
SC655567,EDINBURGH GIFTS CENTER LTD,active,ltd,2020-02-25,44 Princes Street,,Edinburgh,EH2 2BY,Scotland,['96090'],EDINBURGHGIFTSCENTER,EH2,EDINBURGHGIFTSCENTER|EH2
SC643862,G HATTEN WELDING LTD,active,ltd,2019-10-08,191 Keltyhill Road,,Kelty,KY4 0LA,Scotland,['43999'],GHATTENWELDING,KY4,GHATTENWELDING|KY4
SC641875,AIM JOINERY SERVICES LTD,active,ltd,2019-09-17,Stirton Farm,,Cupar,KY15 4QH,Scotland,['43320'],AIMJOINERY,KY15,AIMJOINERY|KY15
11757819,KESRESROB PROP CO LTD.,active,ltd,2019-01-09,5-7 Station Road,,Longfield,DA3 7QD,England,['47990'],KESRESROBPROPCO,DA3,KESRESROBPROPCO|DA3
SC641820,MIDDLE EAST RESTAURANT LTD,active,ltd,2019-09-17,31 Hanover Street,,Stranraer,DG9 7RX,Scotland,['56102'],MIDDLEEASTRESTAURANT,DG9,MIDDLEEASTRESTAURANT|DG9
SC643630,CARDBOARD CRUNCH LTD,active,ltd,2019-10-04,5 Lombard Street,,Inverness,IV1 1QQ,Scotland,['93290'],CARDBOARDCRUNCH,IV1,CARDBOARDCRUNCH|IV1
SC644420,INDIGO COST CONSULTANCY LIMITED,active,ltd,2019-10-14,23 Saffronhall Lane,,Hamilton,ML3 6LS,Scotland,['81100'],INDIGOCOSTCONSULTANCY,ML3,INDIGOCOSTCONSULTANCY|ML3
10526266,MIDLAND TECHNOLOGY LIMITED,active,ltd,2016-12-15,34 Livingstone Road,,Hounslow,TW3 1XZ,England,"['62020', '62090']",MIDLANDTECHNOLOGY,TW3,MIDLANDTECHNOLOGY|TW3
SC642721,TARMAX SURFACING LTD,active,ltd,2019-09-26,101 Rose Street South Lane,,Edinburgh,EH2 3JG,United Kingdom,['42110'],TARMAXSURFACING,EH2,TARMAXSURFACING|EH2
SC644794,TINY HOMES SCOTLAND LTD,active,ltd,2019-10-18,20 Lora View,North Connel,Oban,PA37 1RR,Scotland,['41202'],TINYHOMESSCOTLAND,PA37,TINYHOMESSCOTLAND|PA37
SC640840,HAUS HOLDINGS INTERNATIONAL LTD,active,ltd,2019-09-05,1 Eagle Street,Craighall Business Park,Glasgow,G4 9XA,Scotland,['96090'],HAUS,G4,HAUS|G4
SC649514,NORTH EAST EQUIPMENT TRADING LTD,active,ltd,2019-12-12,The Steading Finnygaud,Aberchirder,Huntly,AB54 7QQ,United Kingdom,['70229'],NORTHEASTEQUIPMENTTRADING,AB54,NORTHEASTEQUIPMENTTRADING|AB54
SC648575,PIZZA AMORE LTD,active,ltd,2019-12-02,4-8 Lochrin Lochrin Buildings,,Edinburgh,EH3 9NB,Scotland,['56101'],PIZZAAMORE,EH3,PIZZAAMORE|EH3
SC654085,DOOR STORE SCOTLAND LIMITED,active,ltd,2020-02-10,35 Commerce Street,,Glasgow,G5 8AB,United Kingdom,['43290'],DOORSTORESCOTLAND,G5,DOORSTORESCOTLAND|G5
SC643885,MCNEILL BAKERS LTD,active,ltd,2019-10-08,"Unit 3, Morris Park",37 Rosyth Road,Glasgow,G5 0YD,Scotland,['47240'],MCNEILLBAKERS,G5,MCNEILLBAKERS|G5
SC651496,LITTLE INDIA (SCOT) LTD,active,ltd,2020-01-14,"Little India Take Away, 55",High Street,Tillicoultry,FK13 6AA,Scotland,['56103'],LITTLEINDIASCOT,FK13,LITTLEINDIASCOT|FK13
SC648624,ACR SITE & SAFETY SOLUTIONS LIMITED,active,ltd,2019-12-02,107 Tillycairn Road,,Glasgow,G33 5HD,Scotland,"['43110', '43991']",ACRSITEANDSAFETYSOLUTIONS,G33,ACRSITEANDSAFETYSOLUTIONS|G33
02335133,ANLIN LIMITED,active,ltd,1989-01-13,Unit A 82 James Carter Road,Mildenhall Industrial Estate,Bury St. Edmunds,IP28 7DE,England,['47520'],ANLIN,IP28,ANLIN|IP28
SC641020,MI SMART RIDE LTD,active,ltd,2019-09-09,Milton Business Centre (Office 6),10 Milton Street,Dundee,DD3 6QQ,,['49320'],MISMARTRIDE,DD3,MISMARTRIDE|DD3
SC643749,JJD VEHICLES LIMITED,active,ltd,2019-10-07,18 Alloway Drive,Rutherglen,Glasgow,G73 4PP,Scotland,['45112'],JJDVEHICLES,G73,JJDVEHICLES|G73
SC643381,EK INSULATION SERVICES LIMITED,active,ltd,2019-10-02,55 Hamilton Crescent,Cambuslang,Glasgow,G72 8TH,United Kingdom,"['25990', '74909']",EKINSULATION,G72,EKINSULATION|G72
SC655211,ROOFTOPS 2 MONO BLOCK LIMITED,active,ltd,2020-02-21,167 Boreland Drive,,Glasgow,G13 3TP,Scotland,['43910'],ROOFTOPS2MONOBLOCK,G13,ROOFTOPS2MONOBLOCK|G13
09141201,MSW CONSULTS LIMITED,active,ltd,2014-07-21,26a King Street,Flat 4,Maidenhead,SL6 1EF,,['82302'],MSWCONSULTS,SL6,MSWCONSULTS|SL6
SC642729,LYNDS AND FROBES LTD,active,ltd,2019-09-26,388 Dumbarton Road,,Glasgow,G11 6RZ,Scotland,['46190'],LYNDSANDFROBES,G11,LYNDSANDFROBES|G11
SC650349,DTC FUTURE INDUSTRIES LTD,active,ltd,2019-12-30,70 West Regent Street,,Glasgow,G2 2QZ,Scotland,['43210'],DTCFUTUREINDUSTRIES,G2,DTCFUTUREINDUSTRIES|G2
SC640196,JMURCH LIMITED,active,ltd,2019-08-29,Unit F8 10-24 Gairbraid Avenue,Maryhill Burgh Halls,Glasgow,G20 8YE,Scotland,['43390'],JMURCH,G20,JMURCH|G20
SC651480,LANNISTER ENTERPRISES LIMITED,active,ltd,2020-01-14,Marine Hotel,Station Road,Mallaig,PH41 4PY,United Kingdom,['55100'],LANNISTERENTERPRISES,PH41,LANNISTERENTERPRISES|PH41
SC640275,SUPERNOVA HEIGHTS LTD,active,ltd,2019-08-30,333 The Cottage Clarkston Road,,Glasgow,G44 3EJ,Scotland,['43999'],SUPERNOVAHEIGHTS,G44,SUPERNOVAHEIGHTS|G44
SC652827,PERTH'S BEST LIMITED,active,ltd,2020-01-27,70 Tay Street,,Perth,PH2 8NN,Scotland,['56101'],PERTHSBEST,PH2,PERTHSBEST|PH2
SC648767,OSMANS CUTS LTD,active,ltd,2019-12-03,36 Ashgrove Road,,Aberdeen,AB25 3AD,Scotland,['96020'],OSMANSCUTS,AB25,OSMANSCUTS|AB25
SC644036,ADVENTURE WOOD CHILDCARE (DENNY) LTD,active,ltd,2019-10-09,"Suite 14, 98 Woodlands Road",,Glasgow,G3 6HB,Scotland,['85100'],ADVENTUREWOODCHILDCAREDENNY,G3,ADVENTUREWOODCHILDCAREDENNY|G3
SC643929,BUCHAN CONSULTANCY LIMITED,active,ltd,2019-10-08,Box 602 (Mclennan) Mail Box Etc,145 Kilmarnock Road,Glasgow,G41 3JA,Scotland,['70229'],BUCHANCONSULTANCY,G41,BUCHANCONSULTANCY|G41
SC645244,GS SHOPFITTERS LIMITED,active,ltd,2019-10-24,"Unit 1, Alexander Parade Business Park",261 - 289 Alexander Parade,Glasgow,G31 3AD,United Kingdom,['43320'],GSSHOPFITTERS,G31,GSSHOPFITTERS|G31
SC644014,ERBIL REPAIR LIMITED,active,ltd,2019-10-09,6 Market Street,,Aberdeen,AB11 5NX,Scotland,['95120'],ERBILREPAIR,AB11,ERBILREPAIR|AB11
SC651218,WELLROUND LIMITED,active,ltd,2020-01-10,58 Long Lane,Broughty Ferry,Dundee,DD5 1HH,,['56301'],WELLROUND,DD5,WELLROUND|DD5
SC649510,KA26 PROPERTIES LIMITED,active,ltd,2019-12-12,21 Dalrymple Street,,Girvan,KA26 9EU,Scotland,['68320'],KA26PROPERTIES,KA26,KA26PROPERTIES|KA26
SC640843,ZOOM MOTOR FINANCE LTD,active,ltd,2019-09-05,120 Platinum House,120 Carnegie Road,Glasgow,G52 4JZ,Scotland,['64999'],ZOOMMOTORFINANCE,G52,ZOOMMOTORFINANCE|G52
SC652186,RSL LEGAL SERVICES LIMITED,active,ltd,2020-01-21,105 Millgate,Winchburgh,Broxburn,EH52 6SN,Scotland,"['64922', '68310', '69102']",RSLLEGAL,EH52,RSLLEGAL|EH52
SC643540,MEHAKH & CO LTD,active,ltd,2019-10-04,12 Raeburn Road,,Larbert,FK5 4GU,Scotland,['56103'],MEHAKHANDCO,FK5,MEHAKHANDCO|FK5
00840500,TUNLEY PROPERTIES LIMITED,active,ltd,1965-03-10,40 Fleet Street,,Swindon,SN1 1RE,England,"['68100', '68209']",TUNLEYPROPERTIES,SN1,TUNLEYPROPERTIES|SN1
SC653588,TRAVEL SPEED LIMITED,active,ltd,2020-02-05,5 Flat 1/3,Western Avenue,Rutherglen,G73 1JQ,Scotland,['41202'],TRAVELSPEED,G73,TRAVELSPEED|G73
SC642445,ARCHERHILL TAKEAWAY LTD,active,ltd,2019-09-24,178 Archerhill Road,,Glasgow,G13 3JG,Scotland,['56103'],ARCHERHILLTAKEAWAY,G13,ARCHERHILLTAKEAWAY|G13
SC653309,ELITE SKIES LTD,active,ltd,2020-02-03,48 West George Street,2nd Floor. Clyde Offices,Glasgow,G2 1BP,Scotland,['68310'],ELITESKIES,G2,ELITESKIES|G2
SC655479,SLOAN JOHNSTON LTD,active,ltd,2020-02-24,3/2 21 Cecil Street,,Glasgow,G12 8RL,Scotland,['81299'],SLOANJOHNSTON,G12,SLOANJOHNSTON|G12
SC649289,GND 2020 LTD,active,ltd,2019-12-10,144 North Deeside Road,,Peterculter,AB14 0UD,Scotland,['56101'],GND2020,AB14,GND2020|AB14
SC643024,REFURBS 24/7 LIMITED,active,ltd,2019-09-30,6h Fairbairn Street,,Dundee,DD3 7JG,Scotland,['41202'],REFURBS247,DD3,REFURBS247|DD3
08893922,BEAGLE PUB CO LTD,active,ltd,2014-02-13,12 New Broadway,Tarring Rd,Worthing,BN11 4HP,,['56302'],BEAGLEPUBCO,BN11,BEAGLEPUBCO|BN11
SC651550,MAH WHOLESALE LTD,active,ltd,2020-01-14,Blue Square Offices,272 Bath Street,Glasgow,G2 4JR,Scotland,"['46190', '46900']",MAHWHOLESALE,G2,MAHWHOLESALE|G2
SC652500,BRIGHT BOX NURSERY LIMITED,active,ltd,2020-01-23,62 Morning Field Place,Culduthel,Inverness,IV2 6AZ,Scotland,['85100'],BRIGHTBOXNURSERY,IV2,BRIGHTBOXNURSERY|IV2
SC648130,BLASTA CATERING LIMITED,active,ltd,2019-11-26,19 Murray Place,Stanley,Perth,PH1 4LX,Scotland,['56101'],BLASTACATERING,PH1,BLASTACATERING|PH1
02192554,IBI INTERNATIONAL LIMITED,active,ltd,1987-11-12,Ibex House,Baker Street,Weybridge,KT13 8AH,England,"['51101', '52290']",IBI,KT13,IBI|KT13
11027540,ALAMIN INDIAN CUSINE LTD,active,ltd,2017-10-23,Alamin,51 Tavistock Street,Bedford,MK40 2RF,United Kingdom,['56101'],ALAMININDIANCUSINE,MK40,ALAMININDIANCUSINE|MK40
09476814,OAKES CSM LTD,active,ltd,2015-03-09,25 Throne Road,,Rowley Regis,B65 9JP,England,['42990'],OAKESCSM,B65,OAKESCSM|B65
SC640219,I ACT CONTRACTING LIMITED,active,ltd,2019-08-30,Flat 1 11 Citypark Way,,Edinburgh,EH5 2DE,United Kingdom,['43999'],IACTCONTRACTING,EH5,IACTCONTRACTING|EH5
SC655236,MORGAN CONTRACTS SCOTLAND LTD,active,ltd,2020-02-21,Unit 5 Killearn Mill Business Park,,Killearn,G63 9LQ,United Kingdom,"['41202', '43320']",MORGANCONTRACTSSCOTLAND,G63,MORGANCONTRACTSSCOTLAND|G63
SC641807,SPARKLE SPARKLE LIMITED,active,ltd,2019-09-17,48 West George Street,Clyde Offices,Glasgow,G2 1BP,Scotland,['81210'],SPARKLESPARKLE,G2,SPARKLESPARKLE|G2
SC654534,WGLC LTD,active,ltd,2020-02-13,Garage 1 Peasiehill Road,Elliot Industrial Estate,Arbroath,DD11 2NJ,Scotland,['45200'],WGLC,DD11,WGLC|DD11
SC656652,NORTHERN GUARDS LIMITED,active,ltd,2020-03-06,Highland House,Longman Road,Inverness,IV1 1RY,Scotland,['96090'],NORTHERNGUARDS,IV1,NORTHERNGUARDS|IV1
SC647160,MR GEORGE GROUP LIMITED,active,ltd,2019-11-14,3 Byres Road,,Glasgow,G11 5RG,Scotland,"['47910', '56290', '61100']",MRGEORGE,G11,MRGEORGE|G11
SC647421,CENTRAL SCOTLAND GLAZIERS LTD,active,ltd,2019-11-18,68 Whirlow Road,Baillieston,Glasgow,G69 6QE,Scotland,"['43320', '43342']",CENTRALSCOTLANDGLAZIERS,G69,CENTRALSCOTLANDGLAZIERS|G69
SC649769,GOOD FOOD FROM NAPLES LTD,active,ltd,2019-12-16,102 Dalry Road Dalry Road,,Edinburgh,EH11 2DW,Scotland,['56101'],GOODFOODFROMNAPLES,EH11,GOODFOODFROMNAPLES|EH11
SC640763,VICTORIA GROCERS LTD,active,ltd,2019-09-05,54 Paisley Road,Barrhead,Glasgow,G78 1ND,Scotland,['47110'],VICTORIAGROCERS,G78,VICTORIAGROCERS|G78
SC648369,HDF INVESTMENTS LTD,active,ltd,2019-11-28,9 Seagate,,Dundee,DD1 2EG,Scotland,['68100'],HDFINVESTMENTS,DD1,HDFINVESTMENTS|DD1
SC655476,EDINBURGH SPA LTD,active,ltd,2020-02-24,45 Stenhouse Drive,,Edinburgh,EH11 3JS,Scotland,['96020'],EDINBURGHSPA,EH11,EDINBURGHSPA|EH11
SC642784,WMD HAMILTON LTD,active,ltd,2019-09-26,4d Auchingramont Road,,Hamilton,ML3 6JT,Scotland,['69201'],WMDHAMILTON,ML3,WMDHAMILTON|ML3
SC640706,PURE 'N' SIMPLE (SCOTLAND) LIMITED,active,ltd,2019-09-04,3 Heathland Park,Kinellar,Aberdeen,AB21 0SG,Scotland,"['81221', '81299']",PURENSIMPLESCOTLAND,AB21,PURENSIMPLESCOTLAND|AB21
SC644097,CMA THERMALS LTD,active,ltd,2019-10-10,152a High Street,,Irvine,KA12 8AN,United Kingdom,['74909'],CMATHERMALS,KA12,CMATHERMALS|KA12
SC640218,PRESTON SCAFFOLDING LIMITED,active,ltd,2019-08-30,79 Friarscourt Avenue,,Glasgow,G13 2EN,United Kingdom,['43991'],PRESTONSCAFFOLDING,G13,PRESTONSCAFFOLDING|G13
SC651427,CHRISTEL MEDIA LTD,active,ltd,2020-01-13,46 Leven Court,,Alloa,FK10 1QL,Scotland,['56302'],CHRISTELMEDIA,FK10,CHRISTELMEDIA|FK10
SC643325,GREAT WALL (AYR ROAD) LIMITED,active,ltd,2019-10-02,114 Ayr Road,,Glasgow,G77 6EG,Scotland,['56103'],GREATWALLAYRROAD,G77,GREATWALLAYRROAD|G77
SC654971,FORHORN LTD,active,ltd,2020-02-18,77 Rosebank Street,,Dundee,DD3 6PG,Scotland,['56302'],FORHORN,DD3,FORHORN|DD3
SC643113,J PHILLIPS SERVICES LTD,active,ltd,2019-09-30,31 Whinhill Court,,Greenock,PA15 4JD,Scotland,"['33170', '43341', '43999']",JPHILLIPS,PA15,JPHILLIPS|PA15
SC645127,JM OFFSHORE SERVICES LTD,active,ltd,2019-10-23,20 Redmire Crescent,Portlethen,Aberdeen,AB12 4AL,United Kingdom,['45200'],JMOFFSHORE,AB12,JMOFFSHORE|AB12
SC641690,SPC MAINTENANCE & MANAGEMENT LIMITED,active,ltd,2019-09-16,5 South Charlotte Street,,Edinburgh,EH2 4AN,Scotland,['96090'],SPCMAINTENANCEANDMANAGEMENT,EH2,SPCMAINTENANCEANDMANAGEMENT|EH2
SC670810,NO5PUBCO LIMITED,active,ltd,2020-08-14,5 Duke Street,West Barns,Dunbar,EH42 1UR,Scotland,['56302'],NO5PUBCO,EH42,NO5PUBCO|EH42
SC644120,LAIGH BENT LEISURE LTD,active,ltd,2019-10-10,65 Dechmont Street,,Hamilton,ML3 6UA,Scotland,['56302'],LAIGHBENTLEISURE,ML3,LAIGHBENTLEISURE|ML3
SC655559,"DYPSYL, DAUGHTERS & SONS LTD",active,ltd,2020-02-25,64a Cumberland Street,,Edinburgh,EH3 6RE,Scotland,['82990'],DYPSYLDAUGHTERSANDSONS,EH3,DYPSYLDAUGHTERSANDSONS|EH3
SC647960,SRS DISTRIBUTION LTD,active,ltd,2019-11-25,1/13 149 Ingram Street,,Glasgow,G1 1DW,Scotland,['49410'],SRSDISTRIBUTION,G1,SRSDISTRIBUTION|G1
SC641139,MR LOCKSMITH LTD,active,ltd,2019-09-10,"15/1, 31 Birness Drive",,Glasgow,G43 1UQ,Scotland,['80100'],MRLOCKSMITH,G43,MRLOCKSMITH|G43
SC650718,PRO PRINTZ LTD,active,ltd,2020-01-06,24 Sunart Road,Bishopbriggs,Glasgow,G64 1HN,Scotland,['74209'],PROPRINTZ,G64,PROPRINTZ|G64
05131135,REGIONAL ENVIRONMENTAL SERVICES LIMITED,active,ltd,2004-05-18,St Marys House,Netherhampton,Salisbury,SP2 8PU,,['96090'],REGIONALENVIRONMENTAL,SP2,REGIONALENVIRONMENTAL|SP2
SC641868,JOHN PLASTERING SPECIALISTS LTD,active,ltd,2019-09-17,25 Marketgate,,Arbroath,DD11 1AU,Scotland,['43310'],JOHNPLASTERINGSPECIALISTS,DD11,JOHNPLASTERINGSPECIALISTS|DD11
SC652403,RRR CLEANER LTD,active,ltd,2020-01-23,C/O Avid Accountants 116 Elderslie Street,B/2,Glasgow,G3 7AW,Scotland,['81299'],RRRCLEANER,G3,RRRCLEANER|G3
SC653868,NESS BARBERS LTD,active,ltd,2020-02-07,45 King Street,,Inverness,IV3 5DG,Scotland,['96020'],NESSBARBERS,IV3,NESSBARBERS|IV3
SC641061,STYLE INSTALLATIONS LTD,active,ltd,2019-09-09,2 Etive Cresent Etive Crescent,Cumbernauld,Glasgow,G67 4JD,Scotland,['43320'],STYLEINSTALLATIONS,G67,STYLEINSTALLATIONS|G67
SC648541,EVOLUTION FITNESS & LEISURE LTD,active,ltd,2019-12-02,Townhead,Townholm,Kilmarnock,KA3 1BB,Scotland,['64209'],EVOLUTIONFITNESSANDLEISURE,KA3,EVOLUTIONFITNESSANDLEISURE|KA3
SC647184,TILTED DUCK ENTERPRISES LIMITED,active,ltd,2019-11-15,2 Hazel Court Hazel Court,Alyth,Blairgowrie,PH11 8EW,Scotland,['47799'],TILTEDDUCKENTERPRISES,PH11,TILTEDDUCKENTERPRISES|PH11
SC654086,ECOGREEN CITY ENERGY LTD,active,ltd,2020-02-10,Lockhart Amin Accountants 159 King Street,Rutherglen,Glasgow,G73 1BZ,,['35140'],ECOGREENCITYENERGY,G73,ECOGREENCITYENERGY|G73
10646273,HACS AYRES LIMITED,active,ltd,2017-03-01,8 St. Marys Road,,Hook,RG27 8EZ,United Kingdom,['43220'],HACSAYRES,RG27,HACSAYRES|RG27
SC642756,KJM ENERGY LTD,active,ltd,2019-09-26,2/1 82 Mitchell Street,,Glasgow,G1 3NA,Scotland,"['43220', '43290']",KJMENERGY,G1,KJMENERGY|G1
09736607,CRYSTAL PORTAFINO LIMITED,active,ltd,2015-08-17,17 C St. Teilo Street,Pontarddulais,Swansea,SA4 8SY,Wales,['43999'],CRYSTALPORTAFINO,SA4,CRYSTALPORTAFINO|SA4
SC651563,MERCURY INNOVATION CONSULTANTS LTD,active,ltd,2020-01-14,9 Glen Artney Road,,Dumbarton,G82 2BS,United Kingdom,['62020'],MERCURYINNOVATIONCONSULTANTS,G82,MERCURYINNOVATIONCONSULTANTS|G82
SC651277,ALLSTAR ACCESS LTD,active,ltd,2020-01-13,35 Berwick Castle Terrace,,Edinburgh,EH23 4QU,Scotland,['09100'],ALLSTARACCESS,EH23,ALLSTARACCESS|EH23
SC641988,EDANA HEATING LTD,active,ltd,2019-09-19,55 Grant Crescent,Renton,Dumbarton,G82 4NH,Scotland,['35230'],EDANAHEATING,G82,EDANAHEATING|G82
SC647612,CITY GROUP SCOTLAND LIMITED,active,ltd,2019-11-20,4 Station Crescent,,Renfrew,PA4 8RA,Scotland,['45190'],CITYGROUPSCOTLAND,PA4,CITYGROUPSCOTLAND|PA4
SC663515,JOLLY NICE DAY LTD,active,ltd,2020-06-09,Summit House,4 - 5 Mitchell Street,Edinburgh,EH6 7BD,United Kingdom,"['58110', '58190', '61900', '98200']",JOLLYNICEDAY,EH6,JOLLYNICEDAY|EH6
SC640447,IMC PLUMBING LTD,active,ltd,2019-09-02,148 Upper Craigour,,Edinburgh,EH17 7SH,Scotland,"['41202', '43220', '43390', '43999']",IMCPLUMBING,EH17,IMCPLUMBING|EH17
08590361,SMUGGLERS WEDDINGS LTD,active,ltd,2013-07-01,46 Bridge Street Hadleigh,,Suffolk,IP7 6DB,England,['56210'],SMUGGLERSWEDDINGS,IP7,SMUGGLERSWEDDINGS|IP7
SC652561,SIMPLE PLUMBING & HEATING LTD,active,ltd,2020-01-24,32 Cable Depot Road,,Clydebank,G81 1UF,Scotland,['43220'],SIMPLEPLUMBINGANDHEATING,G81,SIMPLEPLUMBINGANDHEATING|G81
SC652728,THUSA CONTRACT LTD,active,ltd,2020-01-27,Unit 2 The Ground Floor,"The Iron Works, Bankside",Falkirk,FK2 7XJ,Scotland,['32990'],THUSACONTRACT,FK2,THUSACONTRACT|FK2
SC642794,CLARKSON UTILITIES LTD,active,ltd,2019-09-26,22 The Glebe,West Calder,Livingston,EH55 8BN,Scotland,['71129'],CLARKSONUTILITIES,EH55,CLARKSONUTILITIES|EH55
SC642146,ORGANIC WILD BEAUTY LTD,active,ltd,2019-09-20,36 Errol Gardens,,Glasgow,G5 0RR,United Kingdom,['47750'],ORGANICWILDBEAUTY,G5,ORGANICWILDBEAUTY|G5
02441708,SHIREGLOBE COMPUTERS LIMITED,active,ltd,1989-11-09,Parc House,Parc Teifi Business Park,Cardigan,SA43 1EW,Wales,['62012'],SHIREGLOBECOMPUTERS,SA43,SHIREGLOBECOMPUTERS|SA43
09014719,RAIL EURO CONSULTING LTD,active,ltd,2014-04-28,82 Green Hills,,Harlow,CM20 3SY,England,"['43290', '43390']",RAILEUROCONSULTING,CM20,RAILEUROCONSULTING|CM20
SC645348,RAD FLOORING SERVICES LTD,active,ltd,2019-10-24,94 Hope Street,Suite 2.11,Glasgow,G2 6PH,Scotland,['43330'],RADFLOORING,G2,RADFLOORING|G2
SC652867,H&H & CO CONSULTANTS LIMITED,active,ltd,2020-01-28,Summit House,4 - 5 Mitchell Street,Edinburgh,EH6 7BD,United Kingdom,"['35140', '35230']",HANDHANDCOCONSULTANTS,EH6,HANDHANDCOCONSULTANTS|EH6
SC645360,RDB HAULAGE LTD,active,ltd,2019-10-25,Unit 3 Morris Park,37 Rosyth Road,Glasgow,G5 0YE,Scotland,['49410'],RDBHAULAGE,G5,RDBHAULAGE|G5
SC655260,ASHMER RENTALS LTD,active,ltd,2020-02-21,65a Berkeley Street,,Glasgow,G3 7DX,Scotland,['68209'],ASHMERRENTALS,G3,ASHMERRENTALS|G3
SC640446,FLEMING99 LIMITED,active,ltd,2019-09-02,26 St. Joans Crescent,,Kilwinning,KA13 6BX,United Kingdom,['56103'],FLEMING99,KA13,FLEMING99|KA13
12560278,CHESHIRE COLOURS LTD,active,ltd,2020-04-16,Suite 4102 Charlotte House Queens Dock Business Centre,Norfolk Street,Liverpool,L1 0BG,,['43341'],CHESHIRECOLOURS,L1,CHESHIRECOLOURS|L1
08647366,PURLEY PLASTICS LIMITED,active,ltd,2013-08-12,41 Haviland Road,Ferndown Industrial Estate,Wimborne,BH21 7RY,England,['22290'],PURLEYPLASTICS,BH21,PURLEYPLASTICS|BH21
12604607,DM APPLIANCE SERVICES LIMITED,active,ltd,2020-05-15,25 King Street,,Normanton,WF6 1EW,England,['33140'],DMAPPLIANCE,WF6,DMAPPLIANCE|WF6
06370757,HATHERLEY FREEHOLD LIMITED,active,ltd,2007-09-13,49 Hatherley Crescent,,Sidcup,DA14 4JA,,['82990'],HATHERLEYFREEHOLD,DA14,HATHERLEYFREEHOLD|DA14
12545760,SDD CARGO SERVICES LIMITED,active,ltd,2020-04-03,"Unit 1501, Access Self Storage, 1 Nestles Avenue,","Unit 1501, Access Self Storage, 1 Nestles Avenue",Hayes,UB3 4UZ,United Kingdom,"['49420', '51210']",SDDCARGO,UB3,SDDCARGO|UB3
11993515,CRAIG YR ERYR CYF,active,ltd,2019-05-13,Parc Gwynus,Pistyll,Pwlllheli,LL53 6LY,Wales,"['47990', '55300']",CRAIGYRERYRCYF,LL53,CRAIGYRERYRCYF|LL53
04437153,G.M.S. ELECTRICAL LTD,active,ltd,2002-05-13,109 South Eden Park Road,,Beckenham,BR3 3AX,England,['43210'],GMSELECTRICAL,BR3,GMSELECTRICAL|BR3
07550132,ENERGETIC BRISTOL LIMITED,active,ltd,2011-03-03,"C/O Pje Chartered Accountants, 2 Oakfield Road",Clifton,Bristol,BS8 2AL,England,['99999'],ENERGETICBRISTOL,BS8,ENERGETICBRISTOL|BS8
07794545,GATCO LTD,active,ltd,2011-10-03,23 Edgeworth Avenue,,Ainsworth,BL2 5RL,,['71200'],GATCO,BL2,GATCO|BL2
10148126,FIREWORLD (TORQUAY) LTD,active,ltd,2016-04-26,3 Eagle Court,Woodland Road,Torquay,TQ2 7AT,England,"['43290', '47990']",FIREWORLDTORQUAY,TQ2,FIREWORLDTORQUAY|TQ2
00885752,H.W. BACK & SON (BUILDERS) LIMITED,active,ltd,1966-08-16,The Millhouse,"Mill Lane, Bishops Lydeard",Taunton,TA4 3LN,,"['41201', '41202']",HWBACKANDSONBUILDERS,TA4,HWBACKANDSONBUILDERS|TA4
10295726,RSR CO. LTD,active,ltd,2016-07-26,61 A Croydon Road,,Caterham,CR3 6PD,United Kingdom,['96090'],RSRCO,CR3,RSRCO|CR3
10661357,R SQUIRE CONSULTING LIMITED,active,ltd,2017-03-09,"C/O Pje Chartered Accountants, 2 Oakfield Road",Clifton,Bristol,BS8 2AL,England,['41100'],RSQUIRECONSULTING,BS8,RSQUIRECONSULTING|BS8
07861482,RAWDON MOTORS LIMITED,active,ltd,2011-11-25,Moorfield House Moorfield Lane,Yeadon,Leeds,LS19 7BN,England,['45112'],RAWDONMOTORS,LS19,RAWDONMOTORS|LS19
07219114,DRYFIX SOLUTIONS LIMITED,active,ltd,2010-04-09,"Unit L3, Zone 2,",Ring Road,Burntwood,WS7 3JQ,England,['43999'],DRYFIXSOLUTIONS,WS7,DRYFIXSOLUTIONS|WS7
10145628,MYPHOTOBASE LTD,active,ltd,2016-04-25,6 Robin Crescent,,London,E6 5XA,England,['96090'],MYPHOTOBASE,E6,MYPHOTOBASE|E6
03348605,IRONSUN (UK) LIMITED,active,ltd,1997-04-10,31 Hall Lane,Hammerwich,Burntwood,WS7 0JP,,['25730'],IRONSUNUK,WS7,IRONSUNUK|WS7
07187662,PURPLE HOLLY LIMITED,active,ltd,2010-03-12,Unit 3 Newporte Business Park,Cardinal Close,Lincoln,LN2 4SY,United Kingdom,"['47910', '47990']",PURPLEHOLLY,LN2,PURPLEHOLLY|LN2
00679198,HUMPHRIES (REDDITCH) LIMITED,active,ltd,1960-12-30,30-32 Evesham Walk,Redditch,Worcestershire,B97 4HH,,['47721'],HUMPHRIESREDDITCH,B97,HUMPHRIESREDDITCH|B97
09709130,BROADMINDED LIMITED,active,ltd,2015-07-29,Wetherby Mansions Flat 2,Earl's Court Square,London,SW5 9DJ,England,['82990'],BROADMINDED,SW5,BROADMINDED|SW5
02500688,HENRY BEAUMONT LIMITED,active,ltd,1990-05-10,Beaumont House,Millstone Lane,Leicester,LE1 5JN,England,['46900'],HENRYBEAUMONT,LE1,HENRYBEAUMONT|LE1
SC342599,AGB SCOTLAND LIMITED,active,ltd,2008-05-08,Hilton Units,Bankfoot,Perth,PH1 4EB,United Kingdom,['41202'],AGBSCOTLAND,PH1,AGBSCOTLAND|PH1
01956754,NADIRA ENTERPRISES LIMITED,active,ltd,1985-11-11,"C/O Pje Chartered Accountants, 2 Oakfield Road",Clifton,Bristol,BS8 2AL,England,['64205'],NADIRAENTERPRISES,BS8,NADIRAENTERPRISES|BS8
08057029,RJE PROPERTY SERVICES LIMITED,active,ltd,2012-05-03,15 Lampits Hill,Corringham,Stanford-Le-Hope,SS17 9AA,England,"['43310', '43320', '43341', '43390']",RJEPROPERTY,SS17,RJEPROPERTY|SS17
08982663,MEDSTARS LIMITED,active,ltd,2014-04-07,The Oakley,Kidderminster Road,Droitwich,WR9 9AY,England,['74909'],MEDSTARS,WR9,MEDSTARS|WR9
10730219,WALKER LESTER TAVERNS LIMITED,active,ltd,2017-04-19,Carringtons,14 Mill Street,Bradford,BD1 4AB,United Kingdom,['56302'],WALKERLESTERTAVERNS,BD1,WALKERLESTERTAVERNS|BD1
07623913,BARBARA MYERS SCULPTURE LIMITED,active,ltd,2011-05-05,The Copper Room Deva City Office Park,Trinity Way,Manchester,M3 7BG,England,['90030'],BARBARAMYERSSCULPTURE,M3,BARBARAMYERSSCULPTURE|M3
07131887,YTO BUSINESS SOLUTIONS LTD,active,ltd,2010-01-21,10 Howe Road,,Hemel Hempstead,HP3 9JN,,['70229'],YTOBUSINESSSOLUTIONS,HP3,YTOBUSINESSSOLUTIONS|HP3
06480160,C C D R LTD,active,ltd,2008-01-22,48 - 52,Penny Lane Mossley Hill,Liverpool,L18 1DG,,['64999'],CCDR,L18,CCDR|L18
06561227,PLATINUM CAR HIRE UK LTD,active,ltd,2008-04-10,21-23 Boulton Road,,Reading,RG2 0NH,,['77110'],PLATINUMCARHIRE,RG2,PLATINUMCARHIRE|RG2
07100597,COMMUNITY BENEFIT ACTION C.I.C.,active,ltd,2009-12-10,30 Union Road,,Croydon,CR0 2XU,,"['69201', '70221', '70229', '88990']",COMMUNITYBENEFITACTIONCIC,CR0,COMMUNITYBENEFITACTIONCIC|CR0
06732411,SWEET FANTASIES LIMITED,active,ltd,2008-10-24,101 Ralph Drive,Sneyd Green,Stoke On Trent,ST1 6JG,,['56290'],SWEETFANTASIES,ST1,SWEETFANTASIES|ST1
03522289,BEAR CONSTRUCTION LIMITED,active,ltd,1998-03-05,First Floor Sterling House,Outrams Wharf,Little Eaton,DE21 5EL,United Kingdom,['41201'],BEARCONSTRUCTION,DE21,BEARCONSTRUCTION|DE21
04428582,A W BECKINSALE & CO LTD,active,ltd,2002-04-30,1 St Peters Rd,Braintree,,CM7 9AN,,['69201'],AWBECKINSALEANDCO,CM7,AWBECKINSALEANDCO|CM7
06202157,HILOKA LIMITED,active,ltd,2007-04-03,"Alvearium House, Felden Lane",Hemel Hempstead,Hemel Hempstead,HP3 0BA,,['62020'],HILOKA,HP3,HILOKA|HP3
04142065,SPEARMARSH LTD,active,ltd,2001-01-16,Fairways,Pendine,Carmarthen,SA33 4PA,Wales,['47990'],SPEARMARSH,SA33,SPEARMARSH|SA33
03918924,FLAME CREATIVE SOLUTIONS LIMITED,active,ltd,2000-02-03,207 Regent Street,,London,W1B 3HH,England,['73110'],FLAMECREATIVESOLUTIONS,W1B,FLAMECREATIVESOLUTIONS|W1B
06560959,THE SHELVING STORE LIMITED,active,ltd,2008-04-09,Unit 3 Enterprise Court,Station Road,Sandbach,CW11 3SB,England,['46900'],THESHELVINGSTORE,CW11,THESHELVINGSTORE|CW11
06351372,PRICEWATCH SUPERMARKETS LTD,active,ltd,2007-08-23,29 Hotspur Street,,Newcastle Upon Tyne,NE6 5BE,England,['47110'],PRICEWATCHSUPERMARKETS,NE6,PRICEWATCHSUPERMARKETS|NE6
05341251,RETRO MOVIES LIMITED,active,ltd,2005-01-25,C/O Wallace Crooke College House,St. Leonards Close,Bridgnorth,WV16 4EJ,England,"['59112', '59113', '59131']",RETROMOVIES,WV16,RETROMOVIES|WV16
03931794,YOSANMAR LIMITED,active,ltd,2000-02-23,Rear Of Raydean House,15 Western Parade,Barnet,EN5 1AH,,['47240'],YOSANMAR,EN5,YOSANMAR|EN5
06606769,BFA SERVICES LIMITED,active,ltd,2008-05-30,Kemp House,City Road,London,EC1V 2NX,England,['62090'],BFA,EC1V,BFA|EC1V
04141736,LASER STAR TECHNOLOGY LIMITED,active,ltd,2001-01-16,Betchworth House,57-65 Station Road,Redhill,RH1 1DL,United Kingdom,['46900'],LASERSTARTECHNOLOGY,RH1,LASERSTARTECHNOLOGY|RH1
06894880,BEHAVIOURAL MEASURES UK LIMITED,active,ltd,2009-05-05,Arms Evertyne House,Quay Road,Blyth,NE24 2AS,England,"['74909', '85320']",BEHAVIOURALMEASURES,NE24,BEHAVIOURALMEASURES|NE24
06553303,GIM FOOD RECRUITMENT LIMITED,active,ltd,2008-04-02,4 Lidgett Lane,Garforth,Leeds,LS25 1EQ,England,['78200'],GIMFOODRECRUITMENT,LS25,GIMFOODRECRUITMENT|LS25
06969419,INFINITE GROWTH LIFESTYLE LTD,active,ltd,2009-07-22,The Stables Goblands Farm Business Centre,Cemetery Lane,Hadlow,TN11 0LT,England,['81299'],INFINITEGROWTHLIFESTYLE,TN11,INFINITEGROWTHLIFESTYLE|TN11
04301599,HARRIS COATINGS LIMITED,active,ltd,2001-10-09,Market Square Chambers,Bromyard,Herefordshire,HR7 4BP,,['74990'],HARRISCOATINGS,HR7,HARRISCOATINGS|HR7
04193449,DAICH LIMITED,active,ltd,2001-04-03,2 The Crescent,,Taunton,TA1 4EA,England,['68320'],DAICH,TA1,DAICH|TA1
06590976,FORTGUARDSECURITY LTD,active,ltd,2008-05-13,Church House 137 Brent Street,Hendon,London,NW4 4DJ,,['80100'],FORTGUARDSECURITY,NW4,FORTGUARDSECURITY|NW4
05344900,BB CONSTRUCTION (MIDLANDS) LIMITED,active,ltd,2005-01-27,Holbeche House 437 Shirley Road,Acocks Green,Birmingham,B27 7NX,England,['42990'],BBCONSTRUCTIONMIDLANDS,B27,BBCONSTRUCTIONMIDLANDS|B27
06324935,CASEY MANCHESTER LIMITED,active,ltd,2007-07-26,28 Bury New Road,Whitefield,Manchester,M45 7FJ,,['43999'],CASEYMANCHESTER,M45,CASEYMANCHESTER|M45
06029158,J & M INERTIAL NAVIGATION LIMITED,active,ltd,2006-12-14,6 Ashley Grange,Davenham,Northwich,CW9 8HJ,England,"['26110', '27900', '30300']",JANDMINERTIALNAVIGATION,CW9,JANDMINERTIALNAVIGATION|CW9
04004773,JONES & SONS CARPETS & BLINDS LTD,active,ltd,2000-05-31,6 Carlton Road,Romford,Essex,RM2 5AA,,['47530'],JONESANDSONSCARPETSANDBLINDS,RM2,JONESANDSONSCARPETSANDBLINDS|RM2
06992735,NITIN GOYAL LONDON LIMITED,active,ltd,2009-08-17,209 Merton Road,Bank House,London,SW19 1EE,England,['96090'],NITINGOYALLONDON,SW19,NITINGOYALLONDON|SW19
04455322,CRISP ENTERPRISES LIMITED,active,ltd,2002-06-06,3 The Old Forge,Rusper,Horsham,RH12 4FR,England,"['41100', '68209']",CRISPENTERPRISES,RH12,CRISPENTERPRISES|RH12
08498791,B REALESTATES LTD,active,ltd,2013-04-22,51 Sheffield Road,,Dronfield,S18 2GF,England,['41100'],BREALESTATES,S18,BREALESTATES|S18
08365329,STEELTEK LTD,active,ltd,2013-01-17,58 Rough Brook Road,Rushall,Walsall,WS4 1EW,England,['25110'],STEELTEK,WS4,STEELTEK|WS4
08378726,KEITH FLINTOFT SURVEYORS LTD,active,ltd,2013-01-29,First Floor Offices,40 Norwood,Beverley,HU17 9EY,England,['74100'],KEITHFLINTOFTSURVEYORS,HU17,KEITHFLINTOFTSURVEYORS|HU17
08989288,DOMAIN DATA SOLUTIONS LIMITED,active,ltd,2014-04-10,36 St. James Way,,Sidcup,DA14 5ER,England,['62090'],DOMAINDATASOLUTIONS,DA14,DOMAINDATASOLUTIONS|DA14
08760086,THE APARTMENT GLOBAL LIMITED,active,ltd,2013-11-04,Ground Floor Office 1,Pexor House,Staffa Road,E10 7PY,United Kingdom,['58190'],THEAPARTMENTGLOBAL,E10,THEAPARTMENTGLOBAL|E10
09010979,MERLIN ENTERPRISES LTD,active,ltd,2014-04-25,Unit 9  Creekmouth Ind Estate,57 River Road,Barking,IG11 0DA,,['63990'],MERLINENTERPRISES,IG11,MERLINENTERPRISES|IG11
08434906,PHOENIX CORPORATION LTD,active,ltd,2013-03-07,3 Hartley Down,60 Christchurch Road,Bournemouth,BH1 3PJ,England,"['47910', '58190', '63120']",PHOENIXCORPORATION,BH1,PHOENIXCORPORATION|BH1
08382866,ALPHA LA ROCHE LIMITED,active,ltd,2013-01-31,1 The Green,,Richmond,TW9 1PL,,['46450'],ALPHALAROCHE,TW9,ALPHALAROCHE|TW9
08971274,STORM EXECUTIVE SERVICES LIMITED,active,ltd,2014-04-01,6 South Avenue,,Richmond,TW9 3EL,England,['49390'],STORMEXECUTIVE,TW9,STORMEXECUTIVE|TW9
08910371,ORAS EASTERN SAMAR LTD,active,ltd,2014-02-25,Lyndale House,24a High Street,Addlestone,KT15 1TN,England,['71129'],ORASEASTERNSAMAR,KT15,ORASEASTERNSAMAR|KT15
08979816,CARDIGAN RAIL SERVICES LTD,active,ltd,2014-04-04,Stretford,Napier Street,Cardigan,SA43 1ED,,['42120'],CARDIGANRAIL,SA43,CARDIGANRAIL|SA43
08527649,ILLEGAL ART BOUTIQUE LIMITED,active,ltd,2013-05-13,12 Percy Road,,Bournemouth,BH5 1JF,,['74100'],ILLEGALARTBOUTIQUE,BH5,ILLEGALARTBOUTIQUE|BH5
08547427,BADDESLEY ACCIDENT & HIRE SERVICES LTD,active,ltd,2013-05-29,12 Elsperth Road,,Wembley,HA0 2BW,England,['66190'],BADDESLEYACCIDENTANDHIRE,HA0,BADDESLEYACCIDENTANDHIRE|HA0
08502081,TAYLOR & ASSOCIATES (LONDON) LTD,active,ltd,2013-04-24,Riverbank House,1 Putney Bridge Approach,Fulham,SW6 3JD,,['70229'],TAYLORANDASSOCIATESLONDON,SW6,TAYLORANDASSOCIATESLONDON|SW6
08488551,TOP AFRICAN FOOD STORE LTD,active,ltd,2013-04-15,155 Hylton Road,,Sunderland,SR4 7YF,,"['47110', '47290']",TOPAFRICANFOODSTORE,SR4,TOPAFRICANFOODSTORE|SR4
08500787,SCISSORBOYS LTD,active,ltd,2013-04-23,52b Nile Street,,North Shields,NE29 0BG,,['96020'],SCISSORBOYS,NE29,SCISSORBOYS|NE29
10036647,AGERA LIMITED,active,ltd,2016-03-02,2 Faircroft Court,,Wrexham,LL13 8JE,Wales,['43390'],AGERA,LL13,AGERA|LL13
08998673,ST AGNES ROAD LIMITED,active,ltd,2014-04-15,Frome Mill Farm Nibley Lane,Nibley,Bristol,BS37 5JG,,['41100'],STAGNESROAD,BS37,STAGNESROAD|BS37
08605253,MVM SOLUTIONS LIMITED,active,ltd,2013-07-11,27 Old Gloucester Street,,London,WC1N 3AX,,['45112'],MVMSOLUTIONS,WC1N,MVMSOLUTIONS|WC1N
08489582,DLP TRAINING LTD,active,ltd,2013-04-15,27 St. Cuthberts Street,,Bedford,MK40 3JG,England,['96090'],DLPTRAINING,MK40,DLPTRAINING|MK40
08517153,REXVILLE SOLUTIONS LIMITED,active,ltd,2013-05-07,Unit 30 Maybrook Industrial Estate,Maybrook Road,Walsall,WS8 7DG,United Kingdom,['52103'],REXVILLESOLUTIONS,WS8,REXVILLESOLUTIONS|WS8
09021459,BLUE STAR CLOTHING LIMITED,active,ltd,2014-05-01,496 Moseley Road,,Birmingham,B12 9AH,England,"['46420', '47710', '47910', '82990']",BLUESTARCLOTHING,B12,BLUESTARCLOTHING|B12
11121448,BCP TECHNOLOGIES LTD,active,ltd,2017-12-21,Riley Studios,724 Holloway Road,London,N19 3JD,England,['62012'],BCPTECHNOLOGIES,N19,BCPTECHNOLOGIES|N19
08728141,SS I TECH LIMITED,active,ltd,2013-10-11,335a London Road,,Camberley,GU15 3HQ,England,"['49320', '62020']",SSITECH,GU15,SSITECH|GU15
08986756,VOKES CONSTRUCTION LIMITED,active,ltd,2014-04-08,1 Langley Pond Farm School Road,Barkham,Wokingham,RG41 4TN,England,['43120'],VOKESCONSTRUCTION,RG41,VOKESCONSTRUCTION|RG41
08512117,DYNAMIC COOLING SOLUTIONS LIMITED,active,ltd,2013-05-01,26 Briar Road,,Leicester,LE5 2HA,,['43220'],DYNAMICCOOLINGSOLUTIONS,LE5,DYNAMICCOOLINGSOLUTIONS|LE5
12761027,DEBEN LODGE FARMS LIMITED,active,ltd,2020-07-22,Deben Lodge Back Lane,Falkenham,Ipswich,IP10 0TL,United Kingdom,['01410'],DEBENLODGEFARMS,IP10,DEBENLODGEFARMS|IP10
08958319,COLLEGE ORIENTAL LIMITED,active,ltd,2014-03-25,Queenies Pantry,London Apprentice,St. Austell,PL26 7AR,England,['99999'],COLLEGEORIENTAL,PL26,COLLEGEORIENTAL|PL26
08987611,INFINITY TANNING LIMITED,active,ltd,2014-04-09,80 Ashton Road,Denton,Manchester,M34 3JF,England,['47750'],INFINITYTANNING,M34,INFINITYTANNING|M34
08861018,QUEEN OF HEARTS COUTURE CAKES LTD.,active,ltd,2014-01-24,21 St. Christopher Road,,Uxbridge,UB8 3SG,England,['90030'],QUEENOFHEARTSCOUTURECAKES,UB8,QUEENOFHEARTSCOUTURECAKES|UB8
08744137,ASCENTCO CATERING AND EVENT MANAGEMENT SERVICES LTD,active,ltd,2013-10-22,109 Coleman Road,,Leicester,LE5 4LE,United Kingdom,['56210'],ASCENTCOCATERINGANDEVENTMANAGEMENT,LE5,ASCENTCOCATERINGANDEVENTMANAGEMENT|LE5
08495642,SLC (UK) LIMITED,active,ltd,2013-04-19,Mawtec House 12 New Street,Mawdesley,Ormskirk,L40 2QP,England,['46130'],SLCUK,L40,SLCUK|L40
08517586,PISCIANAQUA LTD,active,ltd,2013-05-07,39 Leys Road Leys Road,Bennetts End,Hemel Hempstead,HP3 9LX,England,['14132'],PISCIANAQUA,HP3,PISCIANAQUA|HP3
08876154,MCKENZIE ASSOCIATES LIMITED,active,ltd,2014-02-04,29 Gildredge Road,,Eastbourne,BN21 4RU,United Kingdom,['96090'],MCKENZIEASSOCIATES,BN21,MCKENZIEASSOCIATES|BN21
08706059,A1 TECH (UK) LIMITED,active,ltd,2013-09-25,114 Kenyon Lane,Middleton,Manchester,M24 2ET,England,['71129'],A1TECHUK,M24,A1TECHUK|M24
08868855,DANBERRY MANAGEMENT LTD,active,ltd,2014-01-30,20-22 Wenlock Road,,London,N1 7GU,England,['70229'],DANBERRYMANAGEMENT,N1,DANBERRYMANAGEMENT|N1
08379747,MINARD ROAD LTD,active,ltd,2013-01-29,"C/O Jermyn & Co, Unit 3, Hill Farm Kirby Road",Kirby Bedon,Norwich,NR14 7DU,England,['74100'],MINARDROAD,NR14,MINARDROAD|NR14
08498245,EYESLAM LIMITED,active,ltd,2013-04-22,Crown House,North Circular Road,London,NW10 7PN,,['62030'],EYESLAM,NW10,EYESLAM|NW10
08850678,CELUPLAS LIMITED,active,ltd,2014-01-17,6 Martins Court,Hindley,Wigan,WN2 4AZ,England,['46740'],CELUPLAS,WN2,CELUPLAS|WN2
08797641,EDU VARSITY LTD,active,ltd,2013-12-02,102 Hall Road,,London,E6 2ND,England,['85600'],EDUVARSITY,E6,EDUVARSITY|E6
08388757,INDIA RESTAURANT ( SUDBURY) LTD.,active,ltd,2013-02-05,Sterling Offices,60 Midland Road,Wellingborough,NN8 1LU,England,['56101'],INDIARESTAURANTSUDBURY,NN8,INDIARESTAURANTSUDBURY|NN8
08887648,BRYXDENE ENTERPRISES LIMITED,active,ltd,2014-02-12,48-52 Penny Lane,,Liverpool,L18 1DG,,['70229'],BRYXDENEENTERPRISES,L18,BRYXDENEENTERPRISES|L18
08502254,ALTO BOLLARDS (NEWCASTLE) LIMITED,active,ltd,2013-04-24,51 Palmers Green,,Newcastle Upon Tyne,NE12 9HF,,['25110'],ALTOBOLLARDSNEWCASTLE,NE12,ALTOBOLLARDSNEWCASTLE|NE12
08912893,HAASTRUP FINANCIAL SERVICES LIMITED,active,ltd,2014-02-26,21a Eldon Avenue,,Borehamwood,WD6 1NL,England,['69201'],HAASTRUPFINANCIAL,WD6,HAASTRUPFINANCIAL|WD6
SC375563,KILPATRICK BLANE SERVICES LIMITED,active,ltd,2010-03-25,18 Crawfurd Street,,Greenock,PA15 1LJ,Scotland,['43290'],KILPATRICKBLANE,PA15,KILPATRICKBLANE|PA15
12329335,IL GUSTO TUSHA LIMITED,active,ltd,2019-11-22,139 St. Margarets Road,,Twickenham,TW1 1RG,England,['56101'],ILGUSTOTUSHA,TW1,ILGUSTOTUSHA|TW1
08156490,DT & PS RAJAN MEDICAL CONSULTANTS LTD,active,ltd,2012-07-25,8 Manor Park Church Road,Great Barton,Bury St. Edmunds,IP31 2QR,England,['86210'],DTANDPSRAJANMEDICALCONSULTANTS,IP31,DTANDPSRAJANMEDICALCONSULTANTS|IP31
09070535,NGI SYSTEMS & SOLUTIONS LIMITED,active,ltd,2014-06-04,Suite 114 372 Old Street,,City Of London,EC1V 9LT,,"['27900', '62020', '62090', '70229']",NGISYSTEMSANDSOLUTIONS,EC1V,NGISYSTEMSANDSOLUTIONS|EC1V
10743431,A. JOHNSON HOME DEVELOPMENTS LTD,active,ltd,2017-04-27,The White House Mill Road,Goring On Thames,Reading,RG8 9DD,United Kingdom,['99999'],AJOHNSONHOMEDEVELOPMENTS,RG8,AJOHNSONHOMEDEVELOPMENTS|RG8
SC502185,THISTLE SERVICES C.I.C.,active,ltd,2015-04-01,Thistle Centre Of Wellbeing,13 Queen's Walk,Edinburgh,EH16 4EA,Scotland,"['88100', '88990', '96090']",THISTLESERVICESCIC,EH16,THISTLESERVICESCIC|EH16
SC475003,2 IMPRESS LTD,active,ltd,2014-04-10,2/1 Angus Street,,Alexandria,G83 0SY,,['82990'],2IMPRESS,G83,2IMPRESS|G83
07218566,HOLMLODGE LIMITED,active,ltd,2010-04-09,15 Station Road,,St. Ives,PE27 5BH,,['82990'],HOLMLODGE,PE27,HOLMLODGE|PE27
08760327,EU-ROPE ACCES LIMITED,active,ltd,2013-11-04,3rd Floor 14,Hanover Street Hanover Square,London,W1S 1YH,,['43999'],EUROPEACCES,W1S,EUROPEACCES|W1S
04715710,I.A.B. BODYWORKS LIMITED,active,ltd,2003-03-28,Wheal Manor,Porkellis,Helston,TR13 0EE,,['45200'],IABBODYWORKS,TR13,IABBODYWORKS|TR13
04565420,SGG PROPERTY DEVELOPMENTS LIMITED,active,ltd,2002-10-17,The Skiff Inn Clasper Way,Swalwell,Newcastle Upon Tyne,NE16 3BE,England,['56101'],SGGPROPERTYDEVELOPMENTS,NE16,SGGPROPERTYDEVELOPMENTS|NE16
10159279,OPTIMUM THERAPY LTD,active,ltd,2016-05-03,294 Hurcott Road,,Kidderminster,DY10 2RQ,England,['99999'],OPTIMUMTHERAPY,DY10,OPTIMUMTHERAPY|DY10
09546764,WOOLFORD CONSTRUCTION LIMITED,active,ltd,2015-04-16,1 Cricklade Court,Old Town,Swindon,SN1 3EY,United Kingdom,"['43120', '43290', '43390']",WOOLFORDCONSTRUCTION,SN1,WOOLFORDCONSTRUCTION|SN1
10770194,LUCAS HOME DEVELOPMENTS LIMITED,active,ltd,2017-05-15,118 Wareham Road,Lytchett Matravers,Poole,BH16 6DT,England,['43999'],LUCASHOMEDEVELOPMENTS,BH16,LUCASHOMEDEVELOPMENTS|BH16
06580050,BROADLEAF ESTATES (BURLEY) LIMITED,active,ltd,2008-04-29,Manor View Offices,The Cross Burley,Ringwood,BH24 4AB,,['68100'],BROADLEAFESTATESBURLEY,BH24,BROADLEAFESTATESBURLEY|BH24
06590249,SAFE ROUTERS LIMITED,active,ltd,2008-05-12,Shearstones,Wavering Lane East,Gillingham,SP8 4NX,England,"['85320', '85590', '85600']",SAFEROUTERS,SP8,SAFEROUTERS|SP8
09461605,PBVIKING CONSTRUCTION LTD,active,ltd,2015-02-27,12 St. Clement Close,,Uxbridge,UB8 3SP,England,['41202'],PBVIKINGCONSTRUCTION,UB8,PBVIKINGCONSTRUCTION|UB8
SC597266,BRAVO WHISKY GOLF LTD,active,ltd,2018-05-15,"The Lighthouse Business Centre,",Heugh Industrial Estate,North Berwick,EH39 5PX,United Kingdom,"['79110', '79120']",BRAVOWHISKYGOLF,EH39,BRAVOWHISKYGOLF|EH39
09422736,KINGS OF CLERKENWELL LIMITED,active,ltd,2015-02-04,Rita Holdings Limited 310 Lakes Innovation Centre,Lakes Road,Braintree,CM7 3AN,United Kingdom,['96020'],KINGSOFCLERKENWELL,CM7,KINGSOFCLERKENWELL|CM7
09277317,WEC (WARRINGTON) LIMITED,active,ltd,2014-10-23,1st Floor 264 Manchester Road,,Warrington,WA1 3RB,United Kingdom,['47260'],WECWARRINGTON,WA1,WECWARRINGTON|WA1
09163469,SHERE KHAN (NW) LTD,active,ltd,2014-08-06,139 Wilbraham Road,Fallowfield,Manchester,M14 7DS,,['56101'],SHEREKHANNW,M14,SHEREKHANNW|M14
09579300,S K CONTRACT SERVICES LIMITED,active,ltd,2015-05-07,32 Woodleigh Close,,Liverpool,L31 4LB,England,['27900'],SKCONTRACT,L31,SKCONTRACT|L31
09420819,EDEN CARS LIMITED,active,ltd,2015-02-04,118-120 London Road,,Mitcham,CR4 3LB,United Kingdom,['45112'],EDENCARS,CR4,EDENCARS|CR4
09517046,QUICKROOMS.LONDON LTD,active,ltd,2015-03-30,27 Baker Close,,Crawley,RH10 6HA,England,['68209'],QUICKROOMSLONDON,RH10,QUICKROOMSLONDON|RH10
09038773,EMC LIGHTING AND ELECTRICAL LTD,active,ltd,2014-05-14,Grosvenor House,45 The Downs,Altrincham,WA14 2QG,,['43210'],EMCLIGHTINGANDELECTRICAL,WA14,EMCLIGHTINGANDELECTRICAL|WA14
09579070,TRANSFORM A FLOOR LTD,active,ltd,2015-05-07,9 Hillview,,Walsall,WS9 8XJ,England,['43330'],TRANSFORMAFLOOR,WS9,TRANSFORMAFLOOR|WS9
09195763,CCG SALES LTD,active,ltd,2014-08-30,25 Queensway,,Sheerness,ME12 1LD,England,"['47820', '47890', '47910']",CCGSALES,ME12,CCGSALES|ME12
09430124,NICE WAY LTD,active,ltd,2015-02-09,1st Floor 23 Hessel Street,,London,E1 2LR,England,['96090'],NICEWAY,E1,NICEWAY|E1
09027885,OPTIC NETWORKS LTD,active,ltd,2014-05-07,15 Queen Square,,Leeds,LS2 8AJ,England,['61900'],OPTICNETWORKS,LS2,OPTICNETWORKS|LS2
09270950,CGA CONSULTING LTD,active,ltd,2014-10-20,6-8 Freeman Street,,Grimsby,DN32 7AA,England,['62020'],CGACONSULTING,DN32,CGACONSULTING|DN32
09228619,LEGEND SPORTS WORLD LTD,active,ltd,2014-09-22,14 Beech Range -,Levenshulme,Manchester,M19 2EU,,['47510'],LEGENDSPORTSWORLD,M19,LEGENDSPORTSWORLD|M19
09566800,DJ DECORATIONS & BUILDING SERVICES LIMITED,active,ltd,2015-04-29,09566800 - COMPANIES HOUSE DEFAULT ADDRESS,,Cardiff,CF14 8LH,,['43390'],DJDECORATIONSANDBUILDING,CF14,DJDECORATIONSANDBUILDING|CF14
09325430,PRETTY STEPS DAY NURSERY LTD,active,ltd,2014-11-24,Banana Moon Day Nursery Bayley Hall,Lodge Lane,Hyde,SK14 4JX,,['85100'],PRETTYSTEPSDAYNURSERY,SK14,PRETTYSTEPSDAYNURSERY|SK14
09425589,DSS AUTO LIMITED,active,ltd,2015-02-06,28 Wedderburn Road Wedderburn Road,,Barking,IG11 7XG,United Kingdom,"['41201', '43290', '43330', '43342']",DSSAUTO,IG11,DSSAUTO|IG11
09581816,ORANGEPACK LTD,active,ltd,2015-05-08,19 Pages Walk,,Corby,NN17 1XE,England,"['46342', '52290', '56290']",ORANGEPACK,NN17,ORANGEPACK|NN17
09427285,TRAVALEUR LIMITED,active,ltd,2015-02-06,2nd Floor Nucleus House,2 Lower Mortlake Road,Richmond,TW9 2JA,United Kingdom,['79120'],TRAVALEUR,TW9,TRAVALEUR|TW9
09438191,QNEKT LTD,active,ltd,2015-02-13,65 Goswell Road,,London,EC1V 7EN,England,['63990'],QNEKT,EC1V,QNEKT|EC1V
09365888,ROSA MASSIMO HAIR LIMITED,active,ltd,2014-12-23,28 28 King Street,,Huddersfield,HD1 2QT,United Kingdom,['47789'],ROSAMASSIMOHAIR,HD1,ROSAMASSIMOHAIR|HD1
09034397,D.T.WATKINS ELECTRICS LIMITED,active,ltd,2014-05-12,169 High Street,,Barnet,EN5 5SU,England,['43210'],DTWATKINSELECTRICS,EN5,DTWATKINSELECTRICS|EN5
09145381,ADVENTURE CHALLENGE LIMITED,active,ltd,2014-07-24,3 Park Villas,,Keswick,CA12 5LQ,England,['93199'],ADVENTURECHALLENGE,CA12,ADVENTURECHALLENGE|CA12
09458772,RPR RAIL LTD,active,ltd,2015-02-25,21 Jackdaw Drive,Wath-Upon-Dearne,Rotherham,S63 7GN,England,['82990'],RPRRAIL,S63,RPRRAIL|S63
09506719,ALC ELECTRICAL SERVICES LTD,active,ltd,2015-03-24,26 Kingsbury Road,,Coventry,CV6 1PU,England,['33130'],ALCELECTRICAL,CV6,ALCELECTRICAL|CV6
09458904,T.H ALEXANDRA LIMITED,active,ltd,2015-02-25,Wellesley House,Duke Of Wellington Avenue,London,SE18 6SS,England,['68209'],THALEXANDRA,SE18,THALEXANDRA|SE18
09466657,AVACONSULT LIMITED,active,ltd,2015-03-03,214 Upper Fifth Street,,Milton Keynes,MK9 2HR,England,['62020'],AVACONSULT,MK9,AVACONSULT|MK9
09560729,WASTE TRANSFER SERVICES LTD,active,ltd,2015-04-24,Thackwood Material Recycling Facility,Southwaite,Carlisle,CA4 0PZ,England,['38210'],WASTETRANSFER,CA4,WASTETRANSFER|CA4
09384014,LACHEV LTD,active,ltd,2015-01-12,214 Prospect Road,,Woodford Green,IG8 7NQ,United Kingdom,['43390'],LACHEV,IG8,LACHEV|IG8
09555641,TOP MARQUES VALETING LTD,active,ltd,2015-04-22,307 Phoenix House High Street,,Hull,HU1 1NR,England,['45200'],TOPMARQUESVALETING,HU1,TOPMARQUESVALETING|HU1
09436783,MARIESHE LIMITED,active,ltd,2015-02-12,7 Balm Place,,Leeds,LS11 9PF,England,['86102'],MARIESHE,LS11,MARIESHE|LS11
09497342,EARPHE LIMITED,active,ltd,2015-03-19,6 Voyagers Close,,London,SE28 8QQ,United Kingdom,['33140'],EARPHE,SE28,EARPHE|SE28
09568834,SEANTECH SOLUTIONS LIMITED,active,ltd,2015-04-30,17 Cowbridge Lane,,Barking,IG11 8LQ,England,"['46190', '46900']",SEANTECHSOLUTIONS,IG11,SEANTECHSOLUTIONS|IG11
09526539,VIDERE GLOBAL LTD,active,ltd,2015-04-07,A6 Kingfisher House,Kingsway  Team Valley Trading Estate,Gateshead,NE11 0JQ,England,['74901'],VIDEREGLOBAL,NE11,VIDEREGLOBAL|NE11
09085336,TOMSOP CONSULT LIMITED,active,ltd,2014-06-13,16 Delvins,Basildon,Essex,SS13 1PH,,['41202'],TOMSOPCONSULT,SS13,TOMSOPCONSULT|SS13
09098833,PRECISION PRODUCTION ENGINEERS (UK) LIMITED,active,ltd,2014-06-23,115 Powke Lane,,Cradley Heath,B64 5PX,,['25620'],PRECISIONPRODUCTIONENGINEERSUK,B64,PRECISIONPRODUCTIONENGINEERSUK|B64
09500390,DAVID GOULD DESIGN LTD,active,ltd,2015-03-20,29 Blenheim Road,,Sidcup,DA15 9AU,,['74100'],DAVIDGOULDDESIGN,DA15,DAVIDGOULDDESIGN|DA15
09416470,HI-PROFILE HAIR & BEAUTY STUDIO LTD,active,ltd,2015-02-02,56 King Street,,Southall,UB2 4DB,England,['96020'],HIPROFILEHAIRANDBEAUTYSTUDIO,UB2,HIPROFILEHAIRANDBEAUTYSTUDIO|UB2
09072012,ARLINGTON CONSULTING LIMITED,active,ltd,2014-06-05,483 Green Lanes,,London,N13 4BS,England,['70229'],ARLINGTONCONSULTING,N13,ARLINGTONCONSULTING|N13
09422174,TEL PROJECTS LTD,active,ltd,2015-02-04,74 Saxon Way,Cotgrave,Nottingham,NG12 3NX,England,['43390'],TELPROJECTS,NG12,TELPROJECTS|NG12
09423788,ROLAND HIVART SERVICES LIMITED,active,ltd,2015-02-05,5 Ailsa Close,,Crawley,RH11 9DW,England,['41100'],ROLANDHIVART,RH11,ROLANDHIVART|RH11
09388116,NEIL DENGEL SERVICES LTD,active,ltd,2015-01-14,36 Mountgrace Road,,Luton,LU2 8EP,England,['41202'],NEILDENGEL,LU2,NEILDENGEL|LU2
09410154,FVR ENTERTAINMENT LTD.,active,ltd,2015-01-28,154-158 Shoreditch High Street,,London,E1 6HU,England,['90040'],FVRENTERTAINMENT,E1,FVRENTERTAINMENT|E1
09042451,WOODGATE CAPITAL MANAGEMENT LIMITED,active,ltd,2014-05-15,58 Marlborough Park Avenue,,Sidcup,DA15 9DP,England,['96090'],WOODGATECAPITALMANAGEMENT,DA15,WOODGATECAPITALMANAGEMENT|DA15
09402369,CAFE DU CHAT NOIR LIMITED,active,ltd,2015-01-22,6 Wellfield Court,Wellfield Road,Cardiff,CF24 3PB,Wales,['56102'],CAFEDUCHATNOIR,CF24,CAFEDUCHATNOIR|CF24
09551247,GOLD BEAR CONSTRUCTION LTD,active,ltd,2015-04-20,7 Holgate Gardens,,Dagenham,RM10 8NH,England,['41100'],GOLDBEARCONSTRUCTION,RM10,GOLDBEARCONSTRUCTION|RM10
09584665,CST SURVEYORS LTD,active,ltd,2015-05-11,6th Floor International House,1 St Katharine's Way,London,E1W 1YL,England,"['32990', '43999', '74100', '74909']",CSTSURVEYORS,E1W,CSTSURVEYORS|E1W
09066614,LOCOSOCO LIMITED,active,ltd,2014-06-02,8 Madeira Avenue,,Leigh-On-Sea,SS9 3EB,England,['63120'],LOCOSOCO,SS9,LOCOSOCO|SS9
09573015,MW SERVICE & INSTALLATIONS LIMITED,active,ltd,2015-05-05,"Office 10, 15a Market Street",Oakengates,Telford,TF2 6EL,England,['43999'],MWSERVICEANDINSTALLATIONS,TF2,MWSERVICEANDINSTALLATIONS|TF2
09410857,JTS SADDLERY LIMITED,active,ltd,2015-01-28,87 Augustus Avenue Augustus Avenue,Keynsham,Bristol,BS31 2FH,England,['47990'],JTSSADDLERY,BS31,JTSSADDLERY|BS31
09155820,STEWKLEY FOOD & WINES LIMITED,active,ltd,2014-07-31,44 High Street North,Stewkley,Bedfordshire,LU7 0EZ,,['47110'],STEWKLEYFOODANDWINES,LU7,STEWKLEYFOODANDWINES|LU7
09458654,CONCISE CONSULTANCY SERVICES LTD,active,ltd,2015-02-25,26 High Street,,Rickmansworth,WD3 1ER,United Kingdom,['96090'],CONCISECONSULTANCY,WD3,CONCISECONSULTANCY|WD3
09481303,BABELON (HULL) LTD,active,ltd,2015-03-10,39 Carr Lane,,Hull,HU1 3RF,United Kingdom,['56102'],BABELONHULL,HU1,BABELONHULL|HU1
09504588,J&K MEDICAL SERVICES UK LTD,active,ltd,2015-03-23,20 Dorchester Way,,Coventry,CV2 2JA,United Kingdom,['86101'],JANDKMEDICAL,CV2,JANDKMEDICAL|CV2
09526336,BUSINESS ANALYSIS LONDON LTD,active,ltd,2015-04-07,56 Dover Street,Walney,Barrow-In-Furness,LA14 3LE,England,['74909'],BUSINESSANALYSISLONDON,LA14,BUSINESSANALYSISLONDON|LA14
09178915,MIGHTY BRIGHT LIMITED,active,ltd,2014-08-18,30-34 North Street,,Hailsham,BN27 1DW,England,"['47910', '96090']",MIGHTYBRIGHT,BN27,MIGHTYBRIGHT|BN27
09573685,HASSBELL GLOBAL RESOURCE LIMITED,active,ltd,2015-05-05,16 St. Helens Court,,Rainham,RM13 9YU,England,['43999'],HASSBELLGLOBALRESOURCE,RM13,HASSBELLGLOBALRESOURCE|RM13
09030724,JAN STACH LTD,active,ltd,2014-05-08,5 The Maples,,Peterborough,PE1 5YZ,England,['49410'],JANSTACH,PE1,JANSTACH|PE1
09390335,DAS ENTERPRISE LIMITED,active,ltd,2015-01-15,98 Commercial Road,,London,E1 1NU,United Kingdom,['49320'],DASENTERPRISE,E1,DASENTERPRISE|E1
09431648,HILTON CONTRACTORS LIMITED,active,ltd,2015-02-10,27 Wordsworth Road,,Coventry,CV2 5HT,United Kingdom,['74909'],HILTONCONTRACTORS,CV2,HILTONCONTRACTORS|CV2
09061695,BEULAH SCANNERS LTD.,active,ltd,2014-05-29,4 Dunster Grove,,Cheltenham,GL51 0PE,England,['86101'],BEULAHSCANNERS,GL51,BEULAHSCANNERS|GL51
09395446,SIX SPHERES LIMITED,active,ltd,2015-01-19,116 Nina Carroll Way Kettering,,Kettering,,England,['86900'],SIXSPHERES,,SIXSPHERES|
09200896,RICHARD LAMMING LTD,active,ltd,2014-09-03,Unit 4 Clifford Court,Cooper Way,Carlisle,CA3 0JG,England,['43320'],RICHARDLAMMING,CA3,RICHARDLAMMING|CA3
09561536,DPH BUILDING SERVICES LIMITED,active,ltd,2015-04-26,11 Harewelle Way,Harrold,Bedford,MK43 7DW,England,['41202'],DPHBUILDING,MK43,DPHBUILDING|MK43
09538160,ARMSTRONG FORCE LIMITED,active,ltd,2015-04-13,18 Ash View,,Nottingham,NG7 3BX,England,['80100'],ARMSTRONGFORCE,NG7,ARMSTRONGFORCE|NG7
09394591,PARAKONE LTD,active,ltd,2015-01-19,19 Branson Road,,Bordon,GU35 0EQ,England,['86900'],PARAKONE,GU35,PARAKONE|GU35
09545875,THE ORIGINAL BURSCOUGH AQUATICS STORE LIMITED,active,ltd,2015-04-16,2a Swordfish Business Park Swordfish Close,Higgins Lane,Burscough,L40 8JW,United Kingdom,['47760'],THEORIGINALBURSCOUGHAQUATICSSTORE,L40,THEORIGINALBURSCOUGHAQUATICSSTORE|L40
09581009,SCAN TECH SURVEYS LIMITED,active,ltd,2015-05-08,Flat 16 Whitley House,Garfield Road,Addlestone,KT15 2GF,England,['71122'],SCANTECHSURVEYS,KT15,SCANTECHSURVEYS|KT15
09241217,STEF-PAL LTD,active,ltd,2014-09-30,107a Ripple Road,,Barking,IG11 7NY,England,['71129'],STEFPAL,IG11,STEFPAL|IG11
09031897,AMERSHAM STUDIOS LIMITED,active,ltd,2014-05-09,107 Cleethorpe Road,,Grimsby,DN31 3ER,United Kingdom,['74209'],AMERSHAMSTUDIOS,DN31,AMERSHAMSTUDIOS|DN31
09559199,DOVE HEALTHCARE LIMITED,active,ltd,2015-04-24,69 Sharps Court,Cooks Way,Hitchin,SG4 0JG,United Kingdom,['86101'],DOVEHEALTHCARE,SG4,DOVEHEALTHCARE|SG4
09545892,GH CONSULTANCY SERVICES LIMITED,active,ltd,2015-04-16,52 Lonsdale Avenue,,London,E6 3JY,England,['66220'],GHCONSULTANCY,E6,GHCONSULTANCY|E6
09055422,TRIPLE JOE SERVICES LTD.,active,ltd,2014-05-23,25 Angelina House Goldsmith Road,,London,SE15 5UB,,['70229'],TRIPLEJOE,SE15,TRIPLEJOE|SE15
09060385,ONEFEST C.I.C.,active,ltd,2014-05-28,303 The Pill Box 115 Coventry Road,,London,E2 6GH,England,['82990'],ONEFESTCIC,E2,ONEFESTCIC|E2
09393905,PAWO LIMITED,active,ltd,2015-01-19,10 Stubley Drive,,Wolverhampton,WV10 9YB,England,['49410'],PAWO,WV10,PAWO|WV10
09570409,JORCAP LTD,active,ltd,2015-05-01,Riverbank House,1 Putney Bridge Approach,London,SW6 3JD,England,['70221'],JORCAP,SW6,JORCAP|SW6
09422611,PEC MEDICALS LIMITED,active,ltd,2015-02-04,63 Beatty Road,,Stanmore,HA7 4EU,England,['49390'],PECMEDICALS,HA7,PECMEDICALS|HA7
09383485,IBOIS LIMITED,active,ltd,2015-01-12,54 Beatrice Place,,Blackburn,BB2 3UD,England,['47910'],IBOIS,BB2,IBOIS|BB2
09434272,JW SOCIAL WORK CONSULTANTS LTD,active,ltd,2015-02-11,Unit A 82 James Carter Road,Mildenhall,Bury St. Edmunds,IP28 7DE,England,['88990'],JWSOCIALWORKCONSULTANTS,IP28,JWSOCIALWORKCONSULTANTS|IP28
SC638474,STANFORD TECH SERVICES LTD,active,ltd,2019-08-12,2 Lodge Park,,Inverness,IV2 4YR,Scotland,['43210'],STANFORDTECH,IV2,STANFORDTECH|IV2
SC635019,WESTWOOD FOODS LTD,active,ltd,2019-07-02,73 Dale Avenue,East Kilbride,Glasgow,G75 9AP,Scotland,['56102'],WESTWOODFOODS,G75,WESTWOODFOODS|G75
SC635952,DUMFRIES HYDRO LIMITED,active,ltd,2019-07-12,Unit 8 Spitfire Road,,Dumfries,DG1 3PH,,['47760'],DUMFRIESHYDRO,DG1,DUMFRIESHYDRO|DG1
SC628682,SOUTHSIDE INDIAN RESTAURANT LTD,active,ltd,2019-04-25,441 Victoria Road,,Glasgow,G42 8RW,Scotland,['56103'],SOUTHSIDEINDIANRESTAURANT,G42,SOUTHSIDEINDIANRESTAURANT|G42
SC634594,HERITAGE HOME COVER LIMITED,active,ltd,2019-06-27,Hamilton House Strathaven Rural Centre,Whiteshawsgate,Strathaven,ML10 6SY,United Kingdom,['43290'],HERITAGEHOMECOVER,ML10,HERITAGEHOMECOVER|ML10
SC635935,MMP SCOTLAND LIMITED,active,ltd,2019-07-12,63 Elm Row,Leith Walk,Edinburgh,EH7 4AQ,Scotland,['18129'],MMPSCOTLAND,EH7,MMPSCOTLAND|EH7
SC628849,ABNA CONSULTANCY LIMITED,active,ltd,2019-04-29,2 Taylor Place,Flat 24/8,Glasgow,G4 0PA,Scotland,['70229'],ABNACONSULTANCY,G4,ABNACONSULTANCY|G4
SC637192,NIZAR LIMITED,active,ltd,2019-07-26,54 Allardice Street,,Stonehaven,AB39 2AA,Scotland,['56101'],NIZAR,AB39,NIZAR|AB39
SC634059,NICE BUY LTD,active,ltd,2019-06-21,Transport House,3 Argyll Ave,Renfrew,PA4 9EB,,['47890'],NICEBUY,PA4,NICEBUY|PA4
SC632600,GLENCAIRN SQUARE LTD,active,ltd,2019-06-06,14/16 Glencairn Square,,Kilmarnock,KA1 4AH,Scotland,['56302'],GLENCAIRNSQUARE,KA1,GLENCAIRNSQUARE|KA1
SC636803,IDENTIFIED LTD,active,ltd,2019-07-23,11 Yerton Brae,,West Kilbride,KA23 9HH,Scotland,['63120'],IDENTIFIED,KA23,IDENTIFIED|KA23
SC638368,PITREAVIE ELECTRICAL SERVICES LTD,active,ltd,2019-08-08,25 Pitreavie Place,,Dundee,DD3 9ED,Scotland,['43210'],PITREAVIEELECTRICAL,DD3,PITREAVIEELECTRICAL|DD3
SC629395,PRW RETAIL LIMITED,active,ltd,2019-05-02,18 Jackson Drive,,Glasgow,G33 6GF,,['47110'],PRWRETAIL,G33,PRWRETAIL|G33
SC631182,HEAT HOME WOS LTD,active,ltd,2019-05-22,34 Carrick Avenue,,Saltcoats,KA21 6DZ,Scotland,['43220'],HEATHOMEWOS,KA21,HEATHOMEWOS|KA21
SC636822,FRESH & HEALTHY FOODS LTD,active,ltd,2019-07-23,4 Albert Road,,Glasgow,G42 8DN,Scotland,['47290'],FRESHANDHEALTHYFOODS,G42,FRESHANDHEALTHYFOODS|G42
SC636712,MICHAEL COURTNEY LTD,active,ltd,2019-07-22,Flat 2/2 249 Kinfauns Drive,,Glasgow,G15 7BE,Scotland,['43320'],MICHAELCOURTNEY,G15,MICHAELCOURTNEY|G15
09914034,MJB MARKETING LIMITED,active,ltd,2015-12-11,779 Atherton Road,Hindley Green,Wigan,WN2 4SB,England,['74100'],MJBMARKETING,WN2,MJBMARKETING|WN2
SC637187,SCOTGAS GROUP LIMITED,active,ltd,2019-07-26,"Block 1, Unit A Smeaton Road",West Gourdie Industrial Estate,Dundee,DD2 4UT,Scotland,['43220'],SCOTGAS,DD2,SCOTGAS|DD2
SC638377,LINKWOOD DELI LTD,active,ltd,2019-08-09,66a Linkwood Drive,,Glasgow,G15 7PN,Scotland,['56102'],LINKWOODDELI,G15,LINKWOODDELI|G15
SC637781,STREETWISE SOLUTIONS (ENERGY) LTD,active,ltd,2019-08-02,35 Thornly Park Gardens,,Paisley,PA2 7RF,,"['73110', '82301']",STREETWISESOLUTIONSENERGY,PA2,STREETWISESOLUTIONSENERGY|PA2
SC630205,HEY PIZZA ENTERPRISE LIMITED,active,ltd,2019-05-13,62 Inverleith Row,,Edinburgh,EH3 5PX,Scotland,['56103'],HEYPIZZAENTERPRISE,EH3,HEYPIZZAENTERPRISE|EH3
SC630136,WINNING BY RONI PENNETT LTD,active,ltd,2019-05-10,18 Mayfield Road,,Edinburgh,EH9 2NJ,Scotland,['46160'],WINNINGBYRONIPENNETT,EH9,WINNINGBYRONIPENNETT|EH9
SC636406,J12 RAIL SERVICES LTD,active,ltd,2019-07-17,15 Hardie Street,,Hamilton,ML3 8LQ,United Kingdom,['42120'],J12RAIL,ML3,J12RAIL|ML3
SC630609,BUDGET AUTOS EDINBURGH LTD,active,ltd,2019-05-15,16 Forth Street,,Edinburgh,EH1 3LH,Scotland,['45112'],BUDGETAUTOSEDINBURGH,EH1,BUDGETAUTOSEDINBURGH|EH1
SC634345,GOLFSOC1 LIMITED,active,ltd,2019-06-25,31 Gardenside Grove Gardenside Grove,,Glasgow,G32 8DS,Scotland,"['62012', '62020', '62090']",GOLFSOC1,G32,GOLFSOC1|G32
SC632696,STEWART TRANSPORT SCOTLAND LTD,active,ltd,2019-06-07,2 Thornhill Avenue,Elderslie,Johnstone,PA5 9DT,United Kingdom,['49410'],STEWARTTRANSPORTSCOTLAND,PA5,STEWARTTRANSPORTSCOTLAND|PA5
SC632982,BISTROT EDINBURGH LTD,active,ltd,2019-06-11,58 Aurs Drive,Barrhead,Glasgow,G78 2LW,Scotland,['56101'],BISTROTEDINBURGH,G78,BISTROTEDINBURGH|G78
SC638059,FINGAL'S WONDERMENT LTD,active,ltd,2019-08-06,29-30 Nicolson Square,,Edinburgh,EH8 9BX,Scotland,['47650'],FINGALSWONDERMENT,EH8,FINGALSWONDERMENT|EH8
SC636424,BUIDSEAR TRADING CO LTD,active,ltd,2019-07-18,Burnside,Farm,Strathaven,ML10 6RF,,"['10130', '46320']",BUIDSEARTRADINGCO,ML10,BUIDSEARTRADINGCO|ML10
SC639824,HORIZON MANAGEMENT SYSTEMS LIMITED,active,ltd,2019-08-27,6 Neilston Road,,Paisley,PA2 6LN,Scotland,['78300'],HORIZONMANAGEMENTSYSTEMS,PA2,HORIZONMANAGEMENTSYSTEMS|PA2
SC628475,WELLPARK ROOFING LTD,active,ltd,2019-04-24,17 Blair Crescent,Hurlford,Kilmarnock,KA1 5BL,Scotland,['42120'],WELLPARKROOFING,KA1,WELLPARKROOFING|KA1
SC629535,SMI RENDERING LTD,active,ltd,2019-05-07,17 Victoria Crescent,,Airdrie,ML6 9DB,Scotland,['43390'],SMIRENDERING,ML6,SMIRENDERING|ML6
SC638850,TASTE OF ASIA PRIVATE LTD,active,ltd,2019-08-14,21 Glasgow Road,,Wishaw,ML2 7PG,Scotland,['56103'],TASTEOFASIAPRIVATE,ML2,TASTEOFASIAPRIVATE|ML2
SC633452,OCHIL ROOFING LTD,active,ltd,2019-06-14,Office F A Lime Tree House,North Castle Street,Alloa,FK10 1EX,Scotland,['43910'],OCHILROOFING,FK10,OCHILROOFING|FK10
SC634007,BAKER AND COOK LTD,active,ltd,2019-06-21,12 St James Terrace,Lochwinnoch Road,Kilmacolm,PA13 4HB,Scotland,['56101'],BAKERANDCOOK,PA13,BAKERANDCOOK|PA13
SC635113,CRATEVPN LIMITED,active,ltd,2019-07-03,7 Cheviot Crescent,,Wishaw,ML2 7PN,Scotland,['58290'],CRATEVPN,ML2,CRATEVPN|ML2
SC636471,OLD SPICE LTD,active,ltd,2019-07-18,15 Edison Street,Hillington Park,Glasgow,G52 4JW,Scotland,['56103'],OLDSPICE,G52,OLDSPICE|G52
SC640129,MAC PROPERTY SERVICES LTD,active,ltd,2019-08-29,45 Quarry Street,,Wishaw,ML2 7NY,Scotland,['81221'],MACPROPERTY,ML2,MACPROPERTY|ML2
SC630785,SMSSH HOUSE LIMITED,active,ltd,2019-05-17,9 Drip Road,,Stirling,FK8 1RA,Scotland,['56302'],SMSSHHOUSE,FK8,SMSSHHOUSE|FK8
SC639018,FLAWLESS GLAMOUR LTD,active,ltd,2019-08-16,127 Dumbarton Road,,Glasgow,G11 6PR,Scotland,['96020'],FLAWLESSGLAMOUR,G11,FLAWLESSGLAMOUR|G11
SC635531,AYRSHIRE PIZZA LTD,active,ltd,2019-07-08,"Unit 8, Boswell House",Arthur Street,Ayr,KA7 1QJ,Scotland,['56290'],AYRSHIREPIZZA,KA7,AYRSHIREPIZZA|KA7
SC632971,WISEWAY BUS & COACH SALES LTD,active,ltd,2019-06-10,Limetree Garage,Glasgow Road,Hamilton,ML3 0RA,Scotland,['45190'],WISEWAYBUSANDCOACHSALES,ML3,WISEWAYBUSANDCOACHSALES|ML3
SC632016,MINTED DECORATIVE & INDUSTRIAL COATINGS LTD,active,ltd,2019-05-30,17 Duthil Street,West Drumoyne,Glasgow,G51 4GX,Scotland,['43341'],MINTEDDECORATIVEANDINDUSTRIALCOATINGS,G51,MINTEDDECORATIVEANDINDUSTRIALCOATINGS|G51
SC630078,EAT TUDO AFRO CARIBBEAN FOODS LTD,active,ltd,2019-05-10,4 Wyndford Road,,Glasgow,G20 8ET,Scotland,['56103'],EATTUDOAFROCARIBBEANFOODS,G20,EATTUDOAFROCARIBBEANFOODS|G20
SC631338,R&A OFFSHORE LTD,active,ltd,2019-05-23,165 Brook Street,Broughty Ferry,Dundee,DD5 1DJ,Scotland,['70229'],RANDAOFFSHORE,DD5,RANDAOFFSHORE|DD5
SC632715,JC LIFTING & SHIFTING SERVICES LIMITED,active,ltd,2019-06-07,Clyde Offices 2nd Floor,48 West George Street,Glasgow,G2 1BP,Scotland,['96090'],JCLIFTINGANDSHIFTING,G2,JCLIFTINGANDSHIFTING|G2
SC634834,EHIRE LIMITED,active,ltd,2019-07-01,27 Stewart Grove,Danderhall,Dalkeith,EH22 1QY,Scotland,['49320'],EHIRE,EH22,EHIRE|EH22
SC631268,BLACK ISLE ROPES LTD,active,ltd,2019-05-23,79 Drumsmittal Road Drumsmittal Road,North Kessock,Inverness,IV1 3JU,Scotland,['43341'],BLACKISLEROPES,IV1,BLACKISLEROPES|IV1
SC632940,SAL STRUCTURES SHEET METAL MODIFICATION LTD,active,ltd,2019-06-10,15 Souter Place,Ayrshire,Ayr,KA7 3EF,Scotland,['51101'],SALSTRUCTURESSHEETMETALMODIFICATION,KA7,SALSTRUCTURESSHEETMETALMODIFICATION|KA7
SC636283,MISS ROXYS HAIR & BEAUTY LTD,active,ltd,2019-07-17,10 Newton Place,,Glasgow,G3 7PR,Scotland,['96020'],MISSROXYSHAIRANDBEAUTY,G3,MISSROXYSHAIRANDBEAUTY|G3
SC635650,GLASGOW PARCEL DELIVERIES LIMITED,active,ltd,2019-07-10,1494 Paisley Road West,,Glasgow,G52 15P,,['49410'],GLASGOWPARCELDELIVERIES,G52,GLASGOWPARCELDELIVERIES|G52
SC629028,J HOGG LTD.,active,ltd,2019-04-30,71 Windsor Road,,Falkirk,FK1 5HB,Scotland,['71129'],JHOGG,FK1,JHOGG|FK1
SC629622,EDBROOK LIMITED,active,ltd,2019-05-07,14c Hamilton Way,,Greenock,PA15 1RH,Scotland,['47710'],EDBROOK,PA15,EDBROOK|PA15
SC639960,TEE-CHER LIMITED,active,ltd,2019-08-28,Javid House,115 Bath Street,Glasgow,G2 2SZ,Scotland,['56103'],TEECHER,G2,TEECHER|G2
SC631961,ISLAY WHISKY CONNECTION LTD,active,ltd,2019-05-30,17 Broomhill,Bowmore,Isle Of Islay,PA43 7HX,Scotland,['56290'],ISLAYWHISKYCONNECTION,PA43,ISLAYWHISKYCONNECTION|PA43
SC633405,A&I FOOD LTD,active,ltd,2019-06-14,165 Brook Street,Broughty Ferry,Dundee,DD5 1DJ,,['56103'],AANDIFOOD,DD5,AANDIFOOD|DD5
SC638972,SIMPLY SWEET (GLASGOW) LTD,active,ltd,2019-08-15,51 Kilmarnock Road,,Glasgow,G41 3YN,United Kingdom,['56102'],SIMPLYSWEETGLASGOW,G41,SIMPLYSWEETGLASGOW|G41
SC629996,FIVE STAR PRIZES LIMITED,active,ltd,2019-05-09,Clyde Offices 2nd Floor,48 West George Street,Glasgow,G2 1BP,United Kingdom,['96090'],FIVESTARPRIZES,G2,FIVESTARPRIZES|G2
SC631470,RKF SERVICES LIMITED,active,ltd,2019-05-24,164 Balgowan Avenue,,Dundee,DD3 0JX,Scotland,['09100'],RKF,DD3,RKF|DD3
SC638180,RJB PLANNING LTD,active,ltd,2019-08-07,19 Gopher Avenue,Uddingston,Glasgow,G71 5HR,Scotland,['61900'],RJBPLANNING,G71,RJBPLANNING|G71
SC632487,EDINDALE LIMITED,active,ltd,2019-06-05,Mccallum Associates Wymet House,87 New Row,Dunfermline,KY12 7DZ,Scotland,['56101'],EDINDALE,KY12,EDINDALE|KY12
SC637682,MAXNASE LTD,active,ltd,2019-08-01,17 Carron Place,,Eastkilbride,G75 0YL,United Kingdom,['45200'],MAXNASE,G75,MAXNASE|G75
10750426,HEADINGLEY NORTH-SOUTH STAND (CRICKET) LIMITED,active,ltd,2017-05-03,Headingley Cricket Ground,Kirkstall Lane,Leeds,LS6 3DP,England,['93110'],HEADINGLEYNORTHSOUTHSTANDCRICKET,LS6,HEADINGLEYNORTHSOUTHSTANDCRICKET|LS6
SC628145,LANARK FB 2019 LTD,active,ltd,2019-04-18,71 Wellgate,,Lanark,ML11 9DS,Scotland,['56103'],LANARKFB2019,ML11,LANARKFB2019|ML11
SC637064,SUPREME INNOVATIVE SOLUTIONS LIMITED,active,ltd,2019-07-25,24 Alness Crescent Glasgow,Alness Crescent,Glasgow,G52 1PJ,Scotland,"['43210', '43220', '43310', '43320']",SUPREMEINNOVATIVESOLUTIONS,G52,SUPREMEINNOVATIVESOLUTIONS|G52
SC634241,GALLUS STREETFOOD LTD,active,ltd,2019-06-24,272 Bath Street,,Glasgow,G2 4JR,Scotland,"['56101', '56102', '56210']",GALLUSSTREETFOOD,G2,GALLUSSTREETFOOD|G2
SC635866,C OWEN CONTRACTS LTD,active,ltd,2019-07-11,43 Rosebank Drive,Uddingston,Glasgow,G71 5AG,Scotland,['41202'],COWENCONTRACTS,G71,COWENCONTRACTS|G71
SC640194,L&D AUTOBODYWORK LTD,active,ltd,2019-08-29,35 Hatton Place,Rattray,Blairgowrie,PH10 7AN,Scotland,['45200'],LANDDAUTOBODYWORK,PH10,LANDDAUTOBODYWORK|PH10
SC630661,BREWSTER UTILITY SERVICES LTD,active,ltd,2019-05-16,C/O 64 Castlehill Rd,Castlehill Road,Fochabers,IV32 7LA,Scotland,['41201'],BREWSTERUTILITY,IV32,BREWSTERUTILITY|IV32
SC637756,LOCHMILL LTD,active,ltd,2019-08-02,18 Greentree Drive,Baillieston,Glasgow,G69 7UW,United Kingdom,"['45112', '68100', '68209']",LOCHMILL,G69,LOCHMILL|G69
SC639515,STATION FLORISTS (GLASGOW) LIMITED,active,ltd,2019-08-22,"C/O Brechin, Cole-Hamilton & Co Pr Print Building",268 Nuneaton Street,Glasgow,G40 3DX,United Kingdom,['47760'],STATIONFLORISTSGLASGOW,G40,STATIONFLORISTSGLASGOW|G40
SC637113,LAREUB CONSULTANCY LTD,active,ltd,2019-07-25,22 Greenoakhill Gate,Uddingston,Glasgow,G71 7PR,United Kingdom,['71122'],LAREUBCONSULTANCY,G71,LAREUBCONSULTANCY|G71
SC629794,FLAKES DESSERT PARLOUR LTD,active,ltd,2019-05-08,13a Claymore Centre,16 Kinclaven Gardens,Glenrothes,KY7 4UR,United Kingdom,['56290'],FLAKESDESSERTPARLOUR,KY7,FLAKESDESSERTPARLOUR|KY7
SC638896,PT DRIVER LTD,active,ltd,2019-08-15,3 Dava Street,,Glasgow,G51 2JA,Scotland,['49410'],PTDRIVER,G51,PTDRIVER|G51
SC634443,EDINBURGH DRIVINCI LTD,active,ltd,2019-06-26,67 Tryst Park,,Edinburgh,EH10 7HB,United Kingdom,['82110'],EDINBURGHDRIVINCI,EH10,EDINBURGHDRIVINCI|EH10
SC638886,AL'S BISTRO COMPANY LIMITED,active,ltd,2019-08-15,152 High Street,,Dalkeith,EH22 1AY,Scotland,['56101'],ALSBISTROCOMPANY,EH22,ALSBISTROCOMPANY|EH22
SC633042,BUSINESS HEALTH GURU LTD,active,ltd,2019-06-11,Flat 2/1 561 Royston Road Royston Road,,Glasgow,G21 2DJ,Scotland,['82990'],BUSINESSHEALTHGURU,G21,BUSINESSHEALTHGURU|G21
SC635808,SJB PLUMBING AND HEATING (AYRSHIRE) LTD,active,ltd,2019-07-11,8a Hopes Avenue,,Dalmellington,KA6 7RN,Scotland,['96090'],SJBPLUMBINGANDHEATINGAYRSHIRE,KA6,SJBPLUMBINGANDHEATINGAYRSHIRE|KA6
SC639624,PT CLEAN LTD,active,ltd,2019-08-22,150 Nithsdale Road,,Glasgow,G41 5RB,Scotland,['81210'],PTCLEAN,G41,PTCLEAN|G41
SC632520,TASTY CAFE GLASGOW LIMITED,active,ltd,2019-06-05,6 Fullarton Bank,,Tranent,EH33 1EY,Scotland,['56102'],TASTYCAFEGLASGOW,EH33,TASTYCAFEGLASGOW|EH33
SC638190,SCOTIA PIPE SERICES LTD,active,ltd,2019-08-07,50 Izatt Avenue,,Dunfermline,KY11 3BJ,United Kingdom,['43220'],SCOTIAPIPESERICES,KY11,SCOTIAPIPESERICES|KY11
SC634251,EPTEC LTD,active,ltd,2019-06-24,Kirtle Manse,Kirtlebridge,Lockerbie,DG11 3LY,United Kingdom,"['71121', '71122', '71129']",EPTEC,DG11,EPTEC|DG11
11979727,RSK ACCOUNTANTS LIMITED,active,ltd,2019-05-03,3 Court Road,Ickenham,Uxbridge,UB10 8TE,United Kingdom,"['69201', '69202', '69203']",RSKACCOUNTANTS,UB10,RSKACCOUNTANTS|UB10
SC638337,KINETIC GAS SERVICES LTD,active,ltd,2019-08-08,Unit 3 Morris Park,37 Rosyth Road,Glasgow,G5 0YE,Scotland,['43220'],KINETICGAS,G5,KINETICGAS|G5
SC628093,BELLSHILL GYM LTD,active,ltd,2019-04-18,22 Backbrae Street Kilsyth,,Glasgow,G65 0NH,United Kingdom,['93130'],BELLSHILLGYM,G65,BELLSHILLGYM|G65
SC629484,DYNOBUSTER AND SON LTD,active,ltd,2019-05-03,44 Grant Street,,Alloa,FK10 1ND,Scotland,['81222'],DYNOBUSTERANDSON,FK10,DYNOBUSTERANDSON|FK10
SC639033,HIGHLAND MACHINERY DEALERS & PLANT HIRE LTD,active,ltd,2019-08-16,Hmd Offices Lairgandour,Daviot,Inverness,IV2 5XQ,Scotland,"['46630', '77320']",HIGHLANDMACHINERYDEALERSANDPLANTHIRE,IV2,HIGHLANDMACHINERYDEALERSANDPLANTHIRE|IV2
SC628398,RYKY THERM LIMITED,active,ltd,2019-04-23,15 Kintyre Court,,Stranraer,DG9 0EL,Scotland,['41202'],RYKYTHERM,DG9,RYKYTHERM|DG9
SC629108,RELY RECRUIT LIMITED,active,ltd,2019-04-30,"Red Tree Magenta, Glasgow Road",Rutherglen,Glasgow,G73 1SA,Scotland,['62090'],RELYRECRUIT,G73,RELYRECRUIT|G73
SC635340,CCH TRUCKING LIMITED,active,ltd,2019-07-05,185 Coalburn Road,Coalburn,Lanark,ML11 0LU,Scotland,['49410'],CCHTRUCKING,ML11,CCHTRUCKING|ML11
SC639016,FLAWLESS GLASGOW TRAINING ACADEMY LTD,active,ltd,2019-08-16,125 Dumbarton Road,,Glasgow,G11 6PR,Scotland,['85590'],FLAWLESSGLASGOWTRAININGACADEMY,G11,FLAWLESSGLASGOWTRAININGACADEMY|G11
SC628642,AVE ELECTRONICS & TV PARTS LIMITED,active,ltd,2019-04-25,122 City Road City Road,,Dundee,DD2 2PW,Scotland,['46439'],AVEELECTRONICSANDTVPARTS,DD2,AVEELECTRONICSANDTVPARTS|DD2
SC631183,AMDG ENGINEERING LTD,active,ltd,2019-05-22,Flat 3/3 20 Afton Street,,Glasgow,G41 3BU,Scotland,['71129'],AMDGENGINEERING,G41,AMDGENGINEERING|G41
SC633676,MILLER RAIL SERVICES LTD,active,ltd,2019-06-18,Mill House Larbert Mill,Stirling Road,Larbert,FK5 3NH,Scotland,['42120'],MILLERRAIL,FK5,MILLERRAIL|FK5
SC636548,SHOP LOCAL GLASGOW LTD,active,ltd,2019-07-19,"Newsplus, 3 Gordon Street",,Glasgow,G1 3PL,Scotland,['46390'],SHOPLOCALGLASGOW,G1,SHOPLOCALGLASGOW|G1
SC630212,FASHION & BEAUTY LTD,active,ltd,2019-05-13,Flat 4 Graham Street,,Airdrie,ML6 6BU,Scotland,['96020'],FASHIONANDBEAUTY,ML6,FASHIONANDBEAUTY|ML6
SC629668,VICKY FOOD LTD,active,ltd,2019-05-07,164 Strathmartine Road,,Dundee,DD3 8DQ,Scotland,['10890'],VICKYFOOD,DD3,VICKYFOOD|DD3
SC638777,ROCLAR LTD,active,ltd,2019-08-14,272 Bath Street,,Glasgow,G2 4JR,Scotland,['46750'],ROCLAR,G2,ROCLAR|G2
SC638316,ESR LOGISTICS LTD,active,ltd,2019-08-08,Moffat Business Enterprise,Forrest Street,Airdrie,ML6 7AG,Scotland,['53202'],ESRLOGISTICS,ML6,ESRLOGISTICS|ML6
SC633097,PINACLE PROJECT MANAGEMENT LIMITED,active,ltd,2019-06-11,35 Panbrae Road,,Bo'Ness,EH51 0EN,Scotland,"['41100', '42990']",PINACLEPROJECTMANAGEMENT,EH51,PINACLEPROJECTMANAGEMENT|EH51
SC637339,HOME STOP GIRVAN LTD,active,ltd,2019-07-30,19 Dalrymple Street,,Girvan,KA26 9EU,Scotland,"['47520', '47650']",HOMESTOPGIRVAN,KA26,HOMESTOPGIRVAN|KA26
SC628075,NEWS 2 YOU LTD,active,ltd,2019-04-18,7 Larch Road,,Cumbernauld,G67 3AZ,Scotland,['47620'],NEWS2YOU,G67,NEWS2YOU|G67
SC633497,WRKF LIMITED,active,ltd,2019-06-14,7 Belhaven Terrace,,Edinburgh,EH10 5HZ,Scotland,['56102'],WRKF,EH10,WRKF|EH10
SC627928,TBC BRUNCH LTD,active,ltd,2019-04-17,63 Dunnock Road,,Dunfermline,KY11 8QE,Scotland,['56101'],TBCBRUNCH,KY11,TBCBRUNCH|KY11
SC633360,AFGHAN KITCHEN LTD,active,ltd,2019-06-13,151 / 6 Balmoral Street,,Glasgow,G14 0HB,Scotland,['47290'],AFGHANKITCHEN,G14,AFGHANKITCHEN|G14
SC633755,JJ FAB LTD,active,ltd,2019-06-19,24 Iona Gardens,Old Kilpatrick,Glasgow,G60 5NY,United Kingdom,['25990'],JJFAB,G60,JJFAB|G60
SC635031,PREMIER ENVIRONMENTAL SERVICES LIMITED,active,ltd,2019-07-02,Lawton Stable Cottage,Coupar Angus,Blairgowrie,PH13 9PW,Scotland,['74901'],PREMIERENVIRONMENTAL,PH13,PREMIERENVIRONMENTAL|PH13
SC639478,TSLC (NO.3) LTD,active,ltd,2019-08-21,Office 30 Haypark Business Centre,Marchmont Avenue,Polmont,FK2 0NZ,Scotland,['81299'],TSLCNO3,FK2,TSLCNO3|FK2
SC634460,DALGLIESH LTD,active,ltd,2019-06-26,58 Long Lane,Broughty Ferry,Dundee,DD5 1HH,Scotland,['56101'],DALGLIESH,DD5,DALGLIESH|DD5
SC637371,GRC DEVELOPMENTS (TRADING) LIMITED,active,ltd,2019-07-30,Unit 13b Lawside Dye Works,47 Byron Street,Dundee,DD3 6QT,United Kingdom,['68320'],GRCDEVELOPMENTSTRADING,DD3,GRCDEVELOPMENTSTRADING|DD3
SC639254,G MCNICOL LTD,active,ltd,2019-08-20,12 Hillside Place,,Newmilns,KA16 9EH,Scotland,['62090'],GMCNICOL,KA16,GMCNICOL|KA16
SC638427,BREEZE BRIDGE LIMITED,active,ltd,2019-08-09,42a Prestwick Road,,Ayr,KA8 8LB,Scotland,['56101'],BREEZEBRIDGE,KA8,BREEZEBRIDGE|KA8
SC634167,PMCN SERVICES LTD,active,ltd,2019-06-24,89 Park Road Park Road,,Hamilton,ML3 6PD,United Kingdom,['71129'],PMCN,ML3,PMCN|ML3
SC637260,ALMO'S FISH LTD,active,ltd,2019-07-29,170 South Street,Armadale,Bathgate,EH48 3JU,United Kingdom,['56103'],ALMOSFISH,EH48,ALMOSFISH|EH48
SC638455,ANDREW D SCOTT LTD,active,ltd,2019-08-09,1 Brora Place,Crossford,Dunfermline,KY12 8YP,United Kingdom,['43210'],ANDREWDSCOTT,KY12,ANDREWDSCOTT|KY12
SC631009,COMPLETE ROOFING SOLUTIONS LTD,active,ltd,2019-05-21,11 Bond Court,,Glasgow,G43 1AD,United Kingdom,"['41100', '41202', '43320', '43910']",COMPLETEROOFINGSOLUTIONS,G43,COMPLETEROOFINGSOLUTIONS|G43
SC634749,KAYLEIGHMILLER37 LIMITED,active,ltd,2019-06-28,21 Birmingham Road,,Renfrew,PA4 8EA,Scotland,['30110'],KAYLEIGHMILLER37,PA4,KAYLEIGHMILLER37|PA4
SC630389,MLE LTD,active,ltd,2019-05-14,14 14 St. Andrews Street,,Glasgow,G1 5PD,Scotland,['42120'],MLE,G1,MLE|G1
SC639074,FERGUSON AEROSPACE LTD,active,ltd,2019-08-16,6 Alexander Place,,Stevenston,KA20 3AE,Scotland,['33160'],FERGUSONAEROSPACE,KA20,FERGUSONAEROSPACE|KA20
SC638274,TROPICAL MARINE ABERDEEN LTD,active,ltd,2019-08-08,"Unit 4, Jesmond Drive",Bridge Of Don,Aberdeen,AB21 9NP,United Kingdom,['03210'],TROPICALMARINEABERDEEN,AB21,TROPICALMARINEABERDEEN|AB21
10850966,PLANETWORKS UK LTD,active,ltd,2017-07-05,239-241 Kennington Lane,,London,SE11 5QU,England,"['46180', '73120']",PLANETWORKS,SE11,PLANETWORKS|SE11
SC635299,FOOD INTERNATIONAL EXPORT LTD,active,ltd,2019-07-05,1-4 Old Infirmary Lane,,Edinburgh,EH1 1LU,Scotland,['70229'],FOODINTERNATIONALEXPORT,EH1,FOODINTERNATIONALEXPORT|EH1
09738057,HASHROOT LIMITED,active,ltd,2015-08-18,First Floor Office 19,Hercules Way,Farnborough,GU14 6UU,United Kingdom,['62090'],HASHROOT,GU14,HASHROOT|GU14
SC640066,SQALABS LIMITED,active,ltd,2019-08-28,Flat 3 14 Appin Place,,Edinburgh,EH14 1NJ,Scotland,['62020'],SQALABS,EH14,SQALABS|EH14
SC630015,WEST COAST TAVERNS LTD,active,ltd,2019-05-10,8 Inverkip Street,,Greenock,PA15 1SZ,Scotland,"['56101', '56302']",WESTCOASTTAVERNS,PA15,WESTCOASTTAVERNS|PA15
SC631271,AKS MEAT SUPPLIES LTD,active,ltd,2019-05-23,Beechcroft,Blackhill Rd,Forth,ML11 8ET,Scotland,['46320'],AKSMEATSUPPLIES,ML11,AKSMEATSUPPLIES|ML11
SC637933,GORDONS 336 LTD,active,ltd,2019-08-05,10 Newton Place,,Glasgow,G3 7PR,Scotland,['56103'],GORDONS336,G3,GORDONS336|G3
SC639846,LUX HOTELS LTD,active,ltd,2019-08-27,The Lodge On The Loch Hotel,Onich,Fort William,PH33 6RY,Scotland,['55100'],LUXHOTELS,PH33,LUXHOTELS|PH33
SC639479,AIRDRIE RAW DOG FOOD LIMITED,active,ltd,2019-08-21,77 Stirling Street,,Airdrie,ML6 0AS,Scotland,['47220'],AIRDRIERAWDOGFOOD,ML6,AIRDRIERAWDOGFOOD|ML6
SC631125,NM CLEANING LIMITED,active,ltd,2019-05-22,12 Southcroft Southcroft,,Alva,FK12 5AZ,Scotland,['96090'],NMCLEANING,FK12,NMCLEANING|FK12
08190540,JIT PATEL CONSULTANCY SERVICES LIMITED,active,ltd,2012-08-24,Suite 4 Stanmore Towers,8-14 Church Road,Stanmore,HA7 4AW,,['70229'],JITPATELCONSULTANCY,HA7,JITPATELCONSULTANCY|HA7
12140246,JORYEVAH LTD,active,ltd,2019-08-06,209 Speedwell Road,,Bristol,BS5 7SP,United Kingdom,['96090'],JORYEVAH,BS5,JORYEVAH|BS5
12758485,BREAKING GROUND PROJECTS LTD,active,ltd,2020-07-21,90 Barlow Drive South,Awsworth,Nottingham,NG16 2RR,England,['43999'],BREAKINGGROUNDPROJECTS,NG16,BREAKINGGROUNDPROJECTS|NG16
03507481,THE PROPERTY AND COMMODITY COMPANY LIMITED,active,ltd,1998-02-10,1 Abinger Road,London,,W4 1EY,,['68209'],THEPROPERTYANDCOMMODITYCOMPANY,W4,THEPROPERTYANDCOMMODITYCOMPANY|W4
08708400,ALERTA LTD,active,ltd,2013-09-27,"Fleet House,","Unit 3, 1 Armstrong Road",Benfleet,SS7 4FH,England,['62090'],ALERTA,SS7,ALERTA|SS7
12520687,FIRST EXHIBITION (HOLDINGS) LIMITED,active,ltd,2020-03-17,Venture House The Tanneries,East Street,Titchfield,PO14 4AR,United Kingdom,['49320'],FIRSTEXHIBITIONHOLDINGS,PO14,FIRSTEXHIBITIONHOLDINGS|PO14
02166459,DE SMITH FEINER LTD,active,ltd,1987-09-17,118 Piccadilly,,London,W1J 7NW,United Kingdom,['68209'],DESMITHFEINER,W1J,DESMITHFEINER|W1J
11062015,MOSHOG LTD,active,ltd,2017-11-14,1149 Sherman Road,,Bromley,BR1 9UZ,United Kingdom,"['69201', '74909', '82990', '96090']",MOSHOG,BR1,MOSHOG|BR1
05021645,DIVINE WEALTH MANAGEMENT LIMITED,active,ltd,2004-01-21,1 Huddleston Way,,Sawston,CB22 3SW,,['66220'],DIVINEWEALTHMANAGEMENT,CB22,DIVINEWEALTHMANAGEMENT|CB22
06184676,WANT2BTHERE LTD,active,ltd,2007-03-26,"Shortlands 5th Floor, 3 Shortlands",Hammersmith,London,W6 8DA,England,['79110'],WANT2BTHERE,W6,WANT2BTHERE|W6
10790325,T&N PROPERTIES LTD,active,ltd,2017-05-25,17 Claremont Road,,Wolverhampton,WV3 0EA,England,['68201'],TANDNPROPERTIES,WV3,TANDNPROPERTIES|WV3
11360832,LW CONSULTING LTD,active,ltd,2018-05-14,Unit 14 63 Jeddo Road,,London,W12 9EE,England,"['42120', '46140', '71122']",LWCONSULTING,W12,LWCONSULTING|W12
02713716,CANTREL LODGE MANAGEMENT COMPANY LIMITED,active,ltd,1992-05-12,Saxon House,6a St Andrew Street,Hertford,SG14 1JA,England,['98000'],CANTRELLODGEMANAGEMENTCOMPANY,SG14,CANTRELLODGEMANAGEMENTCOMPANY|SG14
04711993,SATURN PLUMBING AND HEATING LIMITED,active,ltd,2003-03-26,1 Craftsman Square,Temple Farm Industrial Estate,Southend-On-Sea,SS2 5RH,England,['43220'],SATURNPLUMBINGANDHEATING,SS2,SATURNPLUMBINGANDHEATING|SS2
12598844,NIPPERBOUT DIGITAL LTD,active,ltd,2020-05-13,Chandos House,School Lane,Buckingham,MK18 1HD,United Kingdom,['85590'],NIPPERBOUTDIGITAL,MK18,NIPPERBOUTDIGITAL|MK18
07248994,360 COMMERCIAL ENVIRONMENTS LIMITED,active,ltd,2010-05-11,Units 2-3 Blounts Farm,"Blounts Court Road, Sonning Common",Reading,RG4 9PA,,['43390'],360COMMERCIALENVIRONMENTS,RG4,360COMMERCIALENVIRONMENTS|RG4
05117712,PUBLISHING ON THE WEB LIMITED,active,ltd,2004-05-04,Glenthorne House,High Street East Meon,Petersfield,GU32 1PX,,['58190'],PUBLISHINGONTHEWEB,GU32,PUBLISHINGONTHEWEB|GU32
07869057,IQ PROPERTY DEVELOPMENT CONSTRUCTION LIMITED,active,ltd,2011-12-02,72 Great Suffolk Street,,London,SE1 0BL,England,['68320'],IQPROPERTYDEVELOPMENTCONSTRUCTION,SE1,IQPROPERTYDEVELOPMENTCONSTRUCTION|SE1
08781218,G3 DIGITAL LTD,active,ltd,2013-11-19,Unit 3 Carlisle House,Goole Business Centre Carlisle Street,Goole,DN14 5DS,,['74100'],G3DIGITAL,DN14,G3DIGITAL|DN14
06367119,TGI SPORT LTD,active,ltd,2007-09-11,5-6 Henrietta Street,,London,WC2E 8PS,England,['77390'],TGISPORT,WC2E,TGISPORT|WC2E
10733021,ABOVE BELOW LTD.,active,ltd,2017-04-20,3 Cheviot Road,West Norwood,London,SE27 0LF,United Kingdom,['14190'],ABOVEBELOW,SE27,ABOVEBELOW|SE27
04413309,RABASSE MUSIC LIMITED,active,ltd,2002-04-10,35 Ballards Lane,,London,N3 1XW,United Kingdom,"['59200', '90010']",RABASSEMUSIC,N3,RABASSEMUSIC|N3
NI043676,TIM MULLEN RACING LIMITED,active,ltd,2002-07-10,50 Portmore Street,Portadown,Craigavon,BT62 3NF,,['93199'],TIMMULLENRACING,BT62,TIMMULLENRACING|BT62
11340360,BRINNOVATE LTD,active,ltd,2018-05-01,46 John Repton Gardens,,Bristol,BS10 6TH,United Kingdom,"['62020', '62090']",BRINNOVATE,BS10,BRINNOVATE|BS10
06193633,ABHA LIMITED,active,ltd,2007-03-30,1b First Floor,142 Johnson Street,Southall,UB2 5FD,United Kingdom,['47710'],ABHA,UB2,ABHA|UB2
06766593,VERTIGOWOOD LTD,active,ltd,2008-12-05,Kings Suite 4th Floor Amba House,15 College Road,Harrow,HA1 1BA,,"['41100', '43330', '68100', '68209']",VERTIGOWOOD,HA1,VERTIGOWOOD|HA1
05713713,AQUATILERS LIMITED,active,ltd,2006-02-17,10 Cedarwood Close,Tyldesley,Manchester,M29 7TU,England,['43330'],AQUATILERS,M29,AQUATILERS|M29
11920046,PERSONALISE THAT LIMITED,active,ltd,2019-04-02,43 King Edwards Drive,,Harrogate,HG1 4HA,United Kingdom,['82990'],PERSONALISETHAT,HG1,PERSONALISETHAT|HG1
SC652559,COCKTAIL SHAKER BARS LIMITED,active,ltd,2020-01-24,3 Session Street,,Dundee,DD1 5DN,Scotland,['56302'],COCKTAILSHAKERBARS,DD1,COCKTAILSHAKERBARS|DD1
SC641049,CENTRAL SCOTLAND HEATING LTD,active,ltd,2019-09-09,1 Glenmore,Whitburn,Bathgate,EH47 8NP,Scotland,['95220'],CENTRALSCOTLANDHEATING,EH47,CENTRALSCOTLANDHEATING|EH47
SC651979,MCCURRY LIMITED,active,ltd,2020-01-20,318 Killin Street,,Glasgow,G32 9TL,Scotland,"['16230', '43320']",MCCURRY,G32,MCCURRY|G32
SC640850,CAFE MALATSO LIMITED,active,ltd,2019-09-05,2 Orchard Grove,,Kilmacolm,PA13 4HQ,Scotland,['56102'],CAFEMALATSO,PA13,CAFEMALATSO|PA13
SC649783,PIZZA NAPOLETANA LTD,active,ltd,2019-12-17,85 Dalry Road,,Edinburgh,EH11 2AA,Scotland,['56101'],PIZZANAPOLETANA,EH11,PIZZANAPOLETANA|EH11
SC647389,SCORTEQ TRADING LTD,active,ltd,2019-11-18,4 Dunglass Place,Newton Mearns,Glasgow,G77 6XS,Scotland,['56103'],SCORTEQTRADING,G77,SCORTEQTRADING|G77
SC655033,LEASE RETAIL SCO LIMITED,active,ltd,2020-02-19,Post Office 224-226 Main Street,224-226,Bellshill,ML4 1AA,Scotland,['47110'],LEASERETAILSCO,ML4,LEASERETAILSCO|ML4
01055939,SHELBOURNE REYNOLDS ENGINEERING LIMITED,active,ltd,1972-05-25,Shepherds Grove Industrial Estate,Stanton,Bury St. Edmunds,IP31 2AR,,['28302'],SHELBOURNEREYNOLDSENGINEERING,IP31,SHELBOURNEREYNOLDSENGINEERING|IP31
SC645623,MENZO LTD,active,ltd,2019-10-29,34 Princes Square,East Kilbride,Glasgow,G74 1LJ,Scotland,['47510'],MENZO,G74,MENZO|G74
10691458,ALBERTO COMPANY (LONDON) LIMITED,active,ltd,2017-03-27,Flat 3 Balcombe House,Streatham Hill,London,SW2 4AP,United Kingdom,['43999'],ALBERTOCOMPANYLONDON,SW2,ALBERTOCOMPANYLONDON|SW2
SC641008,PENTLAND ENTERPRISES LTD,active,ltd,2019-09-09,Glen Cottage,Glen Cottage,Penicuik,EH26 0PP,Scotland,['70229'],PENTLANDENTERPRISES,EH26,PENTLANDENTERPRISES|EH26
SC652952,VALLEY PLANT & CONTRACTING LTD,active,ltd,2020-01-28,28-30 North Street,,Dalry,KA24 5DW,United Kingdom,['41100'],VALLEYPLANTANDCONTRACTING,KA24,VALLEYPLANTANDCONTRACTING|KA24
SC646186,BERNARD MCINNES LTD,active,ltd,2019-11-05,81 Kilmaurs Road,,Kilmarnock,KA3 1NU,Scotland,['43910'],BERNARDMCINNES,KA3,BERNARDMCINNES|KA3
SC644704,ROSYTH FOODS LTD,active,ltd,2019-10-17,"99, Unit B Backmarch Road",Rosyth,Dunfermline,KY11 2RP,Scotland,['56103'],ROSYTHFOODS,KY11,ROSYTHFOODS|KY11
SC646784,DESIRE PARKHEAD LTD,active,ltd,2019-11-11,29 Lamington Road,Cardonald,Glasgow,G52 2SE,Scotland,['47710'],DESIREPARKHEAD,G52,DESIREPARKHEAD|G52
SC652970,OCCASIONS RETAIL LIMITED,active,ltd,2020-01-28,52-54 High Street,,Crieff,PH7 3BS,Scotland,['47190'],OCCASIONSRETAIL,PH7,OCCASIONSRETAIL|PH7
SC653545,KLX MOTORS LIMITED,active,ltd,2020-02-04,Unit 1 70 Kelburn Street,,Barrhead,G78 1LR,Scotland,['45200'],KLXMOTORS,G78,KLXMOTORS|G78
SC641609,GARRDEN SERVICES LTD,active,ltd,2019-09-13,17 Woodford Place,Linwood,Paisley,PA3 3QE,Scotland,['81300'],GARRDEN,PA3,GARRDEN|PA3
SC649220,ORBIS ENERGY INNOVATIONS LTD,active,ltd,2019-12-09,"Morven,",Kingswells,Aberdeen,AB15 8PY,Scotland,['43290'],ORBISENERGYINNOVATIONS,AB15,ORBISENERGYINNOVATIONS|AB15
11867828,H.Z.E LIMITED,active,ltd,2019-03-07,24 Lexden Road,,Seaford,BN25 3BT,United Kingdom,['56103'],HZE,BN25,HZE|BN25
SC651686,RKM BROTHERS BUILDING SERVICES LTD.,active,ltd,2020-01-15,Unit 2 253 Glasgow Road,Rutherglen,Glasgow,G73 1SU,Scotland,['70229'],RKMBROTHERSBUILDING,G73,RKMBROTHERSBUILDING|G73
SC641693,RBL JOINERY LIMITED,active,ltd,2019-09-16,"3/1, 5 Nelson Street",,Greenock,PA15 1TP,Scotland,['41202'],RBLJOINERY,PA15,RBLJOINERY|PA15
SC645558,BOHO MOFO LTD,active,ltd,2019-10-28,52 Acacia Way,Cambuslang,Glasgow,G72 7ZY,Scotland,['47910'],BOHOMOFO,G72,BOHOMOFO|G72
SC643296,KEBABISH EDINBURGH LIMITED,active,ltd,2019-10-02,128 Dalry Road,,Edinburgh,EH11 2EZ,Scotland,['56102'],KEBABISHEDINBURGH,EH11,KEBABISHEDINBURGH|EH11
11729463,STAR VALETING CENTRE LTD,active,ltd,2018-12-17,354 Uxbridge Road,,Southall,UB1 3EJ,United Kingdom,['81222'],STARVALETINGCENTRE,UB1,STARVALETINGCENTRE|UB1
SC651097,BLACKHORSE CAFE & BISTRO LIMITED,active,ltd,2020-01-10,50 Island Street,,Galashiels,TD1 1NU,,['56102'],BLACKHORSECAFEANDBISTRO,TD1,BLACKHORSECAFEANDBISTRO|TD1
SC640604,WASH PAISLEY LTD,active,ltd,2019-09-03,Old Glenburn Filling Station,Glenburn Road,Paisley,PA2 8TA,Scotland,['45200'],WASHPAISLEY,PA2,WASHPAISLEY|PA2
02527797,THE PRINTERS 90 LIMITED,active,ltd,1990-08-03,Unit 5 Kings Wharf,301 Kingsland Road,London,E8 4DS,,['18129'],THEPRINTERS90,E8,THEPRINTERS90|E8
SC651835,KJD COSMETICS LTD,active,ltd,2020-01-16,63 Dunnock Road,,Dunfermline,KY11 8QE,Scotland,['96020'],KJDCOSMETICS,KY11,KJDCOSMETICS|KY11
02458941,KALIBER SYSTEMS LIMITED,active,ltd,1990-01-12,260 - 270 Butterfield Great Marlings,,Luton,LU2 8DL,England,['62020'],KALIBERSYSTEMS,LU2,KALIBERSYSTEMS|LU2
09981932,ZANDER & BLACK LIMITED,active,ltd,2016-02-02,36 Bancroft Road,,Luton,LU3 2NB,England,['70229'],ZANDERANDBLACK,LU3,ZANDERANDBLACK|LU3
00179384,STRATFORD-ON-AVON RACECOURSE COMPANY LIMITED,active,ltd,1922-01-31,Barclays Bank Chambers,Stratford-Upon-Avon,,CV37 6AH,,['93290'],STRATFORDONAVONRACECOURSECOMPANY,CV37,STRATFORDONAVONRACECOURSECOMPANY|CV37
10815086,PICKUP PROPERTY INVESTMENTS LIMITED,active,ltd,2017-06-12,20 Clear View Close,,Hull,HU8 9GA,England,"['68100', '68209']",PICKUPPROPERTYINVESTMENTS,HU8,PICKUPPROPERTYINVESTMENTS|HU8
11495839,AG COMMERCE LTD,active,ltd,2018-08-02,262 Uxbridge Road,,Hatch End,HA5 4HS,England,['96090'],AGCOMMERCE,HA5,AGCOMMERCE|HA5
05516945,ST BONIFACE VETERINARY CLINIC LIMITED,active,ltd,2005-07-25,Exeter Road,,Crediton,EX17 3BN,,['75000'],STBONIFACEVETERINARYCLINIC,EX17,STBONIFACEVETERINARYCLINIC|EX17
09434517,PHARMACELL MEDICATION SYSTEMS LIMITED,active,ltd,2015-02-11,Market House 10 Market Walk,,Saffron Walden,CB10 1JZ,,['27900'],PHARMACELLMEDICATIONSYSTEMS,CB10,PHARMACELLMEDICATIONSYSTEMS|CB10
NI652931,DMR MECHANICAL LTD,active,ltd,2018-05-10,115 Aughrim Road,Castledawson,Magherafelt,BT45 8HB,Northern Ireland,['43220'],DMRMECHANICAL,BT45,DMRMECHANICAL|BT45
10149602,GAEA TRIAL ACCELERATION LIMITED,active,ltd,2016-04-27,1 Broadcar Road,,Macclesfield,SK11 0AQ,England,['70229'],GAEATRIALACCELERATION,SK11,GAEATRIALACCELERATION|SK11
09901667,ELLA TYRES LTD,active,ltd,2015-12-03,2 Cawley Hatch,,Harlow,CM19 5AN,United Kingdom,"['22110', '45200']",ELLATYRES,CM19,ELLATYRES|CM19
09963775,KUMENS LIMITED,active,ltd,2016-01-21,50 Westfield Close,Lots Road,London,SW10 0RQ,United Kingdom,['42120'],KUMENS,SW10,KUMENS|SW10
09981784,MAYA CUISINE WILTSHIRE LTD,active,ltd,2016-02-02,32a George Street,,Warminster,BA12 8QB,England,['56101'],MAYACUISINEWILTSHIRE,BA12,MAYACUISINEWILTSHIRE|BA12
09961577,REMEDIX GROUP LTD,active,ltd,2016-01-20,Kemp House 152-160 City Road,,London,EC1V 2NX,,['96020'],REMEDIX,EC1V,REMEDIX|EC1V
SC317952,CRANE MAINTAIN LTD,active,ltd,2007-03-07,Unit 53 Hagmill Road,Shawhead Industrial Estate,Coatbridge,ML5 4XD,,['33120'],CRANEMAINTAIN,ML5,CRANEMAINTAIN|ML5
10146931,AC ENERGY CONSULTING LTD,active,ltd,2016-04-26,63/66 Hatton Garden,"Fifth Floor, Suite 23",London,EC1N 8LE,England,"['70229', '74909']",ACENERGYCONSULTING,EC1N,ACENERGYCONSULTING|EC1N
07325816,IFT WEALTH MANAGEMENT LTD,active,ltd,2010-07-26,Spring Lea,Ovenden Wood Road,Halifax,HX2 0TQ,,['64999'],IFTWEALTHMANAGEMENT,HX2,IFTWEALTHMANAGEMENT|HX2
09965839,GMG08 LIMITED,active,ltd,2016-01-22,86-90 Paul Street 3rd Floor,86-90 Paul Street,London,EC2A 4NE,England,"['80100', '80200', '84120', '85520']",GMG08,EC2A,GMG08|EC2A
09974680,WE SELL BEATS LTD,active,ltd,2016-01-28,23 Severn Way,,London,NW10 2UU,United Kingdom,['59200'],WESELLBEATS,NW10,WESELLBEATS|NW10
10327696,AG PERFORMANCE SOLUTIONS LIMITED,active,ltd,2016-08-12,16 Pearl Way,Kings Hill,West Malling,ME19 4EJ,United Kingdom,['70229'],AGPERFORMANCESOLUTIONS,ME19,AGPERFORMANCESOLUTIONS|ME19
04691016,OX DROVE FARM LIMITED,active,ltd,2003-03-07,Ox Drove Farm,Burghclere,Newbury,RG20 9DU,England,['82990'],OXDROVEFARM,RG20,OXDROVEFARM|RG20
11880137,JENKINS LETTINGS LIMITED,active,ltd,2019-03-13,"Suite 17, Essex House",Station Road,Upminster,RM14 2SJ,England,['68320'],JENKINSLETTINGS,RM14,JENKINSLETTINGS|RM14
06790637,SD JONES TRADING LIMITED,active,ltd,2009-01-14,1 Pond Lane,Bentfield Road,Stansted,CM24 8JG,England,['82990'],SDJONESTRADING,CM24,SDJONESTRADING|CM24
09219511,TRANSCEND CONSULTING LIMITED,active,ltd,2014-09-16,1 Derwent Business Centre,Clarke Street,Derby,DE1 2BU,England,['70229'],TRANSCENDCONSULTING,DE1,TRANSCENDCONSULTING|DE1
09734017,DEAN NELSON FABRICATIONS LTD,active,ltd,2015-08-14,28 Hothfield Drive,,Appleby-In-Westmorland,CA16 6HJ,England,['25110'],DEANNELSONFABRICATIONS,CA16,DEANNELSONFABRICATIONS|CA16
01346622,BAKER AND JOINER LIMITED,active,ltd,1978-01-03,Unit 28 Rumer Hill Business Park,Rumer Hill Road,Cannock,WS11 0ET,England,['41201'],BAKERANDJOINER,WS11,BAKERANDJOINER|WS11
12421860,GROUBOOK LIMITED,active,ltd,2020-01-23,11 Oak Street,,Carrington,NG5 2AT,United Kingdom,['62090'],GROUBOOK,NG5,GROUBOOK|NG5
06521260,JV UK COMPANY LIMITED,active,ltd,2008-03-03,Unit G1 Ash Tree Court,Nottingham Business Park,Nottingham,NG8 6PY,England,['70100'],JVUKCOMPANY,NG8,JVUKCOMPANY|NG8
NI065459,DOGWOOD PET RESORT LIMITED,active,ltd,2007-06-28,108 Crawfordsburn Road,Newtownards,,BT23 4UJ,,['96090'],DOGWOODPETRESORT,BT23,DOGWOODPETRESORT|BT23
05893540,QUEBEC QUAY NEWCO LIMITED,active,ltd,2006-08-01,America House Rumford Place,Rumford Court,Liverpool,L3 9DD,England,['68209'],QUEBECQUAYNEWCO,L3,QUEBECQUAYNEWCO|L3
12174085,PULSFORD PROPERTIES LTD,active,ltd,2019-08-26,"85 Aylesbury Rd, Aston Clinton, Bucks 85 Aylesbury Road",Aston Clinton,Aylesbury,HP22 5AQ,United Kingdom,['77400'],PULSFORDPROPERTIES,HP22,PULSFORDPROPERTIES|HP22
12711348,OPTIMUSMPS LIMITED,active,ltd,2020-07-01,39 Kirkby Road,Hemsworth,Pontefract,WF9 4BA,England,['82990'],OPTIMUSMPS,WF9,OPTIMUSMPS|WF9
04751778,BMB BUILDERS LIMITED,active,ltd,2003-05-02,69 Wilford Road,Ruddington,Nottingham,NG11 6BN,,['41201'],BMBBUILDERS,NG11,BMBBUILDERS|NG11
10555945,MAAK ACCOUNTANCY LTD,active,ltd,2017-01-10,152 Station Road,Stechford,Birmingham,B33 8BT,United Kingdom,"['69201', '69202']",MAAKACCOUNTANCY,B33,MAAKACCOUNTANCY|B33
10180257,ALL MAINTENANCE SERVICES LTD.,active,ltd,2016-05-13,"Flat 3, 31 Russell Street Russell Street",,Reading,RG1 7RF,United Kingdom,['81299'],ALLMAINTENANCE,RG1,ALLMAINTENANCE|RG1
10576332,NEIL EVERALL LTD,active,ltd,2017-01-23,32 Gillygate,,Pontefract,WF8 1PQ,England,['43999'],NEILEVERALL,WF8,NEILEVERALL|WF8
10573639,DJTHOMAS LIMITED,active,ltd,2017-01-19,121 Watermoor Road,,Cirencester,GL7 1LF,England,['41202'],DJTHOMAS,GL7,DJTHOMAS|GL7
10151623,ISLAM BROTHERS LTD,active,ltd,2016-04-27,34 Queslett Road Great Barr,,Birmingham,B43 6PL,England,['56101'],ISLAMBROTHERS,B43,ISLAMBROTHERS|B43
10173464,7 STAR TRADERS LIMITED,active,ltd,2016-05-11,24-27 Church Lane,Leytonstone,London,E11 1HG,England,['47110'],7STARTRADERS,E11,7STARTRADERS|E11
10500389,A&E MEDICAL CONSULTANCY LIMITED,active,ltd,2016-11-28,63 - 66 63 - 66 Hatton Garden,,London,EC1N 8LE,England,['86900'],AANDEMEDICALCONSULTANCY,EC1N,AANDEMEDICALCONSULTANCY|EC1N
10408016,LEVERAGE CONSULTANTS LIMITED,active,ltd,2016-10-03,19 Brook Court,2 Greenpond Road,Walthamstow,E17 6EB,United Kingdom,['70229'],LEVERAGECONSULTANTS,E17,LEVERAGECONSULTANTS|E17
10594132,ALTER INC LIMITED,active,ltd,2017-02-01,Unit 9b Stratford Road,Pattinson Industrial Estate,Washington,NE38 8QP,United Kingdom,['13300'],ALTERINC,NE38,ALTERINC|NE38
10180421,BRIDGE FARM JOINERY LTD,active,ltd,2016-05-16,16 Hawthorne Terrace,,Nuneaton,CV10 9BH,United Kingdom,['43320'],BRIDGEFARMJOINERY,CV10,BRIDGEFARMJOINERY|CV10
10563204,GODWIN AND SON LIMITED,active,ltd,2017-01-13,42 Purrett Road,,London,SE18 1JW,England,['10890'],GODWINANDSON,SE18,GODWINANDSON|SE18
10556084,DOT COTTONS LTD,active,ltd,2017-01-10,22 Hylton Road,Millfield,Sunderland,SR4 7AA,United Kingdom,['96010'],DOTCOTTONS,SR4,DOTCOTTONS|SR4
10151602,BAKALIA LTD,active,ltd,2016-04-27,6 Commercial Street,,London,E1 6LP,England,['96090'],BAKALIA,E1,BAKALIA|E1
10190947,HOMESPRO LTD,active,ltd,2016-05-20,114 Hoxton Street,,London,N1 6SH,England,['68310'],HOMESPRO,N1,HOMESPRO|N1
10601606,T.A.P. (EXECUTIVE SEARCH) LIMITED,active,ltd,2017-02-06,The Corner House,2 High Street,Aylesford,ME20 7BG,England,['82990'],TAPEXECUTIVESEARCH,ME20,TAPEXECUTIVESEARCH|ME20
10171632,KESTAS&CO(LONDON) LTD,active,ltd,2016-05-10,31 Station Road North,,Belvedere,DA17 6JL,United Kingdom,['41100'],KESTASANDCOLONDON,DA17,KESTASANDCOLONDON|DA17
10568996,IBEN+MILO LIMITED,active,ltd,2017-01-17,03 Roseacre Gardens,Bearsted,Maidstone,ME14 4JF,England,"['46420', '74901']",IBENMILO,ME14,IBENMILO|ME14
10607005,POUND CITY HERNE BAY LIMITED,active,ltd,2017-02-07,99 Canterbury Road,,Whitstable,CT5 4HG,United Kingdom,['47190'],POUNDCITYHERNEBAY,CT5,POUNDCITYHERNEBAY|CT5
12318902,CRITICAL POWER APPLICATIONS & SOLUTIONS LIMITED,active,ltd,2019-11-18,24 Kewstoke Road,,Willenhall,WV12 5DL,England,"['27900', '71122']",CRITICALPOWERAPPLICATIONSANDSOLUTIONS,WV12,CRITICALPOWERAPPLICATIONSANDSOLUTIONS|WV12
10608352,5 STAR BARBER LTD,active,ltd,2017-02-08,287 Iffley Road,,Oxford,OX4 4AQ,England,['96020'],5STARBARBER,OX4,5STARBARBER|OX4
10553746,DISTINCTIVE AVIATION LTD,active,ltd,2017-01-09,C/O Tc Group 6th Floor Kings House,9-10 Haymarket,London,SW1Y 4BP,United Kingdom,['82990'],DISTINCTIVEAVIATION,SW1Y,DISTINCTIVEAVIATION|SW1Y
10447801,1ST FOR RENTAL HOMES LTD,active,ltd,2016-10-26,Onward Chambers,34 Market Street,Hyde,SK14 1AH,United Kingdom,['68320'],1STFORRENTALHOMES,SK14,1STFORRENTALHOMES|SK14
10762876,ETTE & HARR LIMITED,active,ltd,2017-05-10,Wellesley House,Duke Of Wellington Avenue,Royal Arsenal,SE18 6SS,United Kingdom,"['46420', '46470']",ETTEANDHARR,SE18,ETTEANDHARR|SE18
10597595,JAG EVENTS LIMITED,active,ltd,2017-02-02,Inspe,Satchel Lane,Hamble,SO31 4HQ,United Kingdom,['90020'],JAGEVENTS,SO31,JAGEVENTS|SO31
10567587,LA SCAFOLDING LTD,active,ltd,2017-01-17,62 Cross Waters Close,Wootton,Northampton,NN4 6AL,England,['43991'],LASCAFOLDING,NN4,LASCAFOLDING|NN4
12596633,EDWARDS SITE MANAGEMENT LIMITED,active,ltd,2020-05-12,C/O Lelliott & Co Heath Place,Ash Grove,Bognor Regis,PO22 9SL,United Kingdom,['43120'],EDWARDSSITEMANAGEMENT,PO22,EDWARDSSITEMANAGEMENT|PO22
10148293,VS FIXING LIMITED,active,ltd,2016-04-26,41a Mygrove Gardens,,Rainham,RM13 9QT,England,['43999'],VSFIXING,RM13,VSFIXING|RM13
03088618,STALLION BUILDING SERVICES LIMITED,active,ltd,1995-08-08,48 Elmbourne Drive,,Belvedere,DA17 6JF,,['82990'],STALLIONBUILDING,DA17,STALLIONBUILDING|DA17
04041629,MENZIES AVIATION (SANTO DOMINGO) LIMITED,active,ltd,2000-07-27,Mw1 Building 557 Shoreham Road,Heathrow Airport,London,TW6 3RT,United Kingdom,['82990'],MENZIESAVIATIONSANTODOMINGO,TW6,MENZIESAVIATIONSANTODOMINGO|TW6
10604612,P C TAXIS LTD,active,ltd,2017-02-07,29 The Wayside,Hurworth,Darlington,DL2 2EE,England,['99999'],PCTAXIS,DL2,PCTAXIS|DL2
10609604,SAKINA'S KITCHEN LTD,active,ltd,2017-02-08,Unit 11-12 Usher Street,,Bradford,BD4 7DS,England,['10890'],SAKINASKITCHEN,BD4,SAKINASKITCHEN|BD4
10161745,MEGA TECH SOLUTIONS LTD,active,ltd,2016-05-04,10161745: COMPANIES HOUSE DEFAULT ADDRESS,,Cardiff,CF14 8LH,,['62020'],MEGATECHSOLUTIONS,CF14,MEGATECHSOLUTIONS|CF14
10560947,AGR RESTAURANT LIMITED,active,ltd,2017-01-12,25 Morris Avenue,,London,E12 6ER,England,['56290'],AGRRESTAURANT,E12,AGRRESTAURANT|E12
12579767,AVT CONSULTANCY LTD,active,ltd,2020-04-30,"Suite 1c, 61 Cranbrook House Cranbrook Road",,Ilford,IG1 4PG,England,"['82110', '82990', '85600', '96090']",AVTCONSULTANCY,IG1,AVTCONSULTANCY|IG1
10457372,KCWESTCLIFF LTD,active,ltd,2016-11-02,16 Zemba House,63 Stamford Hill,London,N16 5FE,England,['68209'],KCWESTCLIFF,N16,KCWESTCLIFF|N16
09145673,FLUX MEDIA PPC LTD,active,ltd,2014-07-24,The Old Brewery Business Centre,Castle Eden,Hartlepool,TS27 4SU,England,['82990'],FLUXMEDIAPPC,TS27,FLUXMEDIAPPC|TS27
10193336,PYRAMID GRANITE SOLUTIONS LIMITED,active,ltd,2016-05-23,7 Harold Road,Edgbaston,Birmingham,B16 9DN,United Kingdom,['46730'],PYRAMIDGRANITESOLUTIONS,B16,PYRAMIDGRANITESOLUTIONS|B16
10193626,NORTHVIEW(LONDON) LIMITED,active,ltd,2016-05-23,105 Seven Sisters Road,,London,N7 7QR,United Kingdom,['68310'],NORTHVIEWLONDON,N7,NORTHVIEWLONDON|N7
10577884,MARSH FARM FREE RANGE LIMITED,active,ltd,2017-01-23,Marsh Farm,Yeovil Marsh,Yeovil,BA21 3QB,United Kingdom,['01470'],MARSHFARMFREERANGE,BA21,MARSHFARMFREERANGE|BA21
10159582,DC RAIL & CIVIL ENGINEERING LTD,active,ltd,2016-05-03,52 Mayfield Road,,Dunstable,LU5 4AP,England,['42120'],DCRAILANDCIVILENGINEERING,LU5,DCRAILANDCIVILENGINEERING|LU5
10156889,DR PROPERTY MANAGEMENT LTD,active,ltd,2016-04-29,19 Warren Park Way,Enderby,Leicester,LE19 4SA,United Kingdom,['68320'],DRPROPERTYMANAGEMENT,LE19,DRPROPERTYMANAGEMENT|LE19
10158324,7SOL LTD,active,ltd,2016-05-03,Anglo House,Worcester Road,Stourport-On-Severn,DY13 9AW,United Kingdom,['82990'],7SOL,DY13,7SOL|DY13
10420455,HI SPEC CLEANING LTD,active,ltd,2016-10-11,"Create Business Hub, Ground Floor 5 Rayleigh Road",Hutton,Brentwood,CM13 1AB,England,['81222'],HISPECCLEANING,CM13,HISPECCLEANING|CM13
10142581,ABALOS LIMITED,active,ltd,2016-04-22,Flat 12 Hartnup Street,,Maidstone,ME16 8PD,England,['82990'],ABALOS,ME16,ABALOS|ME16
10481344,HARRPS PROPERTY MAINTENANCE SERVICES LTD,active,ltd,2016-11-16,"Regus Business Centre 2nd Floor, Titan Court",3 Bishops Square,Hatfield,AL10 9NA,England,['96090'],HARRPSPROPERTYMAINTENANCE,AL10,HARRPSPROPERTYMAINTENANCE|AL10
09767373,ARK PROPERTY HOLDINGS LTD,active,ltd,2015-09-08,Office 15 Bramley House 2a,Bramley Road,Long Eaton,NG10 3SX,United Kingdom,['68209'],ARKPROPERTY,NG10,ARKPROPERTY|NG10
06433964,M & J BOYERS & SONS LIMITED,active,ltd,2007-11-22,J W S Hopper Hill Road,Scarborough Business Park,Scarborough,YO11 3YS,,['45320'],MANDJBOYERSANDSONS,YO11,MANDJBOYERSANDSONS|YO11
09901887,EVOLUTION PSYCHOLOGY LIMITED,active,ltd,2015-12-04,Rowan House Headwell Lane,Saxton,Tadcaster,LS24 9PX,United Kingdom,['85600'],EVOLUTIONPSYCHOLOGY,LS24,EVOLUTIONPSYCHOLOGY|LS24
10601760,LIFFEY BLUE LIMITED,active,ltd,2017-02-06,Unit 6 7-9 Lever Street,Little Lever,Bolton,BL3 1BA,England,['70229'],LIFFEYBLUE,BL3,LIFFEYBLUE|BL3
10579060,HUMPHREYS SUITE LIMITED,active,ltd,2017-01-23,23 Chantry Lane,,Grimsby,DN31 2LP,United Kingdom,['56210'],HUMPHREYSSUITE,DN31,HUMPHREYSSUITE|DN31
10583020,CPF ELECTRICAL SERVICES LIMITED,active,ltd,2017-01-25,31 St. Georges Walk,Allhallows,Rochester,ME3 9PP,England,['43210'],CPFELECTRICAL,ME3,CPFELECTRICAL|ME3
10188992,SMART FITNESS TRANSFORMATIONS LIMITED,active,ltd,2016-05-19,Smart Fit Unit 5,Campbell Street,Preston,PR1 5LX,England,['93130'],SMARTFITNESSTRANSFORMATIONS,PR1,SMARTFITNESSTRANSFORMATIONS|PR1
10431036,JAS DESIGN & BUILD LIMITED,active,ltd,2016-10-17,First Floor Left 33 Roebuck Road,Hainault Business Park,Hainault Ilford,IG6 3TZ,England,['41202'],JASDESIGNANDBUILD,IG6,JASDESIGNANDBUILD|IG6
10200101,COCO & CREAME LTD,active,ltd,2016-05-26,89 Kingsland High Street,,London,E8 2PB,England,"['47750', '96020']",COCOANDCREAME,E8,COCOANDCREAME|E8
10150363,DILSHAD TANDOORI LIMITED,active,ltd,2016-04-27,91 Soho Hill,,Birmingham,B19 1AY,United Kingdom,['56101'],DILSHADTANDOORI,B19,DILSHADTANDOORI|B19
10168007,DIGITAL VIATOR PRODUCTIONS LIMITED,active,ltd,2016-05-07,10168007 - COMPANIES HOUSE DEFAULT ADDRESS,,Cardiff,CF14 8LH,,"['59112', '59113', '60200']",DIGITALVIATORPRODUCTIONS,CF14,DIGITALVIATORPRODUCTIONS|CF14
10504682,RUSH HOUR MINICABS LTD,active,ltd,2016-11-30,42 Blanchland Road,,Morden,SM4 5NE,United Kingdom,['49320'],RUSHHOURMINICABS,SM4,RUSHHOURMINICABS|SM4
10554784,SHOPPABLE LTD,active,ltd,2017-01-10,Holmoak House Stuppington Court Farm,Merton Lane,Canterbury,CT4 7BP,United Kingdom,['73120'],SHOPPABLE,CT4,SHOPPABLE|CT4
10525747,LPS HOMES LTD,active,ltd,2016-12-14,102 Myddleton Road,,London,N22 8NQ,England,['82990'],LPSHOMES,N22,LPSHOMES|N22
10157388,ANTHONY STAINES LIMITED,active,ltd,2016-04-30,"The Coach House, Unit 42",66-70 Bourne Road,Bexley,DA5 1LU,England,['43220'],ANTHONYSTAINES,DA5,ANTHONYSTAINES|DA5
07248503,WILLIAM RANGELEY LIMITED,active,ltd,2010-05-10,North House,Aldfield,Ripon,HG4 3BQ,,['74909'],WILLIAMRANGELEY,HG4,WILLIAMRANGELEY|HG4
10183199,WHEELZ CENTRE WALES LTD.,active,ltd,2016-05-17,Unit16a Kingsway Buildings,Bridgend Industrial Estate,Bridgend,CF31 3YH,Wales,['45200'],WHEELZCENTREWALES,CF31,WHEELZCENTREWALES|CF31
10469498,TOOL SOLUTIONS LTD,active,ltd,2016-11-08,2 The Laurels,Fringford,Bicester,OX27 8EW,England,['47990'],TOOLSOLUTIONS,OX27,TOOLSOLUTIONS|OX27
10583928,LOVE FOOD LIVE LIMITED,active,ltd,2017-01-25,Unit 5 Lifford Way Binley Industrial Estate Coombe Drive,Binley Woods,Coventry,CV3 2QU,England,['96090'],LOVEFOODLIVE,CV3,LOVEFOODLIVE|CV3
10552013,L. BASSETT & ASSOCIATES LTD,active,ltd,2017-01-09,"Office 7, 35-37 Ludgate Hill",,London,EC4M 7JN,United Kingdom,['70229'],LBASSETTANDASSOCIATES,EC4M,LBASSETTANDASSOCIATES|EC4M
10558824,PIXSOLUTE PHOTOGRAPHY LIMITED,active,ltd,2017-01-11,4 Rockfield Drive,,Luton,LU3 3EY,England,"['74201', '74202', '74209']",PIXSOLUTEPHOTOGRAPHY,LU3,PIXSOLUTEPHOTOGRAPHY|LU3
10584738,CHAMBERLAIN CREATIVE HOLDINGS LTD,active,ltd,2017-01-26,72 Mousehole Lane Mousehole Lane,,Southampton,SO18 4FD,United Kingdom,"['55100', '68320', '79120']",CHAMBERLAINCREATIVE,SO18,CHAMBERLAINCREATIVE|SO18
10605374,D N NORTON LIMITED,active,ltd,2017-02-07,6a Black Diamond Way,Eaglescliffe,Stockton On Tees,TS16 0SE,England,['71129'],DNNORTON,TS16,DNNORTON|TS16
10590013,SAXON ROAD DAY CARE LTD,active,ltd,2017-01-30,78 Dukes Drive,,Halesworth,IP19 8DR,England,['88100'],SAXONROADDAYCARE,IP19,SAXONROADDAYCARE|IP19
10565495,ELITE FIRE AND RESCUE SERVICES LIMITED,active,ltd,2017-01-16,2 Lindsey Drive,Crowle,Scunthorpe,DN17 4NY,England,['84250'],ELITEFIREANDRESCUE,DN17,ELITEFIREANDRESCUE|DN17
10425183,ONSHORE OFFSHORE SAFETY LTD,active,ltd,2016-10-13,58 Chapel Street,Pontnewydd,Cwmbran,NP44 1DL,Wales,['41100'],ONSHOREOFFSHORESAFETY,NP44,ONSHOREOFFSHORESAFETY|NP44
04696564,IRIS AVIATION LTD.,active,ltd,2003-03-13,The Baxter Building,80 Baxter Avenue,Southend-On-Sea,SS2 6HZ,,['74909'],IRISAVIATION,SS2,IRISAVIATION|SS2
10578956,BLUE EEL LTD,active,ltd,2017-01-23,86-90 Paul Street Paul Street,,London,EC2A 4NE,England,"['62012', '62020']",BLUEEEL,EC2A,BLUEEEL|EC2A
10578814,M & S RETAIL UK LIMITED,active,ltd,2017-01-23,61 Hanbury Street,,London,E1 5JP,United Kingdom,"['47710', '47820', '96090']",MANDSRETAIL,E1,MANDSRETAIL|E1
10370511,AWARD BUILDING SOLUTIONS LIMITED,active,ltd,2016-09-12,66 Heyshott Road,,Southsea,PO4 8BZ,England,['41100'],AWARDBUILDINGSOLUTIONS,PO4,AWARDBUILDINGSOLUTIONS|PO4
10756637,CONKER CLUB LIMITED,active,ltd,2017-05-05,1 Minster Court,Tuscam Way,Camberley,GU15 3YY,England,['85590'],CONKERCLUB,GU15,CONKERCLUB|GU15
10375054,PLUMMER ELECTRICAL & ROPE ACCESS LTD,active,ltd,2016-09-14,6 Neptune Court,Hallam Way,Blackpool,FY4 5LZ,England,['43210'],PLUMMERELECTRICALANDROPEACCESS,FY4,PLUMMERELECTRICALANDROPEACCESS|FY4
04217549,VIA ULMI LIMITED,active,ltd,2001-05-16,2 Elms Road,London,,SW4 9EU,,['98000'],VIAULMI,SW4,VIAULMI|SW4
10284157,ABY TRANS LIMITED,active,ltd,2016-07-18,30 Gervase Road,,Edgware,HA8 0EP,England,['52290'],ABYTRANS,HA8,ABYTRANS|HA8
10244652,PARKSWAY PROPERTY LTD,active,ltd,2016-06-22,47 Bury New Road,Prestwich,Manchester,M25 9JY,United Kingdom,['68100'],PARKSWAYPROPERTY,M25,PARKSWAYPROPERTY|M25
10182080,QUINTESSENTIAL COSMETICS SHOP LTD,active,ltd,2016-05-16,Belgrave House,15 Belgrave Crescent,Scarborough,YO11 1UB,England,['47190'],QUINTESSENTIALCOSMETICSSHOP,YO11,QUINTESSENTIALCOSMETICSSHOP|YO11
10605365,OASIS CONSULTING GROUP LIMITED,active,ltd,2017-02-07,Flat 12 Tealby Court,Georges Road,London,N7 8HY,United Kingdom,['70229'],OASISCONSULTING,N7,OASISCONSULTING|N7
10236844,C&E AMERY LIMITED,active,ltd,2016-06-17,77 Hampton Crescent East,Cyncoed,Cardiff,CF23 6RG,Wales,['96090'],CANDEAMERY,CF23,CANDEAMERY|CF23
10609675,DIAMOR LIMITED,active,ltd,2017-02-08,85 Grantully Road,85 Ashworth Mansions,London,W9 1LN,England,['32120'],DIAMOR,W9,DIAMOR|W9
10191378,ABSOLUTE DEVELOPMENTS (NW) LTD,active,ltd,2016-05-20,Chichester House,2 Chichester Street,Rochdale,OL16 2AX,United Kingdom,['82990'],ABSOLUTEDEVELOPMENTSNW,OL16,ABSOLUTEDEVELOPMENTSNW|OL16
10339427,EASTARC SERVICES LIMITED,active,ltd,2016-08-22,71-75 Shelton Street,Covent Garden,London,WC2H 9JQ,United Kingdom,"['43210', '43220']",EASTARC,WC2H,EASTARC|WC2H
10348113,1 OF 1 WORLD LIMITED,active,ltd,2016-08-26,"Suite 123, 8 Duncan Street",,London,N1 8BW,England,"['59112', '63990', '82990', '96090']",1OF1WORLD,N1,1OF1WORLD|N1
10250467,ST.KYRILLOS LTD,active,ltd,2016-06-24,102a Portland Road,,Hove,BN3 5DN,England,['47110'],STKYRILLOS,BN3,STKYRILLOS|BN3
12263243,STONES FAMILY KITCHEN LTD,active,ltd,2019-10-15,147 Thornes Road,,Wakefield,WF2 8QN,United Kingdom,['99999'],STONESFAMILYKITCHEN,WF2,STONESFAMILYKITCHEN|WF2
03788001,KENAY LTD,active,ltd,1999-06-11,54 Brindley Road,Astmoor Industrial Estate,Runcorn,WA7 1PF,,['17290'],KENAY,WA7,KENAY|WA7
10180633,ROOFLIGHT SOLUTIONS LIMITED,active,ltd,2016-05-16,Granville House,2 Tettenhall Road,Wolverhampton,WV1 4SB,England,['74909'],ROOFLIGHTSOLUTIONS,WV1,ROOFLIGHTSOLUTIONS|WV1
10182666,LITTLE SPRITES LIMITED,active,ltd,2016-05-16,14 Acresfield Road,Timperley,Altrincham,WA15 6HU,England,['47910'],LITTLESPRITES,WA15,LITTLESPRITES|WA15
10251941,AZ SYED & CO LIMITED,active,ltd,2016-06-25,58 Spenser Road,,Bedford,MK40 2BB,England,['82990'],AZSYEDANDCO,MK40,AZSYEDANDCO|MK40
10294889,LSAVICKAS TRANSPORT LTD,active,ltd,2016-07-25,45 Melton Street,,Kettering,NN16 9DT,United Kingdom,['49410'],LSAVICKASTRANSPORT,NN16,LSAVICKASTRANSPORT|NN16
10199877,MASIFF INTERIORS LTD,active,ltd,2016-05-25,2 The Crescent,,Taunton,TA1 4EA,,['74100'],MASIFFINTERIORS,TA1,MASIFFINTERIORS|TA1
10345124,PIP AND POPPY LTD,active,ltd,2016-08-25,The Rising Sun 330 Gisburn Road,Blacko,Nelson,BB9 6LS,England,['56101'],PIPANDPOPPY,BB9,PIPANDPOPPY|BB9
10187320,VAPE SAGE LTD,active,ltd,2016-05-18,20-22 Wenlock Road,,London,N1 7GU,England,['47789'],VAPESAGE,N1,VAPESAGE|N1
10335354,WAITING LIST SERVICES LTD,active,ltd,2016-08-18,14a Missouri Avenue,,Salford,M50 2NP,England,"['41201', '41202', '43290', '43999']",WAITINGLIST,M50,WAITINGLIST|M50
10181637,T&B CONCEPT LTD,active,ltd,2016-05-16,25 Bolton Road,,Harrow,HA1 4SB,England,['49410'],TANDBCONCEPT,HA1,TANDBCONCEPT|HA1
10204643,ECO GREEN CONTRACTS LTD,active,ltd,2016-05-27,41 Mere Road,,Leicester,LE5 3HS,England,"['43290', '43310', '43341']",ECOGREENCONTRACTS,LE5,ECOGREENCONTRACTS|LE5
11997867,BRIGHTVISION PROPERTY LTD,active,ltd,2019-05-15,Suite A4 Skylon Court,Rotherwas,Hereford,HR2 6JS,United Kingdom,['68100'],BRIGHTVISIONPROPERTY,HR2,BRIGHTVISIONPROPERTY|HR2
12825999,NANTONI CONSULTING LTD,active,ltd,2020-08-20,70 Priory Road,,Tonbridge,TN9 2BL,England,['70229'],NANTONICONSULTING,TN9,NANTONICONSULTING|TN9
12493196,LIFEWORX JOURNEY LTD LTD,active,ltd,2020-03-02,Ty Marlin Pendwll Road,Moss,Wrexham,LL11 6EU,Wales,['96040'],LIFEWORXJOURNEY,LL11,LIFEWORXJOURNEY|LL11
05811880,GEMWAVE TECHNOLOGIES LIMITED,active,ltd,2006-05-10,Riverside House Kings Reach Business Park,Yew Street,Stockport,SK4 2HD,United Kingdom,['68209'],GEMWAVETECHNOLOGIES,SK4,GEMWAVETECHNOLOGIES|SK4
10756132,L PHIPPS PROFESSIONAL DECORATING LTD.,active,ltd,2017-05-05,Lea Bank,Portreath,Redruth,TR16 4PF,England,['43341'],LPHIPPSPROFESSIONALDECORATING,TR16,LPHIPPSPROFESSIONALDECORATING|TR16
09678933,ANTHOLOGY GROUP LIMITED,active,ltd,2015-07-09,105-107 Bath Road,Cheltenham,Gloucestershire,GL53 7PR,United Kingdom,['70100'],ANTHOLOGY,GL53,ANTHOLOGY|GL53
00172756,FRIENDS' PROVIDENT MANAGED PENSION FUNDS LIMITED,active,ltd,1921-01-24,Aviva,Wellington Row,York,YO90 1WR,United Kingdom,['99999'],FRIENDSPROVIDENTMANAGEDPENSIONFUNDS,YO90,FRIENDSPROVIDENTMANAGEDPENSIONFUNDS|YO90
01594941,LONDON AND MANCHESTER GROUP LIMITED,active,ltd,1981-11-02,Aviva,Wellington Row,York,YO90 1WR,United Kingdom,['64205'],LONDONANDMANCHESTER,YO90,LONDONANDMANCHESTER|YO90
01665500,UNDERSHAFT FPLLA LIMITED,active,ltd,1982-09-20,Aviva,Wellington Row,York,YO90 1WR,United Kingdom,['99999'],UNDERSHAFTFPLLA,YO90,UNDERSHAFTFPLLA|YO90
NI607349,COLLINS CONTRACTS LTD,active,ltd,2011-05-10,176 Clanabogan Road,,Omagh,BT78 1TL,Northern Ireland,"['41202', '42990']",COLLINSCONTRACTS,BT78,COLLINSCONTRACTS|BT78
00334980,J.ROBARTS & SON LIMITED,active,ltd,1937-12-22,80 High Street,Codicote,Hitchin,SG4 8XQ,England,['47110'],JROBARTSANDSON,SG4,JROBARTSANDSON|SG4
04433166,ISLAND CONTRACTS LTD,active,ltd,2002-05-08,"Create Business Hub, Ground Floor 5 Rayleigh Road",Hutton,Brentwood,CM13 1AB,England,['43390'],ISLANDCONTRACTS,CM13,ISLANDCONTRACTS|CM13
02193451,WODEPLAN LIMITED,active,ltd,1987-11-13,Metherell Gard Morval,Morval,Looe,PL13 1PN,,['98000'],WODEPLAN,PL13,WODEPLAN|PL13
11938411,STCLEMENTS PRE SCHOOL LTD,active,ltd,2019-04-10,22 Ashley Close,,Bournemouth,BH1 4PE,England,['85100'],STCLEMENTSPRESCHOOL,BH1,STCLEMENTSPRESCHOOL|BH1
06415055,HELEN SOLOMON LTD,active,ltd,2007-11-01,Unit 4g South Hams Business,Park Churchstow,Nr Kingsbridge,TQ7 3QH,,['69201'],HELENSOLOMON,TQ7,HELENSOLOMON|TQ7
10161440,PRYOR'S WINDOW CLEANING LIMITED,active,ltd,2016-05-04,The Cottage,2 Castlefield Road,Reigate,RH2 0AP,United Kingdom,['81221'],PRYORSWINDOWCLEANING,RH2,PRYORSWINDOWCLEANING|RH2
NI659738,JED ELECTRICAL CONTRACTS LTD,active,ltd,2019-03-13,24 Knoxs Hill,,Armagh,BT60 2HP,United Kingdom,['43210'],JEDELECTRICALCONTRACTS,BT60,JEDELECTRICALCONTRACTS|BT60
04754204,SNI OPTOMETRIC SERVICES LTD,active,ltd,2003-05-06,Unit 18 The Precinct,Middleton Road Chadderton,Oldham,OL9 0LQ,,['86220'],SNIOPTOMETRIC,OL9,SNIOPTOMETRIC|OL9
03926059,UKOS LTD,active,ltd,2000-02-10,Unit 6 Grovelands,Boundary Way,Hemel Hempstead,HP2 7TE,England,['46900'],UKOS,HP2,UKOS|HP2
12599948,MARTIAL WORLD LIMITED,active,ltd,2020-05-13,50 Rosslyn Crescent,,Wembley,HA9 7PA,England,['93130'],MARTIALWORLD,HA9,MARTIALWORLD|HA9
09340939,PEGASUSLIFE DEVELOPMENT LIMITED,active,ltd,2014-12-04,105-107 Bath Road,Cheltenham,Gloucestershire,GL53 7PR,United Kingdom,"['68100', '68209']",PEGASUSLIFEDEVELOPMENT,GL53,PEGASUSLIFEDEVELOPMENT|GL53
11940818,95 JERNINGHAM ROAD LTD,active,ltd,2019-04-11,"Suite 2, 142b Hermon Hill",,London,E18 1QH,England,['98000'],95JERNINGHAMROAD,E18,95JERNINGHAMROAD|E18
11708753,PEGASUSLIFE PROPERTY HOLDINGS LIMITED,active,ltd,2018-12-03,105-107 Bath Road,Cheltenham,Gloucestershire,GL53 7PR,United Kingdom,['64209'],PEGASUSLIFEPROPERTY,GL53,PEGASUSLIFEPROPERTY|GL53
06301719,REECE DEVELOPMENTS LIMITED,active,ltd,2007-07-04,106 Station Road,,Ossett,WF5 0AB,,['41100'],REECEDEVELOPMENTS,WF5,REECEDEVELOPMENTS|WF5
03619487,QUALITY EDUCATION LIMITED,active,ltd,1998-08-21,9 Appold Street,,London,EC2A 2AP,United Kingdom,['99999'],QUALITYEDUCATION,EC2A,QUALITYEDUCATION|EC2A
03033512,AGE CONCERN TYNESIDE SOUTH TRADING LIMITED,active,ltd,1995-03-15,29 Beach Road,,South Shields,NE33 2QU,,"['86900', '88100', '94990']",AGECONCERNTYNESIDESOUTHTRADING,NE33,AGECONCERNTYNESIDESOUTHTRADING|NE33
SC661038,BRAW EGGS LIMITED,active,ltd,2020-05-12,Over Langshaw Farm House,,Galashiels,TD1 2PE,United Kingdom,['46330'],BRAWEGGS,TD1,BRAWEGGS|TD1
SC556588,CAPRICORN AMERICAS LIMITED,active,ltd,2017-02-03,50 Lothian Road,,Edinburgh,EH3 9BY,,['06100'],CAPRICORNAMERICAS,EH3,CAPRICORNAMERICAS|EH3
09588029,BRACE GROVE UK LIMITED,active,ltd,2015-05-13,Hamilton House Mabledon Place,Bloomsbury,London,WC1H 9BB,England,['96090'],BRACEGROVE,WC1H,BRACEGROVE|WC1H
11517274,DELONDRA ONCOLOGY LTD,active,ltd,2018-08-14,Enterprise House,97 Alderley Road,Wilmslow,SK9 1PT,United Kingdom,['74909'],DELONDRAONCOLOGY,SK9,DELONDRAONCOLOGY|SK9
04858052,VASCULAR PERSPECTIVES LIMITED,active,ltd,2003-08-06,35 Westgate,,Huddersfield,HD1 1PA,England,['74909'],VASCULARPERSPECTIVES,HD1,VASCULARPERSPECTIVES|HD1
09828839,ROCK FINANCIAL ADVISORS LTD,active,ltd,2015-10-16,20 Eversley Road,,Bexhill-On-Sea,TN40 1HE,United Kingdom,['82990'],ROCKFINANCIALADVISORS,TN40,ROCKFINANCIALADVISORS|TN40
12525821,NATIONAL PLUMBERS DIRECT LTD,active,ltd,2020-03-19,71-75 Shelton Street,Covent Garden,London,WC2H 9JQ,United Kingdom,"['43210', '43220']",NATIONALPLUMBERSDIRECT,WC2H,NATIONALPLUMBERSDIRECT|WC2H
06273446,MODERNA ART GALLERIES LIMITED,active,ltd,2007-06-08,Freshford House,Redcliffe Way,Bristol,BS1 6NL,England,['90040'],MODERNAARTGALLERIES,BS1,MODERNAARTGALLERIES|BS1
11216245,MB REAL ESTATE LTD,active,ltd,2018-02-21,3 Old Nursery Gardens,Tansley,Matlock,DE4 5QN,England,"['68100', '68209']",MBREALESTATE,DE4,MBREALESTATE|DE4
02844266,WATERMANS CLEANING & HYGIENE SUPPLIES LIMITED,active,ltd,1993-08-11,477 Hackney Road,London,,E2 9ED,,"['46750', '46900']",WATERMANSCLEANINGANDHYGIENESUPPLIES,E2,WATERMANSCLEANINGANDHYGIENESUPPLIES|E2
12336896,PHILBY' REFURBISHMENT & CONSTRUCTION LTD,active,ltd,2019-11-27,28 The Mall,,London,N14 6LN,England,['41202'],PHILBYREFURBISHMENTANDCONSTRUCTION,N14,PHILBYREFURBISHMENTANDCONSTRUCTION|N14
12342743,NURTURE BAR LIMITED,active,ltd,2019-12-02,"293 Battersea Park Rd, Battersea, London Sw11 4lx 293 Battersea Park Road",Battersea,London,SW11 4LX,United Kingdom,['56102'],NURTUREBAR,SW11,NURTUREBAR|SW11
12338419,WICKFORD ELMS LIMITED,active,ltd,2019-11-28,Bbk Accountants,Roman Road,London,E6 3RX,United Kingdom,['41100'],WICKFORDELMS,E6,WICKFORDELMS|E6
12338498,CYCLEFECTION LIMITED,active,ltd,2019-11-28,Suite 702 Crown House North Circular Road,,London,NW10 7PN,England,['96090'],CYCLEFECTION,NW10,CYCLEFECTION|NW10
12356357,PRIMA NURSERY LTD,active,ltd,2019-12-10,White City Community Centre,India Way,London,W12 7QT,England,['88910'],PRIMANURSERY,W12,PRIMANURSERY|W12
06589345,CHENAVARI FINANCIAL GROUP LIMITED,active,ltd,2008-05-09,80 Victoria Street,,London,SW1E 5JL,England,['82990'],CHENAVARIFINANCIAL,SW1E,CHENAVARIFINANCIAL|SW1E
12349617,CLS DISTRIBUTORS LIMITED,active,ltd,2019-12-05,4 Brampton Grove,,London,NW4 4AG,England,['47410'],CLSDISTRIBUTORS,NW4,CLSDISTRIBUTORS|NW4
12335681,COOL WHIP LTD,active,ltd,2019-11-27,14 Queens Road,,Hounslow,TW3 1LH,United Kingdom,"['56290', '82990']",COOLWHIP,TW3,COOLWHIP|TW3
12343421,AAPLUMBING&HEATING LTD,active,ltd,2019-12-02,15 Woodbridge Court Vicarage Road,,Woodford Green,IG8 8NL,United Kingdom,['43220'],AAPLUMBINGANDHEATING,IG8,AAPLUMBINGANDHEATING|IG8
12348757,EDUCATIONAL CONSULTANCY SERVICES LTD,active,ltd,2019-12-04,Unit G5,8-10 Greatorex Street,London,E1 5NF,,['85600'],EDUCATIONALCONSULTANCY,E1,EDUCATIONALCONSULTANCY|E1
12354812,FR NETWORK SOLUTIONS LTD,active,ltd,2019-12-09,5 Duncombe Close,,Luton,LU3 2HR,England,['62030'],FRNETWORKSOLUTIONS,LU3,FRNETWORKSOLUTIONS|LU3
12357618,DIESEL HAIRDRESSING LIMITED,active,ltd,2019-12-10,"Suite 5, 4th Floor 3 Universal Square",Devonshire Street North,Manchester,M12 6JH,England,['96020'],DIESELHAIRDRESSING,M12,DIESELHAIRDRESSING|M12
12336738,EAT THE BEST LTD,active,ltd,2019-11-27,6 Bennetts Castle Lane,,Dagenham,RM8 3XU,England,['56102'],EATTHEBEST,RM8,EATTHEBEST|RM8
12356550,PRO SHIELD HOME IMPROVEMENTS LTD,active,ltd,2019-12-10,Office 3 3 Skinnergate,,Darlington,DL3 7NB,England,['43910'],PROSHIELDHOMEIMPROVEMENTS,DL3,PROSHIELDHOMEIMPROVEMENTS|DL3
12345170,K T WINDOW SOLUTIONS LIMITED,active,ltd,2019-12-03,Rosemount Orange Tree Hill,Havering-Atte-Bower,Romford,RM4 1PB,England,['43342'],KTWINDOWSOLUTIONS,RM4,KTWINDOWSOLUTIONS|RM4
10149049,PEARL ADVERTISING UK LIMITED,active,ltd,2016-04-27,Oxford House Derbyshire Street,Bethnal Green,London,E2 6HG,United Kingdom,['96090'],PEARLADVERTISING,E2,PEARLADVERTISING|E2
12351671,EAST MEETS WEST (NW) LTD,active,ltd,2019-12-06,139 Wilbraham Road,,Manchester,M14 7DS,United Kingdom,['56103'],EASTMEETSWESTNW,M14,EASTMEETSWESTNW|M14
12342397,ANDRES SERVICES LTD,active,ltd,2019-12-02,199 A Baker Street,,Enfield,EN1 3JT,England,"['43390', '49410']",ANDRES,EN1,ANDRES|EN1
12346302,PRIME FASTENERS UK LTD,active,ltd,2019-12-03,99 Commercial Road,,Portsmouth,PO1 1BQ,United Kingdom,['25940'],PRIMEFASTENERS,PO1,PRIMEFASTENERS|PO1
12350354,JUAN PAUL SERVICE LTD,active,ltd,2019-12-05,6 Melcombe House,Dorset Road,London,SW8 1ES,United Kingdom,['86900'],JUANPAULSERVICE,SW8,JUANPAULSERVICE|SW8
12348776,RONKELY LTD,active,ltd,2019-12-04,The Boars Head,35 Market Hill,Royston,SG8 9JU,United Kingdom,['99999'],RONKELY,SG8,RONKELY|SG8
12334503,TRANSPORT4U L LIMITED,active,ltd,2019-11-26,Unit 15a 17 St. Walburge Avenue,Ashton-On-Ribble,Preston,PR2 2QT,England,['52290'],TRANSPORT4UL,PR2,TRANSPORT4UL|PR2
12342498,THINK REC LIMITED,active,ltd,2019-12-02,Lansdowne House,57 Berkeley Square,London,W1J 6ER,England,['78200'],THINKREC,W1J,THINKREC|W1J
06592366,C S CABLING LIMITED,active,ltd,2008-05-14,308 High Street,,Croydon,CR0 1NG,,['43210'],CSCABLING,CR0,CSCABLING|CR0
12348291,MONEYWAY GROUP LIMITED,active,ltd,2019-12-04,62 Deep Denes,,Luton,LU2 7SU,England,['68310'],MONEYWAY,LU2,MONEYWAY|LU2
12344102,HLC BRICKWORK LIMITED,active,ltd,2019-12-02,47 Butt Road,,Colchester,CO3 3BZ,England,"['41202', '43290']",HLCBRICKWORK,CO3,HLCBRICKWORK|CO3
12346679,VETTED TRADES LIMITED,active,ltd,2019-12-03,23 Montague Road,,Uxbridge,UB8 1QL,United Kingdom,"['63120', '63990']",VETTEDTRADES,UB8,VETTEDTRADES|UB8
12349828,M D BUILDING & ROOFING LIMITED,active,ltd,2019-12-05,Broadfield House,18 Broadfield Road,Sheffield,S8 0XJ,United Kingdom,['41202'],MDBUILDINGANDROOFING,S8,MDBUILDINGANDROOFING|S8
12351005,PB RAILWAY SERVICES LTD,active,ltd,2019-12-05,4 East Street,,Havant,PO9 1AQ,England,['42120'],PBRAILWAY,PO9,PBRAILWAY|PO9
12358339,NAZAR KENT LIMITED,active,ltd,2019-12-11,358 High Street,,Chatham,ME4 4NP,England,['56101'],NAZARKENT,ME4,NAZARKENT|ME4
12340842,PAJA & AJA LTD,active,ltd,2019-11-29,95 Foundry Place,,Leeds,LS9 6BU,England,['49410'],PAJAANDAJA,LS9,PAJAANDAJA|LS9
12343763,ASHFORD HILL PROPERTY MANAGEMENT LTD,active,ltd,2019-12-02,47 Hannah Building 56 Watney Street,,London,E1 2QU,England,['98000'],ASHFORDHILLPROPERTYMANAGEMENT,E1,ASHFORDHILLPROPERTYMANAGEMENT|E1
12356335,R&C PROFESSIONAL LIMITED,active,ltd,2019-12-10,94 Audley Way,,Basildon,SS14 2AW,England,['62020'],RANDCPROFESSIONAL,SS14,RANDCPROFESSIONAL|SS14
07628847,KCP CONSULTANCY SERVICES LTD,active,ltd,2011-05-10,9 Malow Close,Cofton Hackett,Birmingham,B45 8FQ,England,['70229'],KCPCONSULTANCY,B45,KCPCONSULTANCY|B45
12334855,BIZCORP GROUP LTD,active,ltd,2019-11-26,29 Devizes Road,,Swindon,SN1 4BG,England,['62012'],BIZCORP,SN1,BIZCORP|SN1
12349990,CALIPHAH CAPITAL LIMITED,active,ltd,2019-12-05,51 Vicarage Lane Vicarage Lane,,London,E15 4HG,England,['47990'],CALIPHAHCAPITAL,E15,CALIPHAHCAPITAL|E15
12354325,FIRST CENTRE LTD,active,ltd,2019-12-09,48a Merrion Avenue,,Stanmore,HA7 4RU,United Kingdom,"['47210', '47240', '47290', '47910']",FIRSTCENTRE,HA7,FIRSTCENTRE|HA7
12343119,SPOTLESS POINT LIMITED,active,ltd,2019-12-02,120 Oxford Road Oxford Road,,Smethwick,B66 2DJ,England,"['56210', '81299', '86101']",SPOTLESSPOINT,B66,SPOTLESSPOINT|B66
12338982,CHESTNUT COMMUNICATIONS GROUP LIMITED,active,ltd,2019-11-28,51 Cloth Fair,,London,EC1A 7JQ,England,"['70210', '70229']",CHESTNUTCOMMUNICATIONS,EC1A,CHESTNUTCOMMUNICATIONS|EC1A
12577289,A R MITCHELL BUILDING LTD,active,ltd,2020-04-29,69 Middleton Road,,Pickering,YO18 8AL,United Kingdom,['41202'],ARMITCHELLBUILDING,YO18,ARMITCHELLBUILDING|YO18
12354694,ZIRS LTD,active,ltd,2019-12-09,82 Morse Close,,London,E13 0HJ,England,['96090'],ZIRS,E13,ZIRS|E13
12341004,ACTIVE MARKETING LIMITED,active,ltd,2019-11-29,32 Basment 32,Woodstock Grove,London,W12 8LE,,['73110'],ACTIVEMARKETING,W12,ACTIVEMARKETING|W12
12335694,DAVID PARKSHILLS LTD,active,ltd,2019-11-27,441 Bury New Road,,Salford,M7 4LE,England,['46310'],DAVIDPARKSHILLS,M7,DAVIDPARKSHILLS|M7
12349800,LG BUILDING SOLUTIONS LTD,active,ltd,2019-12-05,59 Costead Manor Road,,Brentwood,CM14 4XY,England,['43390'],LGBUILDINGSOLUTIONS,CM14,LGBUILDINGSOLUTIONS|CM14
12358224,COFFEE DOCK (LN) LTD,active,ltd,2019-12-11,21 Goddard Way Unit 9 Elligood Court,21 Goddard Way,London,E14 0RG,United Kingdom,['56102'],COFFEEDOCKLN,E14,COFFEEDOCKLN|E14
12340712,NIFTY MOVES LTD,active,ltd,2019-11-29,35 Hillside Road,Whyteleafe,Croydon,CR3 0BR,England,['96090'],NIFTYMOVES,CR3,NIFTYMOVES|CR3
10121993,PROPLAY LTD,active,ltd,2016-04-13,Regency House,33 Wood Street,Barnet,EN5 4BE,United Kingdom,['43999'],PROPLAY,EN5,PROPLAY|EN5
12340091,NORTH SOUTH STORE LIMITED,active,ltd,2019-11-29,Davis House 3rd Floor,Robert Street,Croydon,CR0 1QQ,England,"['47110', '47190']",NORTHSOUTHSTORE,CR0,NORTHSOUTHSTORE|CR0
12358716,HEISE DRAINAGE LIMITED,active,ltd,2019-12-11,139-141 Market Street West Market Street West,,Preston,PR1 2HB,England,"['37000', '38110', '38120']",HEISEDRAINAGE,PR1,HEISEDRAINAGE|PR1
12339161,NVM BUILDERS LTD,active,ltd,2019-11-28,93 5th Avenue,,Hull,HU6 8BU,England,['43390'],NVMBUILDERS,HU6,NVMBUILDERS|HU6
12358538,D&I CLEAN LIMITED,active,ltd,2019-12-11,1kilmarnock Gardebs Kilmarnock Gardens,,Dagenham,RM8 2RE,England,['81222'],DANDICLEAN,RM8,DANDICLEAN|RM8
12356317,PERFECT PAWTIONS LTD,active,ltd,2019-12-10,3 Buccas Way 3 Buccas Way,Meadowbrook,Callington,PL17 7FN,England,['47760'],PERFECTPAWTIONS,PL17,PERFECTPAWTIONS|PL17
12357696,SYED TAKEAWAY LIMITED,active,ltd,2019-12-10,13 South Lane,Clanfield,Waterlooville,PO8 0RB,England,['56102'],SYEDTAKEAWAY,PO8,SYEDTAKEAWAY|PO8
12358050,ELECTRICAL DESIGN ENGINEERS LTD,active,ltd,2019-12-10,28 Strouds Close,,Swindon,SN3 1FD,England,['74909'],ELECTRICALDESIGNENGINEERS,SN3,ELECTRICALDESIGNENGINEERS|SN3
12357293,ALSTEN KŌCHI HOMES LTD,active,ltd,2019-12-10,Yellow House Common Road,Hopton,Diss,IP22 2QU,England,['71111'],ALSTENKOCHIHOMES,IP22,ALSTENKOCHIHOMES|IP22
12353924,CHORLTONS FINEST LIMITED,active,ltd,2019-12-09,406 Wilbraham Road Wilbraham Road,,Manchester,M21 0SD,England,['56101'],CHORLTONSFINEST,M21,CHORLTONSFINEST|M21
12340238,GAMEXECUTIVE LIMITED,active,ltd,2019-11-29,6 Chesterton House,Ingrave Street,London,SW11 2UD,England,['77110'],GAMEXECUTIVE,SW11,GAMEXECUTIVE|SW11
12347672,NIMONTRON  INDIAN RESTAURANT LTD,active,ltd,2019-12-04,9 The Parade,Frimley,Camberley,GU16 7HY,England,['56101'],NIMONTRONINDIANRESTAURANT,GU16,NIMONTRONINDIANRESTAURANT|GU16
12340519,NUVONA LTD,active,ltd,2019-11-29,33 Park Road,,Ramsgate,CT11 7QP,United Kingdom,['47750'],NUVONA,CT11,NUVONA|CT11
12348561,SMART RANGE KITCHENS LIMITED,active,ltd,2019-12-04,Arien House,Robert Street,Rochdale,OL16 2DG,United Kingdom,['31020'],SMARTRANGEKITCHENS,OL16,SMARTRANGEKITCHENS|OL16
12351649,ENZO SRILANKAN STREET FOOD LTD,active,ltd,2019-12-06,152 Desborough Road,,High Wycombe,HP11 2QA,England,['56103'],ENZOSRILANKANSTREETFOOD,HP11,ENZOSRILANKANSTREETFOOD|HP11
12340631,BLEST CURRY LTD,active,ltd,2019-11-29,118 High Street,Crivos,Pancake House,LN5 7PR,,['56102'],BLESTCURRY,LN5,BLESTCURRY|LN5
12342174,SPIKELINE LTD,active,ltd,2019-12-02,14 Flamingo Close,,Chatham,ME5 7RF,United Kingdom,"['41201', '41202']",SPIKELINE,ME5,SPIKELINE|ME5
05439456,E.J.R. SYNDICATE LIMITED,active,ltd,2005-04-28,109 Stonehanger Cottages,Abbotts Ann Down,Andover,SP11 7BY,,"['01490', '01700']",EJRSYNDICATE,SP11,EJRSYNDICATE|SP11
12351506,SOFRESH PRODUCE LTD,active,ltd,2019-12-06,203-205 The Vale,,Acton,W3 7QS,,['46310'],SOFRESHPRODUCE,W3,SOFRESHPRODUCE|W3
12351859,FIRST KLASS MARQUEES LIMITED,active,ltd,2019-12-06,Parliament House,St. Laurence Way,Slough,SL1 2BW,England,['77291'],FIRSTKLASSMARQUEES,SL1,FIRSTKLASSMARQUEES|SL1
12339890,KAIM KHANI BROTHERS LTD,active,ltd,2019-11-29,90 Wood Lane,,Dagenham,RM9 5SL,England,['56103'],KAIMKHANIBROTHERS,RM9,KAIMKHANIBROTHERS|RM9
12339507,PALADIN ATLANTIS LTD,active,ltd,2019-11-28,28 Skelton Road,Brotton,Saltburn-By-The-Sea,TS12 2TL,United Kingdom,"['49410', '52243']",PALADINATLANTIS,TS12,PALADINATLANTIS|TS12
12344968,1225 LABEL GROUP/ 1225 ENTERTAINMENT LTD,active,ltd,2019-12-02,89-91 Lamb Hall Road,,Huddersfield,HD3 3TH,England,['59200'],1225LABELGROUP1225ENTERTAINMENT,HD3,1225LABELGROUP1225ENTERTAINMENT|HD3
12342358,DIRECT PICK & DROP LTD,active,ltd,2019-12-02,7 Hedley Green,,Leeds,LS12 2UD,United Kingdom,['52243'],DIRECTPICKANDDROP,LS12,DIRECTPICKANDDROP|LS12
12344121,LYRAPLATFORM LTD,active,ltd,2019-12-02,138 Upton Court Road,,Slough,SL3 7NE,England,['62012'],LYRAPLATFORM,SL3,LYRAPLATFORM|SL3
12350747,PIZZA ROYAALE ALNWICK LTD,active,ltd,2019-12-05,9 Clayport Street,,Alnwick,NE66 1LA,United Kingdom,['96090'],PIZZAROYAALEALNWICK,NE66,PIZZAROYAALEALNWICK|NE66
12353638,DANCONST LTD,active,ltd,2019-12-09,Flat 165 High Street High Street,,Cinderford,GL14 2SU,,['43999'],DANCONST,GL14,DANCONST|GL14
12349403,JRKG LTD,active,ltd,2019-12-05,47 Eltham Hill,,London,SE9 5SU,England,['74909'],JRKG,SE9,JRKG|SE9
12341836,EXPO SERVICES LIMITED,active,ltd,2019-12-02,6 Five Acres,,Harlow,CM18 6UX,England,"['63120', '63990']",EXPO,CM18,EXPO|CM18
03872416,MEDIA INSURANCE BROKERS INTERNATIONAL LIMITED,active,ltd,1999-11-05,One,Creechurch Place,London,EC3A 5AF,United Kingdom,"['65110', '65201']",MEDIAINSURANCEBROKERS,EC3A,MEDIAINSURANCEBROKERS|EC3A
12339976,LUCIGENICSOUNDZ LTD,active,ltd,2019-11-29,Manor House,Park Lane,London,W1K 7QE,England,['77291'],LUCIGENICSOUNDZ,W1K,LUCIGENICSOUNDZ|W1K
12344850,PEARL NOVA DESIGNS LTD,active,ltd,2019-12-02,195 Gwendolen Road,,Leicester,LE5 5FN,England,['46410'],PEARLNOVADESIGNS,LE5,PEARLNOVADESIGNS|LE5
12357084,HAWA MGTS LTD,active,ltd,2019-12-10,20 Blenhiem Drive,,London,DA16 3LY,United Kingdom,['82301'],HAWAMGTS,DA16,HAWAMGTS|DA16
05048135,SJL DESIGN CONSULTANTS LIMITED,active,ltd,2004-02-18,Granary Biggar Village,Walney,Barrow-In-Furness,LA14 3YG,England,['74100'],SJLDESIGNCONSULTANTS,LA14,SJLDESIGNCONSULTANTS|LA14
12337672,MOSS'B'GONE LIMITED,active,ltd,2019-11-27,119 Oakhill,,Letchworth,SG6 2RH,United Kingdom,"['43910', '43999']",MOSSBGONE,SG6,MOSSBGONE|SG6
12336642,NR PROPERTY SERVICES LTD,active,ltd,2019-11-27,12 Fourth Avenue,,Wetherby,LS22 6JW,England,['41202'],NRPROPERTY,LS22,NRPROPERTY|LS22
12341764,DASHRI LTD,active,ltd,2019-12-02,4 Whitchurch Parade,Whitchurch Lane,Edgware,HA8 6LR,United Kingdom,['56103'],DASHRI,HA8,DASHRI|HA8
12333884,TECH R US LIMITED,active,ltd,2019-11-26,1 Chambers Business Centre,1 Chapel Road,Oldham,OL8 4QQ,United Kingdom,['47910'],TECHRUS,OL8,TECHRUS|OL8
12349220,J PALANISAMY LIMITED,active,ltd,2019-12-05,25 Bowes Lyon House,Ham Close,Richmond,TW10 7PH,United Kingdom,"['62012', '62090', '63110']",JPALANISAMY,TW10,JPALANISAMY|TW10
12355914,CONVENIENT STORE LIMITED,active,ltd,2019-12-09,315-317 Wolverhampton Road,,Wolverhampton,WV10 0QQ,United Kingdom,['47110'],CONVENIENTSTORE,WV10,CONVENIENTSTORE|WV10
12338343,CITY HOLDINGS LIMITED,active,ltd,2019-11-28,Perrott House,17 Bridge Street,Pershore,WR10 1AJ,England,['64209'],CITY,WR10,CITY|WR10
12343251,SCH PRODUCTIONS LIMITED,active,ltd,2019-12-02,4 16-18 Marshalsea Road,,London,SE1 1HL,United Kingdom,['62011'],SCHPRODUCTIONS,SE1,SCHPRODUCTIONS|SE1
12345429,ALL CYLINDERS LTD,active,ltd,2019-12-03,65 Elgin Avenue,,Harrow,HA3 8QN,England,['45112'],ALLCYLINDERS,HA3,ALLCYLINDERS|HA3
12334287,BLACK SQUARE (HERTS) LIMITED,active,ltd,2019-11-26,"Flat 205a, 19 Station Road",,Barnet,EN5 1QJ,England,['43290'],BLACKSQUAREHERTS,EN5,BLACKSQUAREHERTS|EN5
12341943,ROCKY ENGINEERING LTD,active,ltd,2019-12-02,"Suite 2, Rosehill 165 Lutterworth Road",Blaby,Leicester,LE8 4DY,England,['71129'],ROCKYENGINEERING,LE8,ROCKYENGINEERING|LE8
09570087,HS ELECTRICAL CONTRACTORS LTD,active,ltd,2015-04-30,Abacus House,68a North Street,Romford,RM1 1DA,England,['43210'],HSELECTRICALCONTRACTORS,RM1,HSELECTRICALCONTRACTORS|RM1
12340229,WHITNEY PROFESSIONALS LTD,active,ltd,2019-11-29,56 Queens Park,,Holyhead,LL65 1PS,Wales,['78200'],WHITNEYPROFESSIONALS,LL65,WHITNEYPROFESSIONALS|LL65
12340361,UNIT PROPERTIES LTD,active,ltd,2019-11-29,146 Osprey Drive,Trumpington,Cambridge,CB2 9FU,England,"['68310', '68320']",UNITPROPERTIES,CB2,UNITPROPERTIES|CB2
12336513,XNDR PROPERTY INVESTORS LTD,active,ltd,2019-11-27,Apartment 11 9 Ace Way,Viaduct Gardens,London,SW11 7AZ,,['64306'],XNDRPROPERTYINVESTORS,SW11,XNDRPROPERTYINVESTORS|SW11
12341724,REDHILL STORE LIMITED,active,ltd,2019-11-29,98 Redhill Drive,,Bournemouth,BH10 6AN,United Kingdom,['47110'],REDHILLSTORE,BH10,REDHILLSTORE|BH10
08666566,SQUARE POINT LIMITED,active,ltd,2013-08-28,29 The Green,Winchmore Hill,London,N21 1HS,,['41100'],SQUAREPOINT,N21,SQUAREPOINT|N21
12335574,ELEMENT 24 LTD,active,ltd,2019-11-27,Suite 3 91 Mayflower Street,,Plymouth,PL1 1SB,England,['62020'],ELEMENT24,PL1,ELEMENT24|PL1
12340270,NECESSITY SCHOOL UK LTD,active,ltd,2019-11-29,94 94,Oxord House,Aylesbury,HP19 7BW,England,['85600'],NECESSITYSCHOOL,HP19,NECESSITYSCHOOL|HP19
12346021,H & S BBQ LIMITED,active,ltd,2019-12-03,195 Drayton Road,,Norwich,NR3 2PG,United Kingdom,['56103'],HANDSBBQ,NR3,HANDSBBQ|NR3
12334842,RAICO INTERNATIONAL LTD,active,ltd,2019-11-26,19a The Green,Southall,Southall,UB2 4AH,United Kingdom,"['45112', '45190', '77110']",RAICO,UB2,RAICO|UB2
12351042,CHAUDHRY MOTORS UK LTD,active,ltd,2019-12-05,141 Knoll Drive,,Coventry,CV3 5DF,England,['45112'],CHAUDHRYMOTORS,CV3,CHAUDHRYMOTORS|CV3
12334237,UK CODERS LTD,active,ltd,2019-11-26,181 Thornley Lane South,,Stockport,SK5 6QG,England,"['58290', '62012', '62020']",UKCODERS,SK5,UKCODERS|SK5
12346089,K&B PROPERTY MANAGEMENT LTD,active,ltd,2019-12-03,28 Brentmead Place,,London,NW11 9LH,England,['98000'],KANDBPROPERTYMANAGEMENT,NW11,KANDBPROPERTYMANAGEMENT|NW11
12355034,SHARPSTONE & SON LIMITED,active,ltd,2019-12-09,Chancellors House 3 Brampton Lane,Hendon,London,NW4 4AB,England,['49420'],SHARPSTONEANDSON,NW4,SHARPSTONEANDSON|NW4
12335496,BA BARS LTD,active,ltd,2019-11-27,C/O Watson Syers Cygnet Way,Rainton Bridge South Bus Park,Houghton-Le-Spring,DH4 5QY,England,['56302'],BABARS,DH4,BABARS|DH4
12345549,DAHIR SERVICES LIMITED,active,ltd,2019-12-03,85 Great Portland Street,,London,W1W 7LT,England,"['69109', '74909']",DAHIR,W1W,DAHIR|W1W
10758570,IMPRESSION BEVERAGES LTD,active,ltd,2017-05-08,71-75 Shelton Street,Covent Garden,London,WC2H 9JQ,United Kingdom,['46342'],IMPRESSIONBEVERAGES,WC2H,IMPRESSIONBEVERAGES|WC2H
12351862,G POOLE HOME IMPROVEMENTS LTD,active,ltd,2019-12-06,35 The Delves,Swanwick,Alfreton,DE55 1AR,England,['41100'],GPOOLEHOMEIMPROVEMENTS,DE55,GPOOLEHOMEIMPROVEMENTS|DE55
12355832,TURKISH BARBER HESSLE LTD,active,ltd,2019-12-09,185 Arcon Drive,,Hull,HU4 6AQ,England,['96020'],TURKISHBARBERHESSLE,HU4,TURKISHBARBERHESSLE|HU4
12357659,GL BARS LIMITED,active,ltd,2019-12-10,1 Foxhole Cottages,Bedlam Street,Hurstpierpoint,BN6 9EL,England,['47250'],GLBARS,BN6,GLBARS|BN6
12351075,LUCIANCLEAN LTD,active,ltd,2019-12-05,15 Marston Avenue,,Wednesbury,WS10 8TT,England,['81210'],LUCIANCLEAN,WS10,LUCIANCLEAN|WS10
12342274,ALVEIRA LTD,active,ltd,2019-12-02,21 Foxglove Way,,Chelmsford,CM1 6QS,England,['70229'],ALVEIRA,CM1,ALVEIRA|CM1
12342689,BLUECEYLON LTD,active,ltd,2019-12-02,5 Lower Forster Street,,Walsall,WS1 1XA,England,['46341'],BLUECEYLON,WS1,BLUECEYLON|WS1
07757509,ANDREW CLARK AGENCIES LIMITED,active,ltd,2011-08-31,63 Castle Road,Southsea,Portsmouth,PO5 3AY,,['46180'],ANDREWCLARKAGENCIES,PO5,ANDREWCLARKAGENCIES|PO5
12355079,HUGO CONTRACTORS LTD,active,ltd,2019-12-09,8 Tidlock House,Erebus Drive,London,SE28 0GD,United Kingdom,"['43320', '43999']",HUGOCONTRACTORS,SE28,HUGOCONTRACTORS|SE28
12348582,G P H SERVICES LIMITED,active,ltd,2019-12-04,23a The Precinct,London Road,Waterlooville,,United Kingdom,['43220'],GPH,,GPH|
12350997,APPLE  BITE YEOVIL LIMITED,active,ltd,2019-12-05,23 Sherborne Road,,Yeovil,BA21 4HD,England,['56103'],APPLEBITEYEOVIL,BA21,APPLEBITEYEOVIL|BA21
12348141,FCM TRANS LTD,active,ltd,2019-12-04,71 Ash Grove,,Hounslow,TW5 9DU,United Kingdom,"['49320', '49410']",FCMTRANS,TW5,FCMTRANS|TW5
12351400,CHRYS SOLUTIONS LTD,active,ltd,2019-12-05,7 Conway Road,,London,SE18 1AQ,England,['43999'],CHRYSSOLUTIONS,SE18,CHRYSSOLUTIONS|SE18
12355758,CREAMEA LTD,active,ltd,2019-12-09,119 Auckland Rise,,London,SE19 2DY,England,['86101'],CREAMEA,SE19,CREAMEA|SE19
